{
"type": "FeatureCollection",
"name": "exposed_roads",
"crs": { "type": "name", "properties": { "name": "urn:ogc:def:crs:EPSG::32610" } },
"features": [
{"type":"Feature","properties":{"osm_id":24962146,"name":"Arnold Road","ref":null,"highway":"unclassified","road_group":"unclassified","bridge":null,"surface":"paved","access":null,"length_in_aoi_m":303.44289881360851,"flood_intersection_m":0.0,"distance_to_gain_m":52.968260967987263,"direct_intersection":false,"within_50m":false,"within_100m":true,"within_250m":true,"source_observation_id":"OBS01","source_observation_utc":"OBS01 — 12 Dec 2025 14:08:24 UTC","claim_boundary":"potential exposure only; no damage inference"},"geometry":{"type":"LineString","coordinates":[[569794.121200938010588,5443240.0],[569736.411638781428337,5443275.974374475888908],[569651.508936913684011,5443370.587876833975315],[569548.654344441136345,5443404.54845917224884]]}},
{"type":"Feature","properties":{"osm_id":25177145,"name":"Trans-Canada Highway","ref":"TCH 1","highway":"motorway","road_group":"motorway","bridge":null,"surface":"asphalt","access":null,"length_in_aoi_m":1511.2816536251694,"flood_intersection_m":0.0,"distance_to_gain_m":78.937690142348657,"direct_intersection":false,"within_50m":false,"within_100m":true,"within_250m":true,"source_observation_id":"OBS01","source_observation_utc":"OBS01 — 12 Dec 2025 14:08:24 UTC","claim_boundary":"potential exposure only; no damage inference"},"geometry":{"type":"LineString","coordinates":[[568481.838756931596436,5443240.0],[568566.915870332857594,5443259.825477208942175],[568957.077269051922485,5443343.031739605590701],[569960.0,5443554.575034440495074]]}},
{"type":"Feature","properties":{"osm_id":27895280,"name":"Old Orchard Road","ref":null,"highway":"unclassified","road_group":"unclassified","bridge":null,"surface":null,"access":null,"length_in_aoi_m":212.11350669275262,"flood_intersection_m":0.0,"distance_to_gain_m":68.444730465042738,"direct_intersection":false,"within_50m":false,"within_100m":true,"within_250m":true,"source_observation_id":"OBS01","source_observation_utc":"OBS01 — 12 Dec 2025 14:08:24 UTC","claim_boundary":"potential exposure only; no damage inference"},"geometry":{"type":"LineString","coordinates":[[569960.0,5445178.807920896448195],[569956.386292625917122,5445177.483641869388521],[569931.41375392198097,5445161.601586707867682],[569915.959793837042525,5445151.899677355773747],[569890.4400310307974,5445136.022003043442965],[569865.444236714276485,5445120.795945686288178],[569835.606238401960582,5445101.517266670241952],[569818.267643211991526,5445088.000437787733972],[569813.072108346619643,5445081.908589534461498],[569810.447617278434336,5445076.649772145785391],[569808.765546020236798,5445071.258330871351063],[569808.119172607315704,5445064.701434772461653],[569807.97537093621213,5445047.232644654810429]]}},
{"type":"Feature","properties":{"osm_id":27895289,"name":"Old Orchard Road","ref":null,"highway":"unclassified","road_group":"unclassified","bridge":null,"surface":null,"access":null,"length_in_aoi_m":1705.581459463265,"flood_intersection_m":0.0,"distance_to_gain_m":26.733546360569051,"direct_intersection":false,"within_50m":true,"within_100m":true,"within_250m":true,"source_observation_id":"OBS01","source_observation_utc":"OBS01 — 12 Dec 2025 14:08:24 UTC","claim_boundary":"potential exposure only; no damage inference"},"geometry":{"type":"LineString","coordinates":[[569807.97537093621213,5445047.232644654810429],[569807.580075130099431,5445037.543540342710912],[569806.030156998429447,5445029.196282672695816],[569802.270853335037827,5445017.363282684236765],[569797.572298981831409,5445006.563541684299707],[569791.701611303258687,5444995.604452564381063],[569785.359449322917499,5444985.595592667348683],[569775.002996873692609,5444974.112866154871881],[569753.963604115881026,5444954.467744738794863],[569736.99092859250959,5444937.909376517869532],[569723.114570943638682,5444922.168440904468298],[569714.26163596007973,5444910.571397259831429],[569707.485074519412592,5444903.181085174903274],[569697.665928005822934,5444891.282796260900795],[569682.953868206357583,5444877.599437372758985],[569665.460780548746698,5444865.259714335203171],[569633.961836230941117,5444848.562923748977482],[569620.695288910646923,5444841.680167562328279],[569608.990553956362419,5444835.284101033583283],[569597.195881959050894,5444826.763318862766027],[569588.403017273056321,5444819.047554009594023],[569573.755812755320221,5444803.653086944483221],[569511.340379067347385,5444734.30020410194993],[569490.503397471737117,5444708.854899011552334],[569475.908024873002432,5444688.135665649548173],[569453.011807347880676,5444654.74833794683218],[569433.719199151964858,5444626.498622216284275],[569412.702283062972128,5444593.2574044726789],[569399.006137385731563,5444571.738053036853671],[569389.018556166789494,5444556.891867134720087],[569382.255641820142046,5444548.345840269699693],[569376.586823820951395,5444542.693218010477722],[569371.671306748874485,5444539.195905034430325],[569365.086995870689861,5444535.588690905831754],[569355.308708522818051,5444531.941375978291035],[569342.583919013966806,5444527.712285336107016],[569333.905849110800773,5444523.567378338426352],[569326.527376390644349,5444518.149069520644844],[569320.558514142176136,5444512.570569205097854],[569316.593496566521935,5444507.717679898254573],[569312.195810713805258,5444500.146487336605787],[569308.175278178066947,5444491.579380249604583],[569301.855399574385956,5444476.190115822479129],[569292.676418255781755,5444451.503408295102417],[569281.175114103243686,5444420.072108617983758],[569273.629162250785157,5444399.497473182156682],[569272.286475204396993,5444394.899876065552235],[569271.218900704174303,5444389.883232676424086],[569271.068015566910617,5444386.2122872909531],[569271.822498212102801,5444382.463749935850501],[569273.545053910231218,5444378.87189257889986],[569277.902248889906332,5444375.146305531263351],[569282.032771821133792,5444372.629777918569744],[569295.240592590998858,5444365.713080893270671],[569317.494413740350865,5444355.151932879351079],[569353.746690274914727,5444338.040025469847023],[569393.074450834770687,5444319.97745618596673],[569427.696926839766093,5444303.167981439270079],[569462.714087075321004,5444285.729937049560249],[569498.136437498498708,5444266.829586135223508],[569517.212544044945389,5444257.885879792273045],[569519.286683072452433,5444257.089226450771093],[569535.512531441170722,5444250.922652534209192],[569555.732185679255053,5444243.850237796083093],[569575.333414646214806,5444236.080768359825015],[569589.539199411519803,5444229.321870192885399],[569601.379563404014334,5444222.744450173340738],[569613.14701525203418,5444215.009827204979956],[569630.429328448371962,5444201.429780672304332],[569655.246918358607218,5444178.538674511015415],[569683.359733963850886,5444152.32038323674351],[569713.156464310828596,5444122.732382897287607],[569746.756579647539183,5444089.445672964677215],[569767.78804725559894,5444059.747288999147713],[569793.210022207116708,5444030.104452249594033],[569800.895118720596656,5444016.470382147468626],[569832.464884373825043,5443995.021808745339513],[569885.776395977474749,5443987.579604263417423],[569960.0,5443970.063933609053493]]}},
{"type":"Feature","properties":{"osm_id":27895411,"name":"Industrial Way","ref":null,"highway":"unclassified","road_group":"unclassified","bridge":null,"surface":"asphalt","access":null,"length_in_aoi_m":1517.1753053352156,"flood_intersection_m":0.0,"distance_to_gain_m":148.85104835262661,"direct_intersection":false,"within_50m":false,"within_100m":false,"within_250m":true,"source_observation_id":"OBS01","source_observation_utc":"OBS01 — 12 Dec 2025 14:08:24 UTC","claim_boundary":"potential exposure only; no damage inference"},"geometry":{"type":"LineString","coordinates":[[569960.0,5443626.561458805575967],[569250.317844732897356,5443476.205570771358907],[568791.485099859070033,5443379.848243405111134],[568669.716942571336403,5443354.284602979198098],[568608.890604682848789,5443341.52119276765734],[568475.503016559639946,5443313.371574399061501]]}},
{"type":"Feature","properties":{"osm_id":35497136,"name":"Athey Road","ref":null,"highway":"residential","road_group":"residential","bridge":null,"surface":"asphalt","access":null,"length_in_aoi_m":991.60215401440405,"flood_intersection_m":0.0,"distance_to_gain_m":25.120764812454581,"direct_intersection":false,"within_50m":true,"within_100m":true,"within_250m":true,"source_observation_id":"OBS01","source_observation_utc":"OBS01 — 12 Dec 2025 14:08:24 UTC","claim_boundary":"potential exposure only; no damage inference"},"geometry":{"type":"LineString","coordinates":[[567918.583726062206551,5448440.644230105914176],[567931.002147729392163,5448441.2752351667732],[567937.085669636377133,5448443.807312503457069],[567956.704931947519071,5448457.435478790663183],[567990.100122654577717,5448483.941781925968826],[568015.602978013339452,5448502.10114982444793],[568184.22617062588688,5448604.070341021753848],[568748.091130597982556,5448941.997274701483548],[568763.802619842113927,5448954.879235187545419]]}},
{"type":"Feature","properties":{"osm_id":35497165,"name":null,"ref":null,"highway":"service","road_group":"service","bridge":null,"surface":null,"access":null,"length_in_aoi_m":123.25412072667899,"flood_intersection_m":0.0,"distance_to_gain_m":175.83372364848228,"direct_intersection":false,"within_50m":false,"within_100m":false,"within_250m":true,"source_observation_id":"OBS01","source_observation_utc":"OBS01 — 12 Dec 2025 14:08:24 UTC","claim_boundary":"potential exposure only; no damage inference"},"geometry":{"type":"LineString","coordinates":[[566564.559130341629498,5446731.747324189171195],[566562.568292695330456,5446784.990937605500221],[566561.709868772886693,5446854.958972386084497]]}},
{"type":"Feature","properties":{"osm_id":35497343,"name":null,"ref":null,"highway":"service","road_group":"service","bridge":null,"surface":null,"access":null,"length_in_aoi_m":163.28255376362014,"flood_intersection_m":0.0,"distance_to_gain_m":59.127847841425528,"direct_intersection":false,"within_50m":false,"within_100m":true,"within_250m":true,"source_observation_id":"OBS01","source_observation_utc":"OBS01 — 12 Dec 2025 14:08:24 UTC","claim_boundary":"potential exposure only; no damage inference"},"geometry":{"type":"LineString","coordinates":[[566682.582136368961073,5446734.117057994008064],[566680.259625760605559,5446897.383093371987343]]}},
{"type":"Feature","properties":{"osm_id":35497439,"name":"Tremblay Road","ref":null,"highway":"residential","road_group":"residential","bridge":null,"surface":null,"access":null,"length_in_aoi_m":733.76565408562465,"flood_intersection_m":0.0,"distance_to_gain_m":68.41761375573904,"direct_intersection":false,"within_50m":false,"within_100m":true,"within_250m":true,"source_observation_id":"OBS01","source_observation_utc":"OBS01 — 12 Dec 2025 14:08:24 UTC","claim_boundary":"potential exposure only; no damage inference"},"geometry":{"type":"LineString","coordinates":[[569521.334323211107403,5448121.632469626143575],[569520.244453039602377,5448154.329129784367979],[569520.335507026058622,5448206.675806484185159],[569517.547390902880579,5448261.354428817518055],[569517.371719822636805,5448306.526369380764663],[569513.984470212482847,5448341.084220490418375],[569498.887988075381145,5448854.921179908327758]]}},
{"type":"Feature","properties":{"osm_id":35497502,"name":null,"ref":null,"highway":"service","road_group":"service","bridge":null,"surface":null,"access":null,"length_in_aoi_m":127.72831946776994,"flood_intersection_m":0.0,"distance_to_gain_m":186.32654221218766,"direct_intersection":false,"within_50m":false,"within_100m":false,"within_250m":true,"source_observation_id":"OBS01","source_observation_utc":"OBS01 — 12 Dec 2025 14:08:24 UTC","claim_boundary":"potential exposure only; no damage inference"},"geometry":{"type":"LineString","coordinates":[[566561.709868772886693,5446854.958972386084497],[566572.46964587608818,5446855.600191303528845],[566605.026702564675361,5446871.358456283807755],[566646.384601959493011,5446892.393186477012932],[566660.323575161863118,5446895.985959181562066],[566680.259625760605559,5446897.383093371987343]]}},
{"type":"Feature","properties":{"osm_id":35497602,"name":"North Nicomen Road","ref":null,"highway":"residential","road_group":"residential","bridge":null,"surface":null,"access":null,"length_in_aoi_m":885.67124248827065,"flood_intersection_m":0.0,"distance_to_gain_m":34.993494671096713,"direct_intersection":false,"within_50m":true,"within_100m":true,"within_250m":true,"source_observation_id":"OBS01","source_observation_utc":"OBS01 — 12 Dec 2025 14:08:24 UTC","claim_boundary":"potential exposure only; no damage inference"},"geometry":{"type":"LineString","coordinates":[[566089.099997466895729,5448237.572273245081306],[566072.415255790227093,5448240.163100576028228],[565728.172794457990676,5448293.643412784673274],[565619.07203768810723,5448319.706598318181932],[565555.463283102260903,5448333.014917488209903],[565507.549898811965249,5448337.415594938211143],[565471.174400280928239,5448341.141979639418423],[565382.868077200837433,5448354.970840027555823],[565265.044077999773435,5448369.541383622214198],[565214.866850342368707,5448374.996277134865522]]}},
{"type":"Feature","properties":{"osm_id":35497636,"name":null,"ref":null,"highway":"residential","road_group":"residential","bridge":null,"surface":null,"access":"private","length_in_aoi_m":280.56265772079223,"flood_intersection_m":0.0,"distance_to_gain_m":152.18815990809864,"direct_intersection":false,"within_50m":false,"within_100m":false,"within_250m":true,"source_observation_id":"OBS01","source_observation_utc":"OBS01 — 12 Dec 2025 14:08:24 UTC","claim_boundary":"potential exposure only; no damage inference"},"geometry":{"type":"LineString","coordinates":[[566918.441376741509885,5446880.519897170364857],[566915.794734327821061,5447109.013088850304484],[566965.619929179782048,5447124.082371915690601]]}},
{"type":"Feature","properties":{"osm_id":35497842,"name":"Soam Road","ref":null,"highway":"residential","road_group":"residential","bridge":null,"surface":null,"access":null,"length_in_aoi_m":79.927190512715654,"flood_intersection_m":0.0,"distance_to_gain_m":11.593905194662511,"direct_intersection":false,"within_50m":true,"within_100m":true,"within_250m":true,"source_observation_id":"OBS01","source_observation_utc":"OBS01 — 12 Dec 2025 14:08:24 UTC","claim_boundary":"potential exposure only; no damage inference"},"geometry":{"type":"LineString","coordinates":[[567664.95775584760122,5448471.593905194662511],[567606.323003730736673,5448525.910768390633166]]}},
{"type":"Feature","properties":{"osm_id":35497991,"name":"Nicomen Island Trunk Road","ref":null,"highway":"residential","road_group":"residential","bridge":null,"surface":null,"access":null,"length_in_aoi_m":1772.3354921147693,"flood_intersection_m":0.0,"distance_to_gain_m":85.172781703888219,"direct_intersection":false,"within_50m":false,"within_100m":true,"within_250m":true,"source_observation_id":"OBS01","source_observation_utc":"OBS01 — 12 Dec 2025 14:08:24 UTC","claim_boundary":"potential exposure only; no damage inference"},"geometry":{"type":"LineString","coordinates":[[567386.775181041448377,5446077.729107024148107],[567407.416839829296805,5446134.428688728250563],[567451.399329859181307,5446301.295645259320736],[567455.432471796520986,5446429.461092405021191],[567456.802775378804654,5446473.039341553114355],[567454.324288678588346,5446508.209594595246017],[567442.796357256476767,5446551.885952455922961],[567437.001012771041133,5446576.297643697820604],[567432.249512515845709,5446607.170709146186709],[567427.819022001000121,5446640.41589925903827],[567423.427717463229783,5446682.989828916266561],[567421.63393828435801,5446709.874211647547781],[567422.652640113490634,5446738.082675629295409],[567425.540490275947377,5446771.428396102972329],[567430.363631337066181,5446798.527040405198932],[567457.928878752863966,5446881.361736004240811],[567494.198574935551733,5446962.323985594324768],[567561.400844779098406,5447051.414572934620082],[567583.421470800996758,5447077.189621127210557],[567591.191418658243492,5447091.560701155103743],[567595.625515826628543,5447103.311482340097427],[567594.680810442776419,5447139.968126395717263],[567589.46343653020449,5447211.217124289833009],[567587.166142870089971,5447226.776872346177697],[567583.453941411571577,5447270.37081602960825],[567560.837141179246828,5447343.963992496952415],[567469.651774617377669,5447605.140609779395163],[567453.611600805539638,5447666.284278178587556],[567444.934367588488385,5447699.344159903004766],[567431.142228985670954,5447751.932026186957955],[567422.002942640217952,5447763.772535296157002]]}},
{"type":"Feature","properties":{"osm_id":35497994,"name":"Nicomen Slough Road","ref":null,"highway":"residential","road_group":"residential","bridge":null,"surface":null,"access":null,"length_in_aoi_m":1696.3082497308562,"flood_intersection_m":0.0,"distance_to_gain_m":1.9439428578577618,"direct_intersection":false,"within_50m":true,"within_100m":true,"within_250m":true,"source_observation_id":"OBS01","source_observation_utc":"OBS01 — 12 Dec 2025 14:08:24 UTC","claim_boundary":"potential exposure only; no damage inference"},"geometry":{"type":"LineString","coordinates":[[565675.140951573615894,5447069.159577319398522],[565645.173958959290758,5447122.359574123285711],[565618.409716043737717,5447169.871916836127639],[565608.966691602719948,5447198.93389137648046],[565608.958818758488633,5447226.573733591474593],[565615.878726185183041,5447271.151196476072073],[565607.820160813862458,5447334.607229083776474],[565592.411954274051823,5447394.562607379630208],[565572.326697512646206,5447489.896275476552546],[565535.616397740785033,5447588.846087438054383],[565482.348130688304082,5447665.574364176951349],[565403.782245479756966,5447749.007687292993069],[565355.598234337288886,5447781.380055380053818],[565324.4163913349621,5447802.324437780305743],[565246.337636302923784,5447834.455053760670125],[565034.383690323680639,5447893.525321854278445],[564820.896765247336589,5447961.268958793021739],[564703.404733846429735,5447987.996615405194461],[564573.696874382556416,5447998.03986334707588],[564507.801506745861843,5447999.892879537306726]]}},
{"type":"Feature","properties":{"osm_id":35498088,"name":"Dyke Road","ref":null,"highway":"residential","road_group":"residential","bridge":null,"surface":"gravel","access":null,"length_in_aoi_m":724.2502527325961,"flood_intersection_m":0.0,"distance_to_gain_m":29.908760738350221,"direct_intersection":false,"within_50m":true,"within_100m":true,"within_250m":true,"source_observation_id":"OBS01","source_observation_utc":"OBS01 — 12 Dec 2025 14:08:24 UTC","claim_boundary":"potential exposure only; no damage inference"},"geometry":{"type":"LineString","coordinates":[[567386.775181041448377,5446077.729107024148107],[567687.487329691532068,5446057.98181064799428],[567751.485294215613976,5446051.806822807528079],[567761.387484343722463,5446051.750467471778393],[567771.876309940009378,5446054.391962108202279],[567786.573903477983549,5446054.516826818697155],[567825.999599118367769,5446051.387636034749448],[567848.713066666503437,5446050.099067862145603],[567864.545565951033495,5446049.837829378433526],[567874.413320048013702,5446050.804137950763106],[567879.984855251968838,5446051.906646753661335],[567884.676332209841348,5446052.831564365886152],[567894.218565915478393,5446056.551247110590339],[567903.10471844219137,5446060.852147129364312],[567987.089584322297014,5446123.837098011747003],[568005.367280806764029,5446137.548754563555121],[568021.965153622906655,5446153.852579490281641],[568048.457362057524733,5446200.286766957491636]]}},
{"type":"Feature","properties":{"osm_id":35498355,"name":"North Nicomen Road","ref":null,"highway":"residential","road_group":"residential","bridge":null,"surface":null,"access":null,"length_in_aoi_m":1065.7455113691512,"flood_intersection_m":0.0,"distance_to_gain_m":48.574314433627947,"direct_intersection":false,"within_50m":true,"within_100m":true,"within_250m":true,"source_observation_id":"OBS01","source_observation_utc":"OBS01 — 12 Dec 2025 14:08:24 UTC","claim_boundary":"potential exposure only; no damage inference"},"geometry":{"type":"LineString","coordinates":[[566136.618848030688241,5448228.513330404646695],[566208.209511543274857,5448226.27007183432579],[566404.055653357296251,5448230.325121448375285],[566493.016367717878893,5448232.163834674283862],[566550.018565205740742,5448233.340397859923542],[566634.439317332115024,5448235.727014506235719],[566720.944792161695659,5448236.883769635111094],[566792.474884668947197,5448247.500115673057735],[566811.216167710255831,5448258.078202452510595],[566840.627591283409856,5448274.656094506382942],[566861.477148513076827,5448308.508284852840006],[566873.365794477984309,5448345.654126792214811],[566895.955253918888047,5448401.263853319920599],[566933.871557348058559,5448462.22965869307518],[566957.71093493537046,5448477.217392506077886],[566965.899546544766054,5448479.273619351908565],[567007.823818494216539,5448489.766986921429634],[567036.385983043117449,5448486.722934880293906],[567069.785193276009522,5448477.867367224767804]]}},
{"type":"Feature","properties":{"osm_id":35498562,"name":"Athey Road","ref":null,"highway":"residential","road_group":"residential","bridge":null,"surface":null,"access":null,"length_in_aoi_m":784.67816391892779,"flood_intersection_m":0.0,"distance_to_gain_m":9.1316050545343099,"direct_intersection":false,"within_50m":true,"within_100m":true,"within_250m":true,"source_observation_id":"OBS01","source_observation_utc":"OBS01 — 12 Dec 2025 14:08:24 UTC","claim_boundary":"potential exposure only; no damage inference"},"geometry":{"type":"LineString","coordinates":[[569498.887988075381145,5448854.921179908327758],[569483.317518337862566,5448852.934936944395304],[569438.554411295917816,5448842.720405727624893],[569384.279273587046191,5448829.729270257055759],[569241.381537916720845,5448797.357849909923971],[569191.185646319296211,5448787.933265724219382],[569165.052119375905022,5448784.436745317652822],[569147.513046457897872,5448783.082758211530745],[569132.145161281339824,5448782.934591948054731],[569116.949549318756908,5448783.578034718520939],[569103.042773740133271,5448785.471810350194573],[569082.57552243466489,5448789.818446097895503],[569061.340302477474324,5448796.134618700481951],[569012.049903645412996,5448813.918640857562423],[568990.250521934707649,5448823.986047186888754],[568944.610269593540579,5448848.298352725803852],[568784.612599398824386,5448943.431049272418022],[568763.802619842113927,5448954.879235187545419]]}},
{"type":"Feature","properties":{"osm_id":35498789,"name":"Nicomen Slough Road","ref":null,"highway":"residential","road_group":"residential","bridge":null,"surface":null,"access":null,"length_in_aoi_m":568.2468127268121,"flood_intersection_m":0.0,"distance_to_gain_m":8.5443606866619604,"direct_intersection":false,"within_50m":true,"within_100m":true,"within_250m":true,"source_observation_id":"OBS01","source_observation_utc":"OBS01 — 12 Dec 2025 14:08:24 UTC","claim_boundary":"potential exposure only; no damage inference"},"geometry":{"type":"LineString","coordinates":[[563960.0,5447903.224913882091641],[563962.34591140691191,5447904.162998042069376],[564003.024298801086843,5447922.334894861094654],[564075.639982947264798,5447956.910350951366127],[564123.615665498771705,5447973.010981767438352],[564188.216675113420933,5447994.708881317637861],[564239.665412527625449,5448009.183215189725161],[564273.630403007846326,5448011.635675025172532],[564300.441112757078372,5448011.325470929965377],[564359.706223540124483,5448008.00285692512989],[564443.9005448713433,5448003.226462493650615],[564507.801506745861843,5447999.892879537306726]]}},
{"type":"Feature","properties":{"osm_id":35498978,"name":null,"ref":null,"highway":"service","road_group":"service","bridge":null,"surface":null,"access":null,"length_in_aoi_m":292.16416571350186,"flood_intersection_m":0.0,"distance_to_gain_m":228.23133242824017,"direct_intersection":false,"within_50m":false,"within_100m":false,"within_250m":true,"source_observation_id":"OBS01","source_observation_utc":"OBS01 — 12 Dec 2025 14:08:24 UTC","claim_boundary":"potential exposure only; no damage inference"},"geometry":{"type":"LineString","coordinates":[[568190.293295077397488,5445983.417396184056997],[568163.069317431771196,5446018.103907430544496],[568074.734165963367559,5446100.379077604040504],[568070.398564072092995,5446108.441988548263907],[568071.80686462437734,5446120.178064981475472],[568088.265290271490812,5446154.870077788829803],[568090.564608839107677,5446164.115528484806418],[568087.638853693031706,5446174.919805645011365],[568078.321157313184813,5446184.944796787574887],[568048.457362057524733,5446200.286766957491636]]}},
{"type":"Feature","properties":{"osm_id":35499004,"name":"Tremblay Island Road","ref":null,"highway":"unclassified","road_group":"unclassified","bridge":null,"surface":null,"access":null,"length_in_aoi_m":458.07872681363654,"flood_intersection_m":6.5848244950241988,"distance_to_gain_m":0.0,"direct_intersection":true,"within_50m":true,"within_100m":true,"within_250m":true,"source_observation_id":"OBS01","source_observation_utc":"OBS01 — 12 Dec 2025 14:08:24 UTC","claim_boundary":"potential exposure only; no damage inference"},"geometry":{"type":"LineString","coordinates":[[568763.802619842113927,5448954.879235187545419],[568741.614026932744309,5448969.946032382547855],[568633.67331939318683,5449032.554762681946158],[568613.747932254918851,5449044.414772842079401],[568607.29742076236289,5449050.371816210448742],[568605.358751383959316,5449052.14888035133481],[568600.068941253703088,5449060.288457854650915],[568598.735563822905533,5449066.131268110126257],[568598.725385459605604,5449068.121334599331021],[568598.700369695900008,5449071.890160098671913],[568600.223486297880299,5449077.156988789327443],[568605.944992551580071,5449083.521172170527279],[568626.374299401300959,5449099.085378061048687],[568685.332601863425225,5449142.614063325338066],[568721.0536538035376,5449168.409019286744297],[568750.093998182332143,5449189.373368431814015],[568760.011925853788853,5449198.714174966327846],[568763.522936330991797,5449202.916235531680286],[568766.460921834805049,5449207.489179112017155],[568767.892585234367289,5449212.476958994753659],[568768.629522757255472,5449218.245483230799437],[568768.91175695694983,5449224.831099756062031],[568768.657984956284054,5449228.819443565793335],[568766.424880288424902,5449240.0]]}},
{"type":"Feature","properties":{"osm_id":35499035,"name":"Hodgson Road","ref":null,"highway":"residential","road_group":"residential","bridge":null,"surface":null,"access":null,"length_in_aoi_m":938.32203009939019,"flood_intersection_m":0.0,"distance_to_gain_m":1.9480923712666793,"direct_intersection":false,"within_50m":true,"within_100m":true,"within_250m":true,"source_observation_id":"OBS01","source_observation_utc":"OBS01 — 12 Dec 2025 14:08:24 UTC","claim_boundary":"potential exposure only; no damage inference"},"geometry":{"type":"LineString","coordinates":[[568775.775989712448791,5448314.26418448984623],[568762.278178116539493,5448321.856555520556867],[568744.003919837414287,5448332.002255966886878],[568726.746858522761613,5448336.557019994594157],[568683.533889760845341,5448336.041053950786591],[568655.703040503547527,5448334.627244334667921],[568641.643802619539201,5448332.884592903777957],[568626.7277062300127,5448329.13000840973109],[568585.761800341191702,5448314.944916198030114],[568551.905763794668019,5448303.372353498823941],[568512.689044064027257,5448295.61373610701412],[568471.932716133538634,5448287.402673025615513],[568428.402393982978538,5448277.189551123417914],[568405.052366303745657,5448273.519974767230451],[568385.828874365892261,5448272.091970640234649],[568364.983697321964428,5448273.312345780432224],[568340.99206215410959,5448276.717493297532201],[568313.900049460935406,5448283.297559164464474],[568262.212268057512119,5448300.302574918605387],[568209.786056476878002,5448315.753484845161438],[568190.90686186007224,5448320.089728305116296],[568167.362410353845917,5448323.901413236744702],[568145.486858443007804,5448325.954875646159053],[568069.402081141830422,5448328.540032301098108],[568000.570421614684165,5448331.026628270745277],[567874.046612296951935,5448329.846453798934817],[567858.16135520953685,5448333.742578147910535]]}},
{"type":"Feature","properties":{"osm_id":35499368,"name":"Ross Road","ref":null,"highway":"residential","road_group":"residential","bridge":null,"surface":"asphalt","access":null,"length_in_aoi_m":305.3845569500013,"flood_intersection_m":40.001758344851915,"distance_to_gain_m":0.0,"direct_intersection":true,"within_50m":true,"within_100m":true,"within_250m":true,"source_observation_id":"OBS01","source_observation_utc":"OBS01 — 12 Dec 2025 14:08:24 UTC","claim_boundary":"potential exposure only; no damage inference"},"geometry":{"type":"LineString","coordinates":[[565960.037292729364708,5446684.597338690422475],[565957.249530610628426,5446981.910346399061382],[565953.758335445425473,5446989.173310845158994]]}},
{"type":"Feature","properties":{"osm_id":35499397,"name":null,"ref":null,"highway":"service","road_group":"service","bridge":null,"surface":null,"access":null,"length_in_aoi_m":262.47076078388602,"flood_intersection_m":0.0,"distance_to_gain_m":56.604486527014508,"direct_intersection":false,"within_50m":false,"within_100m":true,"within_250m":true,"source_observation_id":"OBS01","source_observation_utc":"OBS01 — 12 Dec 2025 14:08:24 UTC","claim_boundary":"potential exposure only; no damage inference"},"geometry":{"type":"LineString","coordinates":[[566682.582136368961073,5446734.117057994008064],[566683.294169108383358,5446707.163849296979606],[566683.801312001654878,5446669.412324170581996],[566683.462756084976718,5446664.849742345511913],[566682.404376177000813,5446661.334699724800885],[566680.351191848749295,5446658.697100543417037],[566677.152544210548513,5446656.734996970742941],[566666.756450133048929,5446656.131329761818051],[566579.27777772617992,5446655.030917670577765],[566573.886637400602922,5446656.533563211560249],[566569.189826930640265,5446659.100823629647493],[566566.453861373243853,5446663.504014049656689],[566565.104139395523816,5446670.236523707397282],[566564.559130341629498,5446731.747324189171195]]}},
{"type":"Feature","properties":{"osm_id":35499471,"name":"Nicomen Slough Road","ref":null,"highway":"residential","road_group":"residential","bridge":null,"surface":null,"access":null,"length_in_aoi_m":296.62690147074602,"flood_intersection_m":20.378615182461125,"distance_to_gain_m":0.0,"direct_intersection":true,"within_50m":true,"within_100m":true,"within_250m":true,"source_observation_id":"OBS01","source_observation_utc":"OBS01 — 12 Dec 2025 14:08:24 UTC","claim_boundary":"potential exposure only; no damage inference"},"geometry":{"type":"LineString","coordinates":[[565953.758335445425473,5446989.173310845158994],[565946.295431818231009,5446994.498714075423777],[565893.484560830867849,5446998.393028822727501],[565880.24953421659302,5447000.547613942995667],[565766.641168077592738,5447019.116462304256856],[565740.729281875886954,5447025.545382682234049],[565707.852942093275487,5447041.997975094243884],[565675.140951573615894,5447069.159577319398522]]}},
{"type":"Feature","properties":{"osm_id":35499487,"name":null,"ref":null,"highway":"service","road_group":"service","bridge":null,"surface":null,"access":null,"length_in_aoi_m":195.70465715421352,"flood_intersection_m":0.0,"distance_to_gain_m":142.40010648441137,"direct_intersection":false,"within_50m":false,"within_100m":false,"within_250m":true,"source_observation_id":"OBS01","source_observation_utc":"OBS01 — 12 Dec 2025 14:08:24 UTC","claim_boundary":"potential exposure only; no damage inference"},"geometry":{"type":"LineString","coordinates":[[566561.709868772886693,5446854.958972386084497],[566561.309554367675446,5446916.560481613501906],[566563.230932402191684,5446922.265091593377292],[566565.856643044855446,5446926.388284818269312],[566573.477041291305795,5446932.239468304440379],[566597.826467175269499,5446944.863411513157189],[566644.934410278801806,5446968.413556260988116],[566660.334060939378105,5446971.768252424895763],[566677.976150651462376,5446973.549052742309868]]}},
{"type":"Feature","properties":{"osm_id":35499544,"name":"Bovington Road","ref":null,"highway":"residential","road_group":"residential","bridge":null,"surface":null,"access":null,"length_in_aoi_m":414.04826551858844,"flood_intersection_m":0.0,"distance_to_gain_m":217.36488076047232,"direct_intersection":false,"within_50m":false,"within_100m":false,"within_250m":true,"source_observation_id":"OBS01","source_observation_utc":"OBS01 — 12 Dec 2025 14:08:24 UTC","claim_boundary":"potential exposure only; no damage inference"},"geometry":{"type":"LineString","coordinates":[[566783.44224355276674,5445465.552769308909774],[567163.283261569915339,5445476.775506630539894],[567197.309964750544168,5445477.778785902075469]]}},
{"type":"Feature","properties":{"osm_id":35499561,"name":"Taylor Road","ref":null,"highway":"residential","road_group":"residential","bridge":null,"surface":null,"access":null,"length_in_aoi_m":2418.5632848382143,"flood_intersection_m":7.5194103342516136,"distance_to_gain_m":0.0,"direct_intersection":true,"within_50m":true,"within_100m":true,"within_250m":true,"source_observation_id":"OBS01","source_observation_utc":"OBS01 — 12 Dec 2025 14:08:24 UTC","claim_boundary":"potential exposure only; no damage inference"},"geometry":{"type":"LineString","coordinates":[[565837.304082977119833,5447190.635172186419368],[565860.21325774025172,5447180.43514933437109],[565894.188493658555672,5447165.330779502168298],[565942.891416294500232,5447154.305089231580496],[565949.372369026299566,5447158.540762478485703],[565952.259859741665423,5447167.625526127405465],[565951.17895203223452,5447308.692097565159202],[565951.774555230513215,5447314.969910430721939],[565954.002767281257547,5447321.267236367799342],[565959.996335413656197,5447330.889455003663898],[565967.939945895690471,5447342.024838618934155],[565985.21128892514389,5447361.921769043430686],[566094.741272745537572,5447319.404432273469865],[566182.798608129611239,5447293.853851738385856],[566237.879142708028667,5447273.134312654845417],[566348.369326231419109,5447192.909181429073215],[566353.911401674384251,5447190.930055990815163],[566391.974371521617286,5447177.301013818010688],[566437.764027377590537,5447172.8044019555673],[566472.827787120011635,5447174.594201409257948],[566545.333901630248874,5447189.477083348669112],[566590.426050281967036,5447208.355063480325043],[566693.254083595937118,5447279.51972930599004],[566734.904446416068822,5447318.281289684586227],[566751.406200324767269,5447337.104010343551636],[566808.016864311648533,5447411.725729349069297],[566959.975773120881058,5447612.01813758444041],[567067.78337280487176,5447736.051358173601329],[567204.370714645832777,5447904.87720475718379],[567303.763322297716513,5448027.712116518989205],[567393.216655104188249,5448104.064079442992806],[567437.112389276036993,5448148.428939665667713],[567487.340319446055219,5448219.066421719267964],[567499.773747712606564,5448250.083036743104458],[567503.089763573254459,5448287.025367329828441]]}},
{"type":"Feature","properties":{"osm_id":35499809,"name":"Carter Road","ref":null,"highway":"residential","road_group":"residential","bridge":null,"surface":null,"access":null,"length_in_aoi_m":583.6585984846065,"flood_intersection_m":0.0,"distance_to_gain_m":27.700469397008419,"direct_intersection":false,"within_50m":true,"within_100m":true,"within_250m":true,"source_observation_id":"OBS01","source_observation_utc":"OBS01 — 12 Dec 2025 14:08:24 UTC","claim_boundary":"potential exposure only; no damage inference"},"geometry":{"type":"LineString","coordinates":[[565974.048458250821568,5445183.147937329486012],[565900.626659749308601,5445193.167054284363985],[565786.364721741527319,5445205.94694796949625],[565576.412103087292053,5445229.988754961639643],[565548.487611437449232,5445232.047611448913813],[565511.629740202915855,5445232.299530602991581],[565410.286748558632098,5445228.863358849659562],[565393.290442977333441,5445228.70652374252677]]}},
{"type":"Feature","properties":{"osm_id":35500108,"name":"Soam Road","ref":null,"highway":"residential","road_group":"residential","bridge":null,"surface":null,"access":null,"length_in_aoi_m":26.05326738643943,"flood_intersection_m":0.0,"distance_to_gain_m":85.002643007933571,"direct_intersection":false,"within_50m":false,"within_100m":true,"within_250m":true,"source_observation_id":"OBS01","source_observation_utc":"OBS01 — 12 Dec 2025 14:08:24 UTC","claim_boundary":"potential exposure only; no damage inference"},"geometry":{"type":"LineString","coordinates":[[567606.323003730736673,5448525.910768390633166],[567622.205372019321658,5448546.563204543665051]]}},
{"type":"Feature","properties":{"osm_id":35500219,"name":"Soam Road","ref":null,"highway":"residential","road_group":"residential","bridge":null,"surface":null,"access":null,"length_in_aoi_m":120.51221383814989,"flood_intersection_m":0.0,"distance_to_gain_m":85.002643007933571,"direct_intersection":false,"within_50m":false,"within_100m":true,"within_250m":true,"source_observation_id":"OBS01","source_observation_utc":"OBS01 — 12 Dec 2025 14:08:24 UTC","claim_boundary":"potential exposure only; no damage inference"},"geometry":{"type":"LineString","coordinates":[[567606.323003730736673,5448525.910768390633166],[567558.43188219005242,5448574.26695747859776],[567530.336498903925531,5448611.814235480502248],[567527.21202492818702,5448616.412333018146455]]}},
{"type":"Feature","properties":{"osm_id":35500657,"name":"Cooper Road","ref":null,"highway":"residential","road_group":"residential","bridge":null,"surface":null,"access":null,"length_in_aoi_m":326.20817770912112,"flood_intersection_m":0.0,"distance_to_gain_m":188.67362375286601,"direct_intersection":false,"within_50m":false,"within_100m":false,"within_250m":true,"source_observation_id":"OBS01","source_observation_utc":"OBS01 — 12 Dec 2025 14:08:24 UTC","claim_boundary":"potential exposure only; no damage inference"},"geometry":{"type":"LineString","coordinates":[[567490.79220537270885,5448975.745099186897278],[567514.741490112035535,5448974.904147560708225],[567524.287296451395378,5448971.38530935999006],[567534.965174886165187,5448961.709665681235492],[567542.372054292820394,5448959.687881302088499],[567557.442769525106996,5448961.440149943344295],[567564.344662453280762,5448966.138811373151839],[567565.09603634220548,5448967.860241991467774],[567606.23707312240731,5449061.480600781738758],[567621.968554079416208,5449090.147571441717446],[567629.841755251400173,5449098.816364591009915],[567691.434746254468337,5449101.662256970070302],[567711.25580625468865,5449099.893151034601033],[567725.691387624829076,5449092.209722003899515]]}},
{"type":"Feature","properties":{"osm_id":35500752,"name":null,"ref":null,"highway":"service","road_group":"service","bridge":null,"surface":null,"access":null,"length_in_aoi_m":76.202809298490109,"flood_intersection_m":0.0,"distance_to_gain_m":186.32654221218766,"direct_intersection":false,"within_50m":false,"within_100m":false,"within_250m":true,"source_observation_id":"OBS01","source_observation_utc":"OBS01 — 12 Dec 2025 14:08:24 UTC","claim_boundary":"potential exposure only; no damage inference"},"geometry":{"type":"LineString","coordinates":[[566680.259625760605559,5446897.383093371987343],[566680.108916743891314,5446907.443312169983983],[566678.54231647378765,5446961.081186404451728],[566677.976150651462376,5446973.549052742309868]]}},
{"type":"Feature","properties":{"osm_id":35500764,"name":"Arnold Road","ref":null,"highway":"residential","road_group":"residential","bridge":null,"surface":"unpaved","access":null,"length_in_aoi_m":318.61489975296286,"flood_intersection_m":0.0,"distance_to_gain_m":174.87747909090086,"direct_intersection":false,"within_50m":false,"within_100m":false,"within_250m":true,"source_observation_id":"OBS01","source_observation_utc":"OBS01 — 12 Dec 2025 14:08:24 UTC","claim_boundary":"potential exposure only; no damage inference"},"geometry":{"type":"LineString","coordinates":[[569250.317844732897356,5443476.205570771358907],[569232.301001965999603,5443493.001929094083607],[569107.492886712425388,5443560.928871663287282],[569037.32172398257535,5443593.984676511026919],[569005.468633515411057,5443608.996716582216322],[568969.610909169306979,5443624.603804062120616]]}},
{"type":"Feature","properties":{"osm_id":35500900,"name":null,"ref":null,"highway":"service","road_group":"service","bridge":null,"surface":null,"access":null,"length_in_aoi_m":118.04680351034548,"flood_intersection_m":0.0,"distance_to_gain_m":59.127847841425528,"direct_intersection":false,"within_50m":false,"within_100m":true,"within_250m":true,"source_observation_id":"OBS01","source_observation_utc":"OBS01 — 12 Dec 2025 14:08:24 UTC","claim_boundary":"potential exposure only; no damage inference"},"geometry":{"type":"LineString","coordinates":[[566682.582136368961073,5446734.117057994008064],[566645.089725459809415,5446733.38624869659543],[566564.559130341629498,5446731.747324189171195]]}},
{"type":"Feature","properties":{"osm_id":35500953,"name":"McDonald Road","ref":null,"highway":"residential","road_group":"residential","bridge":null,"surface":null,"access":null,"length_in_aoi_m":620.51684788626403,"flood_intersection_m":0.0,"distance_to_gain_m":87.422087085247412,"direct_intersection":false,"within_50m":false,"within_100m":true,"within_250m":true,"source_observation_id":"OBS01","source_observation_utc":"OBS01 — 12 Dec 2025 14:08:24 UTC","claim_boundary":"potential exposure only; no damage inference"},"geometry":{"type":"LineString","coordinates":[[565393.290442977333441,5445228.70652374252677],[565383.988242235500365,5445623.814850300550461],[565377.850388029473834,5445849.030261251144111]]}},
{"type":"Feature","properties":{"osm_id":35501135,"name":"Sterling Road","ref":null,"highway":"residential","road_group":"residential","bridge":null,"surface":"asphalt","access":null,"length_in_aoi_m":379.14065491170817,"flood_intersection_m":0.0,"distance_to_gain_m":13.570650436915457,"direct_intersection":false,"within_50m":true,"within_100m":true,"within_250m":true,"source_observation_id":"OBS01","source_observation_utc":"OBS01 — 12 Dec 2025 14:08:24 UTC","claim_boundary":"potential exposure only; no damage inference"},"geometry":{"type":"LineString","coordinates":[[567585.909872493357398,5447491.822299196384847],[567585.528870510985143,5447496.743050524964929],[567569.897700783447362,5447699.950276238843799],[567555.28962462185882,5447766.692615834064782],[567541.71093532233499,5447849.402397982776165],[567540.883664575056173,5447854.462228990159929],[567533.570650436915457,5447865.368737529031932]]}},
{"type":"Feature","properties":{"osm_id":35501205,"name":null,"ref":null,"highway":"unclassified","road_group":"unclassified","bridge":null,"surface":null,"access":null,"length_in_aoi_m":485.56361828467027,"flood_intersection_m":0.0,"distance_to_gain_m":12.640227521702595,"direct_intersection":false,"within_50m":true,"within_100m":true,"within_250m":true,"source_observation_id":"OBS01","source_observation_utc":"OBS01 — 12 Dec 2025 14:08:24 UTC","claim_boundary":"potential exposure only; no damage inference"},"geometry":{"type":"LineString","coordinates":[[566413.265448881313205,5447951.433722361922264],[566365.411496485350654,5447970.537233993411064],[566241.302259156829678,5447983.143675364553928],[566201.268345074728131,5447995.69376346282661],[566180.331966324476525,5448006.316249490715563],[566150.343569616554305,5448036.365075976587832],[566130.284727931837551,5448062.574970402754843],[566121.845438361982815,5448082.575654142536223],[566126.994242929155007,5448137.039082837291062],[566129.529999094665982,5448162.018887577578425],[566132.79119480738882,5448193.967432057484984],[566134.488997713313438,5448207.374189781025052],[566135.070748331723735,5448211.739528272300959],[566136.618848030688241,5448228.513330404646695]]}},
{"type":"Feature","properties":{"osm_id":35501226,"name":"Clerihue Road","ref":null,"highway":"residential","road_group":"residential","bridge":null,"surface":null,"access":null,"length_in_aoi_m":251.09640615999555,"flood_intersection_m":0.0,"distance_to_gain_m":110.0507099662825,"direct_intersection":false,"within_50m":false,"within_100m":false,"within_250m":true,"source_observation_id":"OBS01","source_observation_utc":"OBS01 — 12 Dec 2025 14:08:24 UTC","claim_boundary":"potential exposure only; no damage inference"},"geometry":{"type":"LineString","coordinates":[[566089.099997466895729,5448237.572273245081306],[566075.87097930861637,5448488.319951728917658]]}},
{"type":"Feature","properties":{"osm_id":35501299,"name":"McDonald Road","ref":null,"highway":"residential","road_group":"residential","bridge":null,"surface":null,"access":null,"length_in_aoi_m":97.271734140869924,"flood_intersection_m":0.0,"distance_to_gain_m":31.637988249257504,"direct_intersection":false,"within_50m":true,"within_100m":true,"within_250m":true,"source_observation_id":"OBS01","source_observation_utc":"OBS01 — 12 Dec 2025 14:08:24 UTC","claim_boundary":"potential exposure only; no damage inference"},"geometry":{"type":"LineString","coordinates":[[565397.190681462758221,5445131.513013658113778],[565393.290442977333441,5445228.70652374252677]]}},
{"type":"Feature","properties":{"osm_id":35501390,"name":"Johnson Road","ref":null,"highway":"residential","road_group":"residential","bridge":null,"surface":"asphalt","access":null,"length_in_aoi_m":1507.8691449416679,"flood_intersection_m":0.0,"distance_to_gain_m":1.6072697075494426,"direct_intersection":false,"within_50m":true,"within_100m":true,"within_250m":true,"source_observation_id":"OBS01","source_observation_utc":"OBS01 — 12 Dec 2025 14:08:24 UTC","claim_boundary":"potential exposure only; no damage inference"},"geometry":{"type":"LineString","coordinates":[[564341.649393402040005,5446644.168941310606897],[564342.118819477036595,5446738.979090598411858],[564337.59157937951386,5447444.919742088764906],[564338.819631310761906,5447452.750147270970047],[564342.069444064283744,5447459.103171916678548],[564345.87615105160512,5447462.705381930805743],[564351.917431142996065,5447465.333017613738775],[564359.234193419804797,5447466.096562710590661],[564487.632969811209477,5447465.549911983311176],[564496.257581915822811,5447467.296207007952034],[564501.148830652469769,5447471.02238507475704],[564503.303871506941505,5447474.983417855575681],[564504.078967575565912,5447479.139565579593182],[564504.299010465038009,5447484.634526519104838],[564507.801506745861843,5447999.892879537306726]]}},
{"type":"Feature","properties":{"osm_id":35501431,"name":"Dyke Road","ref":null,"highway":"track","road_group":"other","bridge":null,"surface":null,"access":"private","length_in_aoi_m":815.96234698505714,"flood_intersection_m":47.153407181872808,"distance_to_gain_m":0.0,"direct_intersection":true,"within_50m":true,"within_100m":true,"within_250m":true,"source_observation_id":"OBS01","source_observation_utc":"OBS01 — 12 Dec 2025 14:08:24 UTC","claim_boundary":"potential exposure only; no damage inference"},"geometry":{"type":"LineString","coordinates":[[569182.426418325514533,5447119.673840234987438],[569201.484692578436807,5447114.242416013963521],[569203.272249123314396,5447114.12029280513525],[569230.384586709318683,5447112.281146331690252],[569250.165570425684564,5447117.23241348285228],[569260.397574160830118,5447119.795748000964522],[569334.953982345643453,5447145.114609150215983],[569342.572832925361581,5447146.199875423684716],[569350.784672237699851,5447145.92504165135324],[569527.133238369366154,5447120.514791633933783],[569626.846676398650743,5447103.593366767279804],[569706.965149248018861,5447091.307168420404196],[569744.484034501714632,5447087.467263280414045],[569781.313563498202711,5447093.180730949155986],[569817.374286834849045,5447106.645373593084514],[569859.42791823646985,5447133.294731521047652],[569943.271319237654097,5447182.010304325260222],[569960.0,5447194.692412448115647]]}},
{"type":"Feature","properties":{"osm_id":35501704,"name":null,"ref":null,"highway":"residential","road_group":"residential","bridge":null,"surface":"unpaved","access":null,"length_in_aoi_m":24.70849339744413,"flood_intersection_m":0.0,"distance_to_gain_m":11.87960923195897,"direct_intersection":false,"within_50m":true,"within_100m":true,"within_250m":true,"source_observation_id":"OBS01","source_observation_utc":"OBS01 — 12 Dec 2025 14:08:24 UTC","claim_boundary":"potential exposure only; no damage inference"},"geometry":{"type":"LineString","coordinates":[[565664.676695265574381,5447046.776347304694355],[565675.140951573615894,5447069.159577319398522]]}},
{"type":"Feature","properties":{"osm_id":35501722,"name":"Taylor Road","ref":null,"highway":"residential","road_group":"residential","bridge":null,"surface":null,"access":null,"length_in_aoi_m":187.72998324981299,"flood_intersection_m":0.0,"distance_to_gain_m":4.8661594600011986,"direct_intersection":false,"within_50m":true,"within_100m":true,"within_250m":true,"source_observation_id":"OBS01","source_observation_utc":"OBS01 — 12 Dec 2025 14:08:24 UTC","claim_boundary":"potential exposure only; no damage inference"},"geometry":{"type":"LineString","coordinates":[[567664.95775584760122,5448471.593905194662511],[567687.890076096402481,5448495.012535965070128],[567709.181260245619342,5448516.743369841948152],[567763.924905669060536,5448591.19699296168983],[567780.678280902444385,5448618.598326817154884]]}},
{"type":"Feature","properties":{"osm_id":35501725,"name":"North Nicomen Road","ref":null,"highway":"residential","road_group":"residential","bridge":null,"surface":null,"access":null,"length_in_aoi_m":48.374638027486114,"flood_intersection_m":0.0,"distance_to_gain_m":88.577885772701379,"direct_intersection":false,"within_50m":false,"within_100m":true,"within_250m":true,"source_observation_id":"OBS01","source_observation_utc":"OBS01 — 12 Dec 2025 14:08:24 UTC","claim_boundary":"potential exposure only; no damage inference"},"geometry":{"type":"LineString","coordinates":[[566136.618848030688241,5448228.513330404646695],[566089.099997466895729,5448237.572273245081306]]}},
{"type":"Feature","properties":{"osm_id":61858463,"name":"Athey Road","ref":null,"highway":"residential","road_group":"residential","bridge":null,"surface":"paved","access":null,"length_in_aoi_m":53.016408805615754,"flood_intersection_m":0.0,"distance_to_gain_m":64.065823649768859,"direct_intersection":false,"within_50m":false,"within_100m":true,"within_250m":true,"source_observation_id":"OBS01","source_observation_utc":"OBS01 — 12 Dec 2025 14:08:24 UTC","claim_boundary":"potential exposure only; no damage inference"},"geometry":{"type":"LineString","coordinates":[[569551.357644749223255,5448850.968428482301533],[569538.345554606989026,5448854.151008826680481],[569527.606014474178664,5448855.694501318968832],[569513.42657225090079,5448856.093934643082321],[569498.887988075381145,5448854.921179908327758]]}},
{"type":"Feature","properties":{"osm_id":61858464,"name":"Athey Road","ref":null,"highway":"residential","road_group":"residential","bridge":null,"surface":"unpaved","access":null,"length_in_aoi_m":449.42891701978363,"flood_intersection_m":0.0,"distance_to_gain_m":14.610714075521173,"direct_intersection":false,"within_50m":true,"within_100m":true,"within_250m":true,"source_observation_id":"OBS01","source_observation_utc":"OBS01 — 12 Dec 2025 14:08:24 UTC","claim_boundary":"potential exposure only; no damage inference"},"geometry":{"type":"LineString","coordinates":[[569960.0,5448671.293257722631097],[569946.889647937379777,5448679.464901488274336],[569910.862487003207207,5448698.12076666764915],[569822.890006401808932,5448740.802000476047397],[569810.982481245649979,5448747.655897441320121],[569801.314137904904783,5448753.215061108581722],[569776.144494224572554,5448769.741037836298347],[569759.978545944439247,5448779.098414653912187],[569745.611022744094953,5448785.131927482783794],[569727.495718498132192,5448791.318229088559747],[569711.438549151294865,5448795.540400562807918],[569692.398457310395315,5448798.212818932719529],[569674.606488391524181,5448800.734292471781373],[569661.464449851657264,5448803.803760434500873],[569645.947096935124137,5448809.722941181622446],[569631.315212461282499,5448816.509463109076023],[569604.108868724200875,5448829.908452822826803],[569578.799403266631998,5448841.419131943024695],[569562.377745157922618,5448847.404965062625706],[569551.357644749223255,5448850.968428482301533]]}},
{"type":"Feature","properties":{"osm_id":62001004,"name":"Lougheed Highway","ref":"BC 7","highway":"primary","road_group":"primary","bridge":"yes","surface":"concrete","access":null,"length_in_aoi_m":60.874305105194821,"flood_intersection_m":8.7172004667868599,"distance_to_gain_m":0.0,"direct_intersection":true,"within_50m":true,"within_100m":true,"within_250m":true,"source_observation_id":"OBS01","source_observation_utc":"OBS01 — 12 Dec 2025 14:08:24 UTC","claim_boundary":"potential exposure only; no damage inference"},"geometry":{"type":"LineString","coordinates":[[567867.209366923430935,5448555.02018931042403],[567817.245725294575095,5448589.795403719879687]]}},
{"type":"Feature","properties":{"osm_id":371281539,"name":"Lougheed Highway","ref":"BC 7","highway":"primary","road_group":"primary","bridge":null,"surface":"asphalt","access":null,"length_in_aoi_m":4571.0251769111564,"flood_intersection_m":0.0,"distance_to_gain_m":3.8908105675540958,"direct_intersection":false,"within_50m":true,"within_100m":true,"within_250m":true,"source_observation_id":"OBS01","source_observation_utc":"OBS01 — 12 Dec 2025 14:08:24 UTC","claim_boundary":"potential exposure only; no damage inference"},"geometry":{"type":"LineString","coordinates":[[563960.0,5446640.501335646957159],[564063.83100111305248,5446641.626603081822395],[564341.649393402040005,5446644.168941310606897],[564611.870664661750197,5446649.89395244885236],[564931.735302094835788,5446649.722974658943713],[565713.133196711889468,5446657.903615325689316],[565802.082690644660033,5446659.130136934109032],[565845.058461625361815,5446662.866954409517348],[565876.32158931158483,5446666.964618713594973],[565909.465397771913558,5446673.519813466817141],[565960.037292729364708,5446684.597338690422475],[566060.793407043325715,5446725.694643872790039],[566247.300662827445194,5446826.504595299251378],[566278.389405235648155,5446842.599069863557816],[566538.546159733552486,5446977.347530245780945],[566658.198518691235222,5447039.330462795682251],[566688.799364382517524,5447055.187927274033427],[566776.752624715794809,5447101.491772832348943],[566780.850339333293959,5447103.831724700517952],[566809.395759675535373,5447120.209797523915768],[566850.293275859672576,5447149.545906525105238],[566867.071613249601796,5447163.60257024038583],[566883.036797076347284,5447178.583367963321507],[566896.823932790197432,5447192.8262396780774],[566928.502524341223761,5447230.289857590571046],[566961.130229483707808,5447269.999962672591209],[566996.912422496476211,5447314.029115239158273],[567174.290070059592836,5447528.289451636373997],[567206.06626181199681,5447563.409988037310541],[567213.416989681078121,5447570.92655582819134],[567241.480372524354607,5447599.6424082191661],[567284.795108430320397,5447640.085182563401759],[567358.670039694057778,5447706.384495980106294],[567422.002942640217952,5447763.772535296157002],[567471.369503611000255,5447808.604707122780383],[567533.570650436915457,5447865.368737529031932],[567562.023627027636394,5447892.367728120647371],[567586.05141708010342,5447920.013116314075887],[567609.365044620237313,5447951.196612347848713],[567628.280671364627779,5447978.434883729554713],[567657.201504613389261,5448020.094096126966178],[567692.256156767602079,5448071.479449787177145],[567715.811253783525899,5448106.046368293464184],[567741.891075348015875,5448143.913189803250134],[567773.906029079807922,5448192.237590786069632],[567801.128725693211891,5448237.267853112891316],[567825.536853154888377,5448278.216577402316034],[567858.16135520953685,5448333.742578147910535]]}},
{"type":"Feature","properties":{"osm_id":402820698,"name":"Trans-Canada Highway","ref":"TCH 1","highway":"motorway","road_group":"motorway","bridge":null,"surface":"asphalt","access":null,"length_in_aoi_m":1579.373346683926,"flood_intersection_m":0.0,"distance_to_gain_m":96.103578911156262,"direct_intersection":false,"within_50m":false,"within_100m":true,"within_250m":true,"source_observation_id":"OBS01","source_observation_utc":"OBS01 — 12 Dec 2025 14:08:24 UTC","claim_boundary":"potential exposure only; no damage inference"},"geometry":{"type":"LineString","coordinates":[[569960.0,5443570.797890997491777],[568953.280673466273583,5443360.82924484834075],[568565.934452770394273,5443275.423379711806774],[568415.713756382698193,5443240.0]]}},
{"type":"Feature","properties":{"osm_id":440358382,"name":null,"ref":null,"highway":"service","road_group":"service","bridge":null,"surface":null,"access":null,"length_in_aoi_m":296.15674929247677,"flood_intersection_m":0.0,"distance_to_gain_m":175.81165131684708,"direct_intersection":false,"within_50m":false,"within_100m":false,"within_250m":true,"source_observation_id":"OBS01","source_observation_utc":"OBS01 — 12 Dec 2025 14:08:24 UTC","claim_boundary":"potential exposure only; no damage inference"},"geometry":{"type":"LineString","coordinates":[[568612.916217234916985,5443796.231786741875112],[568599.259890254237689,5443824.547282980754972],[568583.703230288811028,5443864.346661888994277],[568580.758427076973021,5443896.497590783052146],[568572.725605871295556,5443976.571961689740419],[568573.532528909272514,5444022.033609706908464],[568553.80124976602383,5444082.661425205878913]]}},
{"type":"Feature","properties":{"osm_id":461398053,"name":null,"ref":null,"highway":"service","road_group":"service","bridge":null,"surface":null,"access":null,"length_in_aoi_m":70.083452861202261,"flood_intersection_m":0.0,"distance_to_gain_m":178.19977649766702,"direct_intersection":false,"within_50m":false,"within_100m":false,"within_250m":true,"source_observation_id":"OBS01","source_observation_utc":"OBS01 — 12 Dec 2025 14:08:24 UTC","claim_boundary":"potential exposure only; no damage inference"},"geometry":{"type":"LineString","coordinates":[[566658.198518691235222,5447039.330462795682251],[566668.651070420630276,5447023.735480811446905],[566673.513184628100134,5447006.86108285561204],[566676.077112758764997,5446997.986318774521351],[566677.976150651462376,5446973.549052742309868]]}},
{"type":"Feature","properties":{"osm_id":478242730,"name":"Lougheed Highway","ref":"BC 7","highway":"primary","road_group":"primary","bridge":null,"surface":"asphalt","access":null,"length_in_aoi_m":27.78625177996539,"flood_intersection_m":0.0,"distance_to_gain_m":219.72729732956302,"direct_intersection":false,"within_50m":false,"within_100m":false,"within_250m":true,"source_observation_id":"OBS01","source_observation_utc":"OBS01 — 12 Dec 2025 14:08:24 UTC","claim_boundary":"potential exposure only; no damage inference"},"geometry":{"type":"LineString","coordinates":[[567803.989392013172619,5449221.088563833385706],[567824.347028666175902,5449240.0]]}},
{"type":"Feature","properties":{"osm_id":499275551,"name":"Arnold Road","ref":null,"highway":"service","road_group":"service","bridge":null,"surface":null,"access":"private","length_in_aoi_m":410.22774765160341,"flood_intersection_m":0.0,"distance_to_gain_m":49.210176400188296,"direct_intersection":false,"within_50m":true,"within_100m":true,"within_250m":true,"source_observation_id":"OBS01","source_observation_utc":"OBS01 — 12 Dec 2025 14:08:24 UTC","claim_boundary":"potential exposure only; no damage inference"},"geometry":{"type":"LineString","coordinates":[[569378.09298485936597,5444052.304147383198142],[569370.986649056430906,5444055.95066191162914],[569353.291336874943227,5444066.424310416914523],[569329.583070753142238,5444081.192050510086119],[569323.938209170708433,5444083.467174826189876],[569314.541350865736604,5444085.395027536898851],[569306.295418845838867,5444086.281094150617719],[569301.358248089556582,5444088.542883801274002],[569298.847991056856699,5444090.379271954298019],[569297.409252115990967,5444092.851730406284332],[569296.516575635760091,5444096.565175099298358],[569296.295291080255993,5444100.831841068342328],[569297.338519397424534,5444106.048310905694962],[569300.404743912164122,5444116.871566817164421],[569301.160146919894032,5444127.588004561141133],[569300.580522720701993,5444133.673582559451461],[569298.548580833012238,5444140.408040721900761],[569294.510404136730358,5444148.340348681434989],[569284.29032460716553,5444164.155847045592964],[569272.156556974747218,5444181.937546372413635],[569262.720629329443909,5444196.884568063542247],[569257.91695439897012,5444206.541763542219996],[569252.925447162007913,5444218.965074356645346],[569246.554548143409193,5444234.951201610267162],[569239.599724106374197,5444252.72006864938885],[569235.237495290231891,5444262.660774940624833],[569230.07287220004946,5444271.446238609962165],[569227.47912135196384,5444278.20703493244946],[569227.497107211500406,5444283.755311381071806],[569231.222466572537087,5444294.364425557665527],[569238.736080773407593,5444309.979808085598052],[569246.716224304982461,5444327.357748742215335],[569253.991416608914733,5444343.948579711839557],[569259.512451124493964,5444358.505005579441786],[569264.350308319088072,5444370.540125382132828],[569266.585273221833631,5444376.105087242089212],[569271.822498212102801,5444382.463749935850501]]}},
{"type":"Feature","properties":{"osm_id":499827469,"name":"Skweahm Place","ref":null,"highway":"residential","road_group":"residential","bridge":null,"surface":null,"access":"private","length_in_aoi_m":79.735169144766601,"flood_intersection_m":0.0,"distance_to_gain_m":214.82533906331977,"direct_intersection":false,"within_50m":false,"within_100m":false,"within_250m":true,"source_observation_id":"OBS01","source_observation_utc":"OBS01 — 12 Dec 2025 14:08:24 UTC","claim_boundary":"potential exposure only; no damage inference"},"geometry":{"type":"LineString","coordinates":[[566965.177946330048144,5447152.09510497841984],[566944.597277751774527,5447163.052640850655735],[566914.633326024049893,5447179.544557339511812],[566896.823932790197432,5447192.8262396780774]]}},
{"type":"Feature","properties":{"osm_id":502175282,"name":"Lougheed Highway","ref":"BC 7","highway":"primary","road_group":"primary","bridge":null,"surface":null,"access":null,"length_in_aoi_m":258.98514746258087,"flood_intersection_m":32.623427028665134,"distance_to_gain_m":0.0,"direct_intersection":true,"within_50m":true,"within_100m":true,"within_250m":true,"source_observation_id":"OBS01","source_observation_utc":"OBS01 — 12 Dec 2025 14:08:24 UTC","claim_boundary":"potential exposure only; no damage inference"},"geometry":{"type":"LineString","coordinates":[[567858.16135520953685,5448333.742578147910535],[567909.766289026476443,5448420.422566790133715],[567913.29185589577537,5448428.271056357771158],[567918.583726062206551,5448440.644230105914176],[567921.602674297173508,5448457.08097783010453],[567922.543649940984324,5448467.076848799362779],[567922.281085585709661,5448475.37902853731066],[567921.937286817585118,5448479.032734774984419],[567921.476003795745783,5448483.941368813626468],[567919.242068960913457,5448493.720253554172814],[567918.68945586506743,5448495.392321322113276],[567916.675583534291945,5448501.504858697764575],[567912.932904084329493,5448509.519587725400925],[567907.813765684259124,5448518.640327715314925],[567901.843653960735537,5448526.438630694523454],[567886.36918558285106,5448541.413603431545198],[567867.209366923430935,5448555.02018931042403]]}},
{"type":"Feature","properties":{"osm_id":568885121,"name":null,"ref":null,"highway":"residential","road_group":"residential","bridge":null,"surface":null,"access":null,"length_in_aoi_m":56.271419432994172,"flood_intersection_m":0.0,"distance_to_gain_m":112.9784934171538,"direct_intersection":false,"within_50m":false,"within_100m":false,"within_250m":true,"source_observation_id":"OBS01","source_observation_utc":"OBS01 — 12 Dec 2025 14:08:24 UTC","claim_boundary":"potential exposure only; no damage inference"},"geometry":{"type":"LineString","coordinates":[[567656.274274053634144,5448613.290791761130095],[567632.498856248683296,5448631.322259312495589],[567629.316694116336294,5448635.864001682959497],[567628.853971295175143,5448641.506448866799474],[567630.129416753887199,5448649.227101867087185],[567632.397013138048351,5448656.270582888275385]]}},
{"type":"Feature","properties":{"osm_id":568885123,"name":null,"ref":null,"highway":"residential","road_group":"residential","bridge":null,"surface":null,"access":null,"length_in_aoi_m":214.50966246379292,"flood_intersection_m":0.0,"distance_to_gain_m":88.651616734058308,"direct_intersection":false,"within_50m":false,"within_100m":true,"within_250m":true,"source_observation_id":"OBS01","source_observation_utc":"OBS01 — 12 Dec 2025 14:08:24 UTC","claim_boundary":"potential exposure only; no damage inference"},"geometry":{"type":"LineString","coordinates":[[567581.261839938466437,5448760.689967916347086],[567576.581895982148126,5448751.871370759792626],[567573.552654101746157,5448743.940231788903475],[567572.870910840225406,5448735.937788287177682],[567573.15133821440395,5448729.703831258229911],[567573.161892557982355,5448728.247457139194012],[567574.602116842754185,5448721.927643884904683],[567578.928254037396982,5448712.040844097733498],[567586.604627374792472,5448699.94919201079756],[567599.000957221025601,5448685.091333482414484],[567614.422614921233617,5448670.759793419390917],[567632.397013138048351,5448656.270582888275385],[567643.842614782392047,5448647.049285156652331],[567662.792302363901399,5448632.0829240353778],[567662.756016851984896,5448626.723434815183282],[567660.079671771964058,5448622.109845547936857],[567657.115337486728095,5448616.614375771023333],[567656.274274053634144,5448613.290791761130095],[567656.125391422538087,5448609.386425418779254],[567656.282356120413169,5448604.907656397670507],[567658.386115778353997,5448600.352701218798757],[567666.131221189629287,5448590.407839187420905]]}},
{"type":"Feature","properties":{"osm_id":568885236,"name":null,"ref":null,"highway":"track","road_group":"other","bridge":null,"surface":null,"access":"private","length_in_aoi_m":334.50412737108405,"flood_intersection_m":0.0,"distance_to_gain_m":235.79927890048853,"direct_intersection":false,"within_50m":false,"within_100m":false,"within_250m":true,"source_observation_id":"OBS01","source_observation_utc":"OBS01 — 12 Dec 2025 14:08:24 UTC","claim_boundary":"potential exposure only; no damage inference"},"geometry":{"type":"LineString","coordinates":[[568979.2808894647751,5448319.429053564555943],[568979.798230135813355,5448276.30724894721061],[568978.410184473847039,5448249.172116788104177],[568972.328871110570617,5448223.746131571941078],[568964.045711498009041,5448196.62486988119781],[568960.898472752654925,5448193.016521490179002],[568956.302286462276243,5448190.457429660484195],[568945.162817184464075,5448189.506558958441019],[568920.813222268945538,5448198.163728373125196],[568901.72020489058923,5448209.032504906877875],[568889.16403965849895,5448212.389108000323176],[568868.825194208417088,5448213.302594967186451],[568858.035010545747355,5448215.903027283027768],[568853.495045276591554,5448219.348655574955046],[568851.252891913754866,5448226.725521274842322],[568850.96333305654116,5448249.92599418759346],[568847.221529675764032,5448277.019293674267828],[568845.942899296875112,5448293.625335194170475],[568847.83418640261516,5448309.103506866842508]]}},
{"type":"Feature","properties":{"osm_id":568885237,"name":null,"ref":null,"highway":"service","road_group":"service","bridge":null,"surface":null,"access":null,"length_in_aoi_m":744.03196756247928,"flood_intersection_m":0.0,"distance_to_gain_m":212.93795718646462,"direct_intersection":false,"within_50m":false,"within_100m":false,"within_250m":true,"source_observation_id":"OBS01","source_observation_utc":"OBS01 — 12 Dec 2025 14:08:24 UTC","claim_boundary":"potential exposure only; no damage inference"},"geometry":{"type":"LineString","coordinates":[[569513.984470212482847,5448341.084220490418375],[569506.962178824003786,5448338.482971203513443],[569500.119097200222313,5448333.226685594767332],[569492.642885682056658,5448330.786512470804155],[569484.082020066678524,5448329.978213980793953],[569406.155727372155525,5448327.64077118691057],[569249.591291082440875,5448326.251305121928453],[569104.941227334435098,5448325.026640620082617],[568992.388850781950168,5448321.471984579227865],[568979.2808894647751,5448319.429053564555943],[568966.727220377535559,5448317.937885227613151],[568955.594880795455538,5448317.020431968383491],[568906.942265305900946,5448314.944861343130469],[568862.584541390882805,5448313.86839596554637],[568858.098213619203307,5448313.022988426499069],[568847.83418640261516,5448309.103506866842508],[568835.280372254550457,5448304.699617870151997],[568826.487248323857784,5448304.389772104099393],[568798.927001730189659,5448308.148671474307775],[568784.812980996910483,5448310.796737325377762],[568775.775989712448791,5448314.26418448984623]]}},
{"type":"Feature","properties":{"osm_id":568885247,"name":null,"ref":null,"highway":"service","road_group":"service","bridge":null,"surface":"unpaved","access":"private","length_in_aoi_m":139.25600779276417,"flood_intersection_m":0.0,"distance_to_gain_m":26.362302922302487,"direct_intersection":false,"within_50m":true,"within_100m":true,"within_250m":true,"source_observation_id":"OBS01","source_observation_utc":"OBS01 — 12 Dec 2025 14:08:24 UTC","claim_boundary":"potential exposure only; no damage inference"},"geometry":{"type":"LineString","coordinates":[[569384.279273587046191,5448829.729270257055759],[569388.761102290241979,5448810.039325280115008],[569398.577237360179424,5448758.517731419764459],[569401.956752137630247,5448718.711813130415976],[569375.467655913904309,5448715.65456382278353]]}},
{"type":"Feature","properties":{"osm_id":576104524,"name":"Dyke Road","ref":null,"highway":"track","road_group":"other","bridge":null,"surface":null,"access":"private","length_in_aoi_m":1760.437971909221,"flood_intersection_m":0.0,"distance_to_gain_m":1.1908062091620943,"direct_intersection":false,"within_50m":true,"within_100m":true,"within_250m":true,"source_observation_id":"OBS01","source_observation_utc":"OBS01 — 12 Dec 2025 14:08:24 UTC","claim_boundary":"potential exposure only; no damage inference"},"geometry":{"type":"LineString","coordinates":[[568048.300710234325379,5446200.57391223590821],[568055.417473076609895,5446215.893748481757939],[568064.245789816370234,5446230.767729202285409],[568073.704843294457532,5446242.380716474726796],[568084.152765571256168,5446253.027505057863891],[568112.938985929591581,5446278.32103278581053],[568130.915343045606278,5446292.75209893938154],[568143.940824934979901,5446300.706830066628754],[568154.565469071734697,5446304.10678971465677],[568160.529385906644166,5446305.292261726222932],[568166.262895398074761,5446305.652138588950038],[568175.207476072595455,5446305.173331312835217],[568183.335712986765429,5446303.49479359574616],[568191.828423178987578,5446300.642227341420949],[568205.000459581147879,5446294.367452446371317],[568353.987879790482111,5446218.059568645432591],[568360.527656899532303,5446215.727873752824962],[568367.989123331964947,5446214.330423616804183],[568373.947199651738629,5446214.226325520314276],[568381.750575470505282,5446215.245807889848948],[568389.346359025686979,5446218.308503453619778],[568395.062140728463419,5446222.459749563597143],[568399.644098918302916,5446228.086809710599482],[568403.279566598241217,5446235.369895889423788],[568446.967518961406313,5446388.821981701999903],[568488.715575424721465,5446533.889435375109315],[568530.814573955023661,5446680.451502609997988],[568535.821444821311161,5446697.02442523278296],[568541.943404776393436,5446713.622319676913321],[568549.009562536259182,5446728.742089732550085],[568560.897749477764592,5446745.956427108496428],[568574.242503993562423,5446765.045654687099159],[568590.577557795215398,5446783.438267590478063],[568612.246637793490663,5446806.711489204317331],[568628.26239778555464,5446820.274883400648832],[568645.779399370658211,5446833.289961946196854],[568829.612327097682282,5446954.712849292904139],[568880.352148881414905,5446989.112392826937139],[568892.855133587261662,5447001.331892374902964],[568903.47635778109543,5447015.373576890677214],[568910.187850864371285,5447029.010674508288503],[568919.252151514985599,5447048.047338550910354],[568928.586830748710781,5447072.27967793494463],[568939.701071619172581,5447094.688615783117712],[568944.817205298459157,5447101.801581208594143],[568951.817720454186201,5447107.459351656958461],[568959.210923260659911,5447111.44316325429827],[568966.823631286853924,5447113.028158533386886],[568976.31594706478063,5447112.957782091572881],[569011.267253690515645,5447108.59160786587745],[569020.31989028363023,5447108.704821081832051],[569031.543915421934798,5447110.646388243883848],[569044.424709091428667,5447115.343828363344073],[569052.881186350248754,5447121.153366504237056],[569059.835749398451298,5447126.977477792650461],[569068.136283905128948,5447135.342316743917763],[569075.177913103834726,5447141.779049018397927],[569082.64795875933487,5447146.019713756628335],[569092.332352462457493,5447148.653709885664284],[569103.145121871144511,5447148.500019765459001],[569115.651043788180687,5447145.865919503383338],[569128.165842934511602,5447141.942225773818791],[569182.426418325514533,5447119.673840234987438]]}},
{"type":"Feature","properties":{"osm_id":576124615,"name":"Nicomen Island Dyke","ref":null,"highway":"track","road_group":"other","bridge":null,"surface":null,"access":"private","length_in_aoi_m":1503.6836411957499,"flood_intersection_m":76.766517837299148,"distance_to_gain_m":0.0,"direct_intersection":true,"within_50m":true,"within_100m":true,"within_250m":true,"source_observation_id":"OBS01","source_observation_utc":"OBS01 — 12 Dec 2025 14:08:24 UTC","claim_boundary":"potential exposure only; no damage inference"},"geometry":{"type":"LineString","coordinates":[[565382.937842349754646,5445226.660483838990331],[565202.901352081098594,5445174.077327776700258],[564837.365309133776464,5445065.684902035631239],[564749.655613095033914,5445040.518234126269817],[564627.88686050043907,5445005.592780848033726],[564604.280051659210585,5444996.955702284350991],[564572.692089436459355,5444981.098658813163638],[564377.313292449922301,5444880.8333106841892],[564206.706518940161914,5444817.108102257363498],[564016.124984211870469,5444767.510176565498114],[563960.0,5444753.719801200553775]]}},
{"type":"Feature","properties":{"osm_id":576125371,"name":"Nicomen Island Dyke","ref":null,"highway":"track","road_group":"other","bridge":null,"surface":null,"access":"private","length_in_aoi_m":412.82035511456877,"flood_intersection_m":0.0,"distance_to_gain_m":143.76316085705744,"direct_intersection":false,"within_50m":false,"within_100m":false,"within_250m":true,"source_observation_id":"OBS01","source_observation_utc":"OBS01 — 12 Dec 2025 14:08:24 UTC","claim_boundary":"potential exposure only; no damage inference"},"geometry":{"type":"LineString","coordinates":[[566850.474406365538016,5445185.716962560079992],[567014.119673653272912,5445187.700540548190475],[567034.061720710829832,5445190.911169250495732],[567109.501613346859813,5445210.061450912617147],[567255.973747143521905,5445247.29969035834074]]}},
{"type":"Feature","properties":{"osm_id":576125372,"name":"Nicomen Island Dyke","ref":null,"highway":"service","road_group":"service","bridge":null,"surface":null,"access":"private","length_in_aoi_m":1108.3008159373674,"flood_intersection_m":0.0,"distance_to_gain_m":28.19995512196607,"direct_intersection":false,"within_50m":true,"within_100m":true,"within_250m":true,"source_observation_id":"OBS01","source_observation_utc":"OBS01 — 12 Dec 2025 14:08:24 UTC","claim_boundary":"potential exposure only; no damage inference"},"geometry":{"type":"LineString","coordinates":[[567255.973747143521905,5445247.29969035834074],[567271.72473784245085,5445251.516374968923628],[567393.140635671443306,5445288.597633260302246],[567466.507190838223323,5445310.129092178307474],[567580.2166672735475,5445345.107955472543836],[567589.55694324686192,5445349.358283068984747],[567596.274271694710478,5445354.021247303113341],[567647.302135246689431,5445398.874727563001215],[567688.966511215898208,5445440.133877509273589],[567702.912872565560974,5445461.218376565724611],[567720.587731007370166,5445499.348515971563756],[567731.356567359296605,5445529.777964274398983],[567737.598292854032479,5445555.348790696822107],[567757.11139112978708,5445685.472188339568675],[567759.220571131329052,5445698.984571862965822],[567760.612253521103412,5445834.522630795836449],[567758.711783494916745,5445882.430310409516096],[567755.117517813225277,5445908.536447479389608],[567753.473022705875337,5445932.620748094283044],[567755.141603138297796,5445986.776252917014062],[567761.387484343722463,5446051.750467471778393]]}},
{"type":"Feature","properties":{"osm_id":699152146,"name":null,"ref":null,"highway":"residential","road_group":"residential","bridge":null,"surface":null,"access":"private","length_in_aoi_m":70.541030021485469,"flood_intersection_m":0.0,"distance_to_gain_m":232.74607526668183,"direct_intersection":false,"within_50m":false,"within_100m":false,"within_250m":true,"source_observation_id":"OBS01","source_observation_utc":"OBS01 — 12 Dec 2025 14:08:24 UTC","claim_boundary":"potential exposure only; no damage inference"},"geometry":{"type":"LineString","coordinates":[[566914.633326024049893,5447179.544557339511812],[566915.794734327821061,5447109.013088850304484]]}},
{"type":"Feature","properties":{"osm_id":699152147,"name":null,"ref":null,"highway":"service","road_group":"service","bridge":null,"surface":null,"access":"private","length_in_aoi_m":114.80279394869538,"flood_intersection_m":0.0,"distance_to_gain_m":195.4150295426804,"direct_intersection":false,"within_50m":false,"within_100m":false,"within_250m":true,"source_observation_id":"OBS01","source_observation_utc":"OBS01 — 12 Dec 2025 14:08:24 UTC","claim_boundary":"potential exposure only; no damage inference"},"geometry":{"type":"LineString","coordinates":[[566944.597277751774527,5447163.052640850655735],[566976.074753454886377,5447200.858760542236269],[566985.068390768603422,5447211.218989853747189],[566990.098360271193087,5447224.421872995793819],[566975.789226190536283,5447246.60707575827837],[566974.078360496205278,5447257.838025415316224]]}},
{"type":"Feature","properties":{"osm_id":910048332,"name":null,"ref":null,"highway":"service","road_group":"service","bridge":null,"surface":null,"access":null,"length_in_aoi_m":90.614233213219848,"flood_intersection_m":0.0,"distance_to_gain_m":215.62768622921496,"direct_intersection":false,"within_50m":false,"within_100m":false,"within_250m":true,"source_observation_id":"OBS01","source_observation_utc":"OBS01 — 12 Dec 2025 14:08:24 UTC","claim_boundary":"potential exposure only; no damage inference"},"geometry":{"type":"LineString","coordinates":[[567559.296090185875073,5448663.76909417193383],[567550.237097539473325,5448675.098921635188162],[567535.288538262015209,5448693.661400849930942],[567573.15133821440395,5448729.703831258229911]]}},
{"type":"Feature","properties":{"osm_id":910048333,"name":"Soam Road","ref":null,"highway":"residential","road_group":"residential","bridge":null,"surface":null,"access":null,"length_in_aoi_m":57.471791318743918,"flood_intersection_m":0.0,"distance_to_gain_m":203.97218610564627,"direct_intersection":false,"within_50m":false,"within_100m":false,"within_250m":true,"source_observation_id":"OBS01","source_observation_utc":"OBS01 — 12 Dec 2025 14:08:24 UTC","claim_boundary":"potential exposure only; no damage inference"},"geometry":{"type":"LineString","coordinates":[[567527.21202492818702,5448616.412333018146455],[567530.671890548896044,5448618.9451993862167],[567559.296090185875073,5448663.76909417193383]]}},
{"type":"Feature","properties":{"osm_id":910048336,"name":null,"ref":null,"highway":"service","road_group":"service","bridge":null,"surface":null,"access":null,"length_in_aoi_m":168.0880353330507,"flood_intersection_m":0.0,"distance_to_gain_m":198.67155762505718,"direct_intersection":false,"within_50m":false,"within_100m":false,"within_250m":true,"source_observation_id":"OBS01","source_observation_utc":"OBS01 — 12 Dec 2025 14:08:24 UTC","claim_boundary":"potential exposure only; no damage inference"},"geometry":{"type":"LineString","coordinates":[[567589.01795095030684,5448755.170240117236972],[567636.391283465316519,5448819.659233758226037],[567649.998776523629203,5448847.455221137963235],[567653.724457089556381,5448852.659834803082049],[567673.585572057403624,5448890.461287085898221],[567681.328442374942824,5448892.546481647528708]]}},
{"type":"Feature","properties":{"osm_id":1299664655,"name":"Lougheed Highway","ref":"BC 7","highway":"primary","road_group":"primary","bridge":null,"surface":"asphalt","access":null,"length_in_aoi_m":830.16480440466285,"flood_intersection_m":0.0,"distance_to_gain_m":9.7954037198796868,"direct_intersection":false,"within_50m":true,"within_100m":true,"within_250m":true,"source_observation_id":"OBS01","source_observation_utc":"OBS01 — 12 Dec 2025 14:08:24 UTC","claim_boundary":"potential exposure only; no damage inference"},"geometry":{"type":"LineString","coordinates":[[567817.245725294575095,5448589.795403719879687],[567780.678280902444385,5448618.598326817154884],[567589.01795095030684,5448755.170240117236972],[567581.261839938466437,5448760.689967916347086],[567576.056786203756928,5448764.395314769819379],[567572.909201329224743,5448767.314232926815748],[567556.55611449573189,5448778.588047745637596],[567618.356366210151464,5448876.575309148989618],[567725.691387624829076,5449092.209722003899515],[567756.373594556935132,5449156.617231748998165],[567803.989392013172619,5449221.088563833385706]]}},
{"type":"Feature","properties":{"osm_id":1346291618,"name":"Taylor Road","ref":null,"highway":"residential","road_group":"residential","bridge":null,"surface":null,"access":null,"length_in_aoi_m":256.07433844365102,"flood_intersection_m":0.0,"distance_to_gain_m":5.1036200687238287,"direct_intersection":false,"within_50m":true,"within_100m":true,"within_250m":true,"source_observation_id":"OBS01","source_observation_utc":"OBS01 — 12 Dec 2025 14:08:24 UTC","claim_boundary":"potential exposure only; no damage inference"},"geometry":{"type":"LineString","coordinates":[[567506.576164366095327,5448308.848850531503558],[567506.78951418644283,5448325.362191033549607],[567504.393770959461108,5448357.353683904744685],[567505.520870656939223,5448365.30596921313554],[567507.371740827802569,5448371.288048082962632],[567511.07353758381214,5448378.482441885396838],[567515.078763792407699,5448383.512476245872676],[567521.487573614926077,5448390.450932985171676],[567534.675154477357864,5448397.917117682285607],[567547.886032511712983,5448401.692331212572753],[567582.144757990725338,5448409.650176098570228],[567595.836929376237094,5448413.398047302849591],[567603.127683972241357,5448416.155794343911111],[567608.806160716922022,5448419.638719420880079],[567616.194676035782322,5448426.311339021660388],[567634.578405499109067,5448443.292055020108819],[567664.95775584760122,5448471.593905194662511]]}},
{"type":"Feature","properties":{"osm_id":1346291619,"name":"Taylor Road","ref":null,"highway":"residential","road_group":"residential","bridge":"yes","surface":null,"access":null,"length_in_aoi_m":22.100212884542934,"flood_intersection_m":0.0,"distance_to_gain_m":132.27928597613499,"direct_intersection":false,"within_50m":false,"within_100m":false,"within_250m":true,"source_observation_id":"OBS01","source_observation_utc":"OBS01 — 12 Dec 2025 14:08:24 UTC","claim_boundary":"potential exposure only; no damage inference"},"geometry":{"type":"LineString","coordinates":[[567503.089763573254459,5448287.025367329828441],[567506.576164366095327,5448308.848850531503558]]}},
{"type":"Feature","properties":{"osm_id":1346291628,"name":null,"ref":null,"highway":"track","road_group":"other","bridge":null,"surface":null,"access":null,"length_in_aoi_m":496.77976259275783,"flood_intersection_m":0.0,"distance_to_gain_m":77.904681613911535,"direct_intersection":false,"within_50m":false,"within_100m":true,"within_250m":true,"source_observation_id":"OBS01","source_observation_utc":"OBS01 — 12 Dec 2025 14:08:24 UTC","claim_boundary":"potential exposure only; no damage inference"},"geometry":{"type":"LineString","coordinates":[[566533.119596427655779,5448444.017269906587899],[566541.017156644724309,5448424.299724845215678],[566549.600866888067685,5448399.665062660351396],[566556.503165282774717,5448385.127776530571282],[566563.587403444107622,5448372.427213056944311],[566569.305851013283245,5448362.990073985420167],[566578.112791551277041,5448353.089891872368753],[566589.168605756131001,5448344.662248038686812],[566604.100215652375482,5448335.758860024623573],[566618.700366633362137,5448327.752090885303915],[566638.332976389094256,5448319.450363605283201],[566650.17700762685854,5448315.168368333019316],[566662.07827763305977,5448313.388707399368286],[566676.949712498462759,5448313.701857036910951],[566700.854219627915882,5448316.781534909270704],[566718.381334610166959,5448318.672351759858429],[566745.943565980764106,5448315.803699510172009],[566766.000882672029547,5448312.777636860497296],[566771.971118704299442,5448310.270451531745493],[566775.618199582444504,5448306.412072438746691],[566776.996807338669896,5448302.103739681653678],[566776.999799862620421,5448298.84611252695322],[566775.763529731542803,5448294.406062237918377],[566772.665375148644671,5448289.643281145021319],[566753.770046289893799,5448279.752794815227389],[566727.119868250563741,5448266.855572514235973],[566716.583273811615072,5448261.246810705401003],[566707.564556211815216,5448258.491590709425509],[566700.616964086308144,5448257.440290709026158],[566691.188417240628041,5448257.837739939801395],[566683.597458520671353,5448258.157352876849473],[566666.370489084394649,5448260.361812426708639],[566645.171266674646176,5448261.373150562867522],[566640.646243735100143,5448260.084354588761926],[566637.529189865570515,5448257.478374062106013],[566635.40826077060774,5448253.861544214189053],[566634.052977135404944,5448247.196431408636272],[566634.144575720885769,5448244.440199913457036],[566634.156820466276258,5448241.616300132125616],[566634.439317332115024,5448235.727014506235719]]}},
{"type":"Feature","properties":{"osm_id":1346293505,"name":null,"ref":null,"highway":"track","road_group":"other","bridge":null,"surface":null,"access":null,"length_in_aoi_m":1564.2127949806295,"flood_intersection_m":14.740351342784324,"distance_to_gain_m":0.0,"direct_intersection":true,"within_50m":true,"within_100m":true,"within_250m":true,"source_observation_id":"OBS01","source_observation_utc":"OBS01 — 12 Dec 2025 14:08:24 UTC","claim_boundary":"potential exposure only; no damage inference"},"geometry":{"type":"LineString","coordinates":[[565812.499271295033395,5447489.353435077704489],[565807.986263549188152,5447491.267539908178151],[565801.113584187929519,5447496.677993694320321],[565787.52925959660206,5447511.11427719052881],[565771.525334759731777,5447528.579269642941654],[565763.572244462207891,5447539.636079129762948],[565745.491278145927936,5447567.483070228248835],[565737.826518217218108,5447580.655818014405668],[565733.311687527690083,5447591.909288985654712],[565722.708855767385103,5447622.269222613424063],[565718.450475316029042,5447631.580066345632076],[565713.736929631559178,5447639.940441138111055],[565704.022310163243674,5447654.489719902165234],[565690.879424897837453,5447674.757450359873474],[565672.838601159281097,5447702.360545227304101],[565654.8216578415595,5447729.196821632795036],[565636.1707248094026,5447756.64823414105922],[565621.021111821639352,5447776.536468002013862],[565601.90033396508079,5447798.167560474015772],[565590.797934810048901,5447809.943204480223358],[565572.647242853650823,5447825.404182562604547],[565556.035665304050781,5447840.160820168443024],[565534.965871743392199,5447859.623157682828605],[565525.769341703387909,5447869.898367388173938],[565520.841268525458872,5447876.11053079366684],[565518.170384046039544,5447881.904772909358144],[565516.919337811181322,5447889.050066105090082],[565517.227781889028847,5447900.516639336943626],[565519.211593821644783,5447915.138453681953251],[565523.175805411185138,5447936.6882195007056],[565528.367859647376463,5447961.021016368642449],[565531.254154309164733,5447967.770719827152789],[565537.004217741428874,5447975.1881831465289],[565561.788596931379288,5447998.23058935906738],[565567.23157039610669,5448001.430620381608605],[565573.689029084518552,5448002.674784690141678],[565579.623441351344809,5448001.933690819889307],[565588.197586759924889,5447998.633432717062533],[565604.032875161268748,5447989.059887959621847],[565628.45642711489927,5447974.396320519037545],[565641.556034016073681,5447968.103578000329435],[565654.566103452234529,5447961.987692523747683],[565695.527872779290192,5447946.709618269465864],[565705.07939032104332,5447944.58859375026077],[565710.171848544152454,5447945.394167116843164],[565712.869080075994134,5447947.80559896491468],[565714.66834970144555,5447950.951259390451014],[565716.242642733617686,5447955.850924829952419],[565716.94643137883395,5447965.298705951310694],[565716.830036321887746,5447975.070265216752887],[565715.294065978610888,5447990.206150645390153],[565712.249108575866558,5448012.095080384984612],[565710.198872416047379,5448036.753187096677721],[565709.247024953132495,5448056.087614726275206],[565708.954351500840858,5448073.928929518908262],[565709.758880634442903,5448089.604134982451797],[565709.083996335510164,5448097.312166566960514],[565707.19211235945113,5448104.394199135713279],[565704.436337697785348,5448110.576482899487019],[565699.880452349316329,5448116.748448262922466],[565695.55257813888602,5448120.299223968759179],[565688.649750707554631,5448124.030589072033763],[565664.591368783963844,5448133.772842677310109],[565646.533725187648088,5448142.708260069601238],[565620.724820845294744,5448158.0890630222857],[565599.644864407368004,5448173.581805864349008],[565571.099098428850994,5448196.045973667874932],[565558.928931994712912,5448206.975111034698784],[565550.749562777811661,5448217.562554568052292],[565548.4818886811845,5448224.395571016706526],[565545.654269141727127,5448230.510367169044912],[565542.89382014493458,5448232.812402326613665],[565534.427450463292189,5448234.435148305259645],[565515.012107852962799,5448236.228058785200119],[565490.995052816579118,5448237.032472350634634],[565473.152954229037277,5448238.299412704072893],[565472.82046215957962,5448215.958904423750937],[565472.968230545055121,5448203.508219711482525],[565475.377330545103177,5448191.506867224350572],[565475.411437747185118,5448171.438833970576525],[565476.5347061350476,5448154.785912036895752],[565477.942044506315142,5448140.604613204486668],[565478.77508739347104,5448122.614057940430939],[565478.655048553249799,5448117.375938734970987],[565476.855571434367448,5448114.241471857763827],[565474.08627161604818,5448112.374093947000802],[565464.646568327909335,5448109.404680910520256],[565451.056007850100286,5448107.364442775025964],[565438.336559194838628,5448104.389520213007927],[565425.291559787816368,5448099.365009441040456],[565390.40485893341247,5448084.353136452846229],[565367.777462625293992,5448075.468345748260617],[565356.623116659815423,5448068.954321590252221],[565345.949289401411079,5448067.404747565276921],[565328.797977958689444,5448067.535168440081179],[565319.611666980548762,5448067.159557332284749],[565313.299801487359218,5448065.317028542049229],[565302.337315481388941,5448059.828265331685543],[565291.042032834258862,5448053.512836188077927],[565285.480751803843305,5448051.679222796112299]]}},
{"type":"Feature","properties":{"osm_id":1346293506,"name":null,"ref":null,"highway":"track","road_group":"other","bridge":null,"surface":null,"access":null,"length_in_aoi_m":7.4456381505677367,"flood_intersection_m":0.0,"distance_to_gain_m":220.05243309926905,"direct_intersection":false,"within_50m":false,"within_100m":false,"within_250m":true,"source_observation_id":"OBS01","source_observation_utc":"OBS01 — 12 Dec 2025 14:08:24 UTC","claim_boundary":"potential exposure only; no damage inference"},"geometry":{"type":"LineString","coordinates":[[565710.171848544152454,5447945.394167116843164],[565710.508635050384328,5447941.595735569484532],[565710.004829731304199,5447937.998539154417813]]}},
{"type":"Feature","properties":{"osm_id":1346293507,"name":null,"ref":null,"highway":"track","road_group":"other","bridge":null,"surface":null,"access":null,"length_in_aoi_m":25.251433792839482,"flood_intersection_m":0.0,"distance_to_gain_m":134.91569478805943,"direct_intersection":false,"within_50m":false,"within_100m":false,"within_250m":true,"source_observation_id":"OBS01","source_observation_utc":"OBS01 — 12 Dec 2025 14:08:24 UTC","claim_boundary":"potential exposure only; no damage inference"},"geometry":{"type":"LineString","coordinates":[[565356.623116659815423,5448068.954321590252221],[565355.903939426876605,5448063.831410813145339],[565356.54742792993784,5448059.34726454038173],[565358.814441062975675,5448053.170142936520278],[565361.982297067530453,5448044.780046738684177]]}},
{"type":"Feature","properties":{"osm_id":1346293508,"name":null,"ref":null,"highway":"track","road_group":"other","bridge":null,"surface":null,"access":null,"length_in_aoi_m":185.51149688973879,"flood_intersection_m":0.0,"distance_to_gain_m":54.232595744868945,"direct_intersection":false,"within_50m":false,"within_100m":true,"within_250m":true,"source_observation_id":"OBS01","source_observation_utc":"OBS01 — 12 Dec 2025 14:08:24 UTC","claim_boundary":"potential exposure only; no damage inference"},"geometry":{"type":"LineString","coordinates":[[566286.912712869350798,5447667.209774208255112],[566284.345854677259922,5447678.830887234769762],[566284.136869981419295,5447688.946005215868354],[566287.432561614317819,5447706.452406270429492],[566293.06249932339415,5447723.808963556773961],[566297.872396314400248,5447734.796020967885852],[566307.251582494704053,5447746.46061731223017],[566314.415059474529698,5447755.685933515429497],[566317.489127264241688,5447761.904643299989402],[566318.761278732563369,5447767.645846475847065],[566318.163852582802065,5447772.475115611217916],[566316.583637693664059,5447777.20362582989037],[566312.00708087219391,5447784.408853756263852],[566305.280955281341448,5447790.95451055187732],[566296.834402568405494,5447798.735867399722338],[566278.954885059269145,5447821.180099639110267],[566275.275877001928166,5447828.307192818261683]]}},
{"type":"Feature","properties":{"osm_id":1346296723,"name":null,"ref":null,"highway":"track","road_group":"other","bridge":null,"surface":null,"access":null,"length_in_aoi_m":58.857448559629844,"flood_intersection_m":0.0,"distance_to_gain_m":84.167537951879282,"direct_intersection":false,"within_50m":false,"within_100m":true,"within_250m":true,"source_observation_id":"OBS01","source_observation_utc":"OBS01 — 12 Dec 2025 14:08:24 UTC","claim_boundary":"potential exposure only; no damage inference"},"geometry":{"type":"LineString","coordinates":[[566634.144575720885769,5448244.440199913457036],[566641.946751621551812,5448246.546859226189554],[566657.632185479276814,5448248.270692078396678],[566671.346599743701518,5448250.860212244093418],[566678.904781655990519,5448253.253051293082535],[566691.188417240628041,5448257.837739939801395]]}},
{"type":"Feature","properties":{"osm_id":1346296725,"name":null,"ref":null,"highway":"track","road_group":"other","bridge":null,"surface":null,"access":null,"length_in_aoi_m":227.41201917839737,"flood_intersection_m":0.0,"distance_to_gain_m":113.88104829979424,"direct_intersection":false,"within_50m":false,"within_100m":false,"within_250m":true,"source_observation_id":"OBS01","source_observation_utc":"OBS01 — 12 Dec 2025 14:08:24 UTC","claim_boundary":"potential exposure only; no damage inference"},"geometry":{"type":"LineString","coordinates":[[566410.037553245900199,5448293.437827406451106],[566410.515328285400756,5448296.734592786990106],[566413.108919620281085,5448299.845582768321037],[566420.5254394300282,5448304.926987879909575],[566430.052195180440322,5448310.889923073351383],[566435.281225132290274,5448314.844296212308109],[566437.607503545004874,5448318.363455754704773],[566438.783847292885184,5448324.170252923853695],[566439.069018397131003,5448330.144209865480661],[566437.668877883115783,5448339.28881895262748],[566433.772792159579694,5448354.162644186988473],[566430.099304726463743,5448376.577354453504086],[566430.2027241603937,5448381.303873881697655],[566431.696705015841872,5448385.546816229820251],[566443.206134772626683,5448398.126802854239941],[566454.719206277164631,5448409.795158655382693],[566461.338927644770592,5448417.479823448695242],[566465.268392597092316,5448425.243264073505998],[566468.064694441040047,5448432.692859681323171],[566469.920808509923518,5448441.354140114039183],[566473.523159144446254,5448450.859218128956854],[566485.017669066088274,5448473.123153895139694],[566493.73667597968597,5448486.814806884154677]]}},
{"type":"Feature","properties":{"osm_id":1353309035,"name":"Nicomen Island Dyke","ref":null,"highway":"track","road_group":"other","bridge":null,"surface":null,"access":"yes","length_in_aoi_m":1120.4668098026268,"flood_intersection_m":0.0,"distance_to_gain_m":1.8840398498535984,"direct_intersection":false,"within_50m":true,"within_100m":true,"within_250m":true,"source_observation_id":"OBS01","source_observation_utc":"OBS01 — 12 Dec 2025 14:08:24 UTC","claim_boundary":"potential exposure only; no damage inference"},"geometry":{"type":"LineString","coordinates":[[568769.812101513729431,5448959.768431445583701],[568778.550277238246053,5448956.219438727013767],[568786.102180945104919,5448952.544480552896857],[568808.126101812697016,5448939.010143890976906],[568831.353761846316047,5448924.212298924103379],[568854.69257802516222,5448909.860673287883401],[568872.920412784209475,5448899.214459089562297],[568902.142029930953868,5448881.823339218273759],[568924.24479036941193,5448869.024255126714706],[568951.312344537116587,5448853.163049102760851],[568976.704951839405112,5448839.549181520007551],[568999.148323258734308,5448828.678135549649596],[569014.911411025328562,5448821.692859279923141],[569034.530579173588194,5448814.055429686792195],[569061.086141207953915,5448804.792679751291871],[569081.113853053306229,5448798.29460687097162],[569099.171920406399295,5448794.284691478125751],[569114.754114393377677,5448791.867098192684352],[569127.452789821662009,5448791.003342100419104],[569140.601603213348426,5448790.856836404651403],[569156.720436590141617,5448791.559244703501463],[569168.250738717848435,5448792.626656032167375],[569186.451389043242671,5448795.267626526765525],[569207.069091533077881,5448798.683918896131217],[569236.954929012805223,5448804.562609868124127],[569265.16972154029645,5448810.609491999261081],[569299.56976675032638,5448817.968374843709171],[569339.216896361671388,5448827.061199492774904],[569373.907960525830276,5448835.602762245573103],[569411.395387064898387,5448844.302038978785276],[569449.430172395659611,5448853.508794616907835],[569482.624378540785983,5448860.52009413484484],[569497.417701133526862,5448862.874569952487946],[569507.955724739935249,5448863.440981945954263],[569521.983393142232671,5448862.939555987715721],[569536.330410142778419,5448861.385940504260361],[569549.262045107781887,5448859.380895374342799],[569559.092745035653934,5448857.092166360467672],[569570.306212806724943,5448853.219841353595257],[569583.029971062554978,5448848.054616688750684],[569598.756934778997675,5448840.525734113529325],[569621.481146375415847,5448828.871327610686421],[569636.084693819982931,5448821.439553266391158],[569649.024416349828243,5448814.765097043476999],[569660.086002197349444,5448810.813204506412148],[569672.991796514135785,5448806.829037317074835],[569683.438769884523936,5448804.804035768844187],[569694.80441572109703,5448802.746188268996775],[569711.472295972867869,5448800.366230578161776],[569728.520518235396594,5448797.30178780388087],[569742.99103513918817,5448793.493222279474139],[569752.203591183526441,5448790.541028950363398],[569760.514899639994837,5448786.821397818624973],[569770.256992506794631,5448781.18526835180819],[569780.32269449159503,5448774.741603365167975],[569791.115445322124287,5448767.284258898347616],[569801.235972926951945,5448761.119285948574543],[569809.523819466121495,5448754.653174332343042],[569811.665805348660797,5448751.822844508104026],[569812.442043621907942,5448750.376153053715825],[569810.982481245649979,5448747.655897441320121]]}},
{"type":"Feature","properties":{"osm_id":1353309036,"name":null,"ref":null,"highway":"track","road_group":"other","bridge":null,"surface":null,"access":"yes","length_in_aoi_m":7.7471356004073026,"flood_intersection_m":0.0,"distance_to_gain_m":20.231568554416299,"direct_intersection":false,"within_50m":true,"within_100m":true,"within_250m":true,"source_observation_id":"OBS01","source_observation_utc":"OBS01 — 12 Dec 2025 14:08:24 UTC","claim_boundary":"potential exposure only; no damage inference"},"geometry":{"type":"LineString","coordinates":[[568763.802619842113927,5448954.879235187545419],[568769.812101513729431,5448959.768431445583701]]}},
{"type":"Feature","properties":{"osm_id":1353309037,"name":"Nicomen Island Dyke","ref":null,"highway":"track","road_group":"other","bridge":null,"surface":null,"access":"yes","length_in_aoi_m":241.48158403058494,"flood_intersection_m":0.0,"distance_to_gain_m":7.8179803330507873,"direct_intersection":false,"within_50m":true,"within_100m":true,"within_250m":true,"source_observation_id":"OBS01","source_observation_utc":"OBS01 — 12 Dec 2025 14:08:24 UTC","claim_boundary":"potential exposure only; no damage inference"},"geometry":{"type":"LineString","coordinates":[[568554.122516588075086,5449063.219440639950335],[568560.111409673234448,5449062.148691997863352],[568566.735722514917143,5449060.963547229766846],[568585.874474944546819,5449056.67633421998471],[568596.589750054175965,5449054.096709669567645],[568607.29742076236289,5449050.371816210448742],[568617.024330663844012,5449046.990529756061733],[568627.149272231152281,5449043.247305897064507],[568640.480758224148303,5449037.15355147048831],[568655.972459238953888,5449029.052052653394639],[568677.516419357154518,5449016.55636131670326],[568699.058453585021198,5449003.638229043222964],[568725.8321857242845,5448987.271953829564154],[568747.391319603193551,5448974.754481503739953],[568759.300259854295291,5448968.220777521841228],[568765.510405188077129,5448964.028736125677824],[568769.812101513729431,5448959.768431445583701]]}},
{"type":"Feature","properties":{"osm_id":1353309039,"name":"Nicomen Island Dyke","ref":null,"highway":"track","road_group":"other","bridge":null,"surface":null,"access":"yes","length_in_aoi_m":51.142884514865649,"flood_intersection_m":0.0,"distance_to_gain_m":19.249063959864525,"direct_intersection":false,"within_50m":true,"within_100m":true,"within_250m":true,"source_observation_id":"OBS01","source_observation_utc":"OBS01 — 12 Dec 2025 14:08:24 UTC","claim_boundary":"potential exposure only; no damage inference"},"geometry":{"type":"LineString","coordinates":[[567918.68945586506743,5448495.392321322113276],[567928.804456931422465,5448499.597311170771718],[567933.256363644264638,5448502.642974648624659],[567936.532777764718048,5448506.4524494279176],[567938.592413155594841,5448510.235821459442377],[567938.90585449966602,5448514.964984332211316],[567938.826441952143796,5448521.412654283456504],[567939.536278640502132,5448526.502486994490027],[567941.020027650520205,5448531.479550073854625],[567942.930733838467859,5448534.927539018914104]]}},
{"type":"Feature","properties":{"osm_id":1353309040,"name":"Nicomen Island Dyke","ref":null,"highway":"track","road_group":"other","bridge":null,"surface":null,"access":null,"length_in_aoi_m":888.74168687289466,"flood_intersection_m":0.0,"distance_to_gain_m":5.8346261003173234,"direct_intersection":false,"within_50m":true,"within_100m":true,"within_250m":true,"source_observation_id":"OBS01","source_observation_utc":"OBS01 — 12 Dec 2025 14:08:24 UTC","claim_boundary":"potential exposure only; no damage inference"},"geometry":{"type":"LineString","coordinates":[[567942.930733838467859,5448534.927539018914104],[567950.286600912339054,5448545.980850696563721],[567956.95377803244628,5448557.325884096324444],[567963.416485367692076,5448568.70176212862134],[567970.932296170271002,5448582.736795269884169],[567975.962161315837875,5448593.283393189311028],[567980.931956821237691,5448604.563067857176065],[567986.032008235575631,5448617.690001267008483],[567993.882160895504057,5448637.699751378968358],[568003.394992057583295,5448661.165587442927063],[568013.95381529070437,5448687.268274404108524],[568023.250571268959902,5448709.330571769736707],[568032.902451674104668,5448733.910018246620893],[568041.521104043233208,5448755.396950637921691],[568051.589520405977964,5448779.870389871299267],[568061.096170001197606,5448802.024297503754497],[568066.173363413545303,5448812.838414262980223],[568071.84720448567532,5448823.726610188372433],[568076.551301914267242,5448831.700948666781187],[568086.326632774551399,5448846.242137826047838],[568094.303747657220811,5448857.68135579302907],[568102.576540892012417,5448868.779567568562925],[568110.979621462640353,5448879.356838077306747],[568121.607793447910808,5448891.507057913579047],[568132.501103355665691,5448902.837815059348941],[568146.489443408325315,5448916.108077237382531],[568159.28342715871986,5448927.540202987380326],[568176.539902328280732,5448941.117774506099522],[568195.877295012702234,5448957.311713793314993],[568218.58330702688545,5448975.70435453671962],[568234.225654600304551,5448987.783404441550374],[568247.654995296383277,5448997.311243061907589],[568259.814168256823905,5449004.655310694128275],[568272.787715933285654,5449012.142907529138029],[568287.397188038565218,5449019.928750437684357],[568298.686614182544872,5449025.70556371845305],[568308.642674213275313,5449029.698063034564257],[568324.944415796897374,5449035.581487064249814],[568344.766841280390508,5449042.564834268763661],[568379.150863254559226,5449054.120537713170052],[568408.097974803997204,5449063.363103838637471],[568428.694212571252137,5449069.633660176768899],[568442.840771365561523,5449073.0001788623631],[568456.423160481499508,5449075.436904970556498],[568465.755727455834858,5449076.219856690615416],[568477.204203642089851,5449076.206334513612092],[568485.825959849520586,5449075.546222092583776],[568498.641568448510952,5449074.004264716058969],[568511.505320871248841,5449072.107146434485912],[568525.778937381692231,5449069.349222266115248],[568537.360105867497623,5449066.869189735502005],[568554.122516588075086,5449063.219440639950335]]}},
{"type":"Feature","properties":{"osm_id":1353309042,"name":null,"ref":null,"highway":"track","road_group":"other","bridge":null,"surface":null,"access":"yes","length_in_aoi_m":39.108670238492678,"flood_intersection_m":0.0,"distance_to_gain_m":31.878665400668979,"direct_intersection":false,"within_50m":true,"within_100m":true,"within_250m":true,"source_observation_id":"OBS01","source_observation_utc":"OBS01 — 12 Dec 2025 14:08:24 UTC","claim_boundary":"potential exposure only; no damage inference"},"geometry":{"type":"LineString","coordinates":[[568560.111409673234448,5449062.148691997863352],[568571.143206656444818,5449064.587349788285792],[568582.963737837853841,5449066.302023856900632],[568598.725385459605604,5449068.121334599331021]]}},
{"type":"Feature","properties":{"osm_id":1353424876,"name":"Nicomen Island Dyke","ref":null,"highway":"track","road_group":"other","bridge":null,"surface":null,"access":"yes","length_in_aoi_m":697.18224224518713,"flood_intersection_m":0.0,"distance_to_gain_m":12.075164469693634,"direct_intersection":false,"within_50m":true,"within_100m":true,"within_250m":true,"source_observation_id":"OBS01","source_observation_utc":"OBS01 — 12 Dec 2025 14:08:24 UTC","claim_boundary":"potential exposure only; no damage inference"},"geometry":{"type":"LineString","coordinates":[[567562.023627027636394,5447892.367728120647371],[567558.305639998870902,5447896.59163904748857],[567559.055748295621015,5447899.024620433337986],[567561.262051866273396,5447903.965940010733902],[567570.169122785911895,5447917.639384909532964],[567602.89165684231557,5447966.149275560863316],[567637.45536602975335,5448016.627657483331859],[567671.962995782028884,5448066.872100458480418],[567697.467407452990301,5448104.153487315401435],[567735.560657258029096,5448160.268371744081378],[567753.97511477698572,5448189.035289803519845],[567770.790982273989357,5448214.424895603209734],[567784.34500351769384,5448237.75093733612448],[567802.309955843258649,5448271.026557387784123],[567820.119605507235974,5448304.467108274810016],[567837.514898265246302,5448337.80256237462163],[567844.539761165389791,5448350.919662325643003],[567853.889078371692449,5448368.812900024466217],[567869.509442170383409,5448397.101138902828097],[567883.826216793386266,5448422.927346404641867],[567890.99409138597548,5448433.288919829763472],[567898.622110689524561,5448441.199010580778122],[567902.473710128688253,5448445.06001681741327],[567903.769629133865237,5448446.354580123908818],[567906.520204365137033,5448450.257627820596099],[567910.701341537991539,5448458.725696377456188],[567914.03033142676577,5448470.107404800131917],[567915.430432749679312,5448478.329990098252892],[567921.937286817585118,5448479.032734774984419]]}},
{"type":"Feature","properties":{"osm_id":1353424877,"name":null,"ref":null,"highway":"path","road_group":"other","bridge":null,"surface":null,"access":null,"length_in_aoi_m":14.40450560642774,"flood_intersection_m":0.0,"distance_to_gain_m":37.873018883228021,"direct_intersection":false,"within_50m":true,"within_100m":true,"within_250m":true,"source_observation_id":"OBS01","source_observation_utc":"OBS01 — 12 Dec 2025 14:08:24 UTC","claim_boundary":"potential exposure only; no damage inference"},"geometry":{"type":"LineString","coordinates":[[567902.473710128688253,5448445.06001681741327],[567900.002159991650842,5448446.908595714718103],[567898.865461245644838,5448448.073149740695953],[567898.63771889754571,5448449.404549160972238],[567898.449421845376492,5448450.491830292157829],[567897.660993532743305,5448451.782973293215036],[567896.467095158062875,5448452.857876888476312],[567895.79375397937838,5448454.272738613188267],[567894.202290860121138,5448456.265572822652757]]}},
{"type":"Feature","properties":{"osm_id":1353424878,"name":"Nicomen Island Dyke","ref":null,"highway":"track","road_group":"other","bridge":null,"surface":null,"access":"yes","length_in_aoi_m":1108.9477958960974,"flood_intersection_m":0.0,"distance_to_gain_m":29.052957746200264,"direct_intersection":false,"within_50m":true,"within_100m":true,"within_250m":true,"source_observation_id":"OBS01","source_observation_utc":"OBS01 — 12 Dec 2025 14:08:24 UTC","claim_boundary":"potential exposure only; no damage inference"},"geometry":{"type":"LineString","coordinates":[[567471.369503611000255,5447808.604707122780383],[567468.681311944150366,5447810.873327372595668],[567464.707959771854803,5447810.947042253799736],[567452.994155310676433,5447809.20278206653893],[567424.812848370056599,5447802.242916614748538],[567398.897807458415627,5447794.132338234223425],[567383.220166992512532,5447786.902948133647442],[567372.74746237997897,5447780.215246303938329],[567361.733506485586986,5447770.096514102071524],[567346.555892298580147,5447752.944676329381764],[567330.922586896107532,5447733.107807083055377],[567300.824690494453534,5447695.594300992786884],[567283.917722176993266,5447674.974874469451606],[567261.001652989070863,5447646.210351385176182],[567232.515006262692623,5447610.384631491266191],[567211.618139227852225,5447585.158317952416837],[567206.059221826726571,5447577.752522482536733],[567197.323005081503652,5447568.484634895808995],[567184.966617570375092,5447554.213915265165269],[567163.760874398518354,5447530.373821903020144],[567141.362098641693592,5447506.919556880369782],[567119.421451315633021,5447484.738447060808539],[567095.168003365397453,5447459.716375287622213],[567078.416996160638519,5447441.734551728703082],[567058.659101692843251,5447418.646293845027685],[567045.747581409988925,5447402.012078030966222],[567029.573797044693492,5447379.690169848501682],[567008.739230940584093,5447349.784625239670277],[566985.494788255193271,5447318.415651141665876],[566967.623906253254972,5447295.339529610238969],[566944.867391329840757,5447270.580926867201924],[566934.487738636205904,5447259.70362648088485],[566918.893400463974103,5447242.425680744461715],[566896.894110971246846,5447220.711763081140816],[566867.058434118749574,5447192.96581116411835],[566850.482401547254995,5447179.667639256455004],[566827.279902289388701,5447164.565935583785176],[566803.779630407807417,5447148.760275806300342],[566767.06692583754193,5447125.390072759240866],[566726.969817381585017,5447102.757477914914489],[566685.54280783503782,5447081.565606269985437],[566673.136125643854029,5447074.878152759745717]]}},
{"type":"Feature","properties":{"osm_id":1353424879,"name":null,"ref":null,"highway":"track","road_group":"other","bridge":null,"surface":null,"access":"yes","length_in_aoi_m":10.036461954531799,"flood_intersection_m":0.0,"distance_to_gain_m":167.62441301497387,"direct_intersection":false,"within_50m":false,"within_100m":false,"within_250m":true,"source_observation_id":"OBS01","source_observation_utc":"OBS01 — 12 Dec 2025 14:08:24 UTC","claim_boundary":"potential exposure only; no damage inference"},"geometry":{"type":"LineString","coordinates":[[567206.059221826726571,5447577.752522482536733],[567213.416989681078121,5447570.92655582819134]]}},
{"type":"Feature","properties":{"osm_id":1353424880,"name":null,"ref":null,"highway":"service","road_group":"service","bridge":null,"surface":"asphalt","access":null,"length_in_aoi_m":103.44857008358083,"flood_intersection_m":0.0,"distance_to_gain_m":196.70921380071866,"direct_intersection":false,"within_50m":false,"within_100m":false,"within_250m":true,"source_observation_id":"OBS01","source_observation_utc":"OBS01 — 12 Dec 2025 14:08:24 UTC","claim_boundary":"potential exposure only; no damage inference"},"geometry":{"type":"LineString","coordinates":[[567059.53170719940681,5447271.861984314396977],[567075.011454126448371,5447290.728863200172782],[567075.992132620769553,5447292.808787321671844],[567076.087263284949586,5447294.577753324061632],[567075.591891394229606,5447296.350659879855812],[567074.679049387108535,5447298.28526656050235],[567071.44197761930991,5447301.32568951882422],[567045.518024042365141,5447322.513446375727654],[567043.610736113041639,5447323.502038490958512],[567041.411915651289746,5447323.886701228097081],[567039.466444483608939,5447323.218204349279404],[567037.176128302235156,5447321.533753667026758],[567022.224082430358976,5447303.02917561121285]]}},
{"type":"Feature","properties":{"osm_id":1353549890,"name":null,"ref":null,"highway":"track","road_group":"other","bridge":null,"surface":"unpaved","access":"private","length_in_aoi_m":723.99121127430419,"flood_intersection_m":0.0,"distance_to_gain_m":180.46809181658477,"direct_intersection":false,"within_50m":false,"within_100m":false,"within_250m":true,"source_observation_id":"OBS01","source_observation_utc":"OBS01 — 12 Dec 2025 14:08:24 UTC","claim_boundary":"potential exposure only; no damage inference"},"geometry":{"type":"LineString","coordinates":[[568031.973496764432639,5448139.699980438686907],[568003.441124237491749,5448137.758271981030703],[567975.418413302279077,5448135.267073633149266],[567960.379512839019299,5448133.714233389124274],[567936.772726320894435,5448130.110206151381135],[567928.483027519658208,5448128.551624220795929],[567900.655755853978917,5448094.186905108392239],[567863.657648036256433,5448050.459052273072302],[567829.264787617372349,5448009.387422368861735],[567781.901003847364336,5447950.233878931961954],[567758.700446896837093,5447921.196861715056002],[567733.05337598035112,5447888.371914446353912],[567719.904071673285216,5447872.956140408292413],[567755.659699478419498,5447874.418017742224038],[567869.04322575754486,5447878.691269620321691],[568009.535519050550647,5447885.191071995534003]]}},
{"type":"Feature","properties":{"osm_id":1353549897,"name":null,"ref":null,"highway":"track","road_group":"other","bridge":null,"surface":"unpaved","access":"private","length_in_aoi_m":386.84951853455965,"flood_intersection_m":0.0,"distance_to_gain_m":241.45876807905734,"direct_intersection":false,"within_50m":false,"within_100m":false,"within_250m":true,"source_observation_id":"OBS01","source_observation_utc":"OBS01 — 12 Dec 2025 14:08:24 UTC","claim_boundary":"potential exposure only; no damage inference"},"geometry":{"type":"LineString","coordinates":[[568435.837652455782518,5448010.351874228566885],[568437.615032066358253,5448016.900406047701836],[568438.291797795682214,5448021.100427312776446],[568438.340041259070858,5448025.437190636061132],[568437.608953409246169,5448029.141657557338476],[568435.354338087141514,5448033.449854474514723],[568432.079493682598695,5448037.156123573891819],[568426.857645203592256,5448040.938310743309557],[568421.04774075455498,5448043.946042004972696],[568410.107003374374472,5448047.512783077545464],[568402.318670266191475,5448049.017258210107684],[568391.839873976074159,5448050.59957429766655],[568371.079200963489711,5448053.755587837658823],[568344.777278708992526,5448058.243944223038852],[568336.464577514561825,5448058.541231920942664],[568322.404541106312536,5448057.38867549598217],[568315.329500722000375,5448056.03356759250164],[568305.299875978613272,5448053.12978929746896],[568290.071525922860019,5448047.437676099129021],[568276.452581407153048,5448042.443743348121643],[568252.827713307226077,5448035.569345961324871],[568233.578610058408231,5448031.428694079630077],[568208.524057012633421,5448025.815418103709817],[568187.336249770247377,5448019.894259418360889],[568175.309014806523919,5448016.432349919341505],[568168.789376627188176,5448013.772328774444759],[568156.154605495743454,5448008.157111533917487],[568138.846524956286885,5448000.872041252441704],[568122.404398419661447,5447994.287056934088469],[568107.604055089992471,5447989.912706282921135],[568089.188343440298922,5447984.960094034671783]]}},
{"type":"Feature","properties":{"osm_id":1353549898,"name":null,"ref":null,"highway":"track","road_group":"other","bridge":null,"surface":null,"access":"private","length_in_aoi_m":397.83625629295875,"flood_intersection_m":0.0,"distance_to_gain_m":8.9733717292547226,"direct_intersection":false,"within_50m":true,"within_100m":true,"within_250m":true,"source_observation_id":"OBS01","source_observation_utc":"OBS01 — 12 Dec 2025 14:08:24 UTC","claim_boundary":"potential exposure only; no damage inference"},"geometry":{"type":"LineString","coordinates":[[568105.726830934290774,5447959.536420018412173],[568089.188343440298922,5447984.960094034671783],[568079.188880523666739,5447987.271613150835037],[568071.539433919358999,5447997.606242531910539],[568063.637637697975151,5448005.947583279572427],[568056.355639629880898,5448016.042162302881479],[568052.747993813827634,5448023.113407239317894],[568049.652621391811408,5448032.381288983859122],[568045.275787823484279,5448050.405748763121665],[568041.748957121861167,5448071.020153631456196],[568036.205508069018833,5448112.134174755774438],[568031.973496764432639,5448139.699980438686907],[568028.764115311205387,5448160.585149610415101],[568014.685830623144284,5448252.560500556603074],[568002.096382452989928,5448322.528776676394045],[568000.570421614684165,5448331.026628270745277]]}},
{"type":"Feature","properties":{"osm_id":1353549899,"name":null,"ref":null,"highway":"track","road_group":"other","bridge":null,"surface":"unpaved","access":"private","length_in_aoi_m":96.562446241200362,"flood_intersection_m":0.0,"distance_to_gain_m":155.85405675502136,"direct_intersection":false,"within_50m":false,"within_100m":false,"within_250m":true,"source_observation_id":"OBS01","source_observation_utc":"OBS01 — 12 Dec 2025 14:08:24 UTC","claim_boundary":"potential exposure only; no damage inference"},"geometry":{"type":"LineString","coordinates":[[568391.839873976074159,5448050.59957429766655],[568391.775715741096064,5448063.418259578756988],[568391.35909924772568,5448117.014759539626539],[568390.512372794793919,5448141.809349096380174],[568389.851772876572795,5448143.947005461901426],[568388.642949847271666,5448146.800559951923788]]}},
{"type":"Feature","properties":{"osm_id":1353549900,"name":null,"ref":null,"highway":"track","road_group":"other","bridge":null,"surface":"unpaved","access":"private","length_in_aoi_m":1325.3986113653045,"flood_intersection_m":0.0,"distance_to_gain_m":149.76795319963605,"direct_intersection":false,"within_50m":false,"within_100m":false,"within_250m":true,"source_observation_id":"OBS01","source_observation_utc":"OBS01 — 12 Dec 2025 14:08:24 UTC","claim_boundary":"potential exposure only; no damage inference"},"geometry":{"type":"LineString","coordinates":[[568028.764115311205387,5448160.585149610415101],[568045.923349656630307,5448160.407630695961416],[568071.681666996330023,5448160.33626377210021],[568097.353607889497653,5448158.996457912959158],[568119.213725096546113,5448157.654175873845816],[568142.298131729941815,5448156.327102407813072],[568169.240596478804946,5448155.392466437071562],[568206.841325258486904,5448154.256175375543535],[568235.641546770348214,5448152.800032162107527],[568262.201265573035926,5448150.993882668204606],[568283.673449062858708,5448149.791989187709987],[568308.267660500132479,5448148.973504479974508],[568355.248024173313752,5448147.898777641355991],[568388.642949847271666,5448146.800559951923788],[568412.304967119009234,5448145.926508878357708],[568467.409496814012527,5448143.886124272830784],[568527.839501608395949,5448142.045858735218644],[568584.859514771378599,5448139.541230413131416],[568612.345597797539085,5448138.28196126408875],[568638.988943374948576,5448137.390368431806564],[568675.622029544087127,5448135.555887653492391],[568719.141789590357803,5448133.218153937719762],[568772.978617711225525,5448131.165024478919804],[568775.096872952301055,5448130.213013215921819],[568776.432801079237834,5448128.873224414885044],[568777.742248648661189,5448125.565151100978255],[568778.093261133530177,5448113.194761366583407],[568778.121897267643362,5448083.420076392591],[568778.20639134850353,5448053.256945673376322],[568778.446912688901648,5448037.471835150383413],[568779.06342954817228,5448019.59003746509552],[568778.976610173820518,5447999.075532869435847],[568779.177134115248919,5447978.898162738420069],[568780.046283334027976,5447960.630372649990022],[568782.072301883832552,5447939.019253485836089],[568782.199194758199155,5447936.441370170563459],[568780.875345693202689,5447933.300599716603756],[568778.846832427778281,5447931.140581176616251],[568776.223940373398364,5447929.884861432015896],[568772.615353429457173,5447929.350669276900589],[568764.205936151091009,5447929.201376385055482],[568748.026699769427069,5447929.633493865840137],[568731.406658366438933,5447929.759970908053219],[568715.363401757087559,5447930.394008939154446],[568701.246634729672223,5447930.262677451595664],[568688.870880769216456,5447930.797923696227372],[568597.654273955733515,5447932.342549818567932],[568550.342862818040885,5447932.332657750695944],[568523.059723060345277,5447933.016622296534479],[568511.958789810771123,5447933.612571740522981],[568507.745940949069336,5447934.194005197845399],[568505.044095105258748,5447935.183346528559923],[568501.35176345705986,5447937.283346694894135],[568498.238831010181457,5447940.268894262611866],[568490.48898219037801,5447950.401583219878376],[568474.0108970887959,5447970.810506476089358],[568466.508799003204331,5447980.368147313594818],[568457.872989162569866,5447990.834555030800402],[568448.676549470750615,5447999.492843872867525],[568435.837652455782518,5448010.351874228566885]]}},
{"type":"Feature","properties":{"osm_id":1353550828,"name":null,"ref":null,"highway":"service","road_group":"service","bridge":null,"surface":null,"access":null,"length_in_aoi_m":123.11026886833255,"flood_intersection_m":0.0,"distance_to_gain_m":177.6866404654649,"direct_intersection":false,"within_50m":false,"within_100m":false,"within_250m":true,"source_observation_id":"OBS01","source_observation_utc":"OBS01 — 12 Dec 2025 14:08:24 UTC","claim_boundary":"potential exposure only; no damage inference"},"geometry":{"type":"LineString","coordinates":[[566961.130229483707808,5447269.999962672591209],[566974.078360496205278,5447257.838025415316224],[566981.543298858217895,5447256.0051653906703],[566992.178220329456963,5447256.056435087695718],[567002.957697721547447,5447256.809933112002909],[567013.5453684971435,5447260.752074047923088],[567024.05011891759932,5447272.120250928215683],[567045.762620017281733,5447254.983874088153243],[567056.52941507648211,5447268.178698566742241],[567059.53170719940681,5447271.861984314396977]]}},
{"type":"Feature","properties":{"osm_id":1353550829,"name":null,"ref":null,"highway":"service","road_group":"service","bridge":null,"surface":null,"access":null,"length_in_aoi_m":39.08434080946185,"flood_intersection_m":0.0,"distance_to_gain_m":197.45555539640182,"direct_intersection":false,"within_50m":false,"within_100m":false,"within_250m":true,"source_observation_id":"OBS01","source_observation_utc":"OBS01 — 12 Dec 2025 14:08:24 UTC","claim_boundary":"potential exposure only; no damage inference"},"geometry":{"type":"LineString","coordinates":[[567022.224082430358976,5447303.02917561121285],[567019.373624260420911,5447300.048206912353635],[567014.385078743682243,5447294.850969478487968],[567013.619149769074284,5447280.487946587614715],[567024.05011891759932,5447272.120250928215683]]}},
{"type":"Feature","properties":{"osm_id":1353550842,"name":null,"ref":null,"highway":"service","road_group":"service","bridge":null,"surface":null,"access":null,"length_in_aoi_m":48.951183370352673,"flood_intersection_m":0.0,"distance_to_gain_m":197.51331987471721,"direct_intersection":false,"within_50m":false,"within_100m":false,"within_250m":true,"source_observation_id":"OBS01","source_observation_utc":"OBS01 — 12 Dec 2025 14:08:24 UTC","claim_boundary":"potential exposure only; no damage inference"},"geometry":{"type":"LineString","coordinates":[[567019.373624260420911,5447300.048206912353635],[567056.52941507648211,5447268.178698566742241]]}},
{"type":"Feature","properties":{"osm_id":1353553380,"name":null,"ref":null,"highway":"track","road_group":"other","bridge":null,"surface":"unpaved","access":"private","length_in_aoi_m":233.69642152016419,"flood_intersection_m":0.0,"distance_to_gain_m":187.73403277480975,"direct_intersection":false,"within_50m":false,"within_100m":false,"within_250m":true,"source_observation_id":"OBS01","source_observation_utc":"OBS01 — 12 Dec 2025 14:08:24 UTC","claim_boundary":"potential exposure only; no damage inference"},"geometry":{"type":"LineString","coordinates":[[568027.615417445544153,5446306.521168746054173],[568034.723552993033081,5446307.153571260161698],[568048.41741646558512,5446311.169308034703135],[568064.712645141058601,5446315.895372999832034],[568073.232404104899615,5446317.345751301385462],[568083.744282491970807,5446317.4753961795941],[568103.616073736804537,5446316.553108975291252],[568115.295418345951475,5446316.608271291479468],[568126.91936241928488,5446317.607832385227084],[568139.4328112101648,5446319.19655126426369],[568153.867066593258642,5446321.698480515740812],[568163.874858848052099,5446322.500272371806204],[568171.066431121318601,5446322.277770165354013],[568180.432532492908649,5446320.725699711591005],[568189.448992734076455,5446318.557817653752863],[568198.155284938402474,5446315.530006647109985],[568211.033091759774834,5446309.462859739549458],[568226.676765891956165,5446301.417509677819908],[568252.265967225190252,5446288.603100010193884]]}},
{"type":"Feature","properties":{"osm_id":1353553405,"name":null,"ref":null,"highway":"track","road_group":"other","bridge":null,"surface":"unpaved","access":"private","length_in_aoi_m":997.17093349727395,"flood_intersection_m":13.063655701971614,"distance_to_gain_m":0.0,"direct_intersection":true,"within_50m":true,"within_100m":true,"within_250m":true,"source_observation_id":"OBS01","source_observation_utc":"OBS01 — 12 Dec 2025 14:08:24 UTC","claim_boundary":"potential exposure only; no damage inference"},"geometry":{"type":"LineString","coordinates":[[569859.42791823646985,5447133.294731521047652],[569854.779701712424867,5447135.381746028549969],[569850.099069499759935,5447138.302235394716263],[569846.704466200433671,5447141.561439589597285],[569844.331358259078115,5447145.900942204520106],[569840.334710361203179,5447155.834699341095984],[569836.248790191253647,5447168.791539020836353],[569826.638375233625993,5447200.090574937872589],[569816.937108973972499,5447231.088280061259866],[569811.769384697196074,5447250.046514360234141],[569801.381680785794742,5447286.339046848006546],[569796.309886984527111,5447309.823704655282199],[569790.086655823979527,5447337.896829604171216],[569782.60651876043994,5447373.136564869433641],[569773.072090966044925,5447409.428820918314159],[569756.926896193530411,5447469.308631623163819],[569751.515380890807137,5447485.095088666304946],[569739.831112393760122,5447513.877527783624828],[569725.8278694920009,5447549.090487753041089],[569713.985769623424858,5447582.885391354560852],[569707.764779856661335,5447599.295411647297442],[569704.665077948593535,5447605.204606997780502],[569701.20929107896518,5447609.297003445215523],[569696.175334461615421,5447614.258940788917243],[569689.09987884038128,5447619.261808273382485],[569673.363259400939569,5447630.737414317205548],[569666.615787480142899,5447636.900766925886273],[569660.821813301066868,5447642.598073466680944],[569653.15954634686932,5447650.784563177265227],[569642.080236177309416,5447665.776878230273724],[569625.584219358745031,5447688.928488029167056],[569617.21356709941756,5447699.541020050644875],[569604.912039241055027,5447713.784169882535934],[569591.737843408249319,5447727.871799672953784],[569586.949770685867406,5447734.73818361479789],[569582.787212008377537,5447741.134368162602186],[569579.93325207545422,5447751.271727675572038],[569578.466092944610864,5447765.306904350407422],[569576.708512353128754,5447790.234467947855592],[569574.33271975023672,5447821.992063792422414],[569571.353170419926755,5447858.85652077011764],[569568.617654327419586,5447894.289781778119504],[569565.549301152350381,5447936.467729124240577],[569562.205593213904649,5447980.254379069432616],[569560.265373329166323,5448003.489650724455714],[569558.038301448570564,5448016.525715343654156],[569554.505927464691922,5448029.033876951783895],[569548.925214250106364,5448050.811217661015689]]}},
{"type":"Feature","properties":{"osm_id":1353555845,"name":null,"ref":null,"highway":"track","road_group":"other","bridge":null,"surface":null,"access":null,"length_in_aoi_m":54.66487396086265,"flood_intersection_m":0.0,"distance_to_gain_m":37.648752256948356,"direct_intersection":false,"within_50m":true,"within_100m":true,"within_250m":true,"source_observation_id":"OBS01","source_observation_utc":"OBS01 — 12 Dec 2025 14:08:24 UTC","claim_boundary":"potential exposure only; no damage inference"},"geometry":{"type":"LineString","coordinates":[[567879.984855251968838,5446051.906646753661335],[567877.527486819191836,5446054.889493544586003],[567870.558213207987137,5446057.761276356875896],[567849.791896986076608,5446063.765612870454788],[567829.255956856766716,5446070.606730461120605]]}},
{"type":"Feature","properties":{"osm_id":1353806084,"name":null,"ref":null,"highway":"track","road_group":"other","bridge":null,"surface":null,"access":null,"length_in_aoi_m":49.754663772271414,"flood_intersection_m":0.0,"distance_to_gain_m":105.97204589346276,"direct_intersection":false,"within_50m":false,"within_100m":false,"within_250m":true,"source_observation_id":"OBS01","source_observation_utc":"OBS01 — 12 Dec 2025 14:08:24 UTC","claim_boundary":"potential exposure only; no damage inference"},"geometry":{"type":"LineString","coordinates":[[567506.78951418644283,5448325.362191033549607],[567513.833645242033526,5448325.05925559066236],[567519.908845496480353,5448323.532570789568126],[567531.15618280286435,5448319.234030389226973],[567542.462233043159358,5448313.713214263319969],[567545.224795763962902,5448311.901395162567496],[567546.716464451747015,5448309.718228884972632],[567547.666979083209299,5448307.684093408286572],[567548.64261361269746,5448304.193763392977417]]}},
{"type":"Feature","properties":{"osm_id":1365592051,"name":null,"ref":null,"highway":"service","road_group":"service","bridge":null,"surface":"asphalt","access":null,"length_in_aoi_m":71.6695735257655,"flood_intersection_m":0.0,"distance_to_gain_m":137.74593660421669,"direct_intersection":false,"within_50m":false,"within_100m":false,"within_250m":true,"source_observation_id":"OBS01","source_observation_utc":"OBS01 — 12 Dec 2025 14:08:24 UTC","claim_boundary":"potential exposure only; no damage inference"},"geometry":{"type":"LineString","coordinates":[[567444.934367588488385,5447699.344159903004766],[567457.337858861661516,5447701.930703992024064],[567464.688550584949553,5447702.254063395783305],[567466.965571123058908,5447701.425794877111912],[567469.808220358449034,5447699.047878582030535],[567471.814493485610001,5447695.325537052005529],[567472.574224693002179,5447690.420528440736234],[567471.876285760197788,5447677.158951810561121],[567469.281011473736726,5447671.823775717057288],[567466.659581273794174,5447669.223388658836484],[567464.244095659349114,5447668.259914501570165],[567453.611600805539638,5447666.284278178587556]]}},
{"type":"Feature","properties":{"osm_id":1394094237,"name":null,"ref":null,"highway":"path","road_group":"other","bridge":null,"surface":null,"access":null,"length_in_aoi_m":668.69745915380599,"flood_intersection_m":36.425598250125006,"distance_to_gain_m":0.0,"direct_intersection":true,"within_50m":true,"within_100m":true,"within_250m":true,"source_observation_id":"OBS01","source_observation_utc":"OBS01 — 12 Dec 2025 14:08:24 UTC","claim_boundary":"potential exposure only; no damage inference"},"geometry":{"type":"LineString","coordinates":[[567369.181706441682763,5443770.818066542036831],[567347.035923887509853,5443770.859357455745339],[567321.053299536579289,5443777.491572997532785],[567295.958006219938397,5443781.944424040615559],[567263.427488337736577,5443783.605120177380741],[567213.595351595780812,5443788.246411649510264],[567174.553510019439273,5443789.116844369098544],[567136.068678095471114,5443786.169647447764874],[567109.648397737182677,5443785.025882941670716],[567078.965566449449398,5443786.509980980306864],[567024.730448350659572,5443796.358435798436403],[566967.814117680885829,5443806.575172131881118],[566936.688276389613748,5443810.322805743664503],[566899.223967751138844,5443817.073601314797997],[566865.159210360958241,5443816.561119413934648],[566824.396256566396914,5443822.861120006069541],[566803.801940258243121,5443826.725784113630652],[566772.934026892646216,5443826.052401072345674],[566753.09302056801971,5443818.285578262992203],[566737.495230099302717,5443819.131118889898062],[566718.35117096058093,5443822.502182536758482],[566707.980692649260163,5443825.979249380528927]]}},
{"type":"Feature","properties":{"osm_id":1416643899,"name":null,"ref":null,"highway":"track","road_group":"other","bridge":null,"surface":null,"access":null,"length_in_aoi_m":517.12178891834458,"flood_intersection_m":40.000137693378562,"distance_to_gain_m":0.0,"direct_intersection":true,"within_50m":true,"within_100m":true,"within_250m":true,"source_observation_id":"OBS01","source_observation_utc":"OBS01 — 12 Dec 2025 14:08:24 UTC","claim_boundary":"potential exposure only; no damage inference"},"geometry":{"type":"LineString","coordinates":[[565985.21128892514389,5447361.921769043430686],[565981.061312334495597,5447371.867456452921033],[565974.589535614359193,5447389.445864256471395],[565963.469532464514486,5447408.047182338312268],[565959.41469303064514,5447420.406683802604675],[565957.585111464257352,5447435.038674135692418],[565955.525418620090932,5447488.437271715141833],[565950.460005220025778,5447495.703657461330295],[565941.874630519654602,5447499.859342279843986],[565923.611969818593934,5447500.119207493029535],[565822.148911171127111,5447499.852981869131327],[565808.086749540059827,5447506.067128927446902],[565791.332604965660721,5447519.809622685424984],[565777.785855047521181,5447542.106979277916253],[565763.53226504730992,5447564.395943104289472],[565748.535283166915178,5447589.744720637798309],[565736.625250229844823,5447614.185262528248131],[565725.080858289846219,5447648.325297474861145],[565716.602399575174786,5447663.122763046994805],[565701.520132402540185,5447675.473413797095418],[565695.297073959722184,5447680.836138338781893],[565685.372449373360723,5447697.728898323141038]]}},
{"type":"Feature","properties":{"osm_id":1416790973,"name":null,"ref":null,"highway":"service","road_group":"service","bridge":null,"surface":null,"access":"private","length_in_aoi_m":45.688984626279627,"flood_intersection_m":0.0,"distance_to_gain_m":217.35503592723174,"direct_intersection":false,"within_50m":false,"within_100m":false,"within_250m":true,"source_observation_id":"OBS01","source_observation_utc":"OBS01 — 12 Dec 2025 14:08:24 UTC","claim_boundary":"potential exposure only; no damage inference"},"geometry":{"type":"LineString","coordinates":[[567163.283261569915339,5445476.775506630539894],[567163.625324795022607,5445473.23293914925307],[567167.331580000929534,5445470.676348620094359],[567175.281340971472673,5445465.158335116691887],[567178.947268701624125,5445461.12253147456795],[567182.087457407731563,5445456.546656209044158],[567182.773005165508948,5445453.541946114972234],[567182.280399553244933,5445450.27829884365201],[567180.947835531784222,5445447.727119230665267],[567176.576649946859106,5445441.40323094278574]]}},
{"type":"Feature","properties":{"osm_id":1416810127,"name":null,"ref":null,"highway":"service","road_group":"service","bridge":null,"surface":null,"access":"private","length_in_aoi_m":38.019465734459068,"flood_intersection_m":0.0,"distance_to_gain_m":61.544542366505254,"direct_intersection":false,"within_50m":false,"within_100m":true,"within_250m":true,"source_observation_id":"OBS01","source_observation_utc":"OBS01 — 12 Dec 2025 14:08:24 UTC","claim_boundary":"potential exposure only; no damage inference"},"geometry":{"type":"LineString","coordinates":[[566535.878345075296238,5447014.205790441483259],[566533.846205864334479,5446996.52547531761229],[566533.87892627005931,5446987.76467200089246],[566534.949948980938643,5446984.186382673680782],[566538.546159733552486,5446977.347530245780945]]}},
{"type":"Feature","properties":{"osm_id":1416810144,"name":null,"ref":null,"highway":"track","road_group":"other","bridge":null,"surface":null,"access":null,"length_in_aoi_m":165.02959037534299,"flood_intersection_m":0.0,"distance_to_gain_m":151.18505874039298,"direct_intersection":false,"within_50m":false,"within_100m":false,"within_250m":true,"source_observation_id":"OBS01","source_observation_utc":"OBS01 — 12 Dec 2025 14:08:24 UTC","claim_boundary":"potential exposure only; no damage inference"},"geometry":{"type":"LineString","coordinates":[[564749.655613095033914,5445040.518234126269817],[564749.384957336005755,5445037.479802359826863],[564748.446916410699487,5445031.03138785995543],[564748.858290660893545,5445026.422174169681966],[564750.995273453765549,5445021.421822067350149],[564754.072207749588415,5445016.488083474338055],[564759.280326228938065,5445012.646682172082365],[564762.61320059094578,5445011.384943041950464],[564768.250815409817733,5445011.33988032490015],[564783.139015037682839,5445015.95066633168608],[564806.34302676958032,5445024.083472413010895],[564813.360973576782271,5445027.590231494046748],[564819.805935827665962,5445028.966704458929598],[564828.342792306095362,5445029.18921718839556],[564837.17274224339053,5445029.292884574271739],[564850.789182919776067,5445032.276789251714945],[564858.016565316938795,5445036.57545527163893],[564863.968786199926399,5445042.649177500978112],[564871.123535608057864,5445053.128709025681019],[564873.895124048111029,5445054.951293799094856],[564878.918759060325101,5445055.644049162045121]]}},
{"type":"Feature","properties":{"osm_id":1420796734,"name":"Nicomen Island Dyke","ref":null,"highway":"track","road_group":"other","bridge":null,"surface":null,"access":null,"length_in_aoi_m":10.552848859005243,"flood_intersection_m":0.0,"distance_to_gain_m":92.183669569745945,"direct_intersection":false,"within_50m":false,"within_100m":true,"within_250m":true,"source_observation_id":"OBS01","source_observation_utc":"OBS01 — 12 Dec 2025 14:08:24 UTC","claim_boundary":"potential exposure only; no damage inference"},"geometry":{"type":"LineString","coordinates":[[565393.290442977333441,5445228.70652374252677],[565382.937842349754646,5445226.660483838990331]]}},
{"type":"Feature","properties":{"osm_id":1459939232,"name":null,"ref":null,"highway":"path","road_group":"other","bridge":null,"surface":null,"access":"private","length_in_aoi_m":18.394018939442766,"flood_intersection_m":0.0,"distance_to_gain_m":105.39674776327654,"direct_intersection":false,"within_50m":false,"within_100m":false,"within_250m":true,"source_observation_id":"OBS01","source_observation_utc":"OBS01 — 12 Dec 2025 14:08:24 UTC","claim_boundary":"potential exposure only; no damage inference"},"geometry":{"type":"LineString","coordinates":[[565746.4381098379381,5447240.851414212957025],[565743.145604859804735,5447230.8613605722785],[565744.760960549698211,5447223.153427035547793]]}},
{"type":"Feature","properties":{"osm_id":1459939233,"name":null,"ref":null,"highway":"path","road_group":"other","bridge":null,"surface":null,"access":"private","length_in_aoi_m":27.485585037070667,"flood_intersection_m":0.0,"distance_to_gain_m":117.0305920266929,"direct_intersection":false,"within_50m":false,"within_100m":false,"within_250m":true,"source_observation_id":"OBS01","source_observation_utc":"OBS01 — 12 Dec 2025 14:08:24 UTC","claim_boundary":"potential exposure only; no damage inference"},"geometry":{"type":"LineString","coordinates":[[565759.009690819075331,5447249.662320613861084],[565770.206729152239859,5447249.028602981939912],[565779.855948644224554,5447243.095291344448924],[565781.769123712787405,5447238.537380665540695]]}},
{"type":"Feature","properties":{"osm_id":1459939234,"name":null,"ref":null,"highway":"path","road_group":"other","bridge":null,"surface":null,"access":"private","length_in_aoi_m":124.31975862410532,"flood_intersection_m":0.0,"distance_to_gain_m":76.791423798499437,"direct_intersection":false,"within_50m":false,"within_100m":true,"within_250m":true,"source_observation_id":"OBS01","source_observation_utc":"OBS01 — 12 Dec 2025 14:08:24 UTC","claim_boundary":"potential exposure only; no damage inference"},"geometry":{"type":"LineString","coordinates":[[565734.392512052203529,5447284.569380449131131],[565730.796148238820024,5447274.386703648604453],[565727.160583666758612,5447268.106065781787038],[565725.140223967144266,5447256.574621336534619],[565728.040713141439483,5447248.681861495599151],[565738.31893261265941,5447240.120946727693081],[565746.4381098379381,5447240.851414212957025],[565759.009690819075331,5447249.662320613861084],[565765.817992410506122,5447255.791780715808272],[565766.960995363653637,5447266.923646810464561],[565760.512549740378745,5447274.640686691738665],[565749.375239659915678,5447282.501992837525904],[565746.487700619851239,5447286.859295006841421]]}},
{"type":"Feature","properties":{"osm_id":1459939235,"name":null,"ref":null,"highway":"path","road_group":"other","bridge":null,"surface":null,"access":"private","length_in_aoi_m":46.303408365699589,"flood_intersection_m":0.0,"distance_to_gain_m":49.210352587578271,"direct_intersection":false,"within_50m":true,"within_100m":true,"within_250m":true,"source_observation_id":"OBS01","source_observation_utc":"OBS01 — 12 Dec 2025 14:08:24 UTC","claim_boundary":"potential exposure only; no damage inference"},"geometry":{"type":"LineString","coordinates":[[565743.101540492614731,5447316.549135467037559],[565747.854504072107375,5447311.635908747091889],[565750.571999986888841,5447305.030695968307555],[565749.326019096188247,5447295.809944057837129],[565746.487700619851239,5447286.859295006841421],[565744.659334965981543,5447284.302551931701601],[565737.335328857065178,5447283.525967077352107],[565734.392512052203529,5447284.569380449131131]]}},
{"type":"Feature","properties":{"osm_id":1459939236,"name":null,"ref":null,"highway":"path","road_group":"other","bridge":null,"surface":null,"access":"private","length_in_aoi_m":132.1367619303557,"flood_intersection_m":1.2977965838610981,"distance_to_gain_m":0.0,"direct_intersection":true,"within_50m":true,"within_100m":true,"within_250m":true,"source_observation_id":"OBS01","source_observation_utc":"OBS01 — 12 Dec 2025 14:08:24 UTC","claim_boundary":"potential exposure only; no damage inference"},"geometry":{"type":"LineString","coordinates":[[565719.532358780503273,5447382.844427113421261],[565722.157290377421305,5447376.049088440835476],[565725.242610874935053,5447371.605184075422585],[565725.588698493083939,5447367.028589715249836],[565728.191531233489513,5447362.089737318456173],[565734.62221501825843,5447355.239673111587763],[565736.466126566752791,5447348.535101254470646],[565738.886096041882411,5447342.426659613847733],[565742.069773421273567,5447337.683743380941451],[565742.336225122213364,5447331.838721388019621],[565745.067479724995792,5447324.077372555620968],[565743.101540492614731,5447316.549135467037559],[565731.829126282245852,5447319.238882418721914],[565725.314025501022115,5447316.037052921019495],[565720.319773295195773,5447308.772948889061809],[565719.93829013814684,5447299.79598366189748],[565725.343969886191189,5447289.042315788567066],[565734.392512052203529,5447284.569380449131131]]}},
{"type":"Feature","properties":{"osm_id":1465242274,"name":null,"ref":null,"highway":"residential","road_group":"residential","bridge":null,"surface":null,"access":null,"length_in_aoi_m":44.668278936552063,"flood_intersection_m":0.47071738275402653,"distance_to_gain_m":0.0,"direct_intersection":true,"within_50m":true,"within_100m":true,"within_250m":true,"source_observation_id":"OBS01","source_observation_utc":"OBS01 — 12 Dec 2025 14:08:24 UTC","claim_boundary":"potential exposure only; no damage inference"},"geometry":{"type":"LineString","coordinates":[[565985.21128892514389,5447361.921769043430686],[565948.725877587450668,5447387.691322836093605]]}},
{"type":"Feature","properties":{"osm_id":1465242275,"name":null,"ref":null,"highway":"service","road_group":"service","bridge":null,"surface":null,"access":"private","length_in_aoi_m":40.221133051081154,"flood_intersection_m":0.0,"distance_to_gain_m":1.8714445023440112,"direct_intersection":false,"within_50m":true,"within_100m":true,"within_250m":true,"source_observation_id":"OBS01","source_observation_utc":"OBS01 — 12 Dec 2025 14:08:24 UTC","claim_boundary":"potential exposure only; no damage inference"},"geometry":{"type":"LineString","coordinates":[[565948.725877587450668,5447387.691322836093605],[565912.770660559181124,5447405.718022821471095]]}},
{"type":"Feature","properties":{"osm_id":1489869257,"name":null,"ref":null,"highway":"service","road_group":"service","bridge":null,"surface":null,"access":null,"length_in_aoi_m":182.3910104793357,"flood_intersection_m":0.0,"distance_to_gain_m":58.688300917929631,"direct_intersection":false,"within_50m":false,"within_100m":true,"within_250m":true,"source_observation_id":"OBS01","source_observation_utc":"OBS01 — 12 Dec 2025 14:08:24 UTC","claim_boundary":"potential exposure only; no damage inference"},"geometry":{"type":"LineString","coordinates":[[566067.888063672697172,5448509.226761405356228],[566044.409725051140413,5448516.861818697303534],[566037.035193031770177,5448523.488967750221491],[566032.542344642803073,5448531.69606270827353],[566028.453594887396321,5448547.546255164779723],[566026.111575794056989,5448566.030153854750097],[566021.969340421259403,5448574.174744088202715],[566012.370326480013318,5448583.388094979338348],[565997.204269837122411,5448589.488442787900567],[565978.998766873846762,5448588.925981632433832],[565957.802425955771469,5448583.724850398488343],[565944.892722667544149,5448585.193764544092119],[565933.649527266505174,5448588.083531269803643]]}},
{"type":"Feature","properties":{"osm_id":1489869258,"name":null,"ref":null,"highway":"service","road_group":"service","bridge":null,"surface":null,"access":null,"length_in_aoi_m":100.55328655411402,"flood_intersection_m":0.0,"distance_to_gain_m":13.854767460376024,"direct_intersection":false,"within_50m":true,"within_100m":true,"within_250m":true,"source_observation_id":"OBS01","source_observation_utc":"OBS01 — 12 Dec 2025 14:08:24 UTC","claim_boundary":"potential exposure only; no damage inference"},"geometry":{"type":"LineString","coordinates":[[565943.18596358934883,5448622.497410309500992],[565936.740071113337763,5448602.062790878117085],[565933.649527266505174,5448588.083531269803643],[565924.218176840688102,5448572.916660971008241],[565910.619896981981583,5448562.480873693712056],[565898.266061815083958,5448555.239813975989819],[565882.839653812348843,5448553.854767460376024]]}},
{"type":"Feature","properties":{"osm_id":1489869261,"name":null,"ref":null,"highway":"service","road_group":"service","bridge":null,"surface":null,"access":null,"length_in_aoi_m":135.11413014081128,"flood_intersection_m":0.0,"distance_to_gain_m":118.35037445228134,"direct_intersection":false,"within_50m":false,"within_100m":false,"within_250m":true,"source_observation_id":"OBS01","source_observation_utc":"OBS01 — 12 Dec 2025 14:08:24 UTC","claim_boundary":"potential exposure only; no damage inference"},"geometry":{"type":"LineString","coordinates":[[566075.87097930861637,5448488.319951728917658],[566067.888063672697172,5448509.226761405356228],[566069.34191528998781,5448552.738883449696004],[566061.407132506836206,5448579.372192833572626],[566039.649337421986274,5448603.41621458530426],[566032.572281268192455,5448608.94621990993619]]}},
{"type":"Feature","properties":{"osm_id":1489869262,"name":null,"ref":null,"highway":"service","road_group":"service","bridge":null,"surface":null,"access":"private","length_in_aoi_m":63.395558043350469,"flood_intersection_m":0.0,"distance_to_gain_m":50.488277579535932,"direct_intersection":false,"within_50m":false,"within_100m":true,"within_250m":true,"source_observation_id":"OBS01","source_observation_utc":"OBS01 — 12 Dec 2025 14:08:24 UTC","claim_boundary":"potential exposure only; no damage inference"},"geometry":{"type":"LineString","coordinates":[[566404.055653357296251,5448230.325121448375285],[566410.037553245900199,5448293.437827406451106]]}}
]
}
