{
"type": "FeatureCollection",
"name": "flood_gain_zones",
"crs": { "type": "name", "properties": { "name": "urn:ogc:def:crs:EPSG::32610" } },
"features": [
{"type":"Feature","properties":{"zone_id":"Z001","area_ha":0.04,"source_observation_id":"OBS01","source_observation_utc":"OBS01 — 12 Dec 2025 14:08:24 UTC","road_count_direct":0,"bridge_count_direct":0,"nearest_community":"Deroche (Leq'á:mel First Nation)","community_distance_m":2579.0193386403816,"alr_overlap_ha":0.0},"geometry":{"type":"Polygon","coordinates":[[[568120.0,5449240.0],[568120.0,5449220.0],[568140.0,5449220.0],[568140.0,5449240.0],[568120.0,5449240.0]]]}},
{"type":"Feature","properties":{"zone_id":"Z002","area_ha":0.04,"source_observation_id":"OBS01","source_observation_utc":"OBS01 — 12 Dec 2025 14:08:24 UTC","road_count_direct":0,"bridge_count_direct":0,"nearest_community":"Deroche (Leq'á:mel First Nation)","community_distance_m":2215.2772950040953,"alr_overlap_ha":0.0},"geometry":{"type":"Polygon","coordinates":[[[568560.0,5449240.0],[568560.0,5449220.0],[568580.0,5449220.0],[568580.0,5449240.0],[568560.0,5449240.0]]]}},
{"type":"Feature","properties":{"zone_id":"Z003","area_ha":0.2,"source_observation_id":"OBS01","source_observation_utc":"OBS01 — 12 Dec 2025 14:08:24 UTC","road_count_direct":1,"bridge_count_direct":0,"nearest_community":"Deroche (Leq'á:mel First Nation)","community_distance_m":2190.1493942678767,"alr_overlap_ha":0.057762591267959809},"geometry":{"type":"Polygon","coordinates":[[[568620.0,5449180.0],[568620.0,5449160.0],[568640.0,5449160.0],[568640.0,5449140.0],[568620.0,5449140.0],[568620.0,5449120.0],[568660.0,5449120.0],[568660.0,5449180.0],[568620.0,5449180.0]]]}},
{"type":"Feature","properties":{"zone_id":"Z004","area_ha":0.6,"source_observation_id":"OBS01","source_observation_utc":"OBS01 — 12 Dec 2025 14:08:24 UTC","road_count_direct":0,"bridge_count_direct":0,"nearest_community":"Deroche (Leq'á:mel First Nation)","community_distance_m":2233.699473088891,"alr_overlap_ha":0.52178995906090897},"geometry":{"type":"Polygon","coordinates":[[[568520.0,5449160.0],[568520.0,5449140.0],[568500.0,5449140.0],[568500.0,5449120.0],[568480.0,5449120.0],[568480.0,5449100.0],[568600.0,5449100.0],[568600.0,5449120.0],[568580.0,5449120.0],[568580.0,5449140.0],[568620.0,5449140.0],[568620.0,5449160.0],[568520.0,5449160.0]]]}},
{"type":"Feature","properties":{"zone_id":"Z005","area_ha":0.04,"source_observation_id":"OBS01","source_observation_utc":"OBS01 — 12 Dec 2025 14:08:24 UTC","road_count_direct":0,"bridge_count_direct":0,"nearest_community":"Deroche (Leq'á:mel First Nation)","community_distance_m":2169.3444273935002,"alr_overlap_ha":0.0029528012424937787},"geometry":{"type":"Polygon","coordinates":[[[568720.0,5449120.0],[568720.0,5449100.0],[568740.0,5449100.0],[568740.0,5449120.0],[568720.0,5449120.0]]]}},
{"type":"Feature","properties":{"zone_id":"Z006","area_ha":2.72,"source_observation_id":"OBS01","source_observation_utc":"OBS01 — 12 Dec 2025 14:08:24 UTC","road_count_direct":0,"bridge_count_direct":0,"nearest_community":"Deroche (Leq'á:mel First Nation)","community_distance_m":2243.311137161259,"alr_overlap_ha":0.0},"geometry":{"type":"Polygon","coordinates":[[[568360.0,5449240.0],[568360.0,5449200.0],[568340.0,5449200.0],[568340.0,5449180.0],[568300.0,5449180.0],[568300.0,5449160.0],[568280.0,5449160.0],[568280.0,5449140.0],[568260.0,5449140.0],[568260.0,5449120.0],[568240.0,5449120.0],[568240.0,5449080.0],[568300.0,5449080.0],[568300.0,5449100.0],[568380.0,5449100.0],[568380.0,5449120.0],[568440.0,5449120.0],[568440.0,5449140.0],[568460.0,5449140.0],[568460.0,5449160.0],[568520.0,5449160.0],[568520.0,5449180.0],[568540.0,5449180.0],[568540.0,5449200.0],[568560.0,5449200.0],[568560.0,5449220.0],[568540.0,5449220.0],[568540.0,5449240.0],[568360.0,5449240.0]]]}},
{"type":"Feature","properties":{"zone_id":"Z007","area_ha":0.04,"source_observation_id":"OBS01","source_observation_utc":"OBS01 — 12 Dec 2025 14:08:24 UTC","road_count_direct":0,"bridge_count_direct":0,"nearest_community":"Deroche (Leq'á:mel First Nation)","community_distance_m":2242.2420512866142,"alr_overlap_ha":0.035125889510711328},"geometry":{"type":"Polygon","coordinates":[[[568640.0,5449100.0],[568640.0,5449080.0],[568660.0,5449080.0],[568660.0,5449100.0],[568640.0,5449100.0]]]}},
{"type":"Feature","properties":{"zone_id":"Z008","area_ha":0.04,"source_observation_id":"OBS01","source_observation_utc":"OBS01 — 12 Dec 2025 14:08:24 UTC","road_count_direct":0,"bridge_count_direct":0,"nearest_community":"Deroche (Leq'á:mel First Nation)","community_distance_m":2168.2507705487351,"alr_overlap_ha":0.0024920217600020839},"geometry":{"type":"Polygon","coordinates":[[[568740.0,5449100.0],[568740.0,5449080.0],[568760.0,5449080.0],[568760.0,5449100.0],[568740.0,5449100.0]]]}},
{"type":"Feature","properties":{"zone_id":"Z009","area_ha":0.04,"source_observation_id":"OBS01","source_observation_utc":"OBS01 — 12 Dec 2025 14:08:24 UTC","road_count_direct":0,"bridge_count_direct":0,"nearest_community":"Deroche (Leq'á:mel First Nation)","community_distance_m":2240.6484721794163,"alr_overlap_ha":0.022668086327585723},"geometry":{"type":"Polygon","coordinates":[[[568660.0,5449080.0],[568660.0,5449060.0],[568680.0,5449060.0],[568680.0,5449080.0],[568660.0,5449080.0]]]}},
{"type":"Feature","properties":{"zone_id":"Z010","area_ha":0.32,"source_observation_id":"OBS01","source_observation_utc":"OBS01 — 12 Dec 2025 14:08:24 UTC","road_count_direct":0,"bridge_count_direct":0,"nearest_community":"Deroche (Leq'á:mel First Nation)","community_distance_m":2583.871674677433,"alr_overlap_ha":0.0},"geometry":{"type":"Polygon","coordinates":[[[568180.0,5449100.0],[568180.0,5449080.0],[568160.0,5449080.0],[568160.0,5449060.0],[568140.0,5449060.0],[568140.0,5449040.0],[568180.0,5449040.0],[568180.0,5449060.0],[568240.0,5449060.0],[568240.0,5449080.0],[568220.0,5449080.0],[568220.0,5449100.0],[568180.0,5449100.0]]]}},
{"type":"Feature","properties":{"zone_id":"Z011","area_ha":0.08,"source_observation_id":"OBS01","source_observation_utc":"OBS01 — 12 Dec 2025 14:08:24 UTC","road_count_direct":0,"bridge_count_direct":0,"nearest_community":"Deroche (Leq'á:mel First Nation)","community_distance_m":2531.2143692264826,"alr_overlap_ha":0.052167343513746536},"geometry":{"type":"Polygon","coordinates":[[[568280.0,5449060.0],[568280.0,5449040.0],[568320.0,5449040.0],[568320.0,5449060.0],[568280.0,5449060.0]]]}},
{"type":"Feature","properties":{"zone_id":"Z012","area_ha":0.04,"source_observation_id":"OBS01","source_observation_utc":"OBS01 — 12 Dec 2025 14:08:24 UTC","road_count_direct":0,"bridge_count_direct":0,"nearest_community":"Deroche (Leq'á:mel First Nation)","community_distance_m":2688.6015635356257,"alr_overlap_ha":0.0},"geometry":{"type":"Polygon","coordinates":[[[568120.0,5449040.0],[568120.0,5449020.0],[568140.0,5449020.0],[568140.0,5449040.0],[568120.0,5449040.0]]]}},
{"type":"Feature","properties":{"zone_id":"Z013","area_ha":0.04,"source_observation_id":"OBS01","source_observation_utc":"OBS01 — 12 Dec 2025 14:08:24 UTC","road_count_direct":0,"bridge_count_direct":0,"nearest_community":"Deroche (Leq'á:mel First Nation)","community_distance_m":2591.2492648062298,"alr_overlap_ha":0.027816017145319519},"geometry":{"type":"Polygon","coordinates":[[[568240.0,5449040.0],[568240.0,5449020.0],[568260.0,5449020.0],[568260.0,5449040.0],[568240.0,5449040.0]]]}},
{"type":"Feature","properties":{"zone_id":"Z014","area_ha":0.04,"source_observation_id":"OBS01","source_observation_utc":"OBS01 — 12 Dec 2025 14:08:24 UTC","road_count_direct":0,"bridge_count_direct":0,"nearest_community":"Leq' a: mel","community_distance_m":2879.7427584328166,"alr_overlap_ha":0.023144294777891004},"geometry":{"type":"Polygon","coordinates":[[[567900.0,5449020.0],[567900.0,5449000.0],[567920.0,5449000.0],[567920.0,5449020.0],[567900.0,5449020.0]]]}},
{"type":"Feature","properties":{"zone_id":"Z015","area_ha":0.08,"source_observation_id":"OBS01","source_observation_utc":"OBS01 — 12 Dec 2025 14:08:24 UTC","road_count_direct":0,"bridge_count_direct":0,"nearest_community":"Deroche (Leq'á:mel First Nation)","community_distance_m":2716.4627241685625,"alr_overlap_ha":0.0},"geometry":{"type":"Polygon","coordinates":[[[568080.0,5449020.0],[568080.0,5449000.0],[568120.0,5449000.0],[568120.0,5449020.0],[568080.0,5449020.0]]]}},
{"type":"Feature","properties":{"zone_id":"Z016","area_ha":0.04,"source_observation_id":"OBS01","source_observation_utc":"OBS01 — 12 Dec 2025 14:08:24 UTC","road_count_direct":0,"bridge_count_direct":0,"nearest_community":"Deroche (Leq'á:mel First Nation)","community_distance_m":2238.0067144326895,"alr_overlap_ha":0.025016706388188141},"geometry":{"type":"Polygon","coordinates":[[[568720.0,5449020.0],[568720.0,5449000.0],[568740.0,5449000.0],[568740.0,5449020.0],[568720.0,5449020.0]]]}},
{"type":"Feature","properties":{"zone_id":"Z017","area_ha":0.04,"source_observation_id":"OBS01","source_observation_utc":"OBS01 — 12 Dec 2025 14:08:24 UTC","road_count_direct":0,"bridge_count_direct":0,"nearest_community":"Deroche (Leq'á:mel First Nation)","community_distance_m":2760.6935176985749,"alr_overlap_ha":0.0},"geometry":{"type":"Polygon","coordinates":[[[568060.0,5449000.0],[568060.0,5448980.0],[568080.0,5448980.0],[568080.0,5449000.0],[568060.0,5449000.0]]]}},
{"type":"Feature","properties":{"zone_id":"Z018","area_ha":0.04,"source_observation_id":"OBS01","source_observation_utc":"OBS01 — 12 Dec 2025 14:08:24 UTC","road_count_direct":0,"bridge_count_direct":0,"nearest_community":"Deroche (Leq'á:mel First Nation)","community_distance_m":2679.3825195537329,"alr_overlap_ha":0.024286964197128662},"geometry":{"type":"Polygon","coordinates":[[[568160.0,5449000.0],[568160.0,5448980.0],[568180.0,5448980.0],[568180.0,5449000.0],[568160.0,5449000.0]]]}},
{"type":"Feature","properties":{"zone_id":"Z019","area_ha":0.04,"source_observation_id":"OBS01","source_observation_utc":"OBS01 — 12 Dec 2025 14:08:24 UTC","road_count_direct":0,"bridge_count_direct":0,"nearest_community":"Deroche (Leq'á:mel First Nation)","community_distance_m":2223.7496735588716,"alr_overlap_ha":0.025793578900046292},"geometry":{"type":"Polygon","coordinates":[[[568760.0,5449000.0],[568760.0,5448980.0],[568780.0,5448980.0],[568780.0,5449000.0],[568760.0,5449000.0]]]}},
{"type":"Feature","properties":{"zone_id":"Z020","area_ha":0.04,"source_observation_id":"OBS01","source_observation_utc":"OBS01 — 12 Dec 2025 14:08:24 UTC","road_count_direct":0,"bridge_count_direct":0,"nearest_community":"Deroche (Leq'á:mel First Nation)","community_distance_m":2142.6883009172739,"alr_overlap_ha":0.025678950695841481},"geometry":{"type":"Polygon","coordinates":[[[568900.0,5448980.0],[568900.0,5448960.0],[568920.0,5448960.0],[568920.0,5448980.0],[568900.0,5448980.0]]]}},
{"type":"Feature","properties":{"zone_id":"Z021","area_ha":1.36,"source_observation_id":"OBS01","source_observation_utc":"OBS01 — 12 Dec 2025 14:08:24 UTC","road_count_direct":0,"bridge_count_direct":0,"nearest_community":"Deroche (Leq'á:mel First Nation)","community_distance_m":2606.5172382764226,"alr_overlap_ha":0.0},"geometry":{"type":"Polygon","coordinates":[[[568080.0,5449220.0],[568080.0,5449200.0],[568060.0,5449200.0],[568060.0,5449180.0],[568040.0,5449180.0],[568040.0,5449140.0],[568020.0,5449140.0],[568020.0,5449060.0],[568000.0,5449060.0],[568000.0,5449020.0],[567980.0,5449020.0],[567980.0,5449000.0],[567960.0,5449000.0],[567960.0,5448920.0],[567980.0,5448920.0],[567980.0,5448940.0],[568020.0,5448940.0],[568020.0,5448960.0],[568060.0,5448960.0],[568060.0,5448980.0],[568040.0,5448980.0],[568040.0,5449000.0],[568020.0,5449000.0],[568020.0,5449020.0],[568040.0,5449020.0],[568040.0,5449100.0],[568060.0,5449100.0],[568060.0,5449140.0],[568080.0,5449140.0],[568080.0,5449180.0],[568120.0,5449180.0],[568120.0,5449220.0],[568080.0,5449220.0]]]}},
{"type":"Feature","properties":{"zone_id":"Z022","area_ha":0.12,"source_observation_id":"OBS01","source_observation_utc":"OBS01 — 12 Dec 2025 14:08:24 UTC","road_count_direct":0,"bridge_count_direct":0,"nearest_community":"Deroche (Leq'á:mel First Nation)","community_distance_m":1811.0576455707221,"alr_overlap_ha":0.089049763684104111},"geometry":{"type":"Polygon","coordinates":[[[569520.0,5448940.0],[569520.0,5448920.0],[569580.0,5448920.0],[569580.0,5448940.0],[569520.0,5448940.0]]]}},
{"type":"Feature","properties":{"zone_id":"Z023","area_ha":0.04,"source_observation_id":"OBS01","source_observation_utc":"OBS01 — 12 Dec 2025 14:08:24 UTC","road_count_direct":0,"bridge_count_direct":0,"nearest_community":"Deroche (Leq'á:mel First Nation)","community_distance_m":2775.2096391047394,"alr_overlap_ha":0.036251576669304612},"geometry":{"type":"Polygon","coordinates":[[[568100.0,5448920.0],[568100.0,5448900.0],[568120.0,5448900.0],[568120.0,5448920.0],[568100.0,5448920.0]]]}},
{"type":"Feature","properties":{"zone_id":"Z024","area_ha":0.04,"source_observation_id":"OBS01","source_observation_utc":"OBS01 — 12 Dec 2025 14:08:24 UTC","road_count_direct":0,"bridge_count_direct":0,"nearest_community":"Deroche (Leq'á:mel First Nation)","community_distance_m":2803.2088586708869,"alr_overlap_ha":0.032283242364521347},"geometry":{"type":"Polygon","coordinates":[[[568080.0,5448900.0],[568080.0,5448880.0],[568100.0,5448880.0],[568100.0,5448900.0],[568080.0,5448900.0]]]}},
{"type":"Feature","properties":{"zone_id":"Z025","area_ha":0.04,"source_observation_id":"OBS01","source_observation_utc":"OBS01 — 12 Dec 2025 14:08:24 UTC","road_count_direct":0,"bridge_count_direct":0,"nearest_community":"Deroche (Leq'á:mel First Nation)","community_distance_m":1823.5061041053586,"alr_overlap_ha":0.020532456312450421},"geometry":{"type":"Polygon","coordinates":[[[569620.0,5448900.0],[569620.0,5448880.0],[569640.0,5448880.0],[569640.0,5448900.0],[569620.0,5448900.0]]]}},
{"type":"Feature","properties":{"zone_id":"Z026","area_ha":0.16,"source_observation_id":"OBS01","source_observation_utc":"OBS01 — 12 Dec 2025 14:08:24 UTC","road_count_direct":0,"bridge_count_direct":0,"nearest_community":"Leq' a: mel","community_distance_m":2746.1552433842612,"alr_overlap_ha":0.098518373407802909},"geometry":{"type":"Polygon","coordinates":[[[567880.0,5448940.0],[567880.0,5448860.0],[567900.0,5448860.0],[567900.0,5448940.0],[567880.0,5448940.0]]]}},
{"type":"Feature","properties":{"zone_id":"Z027","area_ha":0.04,"source_observation_id":"OBS01","source_observation_utc":"OBS01 — 12 Dec 2025 14:08:24 UTC","road_count_direct":0,"bridge_count_direct":0,"nearest_community":"Deroche (Leq'á:mel First Nation)","community_distance_m":2831.2137449655779,"alr_overlap_ha":0.024714428481204739},"geometry":{"type":"Polygon","coordinates":[[[568060.0,5448880.0],[568060.0,5448860.0],[568080.0,5448860.0],[568080.0,5448880.0],[568060.0,5448880.0]]]}},
{"type":"Feature","properties":{"zone_id":"Z028","area_ha":0.04,"source_observation_id":"OBS01","source_observation_utc":"OBS01 — 12 Dec 2025 14:08:24 UTC","road_count_direct":0,"bridge_count_direct":0,"nearest_community":"Deroche (Leq'á:mel First Nation)","community_distance_m":1936.5024919184125,"alr_overlap_ha":0.026126226235505232},"geometry":{"type":"Polygon","coordinates":[[[569400.0,5448880.0],[569400.0,5448860.0],[569420.0,5448860.0],[569420.0,5448880.0],[569400.0,5448880.0]]]}},
{"type":"Feature","properties":{"zone_id":"Z029","area_ha":0.08,"source_observation_id":"OBS01","source_observation_utc":"OBS01 — 12 Dec 2025 14:08:24 UTC","road_count_direct":0,"bridge_count_direct":0,"nearest_community":"Deroche (Leq'á:mel First Nation)","community_distance_m":1806.2558680799341,"alr_overlap_ha":0.073312775722884846},"geometry":{"type":"Polygon","coordinates":[[[569720.0,5448880.0],[569720.0,5448840.0],[569740.0,5448840.0],[569740.0,5448880.0],[569720.0,5448880.0]]]}},
{"type":"Feature","properties":{"zone_id":"Z030","area_ha":0.04,"source_observation_id":"OBS01","source_observation_utc":"OBS01 — 12 Dec 2025 14:08:24 UTC","road_count_direct":0,"bridge_count_direct":0,"nearest_community":"Deroche (Leq'á:mel First Nation)","community_distance_m":1983.1208915712696,"alr_overlap_ha":0.022869766729690755},"geometry":{"type":"Polygon","coordinates":[[[569340.0,5448860.0],[569340.0,5448840.0],[569360.0,5448840.0],[569360.0,5448860.0],[569340.0,5448860.0]]]}},
{"type":"Feature","properties":{"zone_id":"Z031","area_ha":0.16,"source_observation_id":"OBS01","source_observation_utc":"OBS01 — 12 Dec 2025 14:08:24 UTC","road_count_direct":0,"bridge_count_direct":0,"nearest_community":"Deroche (Leq'á:mel First Nation)","community_distance_m":1769.2959044953645,"alr_overlap_ha":0.038771122673025023},"geometry":{"type":"Polygon","coordinates":[[[569860.0,5448860.0],[569860.0,5448840.0],[569940.0,5448840.0],[569940.0,5448860.0],[569860.0,5448860.0]]]}},
{"type":"Feature","properties":{"zone_id":"Z032","area_ha":0.04,"source_observation_id":"OBS01","source_observation_utc":"OBS01 — 12 Dec 2025 14:08:24 UTC","road_count_direct":0,"bridge_count_direct":0,"nearest_community":"Leq' a: mel","community_distance_m":2789.9094641080924,"alr_overlap_ha":0.032068772088384087},"geometry":{"type":"Polygon","coordinates":[[[568040.0,5448840.0],[568040.0,5448820.0],[568060.0,5448820.0],[568060.0,5448840.0],[568040.0,5448840.0]]]}},
{"type":"Feature","properties":{"zone_id":"Z033","area_ha":0.08,"source_observation_id":"OBS01","source_observation_utc":"OBS01 — 12 Dec 2025 14:08:24 UTC","road_count_direct":0,"bridge_count_direct":0,"nearest_community":"Deroche (Leq'á:mel First Nation)","community_distance_m":2030.6390718112939,"alr_overlap_ha":0.051919554004681435},"geometry":{"type":"Polygon","coordinates":[[[569260.0,5448840.0],[569260.0,5448820.0],[569300.0,5448820.0],[569300.0,5448840.0],[569260.0,5448840.0]]]}},
{"type":"Feature","properties":{"zone_id":"Z034","area_ha":0.04,"source_observation_id":"OBS01","source_observation_utc":"OBS01 — 12 Dec 2025 14:08:24 UTC","road_count_direct":0,"bridge_count_direct":0,"nearest_community":"Deroche (Leq'á:mel First Nation)","community_distance_m":1864.459866071114,"alr_overlap_ha":0.02783439189259633},"geometry":{"type":"Polygon","coordinates":[[[569660.0,5448840.0],[569660.0,5448820.0],[569680.0,5448820.0],[569680.0,5448840.0],[569660.0,5448840.0]]]}},
{"type":"Feature","properties":{"zone_id":"Z035","area_ha":0.16,"source_observation_id":"OBS01","source_observation_utc":"OBS01 — 12 Dec 2025 14:08:24 UTC","road_count_direct":0,"bridge_count_direct":0,"nearest_community":"Deroche (Leq'á:mel First Nation)","community_distance_m":1808.4253287207741,"alr_overlap_ha":0.071961726206769203},"geometry":{"type":"Polygon","coordinates":[[[569780.0,5448840.0],[569780.0,5448820.0],[569860.0,5448820.0],[569860.0,5448840.0],[569780.0,5448840.0]]]}},
{"type":"Feature","properties":{"zone_id":"Z036","area_ha":0.84,"source_observation_id":"OBS01","source_observation_utc":"OBS01 — 12 Dec 2025 14:08:24 UTC","road_count_direct":0,"bridge_count_direct":0,"nearest_community":"Leq' a: mel","community_distance_m":2704.8320167415859,"alr_overlap_ha":0.0},"geometry":{"type":"Polygon","coordinates":[[[568000.0,5448920.0],[568000.0,5448900.0],[567980.0,5448900.0],[567980.0,5448880.0],[567940.0,5448880.0],[567940.0,5448780.0],[567980.0,5448780.0],[567980.0,5448800.0],[568000.0,5448800.0],[568000.0,5448840.0],[568020.0,5448840.0],[568020.0,5448880.0],[568040.0,5448880.0],[568040.0,5448920.0],[568000.0,5448920.0]]]}},
{"type":"Feature","properties":{"zone_id":"Z037","area_ha":0.04,"source_observation_id":"OBS01","source_observation_utc":"OBS01 — 12 Dec 2025 14:08:24 UTC","road_count_direct":0,"bridge_count_direct":0,"nearest_community":"Leq' a: mel","community_distance_m":2658.0798152019329,"alr_overlap_ha":0.025430401409038614},"geometry":{"type":"Polygon","coordinates":[[[567880.0,5448780.0],[567880.0,5448760.0],[567900.0,5448760.0],[567900.0,5448780.0],[567880.0,5448780.0]]]}},
{"type":"Feature","properties":{"zone_id":"Z038","area_ha":0.04,"source_observation_id":"OBS01","source_observation_utc":"OBS01 — 12 Dec 2025 14:08:24 UTC","road_count_direct":0,"bridge_count_direct":0,"nearest_community":"Deroche (Leq'á:mel First Nation)","community_distance_m":1851.7479978454653,"alr_overlap_ha":0.0},"geometry":{"type":"Polygon","coordinates":[[[569900.0,5448780.0],[569900.0,5448760.0],[569920.0,5448760.0],[569920.0,5448780.0],[569900.0,5448780.0]]]}},
{"type":"Feature","properties":{"zone_id":"Z039","area_ha":0.04,"source_observation_id":"OBS01","source_observation_utc":"OBS01 — 12 Dec 2025 14:08:24 UTC","road_count_direct":0,"bridge_count_direct":0,"nearest_community":"Leq' a: mel","community_distance_m":2700.751003614922,"alr_overlap_ha":0.021611724656338652},"geometry":{"type":"Polygon","coordinates":[[[568000.0,5448760.0],[568000.0,5448740.0],[568020.0,5448740.0],[568020.0,5448760.0],[568000.0,5448760.0]]]}},
{"type":"Feature","properties":{"zone_id":"Z040","area_ha":0.04,"source_observation_id":"OBS01","source_observation_utc":"OBS01 — 12 Dec 2025 14:08:24 UTC","road_count_direct":0,"bridge_count_direct":0,"nearest_community":"Leq' a: mel","community_distance_m":2595.8857493023283,"alr_overlap_ha":0.030325443932913691},"geometry":{"type":"Polygon","coordinates":[[[567860.0,5448720.0],[567860.0,5448700.0],[567880.0,5448700.0],[567880.0,5448720.0],[567860.0,5448720.0]]]}},
{"type":"Feature","properties":{"zone_id":"Z041","area_ha":0.56,"source_observation_id":"OBS01","source_observation_utc":"OBS01 — 12 Dec 2025 14:08:24 UTC","road_count_direct":0,"bridge_count_direct":0,"nearest_community":"Leq' a: mel","community_distance_m":2505.4704650792905,"alr_overlap_ha":0.52778271711617342},"geometry":{"type":"Polygon","coordinates":[[[567980.0,5448740.0],[567980.0,5448720.0],[567960.0,5448720.0],[567960.0,5448700.0],[567940.0,5448700.0],[567940.0,5448680.0],[567920.0,5448680.0],[567920.0,5448560.0],[567940.0,5448560.0],[567940.0,5448620.0],[567960.0,5448620.0],[567960.0,5448680.0],[567980.0,5448680.0],[567980.0,5448700.0],[568000.0,5448700.0],[568000.0,5448740.0],[567980.0,5448740.0]]]}},
{"type":"Feature","properties":{"zone_id":"Z042","area_ha":0.08,"source_observation_id":"OBS01","source_observation_utc":"OBS01 — 12 Dec 2025 14:08:24 UTC","road_count_direct":0,"bridge_count_direct":0,"nearest_community":"Leq' a: mel","community_distance_m":2434.6542296600778,"alr_overlap_ha":0.048897605654156601},"geometry":{"type":"Polygon","coordinates":[[[567780.0,5448580.0],[567780.0,5448560.0],[567820.0,5448560.0],[567820.0,5448580.0],[567780.0,5448580.0]]]}},
{"type":"Feature","properties":{"zone_id":"Z043","area_ha":0.24,"source_observation_id":"OBS01","source_observation_utc":"OBS01 — 12 Dec 2025 14:08:24 UTC","road_count_direct":0,"bridge_count_direct":0,"nearest_community":"Deroche (Leq'á:mel First Nation)","community_distance_m":2230.7176280958606,"alr_overlap_ha":0.24},"geometry":{"type":"Polygon","coordinates":[[[569300.0,5448600.0],[569300.0,5448540.0],[569340.0,5448540.0],[569340.0,5448560.0],[569360.0,5448560.0],[569360.0,5448580.0],[569320.0,5448580.0],[569320.0,5448600.0],[569300.0,5448600.0]]]}},
{"type":"Feature","properties":{"zone_id":"Z044","area_ha":0.56,"source_observation_id":"OBS01","source_observation_utc":"OBS01 — 12 Dec 2025 14:08:24 UTC","road_count_direct":0,"bridge_count_direct":0,"nearest_community":"Deroche (Leq'á:mel First Nation)","community_distance_m":2403.4893273710495,"alr_overlap_ha":0.56},"geometry":{"type":"Polygon","coordinates":[[[568860.0,5448660.0],[568860.0,5448640.0],[568840.0,5448640.0],[568840.0,5448620.0],[568820.0,5448620.0],[568820.0,5448600.0],[568800.0,5448600.0],[568800.0,5448580.0],[568760.0,5448580.0],[568760.0,5448560.0],[568780.0,5448560.0],[568780.0,5448540.0],[568800.0,5448540.0],[568800.0,5448560.0],[568820.0,5448560.0],[568820.0,5448580.0],[568860.0,5448580.0],[568860.0,5448600.0],[568880.0,5448600.0],[568880.0,5448640.0],[568900.0,5448640.0],[568900.0,5448660.0],[568860.0,5448660.0]]]}},
{"type":"Feature","properties":{"zone_id":"Z045","area_ha":0.04,"source_observation_id":"OBS01","source_observation_utc":"OBS01 — 12 Dec 2025 14:08:24 UTC","road_count_direct":0,"bridge_count_direct":0,"nearest_community":"Leq' a: mel","community_distance_m":2301.9838517898429,"alr_overlap_ha":0.0},"geometry":{"type":"Polygon","coordinates":[[[565660.0,5448560.0],[565660.0,5448540.0],[565680.0,5448540.0],[565680.0,5448560.0],[565660.0,5448560.0]]]}},
{"type":"Feature","properties":{"zone_id":"Z046","area_ha":0.08,"source_observation_id":"OBS01","source_observation_utc":"OBS01 — 12 Dec 2025 14:08:24 UTC","road_count_direct":2,"bridge_count_direct":1,"nearest_community":"Leq' a: mel","community_distance_m":2447.0138998573238,"alr_overlap_ha":0.05947630741291729},"geometry":{"type":"Polygon","coordinates":[[[567840.0,5448560.0],[567840.0,5448540.0],[567880.0,5448540.0],[567880.0,5448560.0],[567840.0,5448560.0]]]}},
{"type":"Feature","properties":{"zone_id":"Z047","area_ha":0.08,"source_observation_id":"OBS01","source_observation_utc":"OBS01 — 12 Dec 2025 14:08:24 UTC","road_count_direct":0,"bridge_count_direct":0,"nearest_community":"Leq' a: mel","community_distance_m":2257.3247036417479,"alr_overlap_ha":0.0},"geometry":{"type":"Polygon","coordinates":[[[565680.0,5448540.0],[565680.0,5448500.0],[565700.0,5448500.0],[565700.0,5448540.0],[565680.0,5448540.0]]]}},
{"type":"Feature","properties":{"zone_id":"Z048","area_ha":0.08,"source_observation_id":"OBS01","source_observation_utc":"OBS01 — 12 Dec 2025 14:08:24 UTC","road_count_direct":1,"bridge_count_direct":0,"nearest_community":"Leq' a: mel","community_distance_m":2433.4008055288236,"alr_overlap_ha":0.06089354339037599},"geometry":{"type":"Polygon","coordinates":[[[567880.0,5448540.0],[567880.0,5448500.0],[567900.0,5448500.0],[567900.0,5448540.0],[567880.0,5448540.0]]]}},
{"type":"Feature","properties":{"zone_id":"Z049","area_ha":0.04,"source_observation_id":"OBS01","source_observation_utc":"OBS01 — 12 Dec 2025 14:08:24 UTC","road_count_direct":0,"bridge_count_direct":0,"nearest_community":"Leq' a: mel","community_distance_m":2353.2150680467189,"alr_overlap_ha":0.023592634064623808},"geometry":{"type":"Polygon","coordinates":[[[567720.0,5448520.0],[567720.0,5448500.0],[567740.0,5448500.0],[567740.0,5448520.0],[567720.0,5448520.0]]]}},
{"type":"Feature","properties":{"zone_id":"Z050","area_ha":0.04,"source_observation_id":"OBS01","source_observation_utc":"OBS01 — 12 Dec 2025 14:08:24 UTC","road_count_direct":0,"bridge_count_direct":0,"nearest_community":"Leq' a: mel","community_distance_m":2326.1229121957986,"alr_overlap_ha":0.024202258878399843},"geometry":{"type":"Polygon","coordinates":[[[567700.0,5448500.0],[567700.0,5448480.0],[567720.0,5448480.0],[567720.0,5448500.0],[567700.0,5448500.0]]]}},
{"type":"Feature","properties":{"zone_id":"Z051","area_ha":0.28,"source_observation_id":"OBS01","source_observation_utc":"OBS01 — 12 Dec 2025 14:08:24 UTC","road_count_direct":0,"bridge_count_direct":0,"nearest_community":"Leq' a: mel","community_distance_m":2134.6780030621571,"alr_overlap_ha":0.092235550424084073},"geometry":{"type":"Polygon","coordinates":[[[565880.0,5448540.0],[565880.0,5448520.0],[565860.0,5448520.0],[565860.0,5448500.0],[565880.0,5448500.0],[565880.0,5448480.0],[565900.0,5448480.0],[565900.0,5448460.0],[565940.0,5448460.0],[565940.0,5448480.0],[565920.0,5448480.0],[565920.0,5448500.0],[565900.0,5448500.0],[565900.0,5448540.0],[565880.0,5448540.0]]]}},
{"type":"Feature","properties":{"zone_id":"Z052","area_ha":0.04,"source_observation_id":"OBS01","source_observation_utc":"OBS01 — 12 Dec 2025 14:08:24 UTC","road_count_direct":0,"bridge_count_direct":0,"nearest_community":"Leq' a: mel","community_distance_m":2109.5097543941647,"alr_overlap_ha":0.04},"geometry":{"type":"Polygon","coordinates":[[[565940.0,5448460.0],[565940.0,5448440.0],[565960.0,5448440.0],[565960.0,5448460.0],[565940.0,5448460.0]]]}},
{"type":"Feature","properties":{"zone_id":"Z053","area_ha":0.04,"source_observation_id":"OBS01","source_observation_utc":"OBS01 — 12 Dec 2025 14:08:24 UTC","road_count_direct":0,"bridge_count_direct":0,"nearest_community":"Leq' a: mel","community_distance_m":2344.3337317786973,"alr_overlap_ha":0.026158101123771711},"geometry":{"type":"Polygon","coordinates":[[[567840.0,5448440.0],[567840.0,5448420.0],[567860.0,5448420.0],[567860.0,5448440.0],[567840.0,5448440.0]]]}},
{"type":"Feature","properties":{"zone_id":"Z054","area_ha":0.04,"source_observation_id":"OBS01","source_observation_utc":"OBS01 — 12 Dec 2025 14:08:24 UTC","road_count_direct":0,"bridge_count_direct":0,"nearest_community":"Leq' a: mel","community_distance_m":2316.7924577129415,"alr_overlap_ha":0.020826908267308378},"geometry":{"type":"Polygon","coordinates":[[[567820.0,5448420.0],[567820.0,5448400.0],[567840.0,5448400.0],[567840.0,5448420.0],[567820.0,5448420.0]]]}},
{"type":"Feature","properties":{"zone_id":"Z055","area_ha":0.44,"source_observation_id":"OBS01","source_observation_utc":"OBS01 — 12 Dec 2025 14:08:24 UTC","road_count_direct":0,"bridge_count_direct":0,"nearest_community":"Leq' a: mel","community_distance_m":2129.6812846468847,"alr_overlap_ha":0.44},"geometry":{"type":"Polygon","coordinates":[[[565580.0,5448420.0],[565580.0,5448380.0],[565600.0,5448380.0],[565600.0,5448360.0],[565700.0,5448360.0],[565700.0,5448380.0],[565660.0,5448380.0],[565660.0,5448400.0],[565640.0,5448400.0],[565640.0,5448420.0],[565580.0,5448420.0]],[[565600.0,5448400.0],[565620.0,5448400.0],[565620.0,5448380.0],[565600.0,5448380.0],[565600.0,5448400.0]]]}},
{"type":"Feature","properties":{"zone_id":"Z056","area_ha":0.52,"source_observation_id":"OBS01","source_observation_utc":"OBS01 — 12 Dec 2025 14:08:24 UTC","road_count_direct":0,"bridge_count_direct":0,"nearest_community":"Leq' a: mel","community_distance_m":2184.0606168739023,"alr_overlap_ha":0.44972653959982584},"geometry":{"type":"Polygon","coordinates":[[[567680.0,5448480.0],[567680.0,5448460.0],[567660.0,5448460.0],[567660.0,5448420.0],[567640.0,5448420.0],[567640.0,5448360.0],[567660.0,5448360.0],[567660.0,5448340.0],[567700.0,5448340.0],[567700.0,5448380.0],[567680.0,5448380.0],[567680.0,5448440.0],[567700.0,5448440.0],[567700.0,5448480.0],[567680.0,5448480.0]]]}},
{"type":"Feature","properties":{"zone_id":"Z057","area_ha":1.72,"source_observation_id":"OBS01","source_observation_utc":"OBS01 — 12 Dec 2025 14:08:24 UTC","road_count_direct":0,"bridge_count_direct":0,"nearest_community":"Leq' a: mel","community_distance_m":2344.308029126877,"alr_overlap_ha":1.72},"geometry":{"type":"Polygon","coordinates":[[[568060.0,5448420.0],[568060.0,5448400.0],[568020.0,5448400.0],[568020.0,5448380.0],[567980.0,5448380.0],[567980.0,5448360.0],[567960.0,5448360.0],[567960.0,5448340.0],[568200.0,5448340.0],[568200.0,5448320.0],[568280.0,5448320.0],[568280.0,5448300.0],[568360.0,5448300.0],[568360.0,5448320.0],[568380.0,5448320.0],[568380.0,5448340.0],[568340.0,5448340.0],[568340.0,5448320.0],[568320.0,5448320.0],[568320.0,5448340.0],[568280.0,5448340.0],[568280.0,5448360.0],[568140.0,5448360.0],[568140.0,5448380.0],[568120.0,5448380.0],[568120.0,5448400.0],[568100.0,5448400.0],[568100.0,5448420.0],[568060.0,5448420.0]]]}},
{"type":"Feature","properties":{"zone_id":"Z058","area_ha":0.08,"source_observation_id":"OBS01","source_observation_utc":"OBS01 — 12 Dec 2025 14:08:24 UTC","road_count_direct":0,"bridge_count_direct":0,"nearest_community":"Leq' a: mel","community_distance_m":2233.0063896847769,"alr_overlap_ha":0.08},"geometry":{"type":"Polygon","coordinates":[[[565340.0,5448320.0],[565340.0,5448300.0],[565380.0,5448300.0],[565380.0,5448320.0],[565340.0,5448320.0]]]}},
{"type":"Feature","properties":{"zone_id":"Z059","area_ha":0.2,"source_observation_id":"OBS01","source_observation_utc":"OBS01 — 12 Dec 2025 14:08:24 UTC","road_count_direct":0,"bridge_count_direct":0,"nearest_community":"Leq' a: mel","community_distance_m":2162.8240625240028,"alr_overlap_ha":0.2},"geometry":{"type":"Polygon","coordinates":[[[565380.0,5448300.0],[565380.0,5448280.0],[565480.0,5448280.0],[565480.0,5448300.0],[565380.0,5448300.0]]]}},
{"type":"Feature","properties":{"zone_id":"Z060","area_ha":0.84,"source_observation_id":"OBS01","source_observation_utc":"OBS01 — 12 Dec 2025 14:08:24 UTC","road_count_direct":0,"bridge_count_direct":0,"nearest_community":"Leq' a: mel","community_distance_m":2261.3297661074012,"alr_overlap_ha":0.83823217520539961},"geometry":{"type":"Polygon","coordinates":[[[565100.0,5448320.0],[565100.0,5448300.0],[565080.0,5448300.0],[565080.0,5448280.0],[565200.0,5448280.0],[565200.0,5448260.0],[565220.0,5448260.0],[565220.0,5448280.0],[565260.0,5448280.0],[565260.0,5448300.0],[565280.0,5448300.0],[565280.0,5448280.0],[565300.0,5448280.0],[565300.0,5448320.0],[565100.0,5448320.0]]]}},
{"type":"Feature","properties":{"zone_id":"Z061","area_ha":0.12,"source_observation_id":"OBS01","source_observation_utc":"OBS01 — 12 Dec 2025 14:08:24 UTC","road_count_direct":0,"bridge_count_direct":0,"nearest_community":"Leq' a: mel","community_distance_m":2469.8282663351206,"alr_overlap_ha":0.12},"geometry":{"type":"Polygon","coordinates":[[[564900.0,5448280.0],[564900.0,5448260.0],[564880.0,5448260.0],[564880.0,5448240.0],[564920.0,5448240.0],[564920.0,5448280.0],[564900.0,5448280.0]]]}},
{"type":"Feature","properties":{"zone_id":"Z062","area_ha":0.04,"source_observation_id":"OBS01","source_observation_utc":"OBS01 — 12 Dec 2025 14:08:24 UTC","road_count_direct":0,"bridge_count_direct":0,"nearest_community":"Leq' a: mel","community_distance_m":2264.2633046799915,"alr_overlap_ha":0.04},"geometry":{"type":"Polygon","coordinates":[[[565220.0,5448260.0],[565220.0,5448240.0],[565240.0,5448240.0],[565240.0,5448260.0],[565220.0,5448260.0]]]}},
{"type":"Feature","properties":{"zone_id":"Z063","area_ha":0.28,"source_observation_id":"OBS01","source_observation_utc":"OBS01 — 12 Dec 2025 14:08:24 UTC","road_count_direct":0,"bridge_count_direct":0,"nearest_community":"Leq' a: mel","community_distance_m":2003.6890803413348,"alr_overlap_ha":0.28},"geometry":{"type":"Polygon","coordinates":[[[565580.0,5448260.0],[565580.0,5448240.0],[565620.0,5448240.0],[565620.0,5448220.0],[565700.0,5448220.0],[565700.0,5448240.0],[565640.0,5448240.0],[565640.0,5448260.0],[565580.0,5448260.0]]]}},
{"type":"Feature","properties":{"zone_id":"Z064","area_ha":0.04,"source_observation_id":"OBS01","source_observation_utc":"OBS01 — 12 Dec 2025 14:08:24 UTC","road_count_direct":0,"bridge_count_direct":0,"nearest_community":"Leq' a: mel","community_distance_m":2121.8043170785563,"alr_overlap_ha":0.02049723816183736},"geometry":{"type":"Polygon","coordinates":[[[567740.0,5448240.0],[567740.0,5448220.0],[567760.0,5448220.0],[567760.0,5448240.0],[567740.0,5448240.0]]]}},
{"type":"Feature","properties":{"zone_id":"Z065","area_ha":0.08,"source_observation_id":"OBS01","source_observation_utc":"OBS01 — 12 Dec 2025 14:08:24 UTC","road_count_direct":0,"bridge_count_direct":0,"nearest_community":"Leq' a: mel","community_distance_m":2220.2868005486271,"alr_overlap_ha":0.08},"geometry":{"type":"Polygon","coordinates":[[[565240.0,5448240.0],[565240.0,5448200.0],[565260.0,5448200.0],[565260.0,5448240.0],[565240.0,5448240.0]]]}},
{"type":"Feature","properties":{"zone_id":"Z066","area_ha":0.04,"source_observation_id":"OBS01","source_observation_utc":"OBS01 — 12 Dec 2025 14:08:24 UTC","road_count_direct":0,"bridge_count_direct":0,"nearest_community":"Leq' a: mel","community_distance_m":2686.1209206324079,"alr_overlap_ha":0.04},"geometry":{"type":"Polygon","coordinates":[[[564560.0,5448220.0],[564560.0,5448200.0],[564580.0,5448200.0],[564580.0,5448220.0],[564560.0,5448220.0]]]}},
{"type":"Feature","properties":{"zone_id":"Z067","area_ha":0.08,"source_observation_id":"OBS01","source_observation_utc":"OBS01 — 12 Dec 2025 14:08:24 UTC","road_count_direct":0,"bridge_count_direct":0,"nearest_community":"Leq' a: mel","community_distance_m":2611.7297051332612,"alr_overlap_ha":0.08},"geometry":{"type":"Polygon","coordinates":[[[564640.0,5448220.0],[564640.0,5448200.0],[564680.0,5448200.0],[564680.0,5448220.0],[564640.0,5448220.0]]]}},
{"type":"Feature","properties":{"zone_id":"Z068","area_ha":0.52,"source_observation_id":"OBS01","source_observation_utc":"OBS01 — 12 Dec 2025 14:08:24 UTC","road_count_direct":0,"bridge_count_direct":0,"nearest_community":"Leq' a: mel","community_distance_m":2482.7607659347309,"alr_overlap_ha":0.52},"geometry":{"type":"Polygon","coordinates":[[[564780.0,5448260.0],[564780.0,5448240.0],[564740.0,5448240.0],[564740.0,5448220.0],[564720.0,5448220.0],[564720.0,5448200.0],[564780.0,5448200.0],[564780.0,5448220.0],[564880.0,5448220.0],[564880.0,5448240.0],[564840.0,5448240.0],[564840.0,5448260.0],[564780.0,5448260.0]]]}},
{"type":"Feature","properties":{"zone_id":"Z069","area_ha":0.56,"source_observation_id":"OBS01","source_observation_utc":"OBS01 — 12 Dec 2025 14:08:24 UTC","road_count_direct":0,"bridge_count_direct":0,"nearest_community":"Leq' a: mel","community_distance_m":1870.429172613932,"alr_overlap_ha":0.56},"geometry":{"type":"Polygon","coordinates":[[[565700.0,5448220.0],[565700.0,5448200.0],[565820.0,5448200.0],[565820.0,5448180.0],[565840.0,5448180.0],[565840.0,5448200.0],[565920.0,5448200.0],[565920.0,5448180.0],[565940.0,5448180.0],[565940.0,5448220.0],[565700.0,5448220.0]]]}},
{"type":"Feature","properties":{"zone_id":"Z070","area_ha":0.08,"source_observation_id":"OBS01","source_observation_utc":"OBS01 — 12 Dec 2025 14:08:24 UTC","road_count_direct":0,"bridge_count_direct":0,"nearest_community":"Leq' a: mel","community_distance_m":2568.7916556788791,"alr_overlap_ha":0.08},"geometry":{"type":"Polygon","coordinates":[[[564680.0,5448200.0],[564680.0,5448180.0],[564720.0,5448180.0],[564720.0,5448200.0],[564680.0,5448200.0]]]}},
{"type":"Feature","properties":{"zone_id":"Z071","area_ha":0.04,"source_observation_id":"OBS01","source_observation_utc":"OBS01 — 12 Dec 2025 14:08:24 UTC","road_count_direct":0,"bridge_count_direct":0,"nearest_community":"Leq' a: mel","community_distance_m":2192.2715853235768,"alr_overlap_ha":0.04},"geometry":{"type":"Polygon","coordinates":[[[565260.0,5448200.0],[565260.0,5448180.0],[565280.0,5448180.0],[565280.0,5448200.0],[565260.0,5448200.0]]]}},
{"type":"Feature","properties":{"zone_id":"Z072","area_ha":0.04,"source_observation_id":"OBS01","source_observation_utc":"OBS01 — 12 Dec 2025 14:08:24 UTC","road_count_direct":0,"bridge_count_direct":0,"nearest_community":"Leq' a: mel","community_distance_m":2910.4667711234083,"alr_overlap_ha":0.0},"geometry":{"type":"Polygon","coordinates":[[[564240.0,5448180.0],[564240.0,5448160.0],[564260.0,5448160.0],[564260.0,5448180.0],[564240.0,5448180.0]]]}},
{"type":"Feature","properties":{"zone_id":"Z073","area_ha":0.04,"source_observation_id":"OBS01","source_observation_utc":"OBS01 — 12 Dec 2025 14:08:24 UTC","road_count_direct":0,"bridge_count_direct":0,"nearest_community":"Leq' a: mel","community_distance_m":2767.7811402209886,"alr_overlap_ha":0.0},"geometry":{"type":"Polygon","coordinates":[[[564420.0,5448180.0],[564420.0,5448160.0],[564440.0,5448160.0],[564440.0,5448180.0],[564420.0,5448180.0]]]}},
{"type":"Feature","properties":{"zone_id":"Z074","area_ha":0.04,"source_observation_id":"OBS01","source_observation_utc":"OBS01 — 12 Dec 2025 14:08:24 UTC","road_count_direct":0,"bridge_count_direct":0,"nearest_community":"Leq' a: mel","community_distance_m":2049.7099279988106,"alr_overlap_ha":0.027026458919842219},"geometry":{"type":"Polygon","coordinates":[[[567700.0,5448180.0],[567700.0,5448160.0],[567720.0,5448160.0],[567720.0,5448180.0],[567700.0,5448180.0]]]}},
{"type":"Feature","properties":{"zone_id":"Z075","area_ha":0.28,"source_observation_id":"OBS01","source_observation_utc":"OBS01 — 12 Dec 2025 14:08:24 UTC","road_count_direct":0,"bridge_count_direct":0,"nearest_community":"Leq' a: mel","community_distance_m":1711.7986409233574,"alr_overlap_ha":0.28},"geometry":{"type":"Polygon","coordinates":[[[566460.0,5448180.0],[566460.0,5448160.0],[566500.0,5448160.0],[566500.0,5448140.0],[566520.0,5448140.0],[566520.0,5448160.0],[566580.0,5448160.0],[566580.0,5448180.0],[566460.0,5448180.0]]]}},
{"type":"Feature","properties":{"zone_id":"Z076","area_ha":0.04,"source_observation_id":"OBS01","source_observation_utc":"OBS01 — 12 Dec 2025 14:08:24 UTC","road_count_direct":0,"bridge_count_direct":0,"nearest_community":"Leq' a: mel","community_distance_m":2914.7973294851313,"alr_overlap_ha":0.0},"geometry":{"type":"Polygon","coordinates":[[[564220.0,5448160.0],[564220.0,5448140.0],[564240.0,5448140.0],[564240.0,5448160.0],[564220.0,5448160.0]]]}},
{"type":"Feature","properties":{"zone_id":"Z077","area_ha":0.04,"source_observation_id":"OBS01","source_observation_utc":"OBS01 — 12 Dec 2025 14:08:24 UTC","road_count_direct":0,"bridge_count_direct":0,"nearest_community":"Leq' a: mel","community_distance_m":2850.3951715344238,"alr_overlap_ha":0.0},"geometry":{"type":"Polygon","coordinates":[[[564300.0,5448160.0],[564300.0,5448140.0],[564320.0,5448140.0],[564320.0,5448160.0],[564300.0,5448160.0]]]}},
{"type":"Feature","properties":{"zone_id":"Z078","area_ha":0.08,"source_observation_id":"OBS01","source_observation_utc":"OBS01 — 12 Dec 2025 14:08:24 UTC","road_count_direct":0,"bridge_count_direct":0,"nearest_community":"Leq' a: mel","community_distance_m":1950.9731934893673,"alr_overlap_ha":0.079321930560506973},"geometry":{"type":"Polygon","coordinates":[[[567540.0,5448160.0],[567540.0,5448140.0],[567580.0,5448140.0],[567580.0,5448160.0],[567540.0,5448160.0]]]}},
{"type":"Feature","properties":{"zone_id":"Z079","area_ha":0.04,"source_observation_id":"OBS01","source_observation_utc":"OBS01 — 12 Dec 2025 14:08:24 UTC","road_count_direct":0,"bridge_count_direct":0,"nearest_community":"Leq' a: mel","community_distance_m":2822.3986006645919,"alr_overlap_ha":0.0},"geometry":{"type":"Polygon","coordinates":[[[564320.0,5448140.0],[564320.0,5448120.0],[564340.0,5448120.0],[564340.0,5448140.0],[564320.0,5448140.0]]]}},
{"type":"Feature","properties":{"zone_id":"Z080","area_ha":0.76,"source_observation_id":"OBS01","source_observation_utc":"OBS01 — 12 Dec 2025 14:08:24 UTC","road_count_direct":0,"bridge_count_direct":0,"nearest_community":"Leq' a: mel","community_distance_m":1716.4231204439184,"alr_overlap_ha":0.76},"geometry":{"type":"Polygon","coordinates":[[[566320.0,5448180.0],[566320.0,5448160.0],[566220.0,5448160.0],[566220.0,5448140.0],[566140.0,5448140.0],[566140.0,5448120.0],[566300.0,5448120.0],[566300.0,5448140.0],[566360.0,5448140.0],[566360.0,5448160.0],[566400.0,5448160.0],[566400.0,5448180.0],[566320.0,5448180.0]]]}},
{"type":"Feature","properties":{"zone_id":"Z081","area_ha":0.04,"source_observation_id":"OBS01","source_observation_utc":"OBS01 — 12 Dec 2025 14:08:24 UTC","road_count_direct":0,"bridge_count_direct":0,"nearest_community":"Leq' a: mel","community_distance_m":1860.1184188382406,"alr_overlap_ha":0.025955706144775333},"geometry":{"type":"Polygon","coordinates":[[[567420.0,5448120.0],[567420.0,5448100.0],[567440.0,5448100.0],[567440.0,5448120.0],[567420.0,5448120.0]]]}},
{"type":"Feature","properties":{"zone_id":"Z082","area_ha":0.04,"source_observation_id":"OBS01","source_observation_utc":"OBS01 — 12 Dec 2025 14:08:24 UTC","road_count_direct":0,"bridge_count_direct":0,"nearest_community":"Leq' a: mel","community_distance_m":1833.3758966075166,"alr_overlap_ha":0.024923326079602681},"geometry":{"type":"Polygon","coordinates":[[[567400.0,5448100.0],[567400.0,5448080.0],[567420.0,5448080.0],[567420.0,5448100.0],[567400.0,5448100.0]]]}},
{"type":"Feature","properties":{"zone_id":"Z083","area_ha":0.04,"source_observation_id":"OBS01","source_observation_utc":"OBS01 — 12 Dec 2025 14:08:24 UTC","road_count_direct":0,"bridge_count_direct":0,"nearest_community":"Leq' a: mel","community_distance_m":2543.0026066004161,"alr_overlap_ha":0.028035456354277427},"geometry":{"type":"Polygon","coordinates":[[[564580.0,5448020.0],[564580.0,5448000.0],[564600.0,5448000.0],[564600.0,5448020.0],[564580.0,5448020.0]]]}},
{"type":"Feature","properties":{"zone_id":"Z084","area_ha":0.04,"source_observation_id":"OBS01","source_observation_utc":"OBS01 — 12 Dec 2025 14:08:24 UTC","road_count_direct":0,"bridge_count_direct":0,"nearest_community":"Leq' a: mel","community_distance_m":1647.6206181589214,"alr_overlap_ha":0.035452151780918491},"geometry":{"type":"Polygon","coordinates":[[[567260.0,5447960.0],[567260.0,5447940.0],[567280.0,5447940.0],[567280.0,5447960.0],[567260.0,5447960.0]]]}},
{"type":"Feature","properties":{"zone_id":"Z085","area_ha":0.04,"source_observation_id":"OBS01","source_observation_utc":"OBS01 — 12 Dec 2025 14:08:24 UTC","road_count_direct":0,"bridge_count_direct":0,"nearest_community":"Leq' a: mel","community_distance_m":1496.4117366088251,"alr_overlap_ha":0.04},"geometry":{"type":"Polygon","coordinates":[[[566740.0,5447940.0],[566740.0,5447920.0],[566760.0,5447920.0],[566760.0,5447940.0],[566740.0,5447940.0]]]}},
{"type":"Feature","properties":{"zone_id":"Z086","area_ha":0.04,"source_observation_id":"OBS01","source_observation_utc":"OBS01 — 12 Dec 2025 14:08:24 UTC","road_count_direct":0,"bridge_count_direct":0,"nearest_community":"Leq' a: mel","community_distance_m":1621.3205566890606,"alr_overlap_ha":0.02415139883803729},"geometry":{"type":"Polygon","coordinates":[[[567240.0,5447940.0],[567240.0,5447920.0],[567260.0,5447920.0],[567260.0,5447940.0],[567240.0,5447940.0]]]}},
{"type":"Feature","properties":{"zone_id":"Z087","area_ha":0.36,"source_observation_id":"OBS01","source_observation_utc":"OBS01 — 12 Dec 2025 14:08:24 UTC","road_count_direct":0,"bridge_count_direct":0,"nearest_community":"Leq' a: mel","community_distance_m":2876.4909738490114,"alr_overlap_ha":0.0},"geometry":{"type":"Polygon","coordinates":[[[564060.0,5447940.0],[564060.0,5447920.0],[564020.0,5447920.0],[564020.0,5447900.0],[564120.0,5447900.0],[564120.0,5447920.0],[564140.0,5447920.0],[564140.0,5447940.0],[564060.0,5447940.0]]]}},
{"type":"Feature","properties":{"zone_id":"Z088","area_ha":0.04,"source_observation_id":"OBS01","source_observation_utc":"OBS01 — 12 Dec 2025 14:08:24 UTC","road_count_direct":0,"bridge_count_direct":0,"nearest_community":"Leq' a: mel","community_distance_m":1474.7456498056804,"alr_overlap_ha":0.04},"geometry":{"type":"Polygon","coordinates":[[[566720.0,5447920.0],[566720.0,5447900.0],[566740.0,5447900.0],[566740.0,5447920.0],[566720.0,5447920.0]]]}},
{"type":"Feature","properties":{"zone_id":"Z089","area_ha":0.04,"source_observation_id":"OBS01","source_observation_utc":"OBS01 — 12 Dec 2025 14:08:24 UTC","road_count_direct":0,"bridge_count_direct":0,"nearest_community":"Leq' a: mel","community_distance_m":1595.0883968303024,"alr_overlap_ha":0.02351344991819353},"geometry":{"type":"Polygon","coordinates":[[[567220.0,5447920.0],[567220.0,5447900.0],[567240.0,5447900.0],[567240.0,5447920.0],[567220.0,5447920.0]]]}},
{"type":"Feature","properties":{"zone_id":"Z090","area_ha":0.04,"source_observation_id":"OBS01","source_observation_utc":"OBS01 — 12 Dec 2025 14:08:24 UTC","road_count_direct":0,"bridge_count_direct":0,"nearest_community":"Leq' a: mel","community_distance_m":1430.0336193569819,"alr_overlap_ha":0.04},"geometry":{"type":"Polygon","coordinates":[[[566620.0,5447880.0],[566620.0,5447860.0],[566640.0,5447860.0],[566640.0,5447880.0],[566620.0,5447880.0]]]}},
{"type":"Feature","properties":{"zone_id":"Z091","area_ha":0.52,"source_observation_id":"OBS01","source_observation_utc":"OBS01 — 12 Dec 2025 14:08:24 UTC","road_count_direct":0,"bridge_count_direct":0,"nearest_community":"Leq' a: mel","community_distance_m":1638.2034309996336,"alr_overlap_ha":0.46386436408440496},"geometry":{"type":"Polygon","coordinates":[[[567400.0,5447900.0],[567400.0,5447860.0],[567460.0,5447860.0],[567460.0,5447840.0],[567500.0,5447840.0],[567500.0,5447860.0],[567520.0,5447860.0],[567520.0,5447880.0],[567500.0,5447880.0],[567500.0,5447900.0],[567400.0,5447900.0]]]}},
{"type":"Feature","properties":{"zone_id":"Z092","area_ha":0.04,"source_observation_id":"OBS01","source_observation_utc":"OBS01 — 12 Dec 2025 14:08:24 UTC","road_count_direct":0,"bridge_count_direct":0,"nearest_community":"Leq' a: mel","community_distance_m":1379.2796482483143,"alr_overlap_ha":0.04},"geometry":{"type":"Polygon","coordinates":[[[566420.0,5447820.0],[566420.0,5447800.0],[566440.0,5447800.0],[566440.0,5447820.0],[566420.0,5447820.0]]]}},
{"type":"Feature","properties":{"zone_id":"Z093","area_ha":0.04,"source_observation_id":"OBS01","source_observation_utc":"OBS01 — 12 Dec 2025 14:08:24 UTC","road_count_direct":0,"bridge_count_direct":0,"nearest_community":"Leq' a: mel","community_distance_m":1394.8173518694989,"alr_overlap_ha":0.04},"geometry":{"type":"Polygon","coordinates":[[[566160.0,5447780.0],[566160.0,5447760.0],[566180.0,5447760.0],[566180.0,5447780.0],[566160.0,5447780.0]]]}},
{"type":"Feature","properties":{"zone_id":"Z094","area_ha":0.04,"source_observation_id":"OBS01","source_observation_utc":"OBS01 — 12 Dec 2025 14:08:24 UTC","road_count_direct":0,"bridge_count_direct":0,"nearest_community":"Leq' a: mel","community_distance_m":1470.0648309765379,"alr_overlap_ha":0.04},"geometry":{"type":"Polygon","coordinates":[[[565840.0,5447720.0],[565840.0,5447700.0],[565860.0,5447700.0],[565860.0,5447720.0],[565840.0,5447720.0]]]}},
{"type":"Feature","properties":{"zone_id":"Z095","area_ha":0.16,"source_observation_id":"OBS01","source_observation_utc":"OBS01 — 12 Dec 2025 14:08:24 UTC","road_count_direct":0,"bridge_count_direct":0,"nearest_community":"Leq' a: mel","community_distance_m":1495.1874069775968,"alr_overlap_ha":0.16},"geometry":{"type":"Polygon","coordinates":[[[565740.0,5447720.0],[565740.0,5447680.0],[565780.0,5447680.0],[565780.0,5447720.0],[565740.0,5447720.0]]]}},
{"type":"Feature","properties":{"zone_id":"Z096","area_ha":0.04,"source_observation_id":"OBS01","source_observation_utc":"OBS01 — 12 Dec 2025 14:08:24 UTC","road_count_direct":1,"bridge_count_direct":0,"nearest_community":"Leq' a: mel","community_distance_m":1552.3204983404723,"alr_overlap_ha":0.025405701170766577},"geometry":{"type":"Polygon","coordinates":[[[565660.0,5447700.0],[565660.0,5447680.0],[565680.0,5447680.0],[565680.0,5447700.0],[565660.0,5447700.0]]]}},
{"type":"Feature","properties":{"zone_id":"Z097","area_ha":0.08,"source_observation_id":"OBS01","source_observation_utc":"OBS01 — 12 Dec 2025 14:08:24 UTC","road_count_direct":0,"bridge_count_direct":0,"nearest_community":"Leq' a: mel","community_distance_m":1456.6893627655672,"alr_overlap_ha":0.08},"geometry":{"type":"Polygon","coordinates":[[[565780.0,5447680.0],[565780.0,5447660.0],[565820.0,5447660.0],[565820.0,5447680.0],[565780.0,5447680.0]]]}},
{"type":"Feature","properties":{"zone_id":"Z098","area_ha":0.04,"source_observation_id":"OBS01","source_observation_utc":"OBS01 — 12 Dec 2025 14:08:24 UTC","road_count_direct":0,"bridge_count_direct":0,"nearest_community":"Leq' a: mel","community_distance_m":1386.7173226643138,"alr_overlap_ha":0.04},"geometry":{"type":"Polygon","coordinates":[[[565940.0,5447680.0],[565940.0,5447660.0],[565960.0,5447660.0],[565960.0,5447680.0],[565940.0,5447680.0]]]}},
{"type":"Feature","properties":{"zone_id":"Z099","area_ha":0.04,"source_observation_id":"OBS01","source_observation_utc":"OBS01 — 12 Dec 2025 14:08:24 UTC","road_count_direct":0,"bridge_count_direct":0,"nearest_community":"Leq' a: mel","community_distance_m":1306.0469436716874,"alr_overlap_ha":0.020371550612181762},"geometry":{"type":"Polygon","coordinates":[[[567040.0,5447680.0],[567040.0,5447660.0],[567060.0,5447660.0],[567060.0,5447680.0],[567040.0,5447680.0]]]}},
{"type":"Feature","properties":{"zone_id":"Z100","area_ha":0.04,"source_observation_id":"OBS01","source_observation_utc":"OBS01 — 12 Dec 2025 14:08:24 UTC","road_count_direct":0,"bridge_count_direct":0,"nearest_community":"Leq' a: mel","community_distance_m":1280.5410049015591,"alr_overlap_ha":0.029982221993168984},"geometry":{"type":"Polygon","coordinates":[[[567020.0,5447660.0],[567020.0,5447640.0],[567040.0,5447640.0],[567040.0,5447660.0],[567020.0,5447660.0]]]}},
{"type":"Feature","properties":{"zone_id":"Z101","area_ha":0.08,"source_observation_id":"OBS01","source_observation_utc":"OBS01 — 12 Dec 2025 14:08:24 UTC","road_count_direct":0,"bridge_count_direct":0,"nearest_community":"Leq' a: mel","community_distance_m":1492.276123906541,"alr_overlap_ha":0.054165831256241345},"geometry":{"type":"Polygon","coordinates":[[[565680.0,5447660.0],[565680.0,5447620.0],[565700.0,5447620.0],[565700.0,5447660.0],[565680.0,5447660.0]]]}},
{"type":"Feature","properties":{"zone_id":"Z102","area_ha":0.12,"source_observation_id":"OBS01","source_observation_utc":"OBS01 — 12 Dec 2025 14:08:24 UTC","road_count_direct":0,"bridge_count_direct":0,"nearest_community":"Leq' a: mel","community_distance_m":1412.2071602156882,"alr_overlap_ha":0.12},"geometry":{"type":"Polygon","coordinates":[[[565780.0,5447640.0],[565780.0,5447620.0],[565840.0,5447620.0],[565840.0,5447640.0],[565780.0,5447640.0]]]}},
{"type":"Feature","properties":{"zone_id":"Z103","area_ha":0.24,"source_observation_id":"OBS01","source_observation_utc":"OBS01 — 12 Dec 2025 14:08:24 UTC","road_count_direct":0,"bridge_count_direct":0,"nearest_community":"Leq' a: mel","community_distance_m":1306.9350629164742,"alr_overlap_ha":0.24},"geometry":{"type":"Polygon","coordinates":[[[565940.0,5447640.0],[565940.0,5447620.0],[566060.0,5447620.0],[566060.0,5447640.0],[565940.0,5447640.0]]]}},
{"type":"Feature","properties":{"zone_id":"Z104","area_ha":0.04,"source_observation_id":"OBS01","source_observation_utc":"OBS01 — 12 Dec 2025 14:08:24 UTC","road_count_direct":0,"bridge_count_direct":0,"nearest_community":"Leq' a: mel","community_distance_m":1255.1541385003013,"alr_overlap_ha":0.03152292299610332},"geometry":{"type":"Polygon","coordinates":[[[567000.0,5447640.0],[567000.0,5447620.0],[567020.0,5447620.0],[567020.0,5447640.0],[567000.0,5447640.0]]]}},
{"type":"Feature","properties":{"zone_id":"Z105","area_ha":0.28,"source_observation_id":"OBS01","source_observation_utc":"OBS01 — 12 Dec 2025 14:08:24 UTC","road_count_direct":0,"bridge_count_direct":0,"nearest_community":"Leq' a: mel","community_distance_m":1224.2053788778178,"alr_overlap_ha":0.28},"geometry":{"type":"Polygon","coordinates":[[[566160.0,5447640.0],[566160.0,5447620.0],[566180.0,5447620.0],[566180.0,5447600.0],[566240.0,5447600.0],[566240.0,5447640.0],[566160.0,5447640.0]]]}},
{"type":"Feature","properties":{"zone_id":"Z106","area_ha":0.04,"source_observation_id":"OBS01","source_observation_utc":"OBS01 — 12 Dec 2025 14:08:24 UTC","road_count_direct":0,"bridge_count_direct":0,"nearest_community":"Leq' a: mel","community_distance_m":1229.8937179913441,"alr_overlap_ha":0.029363391132335021},"geometry":{"type":"Polygon","coordinates":[[[566980.0,5447620.0],[566980.0,5447600.0],[567000.0,5447600.0],[567000.0,5447620.0],[566980.0,5447620.0]]]}},
{"type":"Feature","properties":{"zone_id":"Z107","area_ha":0.28,"source_observation_id":"OBS01","source_observation_utc":"OBS01 — 12 Dec 2025 14:08:24 UTC","road_count_direct":0,"bridge_count_direct":0,"nearest_community":"Leq' a: mel","community_distance_m":1605.5982398945039,"alr_overlap_ha":0.28},"geometry":{"type":"Polygon","coordinates":[[[565420.0,5447660.0],[565420.0,5447640.0],[565440.0,5447640.0],[565440.0,5447600.0],[565460.0,5447600.0],[565460.0,5447580.0],[565480.0,5447580.0],[565480.0,5447640.0],[565460.0,5447640.0],[565460.0,5447660.0],[565420.0,5447660.0]]]}},
{"type":"Feature","properties":{"zone_id":"Z108","area_ha":0.08,"source_observation_id":"OBS01","source_observation_utc":"OBS01 — 12 Dec 2025 14:08:24 UTC","road_count_direct":0,"bridge_count_direct":0,"nearest_community":"Leq' a: mel","community_distance_m":1448.3346276850643,"alr_overlap_ha":0.067589346465725036},"geometry":{"type":"Polygon","coordinates":[[[565700.0,5447620.0],[565700.0,5447580.0],[565720.0,5447580.0],[565720.0,5447620.0],[565700.0,5447620.0]]]}},
{"type":"Feature","properties":{"zone_id":"Z109","area_ha":0.04,"source_observation_id":"OBS01","source_observation_utc":"OBS01 — 12 Dec 2025 14:08:24 UTC","road_count_direct":0,"bridge_count_direct":0,"nearest_community":"Leq' a: mel","community_distance_m":1204.7676969917109,"alr_overlap_ha":0.030043343617608815},"geometry":{"type":"Polygon","coordinates":[[[566960.0,5447600.0],[566960.0,5447580.0],[566980.0,5447580.0],[566980.0,5447600.0],[566960.0,5447600.0]]]}},
{"type":"Feature","properties":{"zone_id":"Z110","area_ha":0.04,"source_observation_id":"OBS01","source_observation_utc":"OBS01 — 12 Dec 2025 14:08:24 UTC","road_count_direct":1,"bridge_count_direct":0,"nearest_community":"Leq' a: mel","community_distance_m":1420.3008205582096,"alr_overlap_ha":0.037942034917203195},"geometry":{"type":"Polygon","coordinates":[[[565720.0,5447580.0],[565720.0,5447560.0],[565740.0,5447560.0],[565740.0,5447580.0],[565720.0,5447580.0]]]}},
{"type":"Feature","properties":{"zone_id":"Z111","area_ha":0.04,"source_observation_id":"OBS01","source_observation_utc":"OBS01 — 12 Dec 2025 14:08:24 UTC","road_count_direct":0,"bridge_count_direct":0,"nearest_community":"Leq' a: mel","community_distance_m":1179.784662501954,"alr_overlap_ha":0.035436946036757157},"geometry":{"type":"Polygon","coordinates":[[[566940.0,5447580.0],[566940.0,5447560.0],[566960.0,5447560.0],[566960.0,5447580.0],[566940.0,5447580.0]]]}},
{"type":"Feature","properties":{"zone_id":"Z112","area_ha":0.04,"source_observation_id":"OBS01","source_observation_utc":"OBS01 — 12 Dec 2025 14:08:24 UTC","road_count_direct":0,"bridge_count_direct":0,"nearest_community":"Leq' a: mel","community_distance_m":1376.3864227201705,"alr_overlap_ha":0.020992610234402589},"geometry":{"type":"Polygon","coordinates":[[[565740.0,5447540.0],[565740.0,5447520.0],[565760.0,5447520.0],[565760.0,5447540.0],[565740.0,5447540.0]]]}},
{"type":"Feature","properties":{"zone_id":"Z113","area_ha":0.72,"source_observation_id":"OBS01","source_observation_utc":"OBS01 — 12 Dec 2025 14:08:24 UTC","road_count_direct":1,"bridge_count_direct":0,"nearest_community":"Leq' a: mel","community_distance_m":1268.0149230817615,"alr_overlap_ha":0.72},"geometry":{"type":"Polygon","coordinates":[[[565840.0,5447620.0],[565840.0,5447600.0],[565800.0,5447600.0],[565800.0,5447560.0],[565840.0,5447560.0],[565840.0,5447540.0],[565860.0,5447540.0],[565860.0,5447520.0],[565880.0,5447520.0],[565880.0,5447500.0],[565920.0,5447500.0],[565920.0,5447520.0],[565900.0,5447520.0],[565900.0,5447540.0],[565880.0,5447540.0],[565880.0,5447600.0],[565920.0,5447600.0],[565920.0,5447620.0],[565840.0,5447620.0]]]}},
{"type":"Feature","properties":{"zone_id":"Z114","area_ha":0.04,"source_observation_id":"OBS01","source_observation_utc":"OBS01 — 12 Dec 2025 14:08:24 UTC","road_count_direct":1,"bridge_count_direct":0,"nearest_community":"Leq' a: mel","community_distance_m":1348.3400208312135,"alr_overlap_ha":0.023272938244389932},"geometry":{"type":"Polygon","coordinates":[[[565760.0,5447520.0],[565760.0,5447500.0],[565780.0,5447500.0],[565780.0,5447520.0],[565760.0,5447520.0]]]}},
{"type":"Feature","properties":{"zone_id":"Z115","area_ha":0.04,"source_observation_id":"OBS01","source_observation_utc":"OBS01 — 12 Dec 2025 14:08:24 UTC","road_count_direct":0,"bridge_count_direct":0,"nearest_community":"Leq' a: mel","community_distance_m":1111.012636669152,"alr_overlap_ha":0.027244529315931187},"geometry":{"type":"Polygon","coordinates":[[[566900.0,5447520.0],[566900.0,5447500.0],[566920.0,5447500.0],[566920.0,5447520.0],[566900.0,5447520.0]]]}},
{"type":"Feature","properties":{"zone_id":"Z116","area_ha":0.28,"source_observation_id":"OBS01","source_observation_utc":"OBS01 — 12 Dec 2025 14:08:24 UTC","road_count_direct":0,"bridge_count_direct":0,"nearest_community":"Leq' a: mel","community_distance_m":1116.7475717683881,"alr_overlap_ha":0.28},"geometry":{"type":"Polygon","coordinates":[[[566120.0,5447520.0],[566120.0,5447500.0],[566160.0,5447500.0],[566160.0,5447480.0],[566220.0,5447480.0],[566220.0,5447500.0],[566200.0,5447500.0],[566200.0,5447520.0],[566120.0,5447520.0]]]}},
{"type":"Feature","properties":{"zone_id":"Z117","area_ha":0.04,"source_observation_id":"OBS01","source_observation_utc":"OBS01 — 12 Dec 2025 14:08:24 UTC","road_count_direct":0,"bridge_count_direct":0,"nearest_community":"Leq' a: mel","community_distance_m":1086.4509768041446,"alr_overlap_ha":0.033727915843414231},"geometry":{"type":"Polygon","coordinates":[[[566880.0,5447500.0],[566880.0,5447480.0],[566900.0,5447480.0],[566900.0,5447500.0],[566880.0,5447500.0]]]}},
{"type":"Feature","properties":{"zone_id":"Z118","area_ha":0.56,"source_observation_id":"OBS01","source_observation_utc":"OBS01 — 12 Dec 2025 14:08:24 UTC","road_count_direct":0,"bridge_count_direct":0,"nearest_community":"Leq' a: mel","community_distance_m":2196.929770838959,"alr_overlap_ha":0.56},"geometry":{"type":"Polygon","coordinates":[[[564580.0,5447540.0],[564580.0,5447500.0],[564560.0,5447500.0],[564560.0,5447460.0],[564660.0,5447460.0],[564660.0,5447500.0],[564640.0,5447500.0],[564640.0,5447520.0],[564600.0,5447520.0],[564600.0,5447540.0],[564580.0,5447540.0]]]}},
{"type":"Feature","properties":{"zone_id":"Z119","area_ha":0.48,"source_observation_id":"OBS01","source_observation_utc":"OBS01 — 12 Dec 2025 14:08:24 UTC","road_count_direct":0,"bridge_count_direct":0,"nearest_community":"Leq' a: mel","community_distance_m":2015.6008227501638,"alr_overlap_ha":0.48},"geometry":{"type":"Polygon","coordinates":[[[564740.0,5447500.0],[564740.0,5447460.0],[564780.0,5447460.0],[564780.0,5447480.0],[564800.0,5447480.0],[564800.0,5447460.0],[564860.0,5447460.0],[564860.0,5447480.0],[564880.0,5447480.0],[564880.0,5447500.0],[564740.0,5447500.0]]]}},
{"type":"Feature","properties":{"zone_id":"Z120","area_ha":0.04,"source_observation_id":"OBS01","source_observation_utc":"OBS01 — 12 Dec 2025 14:08:24 UTC","road_count_direct":0,"bridge_count_direct":0,"nearest_community":"Leq' a: mel","community_distance_m":1292.2783237478282,"alr_overlap_ha":0.022796606381516996},"geometry":{"type":"Polygon","coordinates":[[[565800.0,5447480.0],[565800.0,5447460.0],[565820.0,5447460.0],[565820.0,5447480.0],[565800.0,5447480.0]]]}},
{"type":"Feature","properties":{"zone_id":"Z121","area_ha":0.04,"source_observation_id":"OBS01","source_observation_utc":"OBS01 — 12 Dec 2025 14:08:24 UTC","road_count_direct":0,"bridge_count_direct":0,"nearest_community":"Leq' a: mel","community_distance_m":1042.6918565915018,"alr_overlap_ha":0.021844475395888859},"geometry":{"type":"Polygon","coordinates":[[[566860.0,5447460.0],[566860.0,5447440.0],[566880.0,5447440.0],[566880.0,5447460.0],[566860.0,5447460.0]]]}},
{"type":"Feature","properties":{"zone_id":"Z122","area_ha":0.04,"source_observation_id":"OBS01","source_observation_utc":"OBS01 — 12 Dec 2025 14:08:24 UTC","road_count_direct":0,"bridge_count_direct":0,"nearest_community":"Leq' a: mel","community_distance_m":1018.4463431925964,"alr_overlap_ha":0.02869121635421373},"geometry":{"type":"Polygon","coordinates":[[[566840.0,5447440.0],[566840.0,5447420.0],[566860.0,5447420.0],[566860.0,5447440.0],[566840.0,5447440.0]]]}},
{"type":"Feature","properties":{"zone_id":"Z123","area_ha":0.04,"source_observation_id":"OBS01","source_observation_utc":"OBS01 — 12 Dec 2025 14:08:24 UTC","road_count_direct":0,"bridge_count_direct":0,"nearest_community":"Leq' a: mel","community_distance_m":994.41419947751683,"alr_overlap_ha":0.025383538586694791},"geometry":{"type":"Polygon","coordinates":[[[566820.0,5447420.0],[566820.0,5447400.0],[566840.0,5447400.0],[566840.0,5447420.0],[566820.0,5447420.0]]]}},
{"type":"Feature","properties":{"zone_id":"Z124","area_ha":0.04,"source_observation_id":"OBS01","source_observation_utc":"OBS01 — 12 Dec 2025 14:08:24 UTC","road_count_direct":0,"bridge_count_direct":0,"nearest_community":"Leq' a: mel","community_distance_m":1168.5398859339507,"alr_overlap_ha":0.025473920813545142},"geometry":{"type":"Polygon","coordinates":[[[565900.0,5447400.0],[565900.0,5447380.0],[565920.0,5447380.0],[565920.0,5447400.0],[565900.0,5447400.0]]]}},
{"type":"Feature","properties":{"zone_id":"Z125","area_ha":0.08,"source_observation_id":"OBS01","source_observation_utc":"OBS01 — 12 Dec 2025 14:08:24 UTC","road_count_direct":1,"bridge_count_direct":0,"nearest_community":"Leq' a: mel","community_distance_m":1280.6703310490136,"alr_overlap_ha":0.059784792471024209},"geometry":{"type":"Polygon","coordinates":[[[565700.0,5447400.0],[565700.0,5447360.0],[565720.0,5447360.0],[565720.0,5447400.0],[565700.0,5447400.0]]]}},
{"type":"Feature","properties":{"zone_id":"Z126","area_ha":0.04,"source_observation_id":"OBS01","source_observation_utc":"OBS01 — 12 Dec 2025 14:08:24 UTC","road_count_direct":1,"bridge_count_direct":0,"nearest_community":"Leq' a: mel","community_distance_m":1129.1784547309144,"alr_overlap_ha":0.031337036734057001},"geometry":{"type":"Polygon","coordinates":[[[565940.0,5447380.0],[565940.0,5447360.0],[565960.0,5447360.0],[565960.0,5447380.0],[565940.0,5447380.0]]]}},
{"type":"Feature","properties":{"zone_id":"Z127","area_ha":0.36,"source_observation_id":"OBS01","source_observation_utc":"OBS01 — 12 Dec 2025 14:08:24 UTC","road_count_direct":0,"bridge_count_direct":0,"nearest_community":"Leq' a: mel","community_distance_m":2968.823880972926,"alr_overlap_ha":0.36},"geometry":{"type":"Polygon","coordinates":[[[569440.0,5447420.0],[569440.0,5447380.0],[569420.0,5447380.0],[569420.0,5447360.0],[569460.0,5447360.0],[569460.0,5447340.0],[569500.0,5447340.0],[569500.0,5447380.0],[569480.0,5447380.0],[569480.0,5447400.0],[569460.0,5447400.0],[569460.0,5447420.0],[569440.0,5447420.0]]]}},
{"type":"Feature","properties":{"zone_id":"Z128","area_ha":0.24,"source_observation_id":"OBS01","source_observation_utc":"OBS01 — 12 Dec 2025 14:08:24 UTC","road_count_direct":0,"bridge_count_direct":0,"nearest_community":"Leq' a: mel","community_distance_m":2026.4233805900665,"alr_overlap_ha":0.24},"geometry":{"type":"Polygon","coordinates":[[[564700.0,5447380.0],[564700.0,5447360.0],[564740.0,5447360.0],[564740.0,5447340.0],[564760.0,5447340.0],[564760.0,5447320.0],[564780.0,5447320.0],[564780.0,5447360.0],[564760.0,5447360.0],[564760.0,5447380.0],[564700.0,5447380.0]]]}},
{"type":"Feature","properties":{"zone_id":"Z129","area_ha":1.16,"source_observation_id":"OBS01","source_observation_utc":"OBS01 — 12 Dec 2025 14:08:24 UTC","road_count_direct":0,"bridge_count_direct":0,"nearest_community":"Leq' a: mel","community_distance_m":2124.7283933573085,"alr_overlap_ha":1.16},"geometry":{"type":"Polygon","coordinates":[[[564460.0,5447420.0],[564460.0,5447400.0],[564400.0,5447400.0],[564400.0,5447380.0],[564380.0,5447380.0],[564380.0,5447360.0],[564340.0,5447360.0],[564340.0,5447320.0],[564360.0,5447320.0],[564360.0,5447340.0],[564400.0,5447340.0],[564400.0,5447360.0],[564440.0,5447360.0],[564440.0,5447380.0],[564700.0,5447380.0],[564700.0,5447400.0],[564600.0,5447400.0],[564600.0,5447420.0],[564460.0,5447420.0]]]}},
{"type":"Feature","properties":{"zone_id":"Z130","area_ha":0.04,"source_observation_id":"OBS01","source_observation_utc":"OBS01 — 12 Dec 2025 14:08:24 UTC","road_count_direct":0,"bridge_count_direct":0,"nearest_community":"Leq' a: mel","community_distance_m":2975.6176501703385,"alr_overlap_ha":0.04},"geometry":{"type":"Polygon","coordinates":[[[569440.0,5447340.0],[569440.0,5447320.0],[569460.0,5447320.0],[569460.0,5447340.0],[569440.0,5447340.0]]]}},
{"type":"Feature","properties":{"zone_id":"Z131","area_ha":0.04,"source_observation_id":"OBS01","source_observation_utc":"OBS01 — 12 Dec 2025 14:08:24 UTC","road_count_direct":0,"bridge_count_direct":0,"nearest_community":"Leq' a: mel","community_distance_m":1057.0763328753933,"alr_overlap_ha":0.029321456301137652},"geometry":{"type":"Polygon","coordinates":[[[565980.0,5447320.0],[565980.0,5447300.0],[566000.0,5447300.0],[566000.0,5447320.0],[565980.0,5447320.0]]]}},
{"type":"Feature","properties":{"zone_id":"Z132","area_ha":0.08,"source_observation_id":"OBS01","source_observation_utc":"OBS01 — 12 Dec 2025 14:08:24 UTC","road_count_direct":1,"bridge_count_direct":0,"nearest_community":"Leq' a: mel","community_distance_m":1003.6417816839164,"alr_overlap_ha":0.065013003455282381},"geometry":{"type":"Polygon","coordinates":[[[566060.0,5447320.0],[566060.0,5447300.0],[566100.0,5447300.0],[566100.0,5447320.0],[566060.0,5447320.0]]]}},
{"type":"Feature","properties":{"zone_id":"Z133","area_ha":0.04,"source_observation_id":"OBS01","source_observation_utc":"OBS01 — 12 Dec 2025 14:08:24 UTC","road_count_direct":0,"bridge_count_direct":0,"nearest_community":"Leq' a: mel","community_distance_m":1007.2468325184893,"alr_overlap_ha":0.026296232794859122},"geometry":{"type":"Polygon","coordinates":[[[566040.0,5447300.0],[566040.0,5447280.0],[566060.0,5447280.0],[566060.0,5447300.0],[566040.0,5447300.0]]]}},
{"type":"Feature","properties":{"zone_id":"Z134","area_ha":1.04,"source_observation_id":"OBS01","source_observation_utc":"OBS01 — 12 Dec 2025 14:08:24 UTC","road_count_direct":0,"bridge_count_direct":0,"nearest_community":"Leq' a: mel","community_distance_m":3098.2816700027461,"alr_overlap_ha":1.04},"geometry":{"type":"Polygon","coordinates":[[[569720.0,5447440.0],[569720.0,5447420.0],[569700.0,5447420.0],[569700.0,5447400.0],[569680.0,5447400.0],[569680.0,5447380.0],[569660.0,5447380.0],[569660.0,5447340.0],[569600.0,5447340.0],[569600.0,5447300.0],[569580.0,5447300.0],[569580.0,5447280.0],[569620.0,5447280.0],[569620.0,5447300.0],[569660.0,5447300.0],[569660.0,5447320.0],[569700.0,5447320.0],[569700.0,5447340.0],[569720.0,5447340.0],[569720.0,5447360.0],[569760.0,5447360.0],[569760.0,5447420.0],[569740.0,5447420.0],[569740.0,5447440.0],[569720.0,5447440.0]]]}},
{"type":"Feature","properties":{"zone_id":"Z135","area_ha":0.04,"source_observation_id":"OBS01","source_observation_utc":"OBS01 — 12 Dec 2025 14:08:24 UTC","road_count_direct":0,"bridge_count_direct":0,"nearest_community":"Leq' a: mel","community_distance_m":949.13607043197203,"alr_overlap_ha":0.022175922546535731},"geometry":{"type":"Polygon","coordinates":[[[566120.0,5447280.0],[566120.0,5447260.0],[566140.0,5447260.0],[566140.0,5447280.0],[566120.0,5447280.0]]]}},
{"type":"Feature","properties":{"zone_id":"Z136","area_ha":0.04,"source_observation_id":"OBS01","source_observation_utc":"OBS01 — 12 Dec 2025 14:08:24 UTC","road_count_direct":1,"bridge_count_direct":0,"nearest_community":"Leq' a: mel","community_distance_m":912.99969448414777,"alr_overlap_ha":0.029036649053463738},"geometry":{"type":"Polygon","coordinates":[[[566200.0,5447280.0],[566200.0,5447260.0],[566220.0,5447260.0],[566220.0,5447280.0],[566200.0,5447280.0]]]}},
{"type":"Feature","properties":{"zone_id":"Z137","area_ha":0.04,"source_observation_id":"OBS01","source_observation_utc":"OBS01 — 12 Dec 2025 14:08:24 UTC","road_count_direct":0,"bridge_count_direct":0,"nearest_community":"Leq' a: mel","community_distance_m":2092.0282448299927,"alr_overlap_ha":0.04},"geometry":{"type":"Polygon","coordinates":[[[564620.0,5447180.0],[564620.0,5447160.0],[564640.0,5447160.0],[564640.0,5447180.0],[564620.0,5447180.0]]]}},
{"type":"Feature","properties":{"zone_id":"Z138","area_ha":0.28,"source_observation_id":"OBS01","source_observation_utc":"OBS01 — 12 Dec 2025 14:08:24 UTC","road_count_direct":0,"bridge_count_direct":0,"nearest_community":"Leq' a: mel","community_distance_m":1561.2668522661331,"alr_overlap_ha":0.28},"geometry":{"type":"Polygon","coordinates":[[[565100.0,5447160.0],[565100.0,5447140.0],[565140.0,5447140.0],[565140.0,5447120.0],[565200.0,5447120.0],[565200.0,5447140.0],[565180.0,5447140.0],[565180.0,5447160.0],[565100.0,5447160.0]]]}},
{"type":"Feature","properties":{"zone_id":"Z139","area_ha":0.24,"source_observation_id":"OBS01","source_observation_utc":"OBS01 — 12 Dec 2025 14:08:24 UTC","road_count_direct":0,"bridge_count_direct":0,"nearest_community":"Leq' a: mel","community_distance_m":2015.1739028050476,"alr_overlap_ha":0.24},"geometry":{"type":"Polygon","coordinates":[[[564640.0,5447160.0],[564640.0,5447140.0],[564660.0,5447140.0],[564660.0,5447100.0],[564700.0,5447100.0],[564700.0,5447140.0],[564680.0,5447140.0],[564680.0,5447160.0],[564640.0,5447160.0]]]}},
{"type":"Feature","properties":{"zone_id":"Z140","area_ha":3.2,"source_observation_id":"OBS01","source_observation_utc":"OBS01 — 12 Dec 2025 14:08:24 UTC","road_count_direct":2,"bridge_count_direct":0,"nearest_community":"Leq' a: mel","community_distance_m":3043.3862016996181,"alr_overlap_ha":3.2},"geometry":{"type":"Polygon","coordinates":[[[569720.0,5447300.0],[569720.0,5447280.0],[569700.0,5447280.0],[569700.0,5447240.0],[569680.0,5447240.0],[569680.0,5447260.0],[569640.0,5447260.0],[569640.0,5447220.0],[569600.0,5447220.0],[569600.0,5447180.0],[569580.0,5447180.0],[569580.0,5447160.0],[569560.0,5447160.0],[569560.0,5447140.0],[569600.0,5447140.0],[569600.0,5447120.0],[569720.0,5447120.0],[569720.0,5447100.0],[569740.0,5447100.0],[569740.0,5447120.0],[569800.0,5447120.0],[569800.0,5447100.0],[569820.0,5447100.0],[569820.0,5447120.0],[569860.0,5447120.0],[569860.0,5447140.0],[569820.0,5447140.0],[569820.0,5447180.0],[569780.0,5447180.0],[569780.0,5447200.0],[569800.0,5447200.0],[569800.0,5447240.0],[569780.0,5447240.0],[569780.0,5447300.0],[569720.0,5447300.0]]]}},
{"type":"Feature","properties":{"zone_id":"Z141","area_ha":0.08,"source_observation_id":"OBS01","source_observation_utc":"OBS01 — 12 Dec 2025 14:08:24 UTC","road_count_direct":0,"bridge_count_direct":0,"nearest_community":"Leq' a: mel","community_distance_m":1138.5135450344999,"alr_overlap_ha":0.062281372180559971},"geometry":{"type":"Polygon","coordinates":[[[565660.0,5447140.0],[565660.0,5447100.0],[565680.0,5447100.0],[565680.0,5447140.0],[565660.0,5447140.0]]]}},
{"type":"Feature","properties":{"zone_id":"Z142","area_ha":0.04,"source_observation_id":"OBS01","source_observation_utc":"OBS01 — 12 Dec 2025 14:08:24 UTC","road_count_direct":0,"bridge_count_direct":0,"nearest_community":"Leq' a: mel","community_distance_m":3405.9618267333367,"alr_overlap_ha":0.0},"geometry":{"type":"Polygon","coordinates":[[[569940.0,5447120.0],[569940.0,5447100.0],[569960.0,5447100.0],[569960.0,5447120.0],[569940.0,5447120.0]]]}},
{"type":"Feature","properties":{"zone_id":"Z143","area_ha":0.04,"source_observation_id":"OBS01","source_observation_utc":"OBS01 — 12 Dec 2025 14:08:24 UTC","road_count_direct":0,"bridge_count_direct":0,"nearest_community":"Leq' a: mel","community_distance_m":1110.5828736990832,"alr_overlap_ha":0.032969485366891094},"geometry":{"type":"Polygon","coordinates":[[[565680.0,5447100.0],[565680.0,5447080.0],[565700.0,5447080.0],[565700.0,5447100.0],[565680.0,5447100.0]]]}},
{"type":"Feature","properties":{"zone_id":"Z144","area_ha":0.16,"source_observation_id":"OBS01","source_observation_utc":"OBS01 — 12 Dec 2025 14:08:24 UTC","road_count_direct":0,"bridge_count_direct":0,"nearest_community":"Leq' a: mel","community_distance_m":1731.5368131352641,"alr_overlap_ha":0.16},"geometry":{"type":"Polygon","coordinates":[[[564920.0,5447080.0],[564920.0,5447060.0],[564940.0,5447060.0],[564940.0,5447040.0],[564980.0,5447040.0],[564980.0,5447060.0],[564960.0,5447060.0],[564960.0,5447080.0],[564920.0,5447080.0]]]}},
{"type":"Feature","properties":{"zone_id":"Z145","area_ha":0.08,"source_observation_id":"OBS01","source_observation_utc":"OBS01 — 12 Dec 2025 14:08:24 UTC","road_count_direct":0,"bridge_count_direct":0,"nearest_community":"Leq' a: mel","community_distance_m":621.70452908780055,"alr_overlap_ha":0.0433204139653365},"geometry":{"type":"Polygon","coordinates":[[[566440.0,5447060.0],[566440.0,5447040.0],[566480.0,5447040.0],[566480.0,5447060.0],[566440.0,5447060.0]]]}},
{"type":"Feature","properties":{"zone_id":"Z146","area_ha":0.2,"source_observation_id":"OBS01","source_observation_utc":"OBS01 — 12 Dec 2025 14:08:24 UTC","road_count_direct":0,"bridge_count_direct":0,"nearest_community":"Leq' a: mel","community_distance_m":3273.0303953429298,"alr_overlap_ha":0.0},"geometry":{"type":"Polygon","coordinates":[[[569860.0,5447060.0],[569860.0,5447040.0],[569820.0,5447040.0],[569820.0,5447020.0],[569880.0,5447020.0],[569880.0,5447040.0],[569900.0,5447040.0],[569900.0,5447060.0],[569860.0,5447060.0]]]}},
{"type":"Feature","properties":{"zone_id":"Z147","area_ha":0.08,"source_observation_id":"OBS01","source_observation_utc":"OBS01 — 12 Dec 2025 14:08:24 UTC","road_count_direct":1,"bridge_count_direct":0,"nearest_community":"Leq' a: mel","community_distance_m":999.05917135096263,"alr_overlap_ha":0.08},"geometry":{"type":"Polygon","coordinates":[[[565760.0,5447040.0],[565760.0,5447000.0],[565780.0,5447000.0],[565780.0,5447040.0],[565760.0,5447040.0]]]}},
{"type":"Feature","properties":{"zone_id":"Z148","area_ha":0.32,"source_observation_id":"OBS01","source_observation_utc":"OBS01 — 12 Dec 2025 14:08:24 UTC","road_count_direct":0,"bridge_count_direct":0,"nearest_community":"Leq' a: mel","community_distance_m":1141.7213101954467,"alr_overlap_ha":0.32},"geometry":{"type":"Polygon","coordinates":[[[565560.0,5447060.0],[565560.0,5446980.0],[565600.0,5446980.0],[565600.0,5447060.0],[565560.0,5447060.0]]]}},
{"type":"Feature","properties":{"zone_id":"Z149","area_ha":0.04,"source_observation_id":"OBS01","source_observation_utc":"OBS01 — 12 Dec 2025 14:08:24 UTC","road_count_direct":0,"bridge_count_direct":0,"nearest_community":"Leq' a: mel","community_distance_m":3167.5304875737415,"alr_overlap_ha":0.0},"geometry":{"type":"Polygon","coordinates":[[[569720.0,5447000.0],[569720.0,5446980.0],[569740.0,5446980.0],[569740.0,5447000.0],[569720.0,5447000.0]]]}},
{"type":"Feature","properties":{"zone_id":"Z150","area_ha":0.88,"source_observation_id":"OBS01","source_observation_utc":"OBS01 — 12 Dec 2025 14:08:24 UTC","road_count_direct":0,"bridge_count_direct":0,"nearest_community":"Leq' a: mel","community_distance_m":1496.2687581378154,"alr_overlap_ha":0.88},"geometry":{"type":"Polygon","coordinates":[[[564980.0,5447040.0],[564980.0,5447020.0],[565000.0,5447020.0],[565000.0,5447000.0],[565040.0,5447000.0],[565040.0,5446980.0],[565060.0,5446980.0],[565060.0,5446960.0],[565080.0,5446960.0],[565080.0,5446980.0],[565100.0,5446980.0],[565100.0,5446940.0],[565120.0,5446940.0],[565120.0,5446920.0],[565140.0,5446920.0],[565140.0,5446900.0],[565180.0,5446900.0],[565180.0,5446920.0],[565160.0,5446920.0],[565160.0,5446960.0],[565140.0,5446960.0],[565140.0,5447000.0],[565100.0,5447000.0],[565100.0,5447020.0],[565020.0,5447020.0],[565020.0,5447040.0],[564980.0,5447040.0]]]}},
{"type":"Feature","properties":{"zone_id":"Z151","area_ha":1.2,"source_observation_id":"OBS01","source_observation_utc":"OBS01 — 12 Dec 2025 14:08:24 UTC","road_count_direct":1,"bridge_count_direct":0,"nearest_community":"Leq' a: mel","community_distance_m":778.40337609127675,"alr_overlap_ha":1.2},"geometry":{"type":"Polygon","coordinates":[[[565780.0,5446960.0],[565780.0,5446900.0],[565820.0,5446900.0],[565820.0,5446880.0],[565880.0,5446880.0],[565880.0,5446900.0],[565900.0,5446900.0],[565900.0,5446920.0],[565940.0,5446920.0],[565940.0,5446900.0],[565980.0,5446900.0],[565980.0,5446960.0],[565960.0,5446960.0],[565960.0,5446940.0],[565940.0,5446940.0],[565940.0,5446960.0],[565780.0,5446960.0]]]}},
{"type":"Feature","properties":{"zone_id":"Z152","area_ha":0.2,"source_observation_id":"OBS01","source_observation_utc":"OBS01 — 12 Dec 2025 14:08:24 UTC","road_count_direct":0,"bridge_count_direct":0,"nearest_community":"Leq' a: mel","community_distance_m":1440.1342255068012,"alr_overlap_ha":0.2},"geometry":{"type":"Polygon","coordinates":[[[565180.0,5446900.0],[565180.0,5446860.0],[565200.0,5446860.0],[565200.0,5446840.0],[565220.0,5446840.0],[565220.0,5446900.0],[565180.0,5446900.0]]]}},
{"type":"Feature","properties":{"zone_id":"Z153","area_ha":0.44,"source_observation_id":"OBS01","source_observation_utc":"OBS01 — 12 Dec 2025 14:08:24 UTC","road_count_direct":0,"bridge_count_direct":0,"nearest_community":"Leq' a: mel","community_distance_m":1317.5328167106586,"alr_overlap_ha":0.44},"geometry":{"type":"Polygon","coordinates":[[[565160.0,5446800.0],[565160.0,5446760.0],[565260.0,5446760.0],[565260.0,5446740.0],[565320.0,5446740.0],[565320.0,5446760.0],[565280.0,5446760.0],[565280.0,5446780.0],[565220.0,5446780.0],[565220.0,5446800.0],[565200.0,5446800.0],[565200.0,5446780.0],[565180.0,5446780.0],[565180.0,5446800.0],[565160.0,5446800.0]]]}},
{"type":"Feature","properties":{"zone_id":"Z154","area_ha":0.04,"source_observation_id":"OBS01","source_observation_utc":"OBS01 — 12 Dec 2025 14:08:24 UTC","road_count_direct":0,"bridge_count_direct":0,"nearest_community":"Leq' a: mel","community_distance_m":1278.6896824781504,"alr_overlap_ha":0.04},"geometry":{"type":"Polygon","coordinates":[[[565340.0,5446760.0],[565340.0,5446740.0],[565360.0,5446740.0],[565360.0,5446760.0],[565340.0,5446760.0]]]}},
{"type":"Feature","properties":{"zone_id":"Z155","area_ha":0.28,"source_observation_id":"OBS01","source_observation_utc":"OBS01 — 12 Dec 2025 14:08:24 UTC","road_count_direct":0,"bridge_count_direct":0,"nearest_community":"Leq' a: mel","community_distance_m":303.78976399626407,"alr_overlap_ha":0.28},"geometry":{"type":"Polygon","coordinates":[[[566780.0,5446740.0],[566780.0,5446720.0],[566740.0,5446720.0],[566740.0,5446700.0],[566800.0,5446700.0],[566800.0,5446720.0],[566860.0,5446720.0],[566860.0,5446740.0],[566780.0,5446740.0]]]}},
{"type":"Feature","properties":{"zone_id":"Z156","area_ha":0.56,"source_observation_id":"OBS01","source_observation_utc":"OBS01 — 12 Dec 2025 14:08:24 UTC","road_count_direct":0,"bridge_count_direct":0,"nearest_community":"Leq' a: mel","community_distance_m":1089.6121917250166,"alr_overlap_ha":0.56},"geometry":{"type":"Polygon","coordinates":[[[565360.0,5446740.0],[565360.0,5446720.0],[565400.0,5446720.0],[565400.0,5446700.0],[565440.0,5446700.0],[565440.0,5446680.0],[565540.0,5446680.0],[565540.0,5446700.0],[565500.0,5446700.0],[565500.0,5446720.0],[565440.0,5446720.0],[565440.0,5446740.0],[565360.0,5446740.0]]]}},
{"type":"Feature","properties":{"zone_id":"Z157","area_ha":0.04,"source_observation_id":"OBS01","source_observation_utc":"OBS01 — 12 Dec 2025 14:08:24 UTC","road_count_direct":0,"bridge_count_direct":0,"nearest_community":"Leq' a: mel","community_distance_m":2139.6439700771857,"alr_overlap_ha":0.0},"geometry":{"type":"Polygon","coordinates":[[[568740.0,5446400.0],[568740.0,5446380.0],[568760.0,5446380.0],[568760.0,5446400.0],[568740.0,5446400.0]]]}},
{"type":"Feature","properties":{"zone_id":"Z158","area_ha":0.32,"source_observation_id":"OBS01","source_observation_utc":"OBS01 — 12 Dec 2025 14:08:24 UTC","road_count_direct":0,"bridge_count_direct":0,"nearest_community":"Leq' a: mel","community_distance_m":941.04919332798204,"alr_overlap_ha":0.32},"geometry":{"type":"Polygon","coordinates":[[[565580.0,5446400.0],[565580.0,5446360.0],[565660.0,5446360.0],[565660.0,5446400.0],[565580.0,5446400.0]]]}},
{"type":"Feature","properties":{"zone_id":"Z159","area_ha":0.04,"source_observation_id":"OBS01","source_observation_utc":"OBS01 — 12 Dec 2025 14:08:24 UTC","road_count_direct":0,"bridge_count_direct":0,"nearest_community":"Leq' a: mel","community_distance_m":2120.0242840231335,"alr_overlap_ha":0.0},"geometry":{"type":"Polygon","coordinates":[[[568720.0,5446380.0],[568720.0,5446360.0],[568740.0,5446360.0],[568740.0,5446380.0],[568720.0,5446380.0]]]}},
{"type":"Feature","properties":{"zone_id":"Z160","area_ha":0.08,"source_observation_id":"OBS01","source_observation_utc":"OBS01 — 12 Dec 2025 14:08:24 UTC","road_count_direct":0,"bridge_count_direct":0,"nearest_community":"Leq' a: mel","community_distance_m":2100.6022019906432,"alr_overlap_ha":0.0},"geometry":{"type":"Polygon","coordinates":[[[568700.0,5446360.0],[568700.0,5446320.0],[568720.0,5446320.0],[568720.0,5446360.0],[568700.0,5446360.0]]]}},
{"type":"Feature","properties":{"zone_id":"Z161","area_ha":0.44,"source_observation_id":"OBS01","source_observation_utc":"OBS01 — 12 Dec 2025 14:08:24 UTC","road_count_direct":0,"bridge_count_direct":0,"nearest_community":"Leq' a: mel","community_distance_m":1840.7674580797429,"alr_overlap_ha":0.44},"geometry":{"type":"Polygon","coordinates":[[[568460.0,5446380.0],[568460.0,5446360.0],[568440.0,5446360.0],[568440.0,5446260.0],[568460.0,5446260.0],[568460.0,5446280.0],[568480.0,5446280.0],[568480.0,5446320.0],[568500.0,5446320.0],[568500.0,5446340.0],[568480.0,5446340.0],[568480.0,5446380.0],[568460.0,5446380.0]]]}},
{"type":"Feature","properties":{"zone_id":"Z162","area_ha":0.04,"source_observation_id":"OBS01","source_observation_utc":"OBS01 — 12 Dec 2025 14:08:24 UTC","road_count_direct":0,"bridge_count_direct":0,"nearest_community":"Leq' a: mel","community_distance_m":2404.1224417301892,"alr_overlap_ha":0.0},"geometry":{"type":"Polygon","coordinates":[[[569000.0,5446280.0],[569000.0,5446260.0],[569020.0,5446260.0],[569020.0,5446280.0],[569000.0,5446280.0]]]}},
{"type":"Feature","properties":{"zone_id":"Z163","area_ha":0.04,"source_observation_id":"OBS01","source_observation_utc":"OBS01 — 12 Dec 2025 14:08:24 UTC","road_count_direct":0,"bridge_count_direct":0,"nearest_community":"Leq' a: mel","community_distance_m":3357.7338688435111,"alr_overlap_ha":0.0},"geometry":{"type":"Polygon","coordinates":[[[569940.0,5446080.0],[569940.0,5446060.0],[569960.0,5446060.0],[569960.0,5446080.0],[569940.0,5446080.0]]]}},
{"type":"Feature","properties":{"zone_id":"Z164","area_ha":0.12,"source_observation_id":"OBS01","source_observation_utc":"OBS01 — 12 Dec 2025 14:08:24 UTC","road_count_direct":0,"bridge_count_direct":0,"nearest_community":"Leq' a: mel","community_distance_m":1286.5441122176346,"alr_overlap_ha":0.10858978449447264},"geometry":{"type":"Polygon","coordinates":[[[567820.0,5446020.0],[567820.0,5446000.0],[567840.0,5446000.0],[567840.0,5445980.0],[567860.0,5445980.0],[567860.0,5446020.0],[567820.0,5446020.0]]]}},
{"type":"Feature","properties":{"zone_id":"Z165","area_ha":0.04,"source_observation_id":"OBS01","source_observation_utc":"OBS01 — 12 Dec 2025 14:08:24 UTC","road_count_direct":0,"bridge_count_direct":0,"nearest_community":"Leq' a: mel","community_distance_m":2000.3984494728629,"alr_overlap_ha":0.0},"geometry":{"type":"Polygon","coordinates":[[[568540.0,5445940.0],[568540.0,5445920.0],[568560.0,5445920.0],[568560.0,5445940.0],[568540.0,5445940.0]]]}},
{"type":"Feature","properties":{"zone_id":"Z166","area_ha":0.04,"source_observation_id":"OBS01","source_observation_utc":"OBS01 — 12 Dec 2025 14:08:24 UTC","road_count_direct":0,"bridge_count_direct":0,"nearest_community":"Leq' a: mel","community_distance_m":2078.0527227639186,"alr_overlap_ha":0.0},"geometry":{"type":"Polygon","coordinates":[[[568620.0,5445940.0],[568620.0,5445920.0],[568640.0,5445920.0],[568640.0,5445940.0],[568620.0,5445940.0]]]}},
{"type":"Feature","properties":{"zone_id":"Z167","area_ha":0.04,"source_observation_id":"OBS01","source_observation_utc":"OBS01 — 12 Dec 2025 14:08:24 UTC","road_count_direct":0,"bridge_count_direct":0,"nearest_community":"Leq' a: mel","community_distance_m":1966.7341742925751,"alr_overlap_ha":0.0},"geometry":{"type":"Polygon","coordinates":[[[568500.0,5445920.0],[568500.0,5445900.0],[568520.0,5445900.0],[568520.0,5445920.0],[568500.0,5445920.0]]]}},
{"type":"Feature","properties":{"zone_id":"Z168","area_ha":0.04,"source_observation_id":"OBS01","source_observation_utc":"OBS01 — 12 Dec 2025 14:08:24 UTC","road_count_direct":0,"bridge_count_direct":0,"nearest_community":"Leq' a: mel","community_distance_m":2121.6648265445938,"alr_overlap_ha":0.0},"geometry":{"type":"Polygon","coordinates":[[[568660.0,5445920.0],[568660.0,5445900.0],[568680.0,5445900.0],[568680.0,5445920.0],[568660.0,5445920.0]]]}},
{"type":"Feature","properties":{"zone_id":"Z169","area_ha":0.04,"source_observation_id":"OBS01","source_observation_utc":"OBS01 — 12 Dec 2025 14:08:24 UTC","road_count_direct":0,"bridge_count_direct":0,"nearest_community":"Leq' a: mel","community_distance_m":1952.7595751885167,"alr_overlap_ha":0.0},"geometry":{"type":"Polygon","coordinates":[[[568480.0,5445900.0],[568480.0,5445880.0],[568500.0,5445880.0],[568500.0,5445900.0],[568480.0,5445900.0]]]}},
{"type":"Feature","properties":{"zone_id":"Z170","area_ha":0.16,"source_observation_id":"OBS01","source_observation_utc":"OBS01 — 12 Dec 2025 14:08:24 UTC","road_count_direct":0,"bridge_count_direct":0,"nearest_community":"Leq' a: mel","community_distance_m":2145.9363605016788,"alr_overlap_ha":0.0},"geometry":{"type":"Polygon","coordinates":[[[568680.0,5445900.0],[568680.0,5445840.0],[568700.0,5445840.0],[568700.0,5445880.0],[568720.0,5445880.0],[568720.0,5445900.0],[568680.0,5445900.0]]]}},
{"type":"Feature","properties":{"zone_id":"Z171","area_ha":0.04,"source_observation_id":"OBS01","source_observation_utc":"OBS01 — 12 Dec 2025 14:08:24 UTC","road_count_direct":0,"bridge_count_direct":0,"nearest_community":"Leq' a: mel","community_distance_m":1893.7192522883577,"alr_overlap_ha":0.0},"geometry":{"type":"Polygon","coordinates":[[[568400.0,5445840.0],[568400.0,5445820.0],[568420.0,5445820.0],[568420.0,5445840.0],[568400.0,5445840.0]]]}},
{"type":"Feature","properties":{"zone_id":"Z172","area_ha":0.04,"source_observation_id":"OBS01","source_observation_utc":"OBS01 — 12 Dec 2025 14:08:24 UTC","road_count_direct":0,"bridge_count_direct":0,"nearest_community":"Leq' a: mel","community_distance_m":1363.5377219263146,"alr_overlap_ha":0.029769211656386189},"geometry":{"type":"Polygon","coordinates":[[[567820.0,5445820.0],[567820.0,5445800.0],[567840.0,5445800.0],[567840.0,5445820.0],[567820.0,5445820.0]]]}},
{"type":"Feature","properties":{"zone_id":"Z173","area_ha":0.12,"source_observation_id":"OBS01","source_observation_utc":"OBS01 — 12 Dec 2025 14:08:24 UTC","road_count_direct":0,"bridge_count_direct":0,"nearest_community":"Leq' a: mel","community_distance_m":2014.0606460657145,"alr_overlap_ha":0.0},"geometry":{"type":"Polygon","coordinates":[[[568540.0,5445840.0],[568540.0,5445820.0],[568520.0,5445820.0],[568520.0,5445800.0],[568560.0,5445800.0],[568560.0,5445840.0],[568540.0,5445840.0]]]}},
{"type":"Feature","properties":{"zone_id":"Z174","area_ha":0.08,"source_observation_id":"OBS01","source_observation_utc":"OBS01 — 12 Dec 2025 14:08:24 UTC","road_count_direct":0,"bridge_count_direct":0,"nearest_community":"Leq' a: mel","community_distance_m":1881.1164909828726,"alr_overlap_ha":0.0},"geometry":{"type":"Polygon","coordinates":[[[568380.0,5445820.0],[568380.0,5445780.0],[568400.0,5445780.0],[568400.0,5445820.0],[568380.0,5445820.0]]]}},
{"type":"Feature","properties":{"zone_id":"Z175","area_ha":0.16,"source_observation_id":"OBS01","source_observation_utc":"OBS01 — 12 Dec 2025 14:08:24 UTC","road_count_direct":0,"bridge_count_direct":0,"nearest_community":"Leq' a: mel","community_distance_m":2134.5509985881599,"alr_overlap_ha":0.0},"geometry":{"type":"Polygon","coordinates":[[[568660.0,5445820.0],[568660.0,5445800.0],[568640.0,5445800.0],[568640.0,5445760.0],[568660.0,5445760.0],[568660.0,5445780.0],[568680.0,5445780.0],[568680.0,5445820.0],[568660.0,5445820.0]]]}},
{"type":"Feature","properties":{"zone_id":"Z176","area_ha":0.04,"source_observation_id":"OBS01","source_observation_utc":"OBS01 — 12 Dec 2025 14:08:24 UTC","road_count_direct":0,"bridge_count_direct":0,"nearest_community":"Leq' a: mel","community_distance_m":2127.7073455664113,"alr_overlap_ha":0.0},"geometry":{"type":"Polygon","coordinates":[[[568620.0,5445760.0],[568620.0,5445740.0],[568640.0,5445740.0],[568640.0,5445760.0],[568620.0,5445760.0]]]}},
{"type":"Feature","properties":{"zone_id":"Z177","area_ha":0.12,"source_observation_id":"OBS01","source_observation_utc":"OBS01 — 12 Dec 2025 14:08:24 UTC","road_count_direct":0,"bridge_count_direct":0,"nearest_community":"Leq' a: mel","community_distance_m":1875.6944941677652,"alr_overlap_ha":0.0},"geometry":{"type":"Polygon","coordinates":[[[568360.0,5445780.0],[568360.0,5445720.0],[568380.0,5445720.0],[568380.0,5445780.0],[568360.0,5445780.0]]]}},
{"type":"Feature","properties":{"zone_id":"Z178","area_ha":0.04,"source_observation_id":"OBS01","source_observation_utc":"OBS01 — 12 Dec 2025 14:08:24 UTC","road_count_direct":0,"bridge_count_direct":0,"nearest_community":"Leq' a: mel","community_distance_m":2121.78442146718,"alr_overlap_ha":0.0},"geometry":{"type":"Polygon","coordinates":[[[568600.0,5445720.0],[568600.0,5445700.0],[568620.0,5445700.0],[568620.0,5445720.0],[568600.0,5445720.0]]]}},
{"type":"Feature","properties":{"zone_id":"Z179","area_ha":0.12,"source_observation_id":"OBS01","source_observation_utc":"OBS01 — 12 Dec 2025 14:08:24 UTC","road_count_direct":0,"bridge_count_direct":0,"nearest_community":"Leq' a: mel","community_distance_m":1411.1182807734704,"alr_overlap_ha":0.068864752576403385},"geometry":{"type":"Polygon","coordinates":[[[567820.0,5445720.0],[567820.0,5445660.0],[567840.0,5445660.0],[567840.0,5445720.0],[567820.0,5445720.0]]]}},
{"type":"Feature","properties":{"zone_id":"Z180","area_ha":0.04,"source_observation_id":"OBS01","source_observation_utc":"OBS01 — 12 Dec 2025 14:08:24 UTC","road_count_direct":0,"bridge_count_direct":0,"nearest_community":"Leq' a: mel","community_distance_m":2116.7899550934121,"alr_overlap_ha":0.0},"geometry":{"type":"Polygon","coordinates":[[[568580.0,5445680.0],[568580.0,5445660.0],[568600.0,5445660.0],[568600.0,5445680.0],[568580.0,5445680.0]]]}},
{"type":"Feature","properties":{"zone_id":"Z181","area_ha":0.04,"source_observation_id":"OBS01","source_observation_utc":"OBS01 — 12 Dec 2025 14:08:24 UTC","road_count_direct":0,"bridge_count_direct":0,"nearest_community":"Leq' a: mel","community_distance_m":2112.7305310398488,"alr_overlap_ha":0.0},"geometry":{"type":"Polygon","coordinates":[[[568560.0,5445640.0],[568560.0,5445620.0],[568580.0,5445620.0],[568580.0,5445640.0],[568560.0,5445640.0]]]}},
{"type":"Feature","properties":{"zone_id":"Z182","area_ha":0.04,"source_observation_id":"OBS01","source_observation_utc":"OBS01 — 12 Dec 2025 14:08:24 UTC","road_count_direct":0,"bridge_count_direct":0,"nearest_community":"Leq' a: mel","community_distance_m":2106.2103516027505,"alr_overlap_ha":0.0},"geometry":{"type":"Polygon","coordinates":[[[568500.0,5445520.0],[568500.0,5445500.0],[568520.0,5445500.0],[568520.0,5445520.0],[568500.0,5445520.0]]]}},
{"type":"Feature","properties":{"zone_id":"Z183","area_ha":0.16,"source_observation_id":"OBS01","source_observation_utc":"OBS01 — 12 Dec 2025 14:08:24 UTC","road_count_direct":0,"bridge_count_direct":0,"nearest_community":"Leq' a: mel","community_distance_m":1294.6382134937787,"alr_overlap_ha":0.16},"geometry":{"type":"Polygon","coordinates":[[[567480.0,5445480.0],[567480.0,5445460.0],[567460.0,5445460.0],[567460.0,5445420.0],[567480.0,5445420.0],[567480.0,5445440.0],[567500.0,5445440.0],[567500.0,5445480.0],[567480.0,5445480.0]]]}},
{"type":"Feature","properties":{"zone_id":"Z184","area_ha":0.08,"source_observation_id":"OBS01","source_observation_utc":"OBS01 — 12 Dec 2025 14:08:24 UTC","road_count_direct":0,"bridge_count_direct":0,"nearest_community":"Leq' a: mel","community_distance_m":2001.479319879682,"alr_overlap_ha":0.0},"geometry":{"type":"Polygon","coordinates":[[[568340.0,5445440.0],[568340.0,5445400.0],[568360.0,5445400.0],[568360.0,5445440.0],[568340.0,5445440.0]]]}},
{"type":"Feature","properties":{"zone_id":"Z185","area_ha":0.32,"source_observation_id":"OBS01","source_observation_utc":"OBS01 — 12 Dec 2025 14:08:24 UTC","road_count_direct":0,"bridge_count_direct":0,"nearest_community":"Leq' a: mel","community_distance_m":1300.6798385147588,"alr_overlap_ha":0.32},"geometry":{"type":"Polygon","coordinates":[[[567420.0,5445420.0],[567420.0,5445380.0],[567400.0,5445380.0],[567400.0,5445360.0],[567380.0,5445360.0],[567380.0,5445320.0],[567400.0,5445320.0],[567400.0,5445340.0],[567420.0,5445340.0],[567420.0,5445360.0],[567440.0,5445360.0],[567440.0,5445400.0],[567460.0,5445400.0],[567460.0,5445420.0],[567420.0,5445420.0]]]}},
{"type":"Feature","properties":{"zone_id":"Z186","area_ha":0.2,"source_observation_id":"OBS01","source_observation_utc":"OBS01 — 12 Dec 2025 14:08:24 UTC","road_count_direct":0,"bridge_count_direct":0,"nearest_community":"Leq' a: mel","community_distance_m":1696.9946958270791,"alr_overlap_ha":0.2},"geometry":{"type":"Polygon","coordinates":[[[565200.0,5445340.0],[565200.0,5445320.0],[565300.0,5445320.0],[565300.0,5445340.0],[565200.0,5445340.0]]]}},
{"type":"Feature","properties":{"zone_id":"Z187","area_ha":0.04,"source_observation_id":"OBS01","source_observation_utc":"OBS01 — 12 Dec 2025 14:08:24 UTC","road_count_direct":0,"bridge_count_direct":0,"nearest_community":"Leq' a: mel","community_distance_m":3506.5300472958579,"alr_overlap_ha":0.0},"geometry":{"type":"Polygon","coordinates":[[[569920.0,5445300.0],[569920.0,5445280.0],[569940.0,5445280.0],[569940.0,5445300.0],[569920.0,5445300.0]]]}},
{"type":"Feature","properties":{"zone_id":"Z188","area_ha":0.16,"source_observation_id":"OBS01","source_observation_utc":"OBS01 — 12 Dec 2025 14:08:24 UTC","road_count_direct":0,"bridge_count_direct":0,"nearest_community":"Leq' a: mel","community_distance_m":1564.4584664972056,"alr_overlap_ha":0.16},"geometry":{"type":"Polygon","coordinates":[[[565480.0,5445300.0],[565480.0,5445260.0],[565540.0,5445260.0],[565540.0,5445280.0],[565500.0,5445280.0],[565500.0,5445300.0],[565480.0,5445300.0]]]}},
{"type":"Feature","properties":{"zone_id":"Z189","area_ha":0.04,"source_observation_id":"OBS01","source_observation_utc":"OBS01 — 12 Dec 2025 14:08:24 UTC","road_count_direct":0,"bridge_count_direct":0,"nearest_community":"Leq' a: mel","community_distance_m":3475.2557212765732,"alr_overlap_ha":0.0},"geometry":{"type":"Polygon","coordinates":[[[569880.0,5445280.0],[569880.0,5445260.0],[569900.0,5445260.0],[569900.0,5445280.0],[569880.0,5445280.0]]]}},
{"type":"Feature","properties":{"zone_id":"Z190","area_ha":1.84,"source_observation_id":"OBS01","source_observation_utc":"OBS01 — 12 Dec 2025 14:08:24 UTC","road_count_direct":0,"bridge_count_direct":0,"nearest_community":"Leq' a: mel","community_distance_m":2002.2006092480542,"alr_overlap_ha":0.0},"geometry":{"type":"Polygon","coordinates":[[[568480.0,5445500.0],[568480.0,5445480.0],[568460.0,5445480.0],[568460.0,5445400.0],[568440.0,5445400.0],[568440.0,5445380.0],[568420.0,5445380.0],[568420.0,5445360.0],[568400.0,5445360.0],[568400.0,5445340.0],[568380.0,5445340.0],[568380.0,5445320.0],[568360.0,5445320.0],[568360.0,5445360.0],[568340.0,5445360.0],[568340.0,5445380.0],[568320.0,5445380.0],[568320.0,5445360.0],[568300.0,5445360.0],[568300.0,5445340.0],[568280.0,5445340.0],[568280.0,5445300.0],[568320.0,5445300.0],[568320.0,5445320.0],[568340.0,5445320.0],[568340.0,5445280.0],[568320.0,5445280.0],[568320.0,5445260.0],[568280.0,5445260.0],[568280.0,5445240.0],[568340.0,5445240.0],[568340.0,5445260.0],[568380.0,5445260.0],[568380.0,5445280.0],[568400.0,5445280.0],[568400.0,5445300.0],[568440.0,5445300.0],[568440.0,5445320.0],[568460.0,5445320.0],[568460.0,5445360.0],[568480.0,5445360.0],[568480.0,5445380.0],[568500.0,5445380.0],[568500.0,5445500.0],[568480.0,5445500.0]]]}},
{"type":"Feature","properties":{"zone_id":"Z191","area_ha":0.04,"source_observation_id":"OBS01","source_observation_utc":"OBS01 — 12 Dec 2025 14:08:24 UTC","road_count_direct":0,"bridge_count_direct":0,"nearest_community":"Leq' a: mel","community_distance_m":3444.2781078104622,"alr_overlap_ha":0.0},"geometry":{"type":"Polygon","coordinates":[[[569840.0,5445260.0],[569840.0,5445240.0],[569860.0,5445240.0],[569860.0,5445260.0],[569840.0,5445260.0]]]}},
{"type":"Feature","properties":{"zone_id":"Z192","area_ha":0.04,"source_observation_id":"OBS01","source_observation_utc":"OBS01 — 12 Dec 2025 14:08:24 UTC","road_count_direct":0,"bridge_count_direct":0,"nearest_community":"Leq' a: mel","community_distance_m":3432.3575469496996,"alr_overlap_ha":0.0},"geometry":{"type":"Polygon","coordinates":[[[569820.0,5445240.0],[569820.0,5445220.0],[569840.0,5445220.0],[569840.0,5445240.0],[569820.0,5445240.0]]]}},
{"type":"Feature","properties":{"zone_id":"Z193","area_ha":0.04,"source_observation_id":"OBS01","source_observation_utc":"OBS01 — 12 Dec 2025 14:08:24 UTC","road_count_direct":0,"bridge_count_direct":0,"nearest_community":"Leq' a: mel","community_distance_m":3420.6293245925808,"alr_overlap_ha":0.0},"geometry":{"type":"Polygon","coordinates":[[[569800.0,5445220.0],[569800.0,5445200.0],[569820.0,5445200.0],[569820.0,5445220.0],[569800.0,5445220.0]]]}},
{"type":"Feature","properties":{"zone_id":"Z194","area_ha":0.04,"source_observation_id":"OBS01","source_observation_utc":"OBS01 — 12 Dec 2025 14:08:24 UTC","road_count_direct":0,"bridge_count_direct":0,"nearest_community":"Leq' a: mel","community_distance_m":3416.3629138407196,"alr_overlap_ha":0.0},"geometry":{"type":"Polygon","coordinates":[[[569780.0,5445180.0],[569780.0,5445160.0],[569800.0,5445160.0],[569800.0,5445180.0],[569780.0,5445180.0]]]}},
{"type":"Feature","properties":{"zone_id":"Z195","area_ha":0.12,"source_observation_id":"OBS01","source_observation_utc":"OBS01 — 12 Dec 2025 14:08:24 UTC","road_count_direct":0,"bridge_count_direct":0,"nearest_community":"Leq' a: mel","community_distance_m":1919.6653936727364,"alr_overlap_ha":0.0},"geometry":{"type":"Polygon","coordinates":[[[568040.0,5445160.0],[568040.0,5445140.0],[568100.0,5445140.0],[568100.0,5445160.0],[568040.0,5445160.0]]]}},
{"type":"Feature","properties":{"zone_id":"Z196","area_ha":0.04,"source_observation_id":"OBS01","source_observation_utc":"OBS01 — 12 Dec 2025 14:08:24 UTC","road_count_direct":0,"bridge_count_direct":0,"nearest_community":"Leq' a: mel","community_distance_m":1778.4549418767583,"alr_overlap_ha":0.007578491095152442},"geometry":{"type":"Polygon","coordinates":[[[565400.0,5445100.0],[565400.0,5445080.0],[565420.0,5445080.0],[565420.0,5445100.0],[565400.0,5445100.0]]]}},
{"type":"Feature","properties":{"zone_id":"Z197","area_ha":1.68,"source_observation_id":"OBS01","source_observation_utc":"OBS01 — 12 Dec 2025 14:08:24 UTC","road_count_direct":0,"bridge_count_direct":0,"nearest_community":"Leq' a: mel","community_distance_m":2021.4374957855875,"alr_overlap_ha":0.0},"geometry":{"type":"Polygon","coordinates":[[[568400.0,5445180.0],[568400.0,5445160.0],[568260.0,5445160.0],[568260.0,5445140.0],[568200.0,5445140.0],[568200.0,5445120.0],[568140.0,5445120.0],[568140.0,5445080.0],[568200.0,5445080.0],[568200.0,5445100.0],[568260.0,5445100.0],[568260.0,5445120.0],[568340.0,5445120.0],[568340.0,5445080.0],[568320.0,5445080.0],[568320.0,5445020.0],[568340.0,5445020.0],[568340.0,5445040.0],[568380.0,5445040.0],[568380.0,5445100.0],[568420.0,5445100.0],[568420.0,5445180.0],[568400.0,5445180.0]]]}},
{"type":"Feature","properties":{"zone_id":"Z198","area_ha":0.12,"source_observation_id":"OBS01","source_observation_utc":"OBS01 — 12 Dec 2025 14:08:24 UTC","road_count_direct":0,"bridge_count_direct":0,"nearest_community":"Leq' a: mel","community_distance_m":1958.6816020567253,"alr_overlap_ha":0.0},"geometry":{"type":"Polygon","coordinates":[[[567960.0,5445020.0],[567960.0,5445000.0],[568020.0,5445000.0],[568020.0,5445020.0],[567960.0,5445020.0]]]}},
{"type":"Feature","properties":{"zone_id":"Z199","area_ha":0.32,"source_observation_id":"OBS01","source_observation_utc":"OBS01 — 12 Dec 2025 14:08:24 UTC","road_count_direct":1,"bridge_count_direct":0,"nearest_community":"Leq' a: mel","community_distance_m":2459.1569192893407,"alr_overlap_ha":0.32},"geometry":{"type":"Polygon","coordinates":[[[564540.0,5445000.0],[564540.0,5444980.0],[564520.0,5444980.0],[564520.0,5444960.0],[564540.0,5444960.0],[564540.0,5444920.0],[564560.0,5444920.0],[564560.0,5444960.0],[564580.0,5444960.0],[564580.0,5444980.0],[564600.0,5444980.0],[564600.0,5445000.0],[564540.0,5445000.0]]]}},
{"type":"Feature","properties":{"zone_id":"Z200","area_ha":0.04,"source_observation_id":"OBS01","source_observation_utc":"OBS01 — 12 Dec 2025 14:08:24 UTC","road_count_direct":0,"bridge_count_direct":0,"nearest_community":"Leq' a: mel","community_distance_m":3367.1642457303101,"alr_overlap_ha":0.0},"geometry":{"type":"Polygon","coordinates":[[[569600.0,5444900.0],[569600.0,5444880.0],[569620.0,5444880.0],[569620.0,5444900.0],[569600.0,5444900.0]]]}},
{"type":"Feature","properties":{"zone_id":"Z201","area_ha":0.04,"source_observation_id":"OBS01","source_observation_utc":"OBS01 — 12 Dec 2025 14:08:24 UTC","road_count_direct":0,"bridge_count_direct":0,"nearest_community":"Leq' a: mel","community_distance_m":2558.8870666188582,"alr_overlap_ha":0.0138290752046111},"geometry":{"type":"Polygon","coordinates":[[[564560.0,5444860.0],[564560.0,5444840.0],[564580.0,5444840.0],[564580.0,5444860.0],[564560.0,5444860.0]]]}},
{"type":"Feature","properties":{"zone_id":"Z202","area_ha":0.48,"source_observation_id":"OBS01","source_observation_utc":"OBS01 — 12 Dec 2025 14:08:24 UTC","road_count_direct":0,"bridge_count_direct":0,"nearest_community":"Leq' a: mel","community_distance_m":1653.7892583655407,"alr_overlap_ha":0.0},"geometry":{"type":"Polygon","coordinates":[[[567180.0,5444880.0],[567180.0,5444860.0],[567120.0,5444860.0],[567120.0,5444840.0],[567260.0,5444840.0],[567260.0,5444860.0],[567280.0,5444860.0],[567280.0,5444880.0],[567180.0,5444880.0]]]}},
{"type":"Feature","properties":{"zone_id":"Z203","area_ha":0.04,"source_observation_id":"OBS01","source_observation_utc":"OBS01 — 12 Dec 2025 14:08:24 UTC","road_count_direct":0,"bridge_count_direct":0,"nearest_community":"Leq' a: mel","community_distance_m":2105.0525738112819,"alr_overlap_ha":0.0},"geometry":{"type":"Polygon","coordinates":[[[567980.0,5444840.0],[567980.0,5444820.0],[568000.0,5444820.0],[568000.0,5444840.0],[567980.0,5444840.0]]]}},
{"type":"Feature","properties":{"zone_id":"Z204","area_ha":0.12,"source_observation_id":"OBS01","source_observation_utc":"OBS01 — 12 Dec 2025 14:08:24 UTC","road_count_direct":0,"bridge_count_direct":0,"nearest_community":"Leq' a: mel","community_distance_m":1618.0459364346334,"alr_overlap_ha":0.0},"geometry":{"type":"Polygon","coordinates":[[[566900.0,5444840.0],[566900.0,5444800.0],[566920.0,5444800.0],[566920.0,5444820.0],[566940.0,5444820.0],[566940.0,5444840.0],[566900.0,5444840.0]]]}},
{"type":"Feature","properties":{"zone_id":"Z205","area_ha":0.04,"source_observation_id":"OBS01","source_observation_utc":"OBS01 — 12 Dec 2025 14:08:24 UTC","road_count_direct":0,"bridge_count_direct":0,"nearest_community":"Leq' a: mel","community_distance_m":2630.8133764192144,"alr_overlap_ha":0.024686014740287216},"geometry":{"type":"Polygon","coordinates":[[[564500.0,5444820.0],[564500.0,5444800.0],[564520.0,5444800.0],[564520.0,5444820.0],[564500.0,5444820.0]]]}},
{"type":"Feature","properties":{"zone_id":"Z206","area_ha":0.04,"source_observation_id":"OBS01","source_observation_utc":"OBS01 — 12 Dec 2025 14:08:24 UTC","road_count_direct":0,"bridge_count_direct":0,"nearest_community":"Leq' a: mel","community_distance_m":1685.7786016819641,"alr_overlap_ha":0.0},"geometry":{"type":"Polygon","coordinates":[[[567100.0,5444820.0],[567100.0,5444800.0],[567120.0,5444800.0],[567120.0,5444820.0],[567100.0,5444820.0]]]}},
{"type":"Feature","properties":{"zone_id":"Z207","area_ha":0.08,"source_observation_id":"OBS01","source_observation_utc":"OBS01 — 12 Dec 2025 14:08:24 UTC","road_count_direct":0,"bridge_count_direct":0,"nearest_community":"Leq' a: mel","community_distance_m":1710.8567213578956,"alr_overlap_ha":0.0},"geometry":{"type":"Polygon","coordinates":[[[567120.0,5444800.0],[567120.0,5444780.0],[567160.0,5444780.0],[567160.0,5444800.0],[567120.0,5444800.0]]]}},
{"type":"Feature","properties":{"zone_id":"Z208","area_ha":0.04,"source_observation_id":"OBS01","source_observation_utc":"OBS01 — 12 Dec 2025 14:08:24 UTC","road_count_direct":0,"bridge_count_direct":0,"nearest_community":"Leq' a: mel","community_distance_m":1824.4698074412247,"alr_overlap_ha":0.0},"geometry":{"type":"Polygon","coordinates":[[[567420.0,5444800.0],[567420.0,5444780.0],[567440.0,5444780.0],[567440.0,5444800.0],[567420.0,5444800.0]]]}},
{"type":"Feature","properties":{"zone_id":"Z209","area_ha":0.04,"source_observation_id":"OBS01","source_observation_utc":"OBS01 — 12 Dec 2025 14:08:24 UTC","road_count_direct":0,"bridge_count_direct":0,"nearest_community":"Leq' a: mel","community_distance_m":2702.7495302715843,"alr_overlap_ha":0.012408793333304175},"geometry":{"type":"Polygon","coordinates":[[[564440.0,5444780.0],[564440.0,5444760.0],[564460.0,5444760.0],[564460.0,5444780.0],[564440.0,5444780.0]]]}},
{"type":"Feature","properties":{"zone_id":"Z210","area_ha":0.08,"source_observation_id":"OBS01","source_observation_utc":"OBS01 — 12 Dec 2025 14:08:24 UTC","road_count_direct":0,"bridge_count_direct":0,"nearest_community":"Leq' a: mel","community_distance_m":1742.3516403485987,"alr_overlap_ha":0.0},"geometry":{"type":"Polygon","coordinates":[[[567160.0,5444780.0],[567160.0,5444760.0],[567200.0,5444760.0],[567200.0,5444780.0],[567160.0,5444780.0]]]}},
{"type":"Feature","properties":{"zone_id":"Z211","area_ha":0.04,"source_observation_id":"OBS01","source_observation_utc":"OBS01 — 12 Dec 2025 14:08:24 UTC","road_count_direct":0,"bridge_count_direct":0,"nearest_community":"Leq' a: mel","community_distance_m":1824.921761046616,"alr_overlap_ha":0.0},"geometry":{"type":"Polygon","coordinates":[[[567380.0,5444780.0],[567380.0,5444760.0],[567400.0,5444760.0],[567400.0,5444780.0],[567380.0,5444780.0]]]}},
{"type":"Feature","properties":{"zone_id":"Z212","area_ha":0.08,"source_observation_id":"OBS01","source_observation_utc":"OBS01 — 12 Dec 2025 14:08:24 UTC","road_count_direct":0,"bridge_count_direct":0,"nearest_community":"Leq' a: mel","community_distance_m":2216.2004875137363,"alr_overlap_ha":0.0},"geometry":{"type":"Polygon","coordinates":[[[568080.0,5444780.0],[568080.0,5444760.0],[568120.0,5444760.0],[568120.0,5444780.0],[568080.0,5444780.0]]]}},
{"type":"Feature","properties":{"zone_id":"Z213","area_ha":0.04,"source_observation_id":"OBS01","source_observation_utc":"OBS01 — 12 Dec 2025 14:08:24 UTC","road_count_direct":0,"bridge_count_direct":0,"nearest_community":"Leq' a: mel","community_distance_m":1788.3238904633492,"alr_overlap_ha":0.0},"geometry":{"type":"Polygon","coordinates":[[[567240.0,5444760.0],[567240.0,5444740.0],[567260.0,5444740.0],[567260.0,5444760.0],[567240.0,5444760.0]]]}},
{"type":"Feature","properties":{"zone_id":"Z214","area_ha":0.04,"source_observation_id":"OBS01","source_observation_utc":"OBS01 — 12 Dec 2025 14:08:24 UTC","road_count_direct":0,"bridge_count_direct":0,"nearest_community":"Leq' a: mel","community_distance_m":1826.4689402282061,"alr_overlap_ha":0.0},"geometry":{"type":"Polygon","coordinates":[[[567340.0,5444760.0],[567340.0,5444740.0],[567360.0,5444740.0],[567360.0,5444760.0],[567340.0,5444760.0]]]}},
{"type":"Feature","properties":{"zone_id":"Z215","area_ha":0.04,"source_observation_id":"OBS01","source_observation_utc":"OBS01 — 12 Dec 2025 14:08:24 UTC","road_count_direct":0,"bridge_count_direct":0,"nearest_community":"Leq' a: mel","community_distance_m":2257.8536530222873,"alr_overlap_ha":0.0},"geometry":{"type":"Polygon","coordinates":[[[568120.0,5444760.0],[568120.0,5444740.0],[568140.0,5444740.0],[568140.0,5444760.0],[568120.0,5444760.0]]]}},
{"type":"Feature","properties":{"zone_id":"Z216","area_ha":0.04,"source_observation_id":"OBS01","source_observation_utc":"OBS01 — 12 Dec 2025 14:08:24 UTC","road_count_direct":0,"bridge_count_direct":0,"nearest_community":"Leq' a: mel","community_distance_m":2790.583045662142,"alr_overlap_ha":0.035770794315066107},"geometry":{"type":"Polygon","coordinates":[[[564360.0,5444740.0],[564360.0,5444720.0],[564380.0,5444720.0],[564380.0,5444740.0],[564360.0,5444740.0]]]}},
{"type":"Feature","properties":{"zone_id":"Z217","area_ha":0.04,"source_observation_id":"OBS01","source_observation_utc":"OBS01 — 12 Dec 2025 14:08:24 UTC","road_count_direct":0,"bridge_count_direct":0,"nearest_community":"Leq' a: mel","community_distance_m":1829.1085657486844,"alr_overlap_ha":0.0},"geometry":{"type":"Polygon","coordinates":[[[567300.0,5444740.0],[567300.0,5444720.0],[567320.0,5444720.0],[567320.0,5444740.0],[567300.0,5444740.0]]]}},
{"type":"Feature","properties":{"zone_id":"Z218","area_ha":0.08,"source_observation_id":"OBS01","source_observation_utc":"OBS01 — 12 Dec 2025 14:08:24 UTC","road_count_direct":0,"bridge_count_direct":0,"nearest_community":"Leq' a: mel","community_distance_m":2219.9995254901296,"alr_overlap_ha":0.0},"geometry":{"type":"Polygon","coordinates":[[[568040.0,5444740.0],[568040.0,5444720.0],[568080.0,5444720.0],[568080.0,5444740.0],[568040.0,5444740.0]]]}},
{"type":"Feature","properties":{"zone_id":"Z219","area_ha":0.08,"source_observation_id":"OBS01","source_observation_utc":"OBS01 — 12 Dec 2025 14:08:24 UTC","road_count_direct":0,"bridge_count_direct":0,"nearest_community":"Leq' a: mel","community_distance_m":2818.6132017176701,"alr_overlap_ha":0.056862262761806642},"geometry":{"type":"Polygon","coordinates":[[[564320.0,5444720.0],[564320.0,5444700.0],[564360.0,5444700.0],[564360.0,5444720.0],[564320.0,5444720.0]]]}},
{"type":"Feature","properties":{"zone_id":"Z220","area_ha":0.16,"source_observation_id":"OBS01","source_observation_utc":"OBS01 — 12 Dec 2025 14:08:24 UTC","road_count_direct":0,"bridge_count_direct":0,"nearest_community":"Leq' a: mel","community_distance_m":1818.8273474977007,"alr_overlap_ha":0.0},"geometry":{"type":"Polygon","coordinates":[[[567220.0,5444720.0],[567220.0,5444700.0],[567240.0,5444700.0],[567240.0,5444680.0],[567260.0,5444680.0],[567260.0,5444700.0],[567280.0,5444700.0],[567280.0,5444720.0],[567220.0,5444720.0]]]}},
{"type":"Feature","properties":{"zone_id":"Z221","area_ha":0.04,"source_observation_id":"OBS01","source_observation_utc":"OBS01 — 12 Dec 2025 14:08:24 UTC","road_count_direct":0,"bridge_count_direct":0,"nearest_community":"Leq' a: mel","community_distance_m":2862.5565036473949,"alr_overlap_ha":0.026216378720803551},"geometry":{"type":"Polygon","coordinates":[[[564300.0,5444700.0],[564300.0,5444680.0],[564320.0,5444680.0],[564320.0,5444700.0],[564300.0,5444700.0]]]}},
{"type":"Feature","properties":{"zone_id":"Z222","area_ha":0.08,"source_observation_id":"OBS01","source_observation_utc":"OBS01 — 12 Dec 2025 14:08:24 UTC","road_count_direct":0,"bridge_count_direct":0,"nearest_community":"Leq' a: mel","community_distance_m":2890.5806307270063,"alr_overlap_ha":0.044253118532939305},"geometry":{"type":"Polygon","coordinates":[[[564260.0,5444680.0],[564260.0,5444660.0],[564300.0,5444660.0],[564300.0,5444680.0],[564260.0,5444680.0]]]}},
{"type":"Feature","properties":{"zone_id":"Z223","area_ha":0.08,"source_observation_id":"OBS01","source_observation_utc":"OBS01 — 12 Dec 2025 14:08:24 UTC","road_count_direct":0,"bridge_count_direct":0,"nearest_community":"Leq' a: mel","community_distance_m":2266.011849727764,"alr_overlap_ha":0.0},"geometry":{"type":"Polygon","coordinates":[[[568040.0,5444680.0],[568040.0,5444640.0],[568060.0,5444640.0],[568060.0,5444680.0],[568040.0,5444680.0]]]}},
{"type":"Feature","properties":{"zone_id":"Z224","area_ha":0.04,"source_observation_id":"OBS01","source_observation_utc":"OBS01 — 12 Dec 2025 14:08:24 UTC","road_count_direct":0,"bridge_count_direct":0,"nearest_community":"Leq' a: mel","community_distance_m":2934.5367161463496,"alr_overlap_ha":0.028366981409971185},"geometry":{"type":"Polygon","coordinates":[[[564240.0,5444660.0],[564240.0,5444640.0],[564260.0,5444640.0],[564260.0,5444660.0],[564240.0,5444660.0]]]}},
{"type":"Feature","properties":{"zone_id":"Z225","area_ha":0.08,"source_observation_id":"OBS01","source_observation_utc":"OBS01 — 12 Dec 2025 14:08:24 UTC","road_count_direct":0,"bridge_count_direct":0,"nearest_community":"Leq' a: mel","community_distance_m":1803.4973958710532,"alr_overlap_ha":0.0},"geometry":{"type":"Polygon","coordinates":[[[566820.0,5444640.0],[566820.0,5444620.0],[566860.0,5444620.0],[566860.0,5444640.0],[566820.0,5444640.0]]]}},
{"type":"Feature","properties":{"zone_id":"Z226","area_ha":0.04,"source_observation_id":"OBS01","source_observation_utc":"OBS01 — 12 Dec 2025 14:08:24 UTC","road_count_direct":0,"bridge_count_direct":0,"nearest_community":"Leq' a: mel","community_distance_m":1831.5399709006927,"alr_overlap_ha":0.0},"geometry":{"type":"Polygon","coordinates":[[[566880.0,5444620.0],[566880.0,5444600.0],[566900.0,5444600.0],[566900.0,5444620.0],[566880.0,5444620.0]]]}},
{"type":"Feature","properties":{"zone_id":"Z227","area_ha":0.04,"source_observation_id":"OBS01","source_observation_utc":"OBS01 — 12 Dec 2025 14:08:24 UTC","road_count_direct":0,"bridge_count_direct":0,"nearest_community":"Leq' a: mel","community_distance_m":1862.6746868074183,"alr_overlap_ha":0.0},"geometry":{"type":"Polygon","coordinates":[[[567040.0,5444620.0],[567040.0,5444600.0],[567060.0,5444600.0],[567060.0,5444620.0],[567040.0,5444620.0]]]}},
{"type":"Feature","properties":{"zone_id":"Z228","area_ha":0.08,"source_observation_id":"OBS01","source_observation_utc":"OBS01 — 12 Dec 2025 14:08:24 UTC","road_count_direct":0,"bridge_count_direct":0,"nearest_community":"Leq' a: mel","community_distance_m":1871.8331245701886,"alr_overlap_ha":0.0},"geometry":{"type":"Polygon","coordinates":[[[566500.0,5444560.0],[566500.0,5444520.0],[566520.0,5444520.0],[566520.0,5444560.0],[566500.0,5444560.0]]]}},
{"type":"Feature","properties":{"zone_id":"Z229","area_ha":0.32,"source_observation_id":"OBS01","source_observation_utc":"OBS01 — 12 Dec 2025 14:08:24 UTC","road_count_direct":0,"bridge_count_direct":0,"nearest_community":"Leq' a: mel","community_distance_m":1854.432498672734,"alr_overlap_ha":0.0},"geometry":{"type":"Polygon","coordinates":[[[566900.0,5444600.0],[566900.0,5444560.0],[566920.0,5444560.0],[566920.0,5444500.0],[566940.0,5444500.0],[566940.0,5444540.0],[566960.0,5444540.0],[566960.0,5444560.0],[566940.0,5444560.0],[566940.0,5444600.0],[566900.0,5444600.0]]]}},
{"type":"Feature","properties":{"zone_id":"Z230","area_ha":0.04,"source_observation_id":"OBS01","source_observation_utc":"OBS01 — 12 Dec 2025 14:08:24 UTC","road_count_direct":0,"bridge_count_direct":0,"nearest_community":"Leq' a: mel","community_distance_m":1911.0584527973756,"alr_overlap_ha":0.0},"geometry":{"type":"Polygon","coordinates":[[[566520.0,5444520.0],[566520.0,5444500.0],[566540.0,5444500.0],[566540.0,5444520.0],[566520.0,5444520.0]]]}},
{"type":"Feature","properties":{"zone_id":"Z231","area_ha":0.08,"source_observation_id":"OBS01","source_observation_utc":"OBS01 — 12 Dec 2025 14:08:24 UTC","road_count_direct":0,"bridge_count_direct":0,"nearest_community":"Leq' a: mel","community_distance_m":1930.098416085355,"alr_overlap_ha":0.0},"geometry":{"type":"Polygon","coordinates":[[[566580.0,5444500.0],[566580.0,5444480.0],[566620.0,5444480.0],[566620.0,5444500.0],[566580.0,5444500.0]]]}},
{"type":"Feature","properties":{"zone_id":"Z232","area_ha":0.08,"source_observation_id":"OBS01","source_observation_utc":"OBS01 — 12 Dec 2025 14:08:24 UTC","road_count_direct":0,"bridge_count_direct":0,"nearest_community":"Leq' a: mel","community_distance_m":1950.497048372928,"alr_overlap_ha":0.0},"geometry":{"type":"Polygon","coordinates":[[[566640.0,5444480.0],[566640.0,5444460.0],[566680.0,5444460.0],[566680.0,5444480.0],[566640.0,5444480.0]]]}},
{"type":"Feature","properties":{"zone_id":"Z233","area_ha":0.04,"source_observation_id":"OBS01","source_observation_utc":"OBS01 — 12 Dec 2025 14:08:24 UTC","road_count_direct":0,"bridge_count_direct":0,"nearest_community":"Leq' a: mel","community_distance_m":1973.7152363722637,"alr_overlap_ha":0.0},"geometry":{"type":"Polygon","coordinates":[[[566720.0,5444460.0],[566720.0,5444440.0],[566740.0,5444440.0],[566740.0,5444460.0],[566720.0,5444460.0]]]}},
{"type":"Feature","properties":{"zone_id":"Z234","area_ha":0.04,"source_observation_id":"OBS01","source_observation_utc":"OBS01 — 12 Dec 2025 14:08:24 UTC","road_count_direct":0,"bridge_count_direct":0,"nearest_community":"Leq' a: mel","community_distance_m":3293.6135831607089,"alr_overlap_ha":0.0},"geometry":{"type":"Polygon","coordinates":[[[569240.0,5444460.0],[569240.0,5444440.0],[569260.0,5444440.0],[569260.0,5444460.0],[569240.0,5444460.0]]]}},
{"type":"Feature","properties":{"zone_id":"Z235","area_ha":0.04,"source_observation_id":"OBS01","source_observation_utc":"OBS01 — 12 Dec 2025 14:08:24 UTC","road_count_direct":0,"bridge_count_direct":0,"nearest_community":"Leq' a: mel","community_distance_m":2004.4499279929862,"alr_overlap_ha":0.0},"geometry":{"type":"Polygon","coordinates":[[[566840.0,5444440.0],[566840.0,5444420.0],[566860.0,5444420.0],[566860.0,5444440.0],[566840.0,5444440.0]]]}},
{"type":"Feature","properties":{"zone_id":"Z236","area_ha":0.04,"source_observation_id":"OBS01","source_observation_utc":"OBS01 — 12 Dec 2025 14:08:24 UTC","road_count_direct":0,"bridge_count_direct":0,"nearest_community":"Leq' a: mel","community_distance_m":3289.6682327160083,"alr_overlap_ha":0.0},"geometry":{"type":"Polygon","coordinates":[[[569220.0,5444440.0],[569220.0,5444420.0],[569240.0,5444420.0],[569240.0,5444440.0],[569220.0,5444440.0]]]}},
{"type":"Feature","properties":{"zone_id":"Z237","area_ha":0.04,"source_observation_id":"OBS01","source_observation_utc":"OBS01 — 12 Dec 2025 14:08:24 UTC","road_count_direct":0,"bridge_count_direct":0,"nearest_community":"Leq' a: mel","community_distance_m":3285.9616138203746,"alr_overlap_ha":0.0026645913438091357},"geometry":{"type":"Polygon","coordinates":[[[569200.0,5444420.0],[569200.0,5444400.0],[569220.0,5444400.0],[569220.0,5444420.0],[569200.0,5444420.0]]]}},
{"type":"Feature","properties":{"zone_id":"Z238","area_ha":0.08,"source_observation_id":"OBS01","source_observation_utc":"OBS01 — 12 Dec 2025 14:08:24 UTC","road_count_direct":0,"bridge_count_direct":0,"nearest_community":"Leq' a: mel","community_distance_m":3266.8016596019211,"alr_overlap_ha":0.0029911406541691622},"geometry":{"type":"Polygon","coordinates":[[[569160.0,5444400.0],[569160.0,5444380.0],[569200.0,5444380.0],[569200.0,5444400.0],[569160.0,5444400.0]]]}},
{"type":"Feature","properties":{"zone_id":"Z239","area_ha":0.04,"source_observation_id":"OBS01","source_observation_utc":"OBS01 — 12 Dec 2025 14:08:24 UTC","road_count_direct":0,"bridge_count_direct":0,"nearest_community":"Leq' a: mel","community_distance_m":3263.6819283346231,"alr_overlap_ha":0.0},"geometry":{"type":"Polygon","coordinates":[[[569140.0,5444380.0],[569140.0,5444360.0],[569160.0,5444360.0],[569160.0,5444380.0],[569140.0,5444380.0]]]}},
{"type":"Feature","properties":{"zone_id":"Z240","area_ha":0.08,"source_observation_id":"OBS01","source_observation_utc":"OBS01 — 12 Dec 2025 14:08:24 UTC","road_count_direct":0,"bridge_count_direct":0,"nearest_community":"Leq' a: mel","community_distance_m":3201.8292533183126,"alr_overlap_ha":0.0},"geometry":{"type":"Polygon","coordinates":[[[569060.0,5444380.0],[569060.0,5444340.0],[569080.0,5444340.0],[569080.0,5444380.0],[569060.0,5444380.0]]]}},
{"type":"Feature","properties":{"zone_id":"Z241","area_ha":0.04,"source_observation_id":"OBS01","source_observation_utc":"OBS01 — 12 Dec 2025 14:08:24 UTC","road_count_direct":0,"bridge_count_direct":0,"nearest_community":"Leq' a: mel","community_distance_m":3212.373133714148,"alr_overlap_ha":0.0},"geometry":{"type":"Polygon","coordinates":[[[569040.0,5444340.0],[569040.0,5444320.0],[569060.0,5444320.0],[569060.0,5444340.0],[569040.0,5444340.0]]]}},
{"type":"Feature","properties":{"zone_id":"Z242","area_ha":0.04,"source_observation_id":"OBS01","source_observation_utc":"OBS01 — 12 Dec 2025 14:08:24 UTC","road_count_direct":0,"bridge_count_direct":0,"nearest_community":"Leq' a: mel","community_distance_m":3193.5900100115323,"alr_overlap_ha":0.0},"geometry":{"type":"Polygon","coordinates":[[[568980.0,5444300.0],[568980.0,5444280.0],[569000.0,5444280.0],[569000.0,5444300.0],[568980.0,5444300.0]]]}},
{"type":"Feature","properties":{"zone_id":"Z243","area_ha":0.04,"source_observation_id":"OBS01","source_observation_utc":"OBS01 — 12 Dec 2025 14:08:24 UTC","road_count_direct":0,"bridge_count_direct":0,"nearest_community":"Leq' a: mel","community_distance_m":3192.1534734729776,"alr_overlap_ha":0.0},"geometry":{"type":"Polygon","coordinates":[[[568960.0,5444280.0],[568960.0,5444260.0],[568980.0,5444260.0],[568980.0,5444280.0],[568960.0,5444280.0]]]}},
{"type":"Feature","properties":{"zone_id":"Z244","area_ha":0.04,"source_observation_id":"OBS01","source_observation_utc":"OBS01 — 12 Dec 2025 14:08:24 UTC","road_count_direct":0,"bridge_count_direct":0,"nearest_community":"Leq' a: mel","community_distance_m":3190.9670077212859,"alr_overlap_ha":0.0},"geometry":{"type":"Polygon","coordinates":[[[568940.0,5444260.0],[568940.0,5444240.0],[568960.0,5444240.0],[568960.0,5444260.0],[568940.0,5444260.0]]]}},
{"type":"Feature","properties":{"zone_id":"Z245","area_ha":0.04,"source_observation_id":"OBS01","source_observation_utc":"OBS01 — 12 Dec 2025 14:08:24 UTC","road_count_direct":0,"bridge_count_direct":0,"nearest_community":"Leq' a: mel","community_distance_m":3105.6947583860806,"alr_overlap_ha":0.0},"geometry":{"type":"Polygon","coordinates":[[[568720.0,5444160.0],[568720.0,5444140.0],[568740.0,5444140.0],[568740.0,5444160.0],[568720.0,5444160.0]]]}},
{"type":"Feature","properties":{"zone_id":"Z246","area_ha":0.8,"source_observation_id":"OBS01","source_observation_utc":"OBS01 — 12 Dec 2025 14:08:24 UTC","road_count_direct":0,"bridge_count_direct":0,"nearest_community":"Leq' a: mel","community_distance_m":3132.5497389623665,"alr_overlap_ha":0.0},"geometry":{"type":"Polygon","coordinates":[[[568900.0,5444240.0],[568900.0,5444220.0],[568880.0,5444220.0],[568880.0,5444200.0],[568840.0,5444200.0],[568840.0,5444180.0],[568780.0,5444180.0],[568780.0,5444160.0],[568760.0,5444160.0],[568760.0,5444140.0],[568860.0,5444140.0],[568860.0,5444160.0],[568900.0,5444160.0],[568900.0,5444180.0],[568920.0,5444180.0],[568920.0,5444200.0],[568940.0,5444200.0],[568940.0,5444240.0],[568900.0,5444240.0]]]}},
{"type":"Feature","properties":{"zone_id":"Z247","area_ha":0.04,"source_observation_id":"OBS01","source_observation_utc":"OBS01 — 12 Dec 2025 14:08:24 UTC","road_count_direct":0,"bridge_count_direct":0,"nearest_community":"Leq' a: mel","community_distance_m":2490.9351998206826,"alr_overlap_ha":0.032744052818235704},"geometry":{"type":"Polygon","coordinates":[[[565700.0,5444100.0],[565700.0,5444080.0],[565720.0,5444080.0],[565720.0,5444100.0],[565700.0,5444100.0]]]}},
{"type":"Feature","properties":{"zone_id":"Z248","area_ha":0.12,"source_observation_id":"OBS01","source_observation_utc":"OBS01 — 12 Dec 2025 14:08:24 UTC","road_count_direct":0,"bridge_count_direct":0,"nearest_community":"Leq' a: mel","community_distance_m":2528.3919876064574,"alr_overlap_ha":0.12},"geometry":{"type":"Polygon","coordinates":[[[565700.0,5444060.0],[565700.0,5444000.0],[565720.0,5444000.0],[565720.0,5444060.0],[565700.0,5444060.0]]]}},
{"type":"Feature","properties":{"zone_id":"Z249","area_ha":0.08,"source_observation_id":"OBS01","source_observation_utc":"OBS01 — 12 Dec 2025 14:08:24 UTC","road_count_direct":0,"bridge_count_direct":0,"nearest_community":"Leq' a: mel","community_distance_m":2591.6019297800153,"alr_overlap_ha":0.08},"geometry":{"type":"Polygon","coordinates":[[[565680.0,5444000.0],[565680.0,5443960.0],[565700.0,5443960.0],[565700.0,5444000.0],[565680.0,5444000.0]]]}},
{"type":"Feature","properties":{"zone_id":"Z250","area_ha":0.64,"source_observation_id":"OBS01","source_observation_utc":"OBS01 — 12 Dec 2025 14:08:24 UTC","road_count_direct":0,"bridge_count_direct":0,"nearest_community":"Leq' a: mel","community_distance_m":2636.0635700307103,"alr_overlap_ha":0.64},"geometry":{"type":"Polygon","coordinates":[[[565660.0,5443960.0],[565660.0,5443940.0],[565620.0,5443940.0],[565620.0,5443920.0],[565600.0,5443920.0],[565600.0,5443900.0],[565560.0,5443900.0],[565560.0,5443880.0],[565540.0,5443880.0],[565540.0,5443860.0],[565520.0,5443860.0],[565520.0,5443840.0],[565580.0,5443840.0],[565580.0,5443860.0],[565600.0,5443860.0],[565600.0,5443880.0],[565620.0,5443880.0],[565620.0,5443900.0],[565660.0,5443900.0],[565660.0,5443920.0],[565680.0,5443920.0],[565680.0,5443960.0],[565660.0,5443960.0]]]}},
{"type":"Feature","properties":{"zone_id":"Z251","area_ha":0.12,"source_observation_id":"OBS01","source_observation_utc":"OBS01 — 12 Dec 2025 14:08:24 UTC","road_count_direct":1,"bridge_count_direct":0,"nearest_community":"Leq' a: mel","community_distance_m":2592.8505298674395,"alr_overlap_ha":0.021698980718970057},"geometry":{"type":"Polygon","coordinates":[[[566720.0,5443840.0],[566720.0,5443820.0],[566780.0,5443820.0],[566780.0,5443840.0],[566720.0,5443840.0]]]}},
{"type":"Feature","properties":{"zone_id":"Z252","area_ha":0.08,"source_observation_id":"OBS01","source_observation_utc":"OBS01 — 12 Dec 2025 14:08:24 UTC","road_count_direct":0,"bridge_count_direct":0,"nearest_community":"Leq' a: mel","community_distance_m":2617.7931849450729,"alr_overlap_ha":0.0},"geometry":{"type":"Polygon","coordinates":[[[566360.0,5443820.0],[566360.0,5443800.0],[566400.0,5443800.0],[566400.0,5443820.0],[566360.0,5443820.0]]]}},
{"type":"Feature","properties":{"zone_id":"Z253","area_ha":0.16,"source_observation_id":"OBS01","source_observation_utc":"OBS01 — 12 Dec 2025 14:08:24 UTC","road_count_direct":0,"bridge_count_direct":0,"nearest_community":"Leq' a: mel","community_distance_m":2806.4633333142506,"alr_overlap_ha":0.16},"geometry":{"type":"Polygon","coordinates":[[[565500.0,5443840.0],[565500.0,5443820.0],[565480.0,5443820.0],[565480.0,5443780.0],[565500.0,5443780.0],[565500.0,5443800.0],[565520.0,5443800.0],[565520.0,5443840.0],[565500.0,5443840.0]]]}},
{"type":"Feature","properties":{"zone_id":"Z254","area_ha":0.04,"source_observation_id":"OBS01","source_observation_utc":"OBS01 — 12 Dec 2025 14:08:24 UTC","road_count_direct":0,"bridge_count_direct":0,"nearest_community":"Leq' a: mel","community_distance_m":2877.2719145400606,"alr_overlap_ha":0.04},"geometry":{"type":"Polygon","coordinates":[[[565460.0,5443780.0],[565460.0,5443760.0],[565480.0,5443760.0],[565480.0,5443780.0],[565460.0,5443780.0]]]}},
{"type":"Feature","properties":{"zone_id":"Z255","area_ha":0.04,"source_observation_id":"OBS01","source_observation_utc":"OBS01 — 12 Dec 2025 14:08:24 UTC","road_count_direct":0,"bridge_count_direct":0,"nearest_community":"Leq' a: mel","community_distance_m":2903.5013890751225,"alr_overlap_ha":0.04},"geometry":{"type":"Polygon","coordinates":[[[565440.0,5443760.0],[565440.0,5443740.0],[565460.0,5443740.0],[565460.0,5443760.0],[565440.0,5443760.0]]]}},
{"type":"Feature","properties":{"zone_id":"Z256","area_ha":0.04,"source_observation_id":"OBS01","source_observation_utc":"OBS01 — 12 Dec 2025 14:08:24 UTC","road_count_direct":0,"bridge_count_direct":0,"nearest_community":"Leq' a: mel","community_distance_m":2929.7690971339885,"alr_overlap_ha":0.04},"geometry":{"type":"Polygon","coordinates":[[[565420.0,5443740.0],[565420.0,5443720.0],[565440.0,5443720.0],[565440.0,5443740.0],[565420.0,5443740.0]]]}},
{"type":"Feature","properties":{"zone_id":"Z257","area_ha":0.12,"source_observation_id":"OBS01","source_observation_utc":"OBS01 — 12 Dec 2025 14:08:24 UTC","road_count_direct":0,"bridge_count_direct":0,"nearest_community":"Leq' a: mel","community_distance_m":3377.405387737831,"alr_overlap_ha":0.12},"geometry":{"type":"Polygon","coordinates":[[[564600.0,5443680.0],[564600.0,5443660.0],[564620.0,5443660.0],[564620.0,5443640.0],[564640.0,5443640.0],[564640.0,5443680.0],[564600.0,5443680.0]]]}},
{"type":"Feature","properties":{"zone_id":"Z258","area_ha":0.04,"source_observation_id":"OBS01","source_observation_utc":"OBS01 — 12 Dec 2025 14:08:24 UTC","road_count_direct":0,"bridge_count_direct":0,"nearest_community":"Leq' a: mel","community_distance_m":3428.7226802869491,"alr_overlap_ha":0.04},"geometry":{"type":"Polygon","coordinates":[[[564560.0,5443660.0],[564560.0,5443640.0],[564580.0,5443640.0],[564580.0,5443660.0],[564560.0,5443660.0]]]}},
{"type":"Feature","properties":{"zone_id":"Z259","area_ha":0.04,"source_observation_id":"OBS01","source_observation_utc":"OBS01 — 12 Dec 2025 14:08:24 UTC","road_count_direct":0,"bridge_count_direct":0,"nearest_community":"Leq' a: mel","community_distance_m":2770.735900185141,"alr_overlap_ha":0.04},"geometry":{"type":"Polygon","coordinates":[[[566660.0,5443660.0],[566660.0,5443640.0],[566680.0,5443640.0],[566680.0,5443660.0],[566660.0,5443660.0]]]}},
{"type":"Feature","properties":{"zone_id":"Z260","area_ha":0.04,"source_observation_id":"OBS01","source_observation_utc":"OBS01 — 12 Dec 2025 14:08:24 UTC","road_count_direct":0,"bridge_count_direct":0,"nearest_community":"Leq' a: mel","community_distance_m":3528.8386363752315,"alr_overlap_ha":0.04},"geometry":{"type":"Polygon","coordinates":[[[564420.0,5443640.0],[564420.0,5443620.0],[564440.0,5443620.0],[564440.0,5443640.0],[564420.0,5443640.0]]]}},
{"type":"Feature","properties":{"zone_id":"Z261","area_ha":4.48,"source_observation_id":"OBS01","source_observation_utc":"OBS01 — 12 Dec 2025 14:08:24 UTC","road_count_direct":0,"bridge_count_direct":0,"nearest_community":"Leq' a: mel","community_distance_m":2990.5221892435957,"alr_overlap_ha":4.48},"geometry":{"type":"Polygon","coordinates":[[[564920.0,5443720.0],[564920.0,5443700.0],[564820.0,5443700.0],[564820.0,5443680.0],[564720.0,5443680.0],[564720.0,5443660.0],[564680.0,5443660.0],[564680.0,5443640.0],[564740.0,5443640.0],[564740.0,5443660.0],[564840.0,5443660.0],[564840.0,5443680.0],[564860.0,5443680.0],[564860.0,5443660.0],[564880.0,5443660.0],[564880.0,5443680.0],[564900.0,5443680.0],[564900.0,5443660.0],[564940.0,5443660.0],[564940.0,5443640.0],[565040.0,5443640.0],[565040.0,5443620.0],[565080.0,5443620.0],[565080.0,5443600.0],[565260.0,5443600.0],[565260.0,5443620.0],[565300.0,5443620.0],[565300.0,5443640.0],[565320.0,5443640.0],[565320.0,5443660.0],[565360.0,5443660.0],[565360.0,5443680.0],[565380.0,5443680.0],[565380.0,5443700.0],[565300.0,5443700.0],[565300.0,5443680.0],[565280.0,5443680.0],[565280.0,5443700.0],[565200.0,5443700.0],[565200.0,5443720.0],[565160.0,5443720.0],[565160.0,5443700.0],[565100.0,5443700.0],[565100.0,5443720.0],[564920.0,5443720.0]]]}},
{"type":"Feature","properties":{"zone_id":"Z262","area_ha":0.04,"source_observation_id":"OBS01","source_observation_utc":"OBS01 — 12 Dec 2025 14:08:24 UTC","road_count_direct":0,"bridge_count_direct":0,"nearest_community":"Leq' a: mel","community_distance_m":3581.5603005908183,"alr_overlap_ha":0.04},"geometry":{"type":"Polygon","coordinates":[[[564360.0,5443620.0],[564360.0,5443600.0],[564380.0,5443600.0],[564380.0,5443620.0],[564360.0,5443620.0]]]}},
{"type":"Feature","properties":{"zone_id":"Z263","area_ha":0.2,"source_observation_id":"OBS01","source_observation_utc":"OBS01 — 12 Dec 2025 14:08:24 UTC","road_count_direct":0,"bridge_count_direct":0,"nearest_community":"Leq' a: mel","community_distance_m":2790.3770488475034,"alr_overlap_ha":0.2},"geometry":{"type":"Polygon","coordinates":[[[566640.0,5443640.0],[566640.0,5443560.0],[566660.0,5443560.0],[566660.0,5443600.0],[566680.0,5443600.0],[566680.0,5443620.0],[566660.0,5443620.0],[566660.0,5443640.0],[566640.0,5443640.0]]]}},
{"type":"Feature","properties":{"zone_id":"Z264","area_ha":0.04,"source_observation_id":"OBS01","source_observation_utc":"OBS01 — 12 Dec 2025 14:08:24 UTC","road_count_direct":0,"bridge_count_direct":0,"nearest_community":"Leq' a: mel","community_distance_m":3588.5842112205714,"alr_overlap_ha":0.04},"geometry":{"type":"Polygon","coordinates":[[[564400.0,5443580.0],[564400.0,5443560.0],[564420.0,5443560.0],[564420.0,5443580.0],[564400.0,5443580.0]]]}},
{"type":"Feature","properties":{"zone_id":"Z265","area_ha":0.04,"source_observation_id":"OBS01","source_observation_utc":"OBS01 — 12 Dec 2025 14:08:24 UTC","road_count_direct":0,"bridge_count_direct":0,"nearest_community":"Leq' a: mel","community_distance_m":2872.6297181228133,"alr_overlap_ha":0.0037883153603847932},"geometry":{"type":"Polygon","coordinates":[[[566460.0,5443560.0],[566460.0,5443540.0],[566480.0,5443540.0],[566480.0,5443560.0],[566460.0,5443560.0]]]}},
{"type":"Feature","properties":{"zone_id":"Z266","area_ha":0.04,"source_observation_id":"OBS01","source_observation_utc":"OBS01 — 12 Dec 2025 14:08:24 UTC","road_count_direct":0,"bridge_count_direct":0,"nearest_community":"Leq' a: mel","community_distance_m":3554.2354289403424,"alr_overlap_ha":0.04},"geometry":{"type":"Polygon","coordinates":[[[564540.0,5443520.0],[564540.0,5443500.0],[564560.0,5443500.0],[564560.0,5443520.0],[564540.0,5443520.0]]]}},
{"type":"Feature","properties":{"zone_id":"Z267","area_ha":0.04,"source_observation_id":"OBS01","source_observation_utc":"OBS01 — 12 Dec 2025 14:08:24 UTC","road_count_direct":0,"bridge_count_direct":0,"nearest_community":"Leq' a: mel","community_distance_m":3514.4387707562259,"alr_overlap_ha":0.04},"geometry":{"type":"Polygon","coordinates":[[[564640.0,5443500.0],[564640.0,5443480.0],[564660.0,5443480.0],[564660.0,5443500.0],[564640.0,5443500.0]]]}},
{"type":"Feature","properties":{"zone_id":"Z268","area_ha":0.08,"source_observation_id":"OBS01","source_observation_utc":"OBS01 — 12 Dec 2025 14:08:24 UTC","road_count_direct":0,"bridge_count_direct":0,"nearest_community":"Leq' a: mel","community_distance_m":3096.2255289478635,"alr_overlap_ha":0.08},"geometry":{"type":"Polygon","coordinates":[[[565560.0,5443500.0],[565560.0,5443480.0],[565600.0,5443480.0],[565600.0,5443500.0],[565560.0,5443500.0]]]}},
{"type":"Feature","properties":{"zone_id":"Z269","area_ha":0.04,"source_observation_id":"OBS01","source_observation_utc":"OBS01 — 12 Dec 2025 14:08:24 UTC","road_count_direct":0,"bridge_count_direct":0,"nearest_community":"Leq' a: mel","community_distance_m":3445.7948479130546,"alr_overlap_ha":0.039890611733928431},"geometry":{"type":"Polygon","coordinates":[[[564800.0,5443480.0],[564800.0,5443460.0],[564820.0,5443460.0],[564820.0,5443480.0],[564800.0,5443480.0]]]}},
{"type":"Feature","properties":{"zone_id":"Z270","area_ha":0.08,"source_observation_id":"OBS01","source_observation_utc":"OBS01 — 12 Dec 2025 14:08:24 UTC","road_count_direct":0,"bridge_count_direct":0,"nearest_community":"Leq' a: mel","community_distance_m":3084.493947986974,"alr_overlap_ha":0.08},"geometry":{"type":"Polygon","coordinates":[[[565660.0,5443480.0],[565660.0,5443460.0],[565700.0,5443460.0],[565700.0,5443480.0],[565660.0,5443480.0]]]}},
{"type":"Feature","properties":{"zone_id":"Z271","area_ha":0.24,"source_observation_id":"OBS01","source_observation_utc":"OBS01 — 12 Dec 2025 14:08:24 UTC","road_count_direct":0,"bridge_count_direct":0,"nearest_community":"Leq' a: mel","community_distance_m":3134.94570787152,"alr_overlap_ha":0.24},"geometry":{"type":"Polygon","coordinates":[[[565440.0,5443480.0],[565440.0,5443460.0],[565460.0,5443460.0],[565460.0,5443440.0],[565480.0,5443440.0],[565480.0,5443460.0],[565540.0,5443460.0],[565540.0,5443480.0],[565440.0,5443480.0]]]}},
{"type":"Feature","properties":{"zone_id":"Z272","area_ha":0.28,"source_observation_id":"OBS01","source_observation_utc":"OBS01 — 12 Dec 2025 14:08:24 UTC","road_count_direct":0,"bridge_count_direct":0,"nearest_community":"Leq' a: mel","community_distance_m":2940.1694192303985,"alr_overlap_ha":0.0010907372004474256},"geometry":{"type":"Polygon","coordinates":[[[567020.0,5443520.0],[567020.0,5443500.0],[567000.0,5443500.0],[567000.0,5443480.0],[566980.0,5443480.0],[566980.0,5443440.0],[567020.0,5443440.0],[567020.0,5443480.0],[567040.0,5443480.0],[567040.0,5443520.0],[567020.0,5443520.0]]]}},
{"type":"Feature","properties":{"zone_id":"Z273","area_ha":0.08,"source_observation_id":"OBS01","source_observation_utc":"OBS01 — 12 Dec 2025 14:08:24 UTC","road_count_direct":0,"bridge_count_direct":0,"nearest_community":"Leq' a: mel","community_distance_m":3188.7932004959339,"alr_overlap_ha":0.08},"geometry":{"type":"Polygon","coordinates":[[[565400.0,5443460.0],[565400.0,5443440.0],[565440.0,5443440.0],[565440.0,5443460.0],[565400.0,5443460.0]]]}},
{"type":"Feature","properties":{"zone_id":"Z274","area_ha":0.24,"source_observation_id":"OBS01","source_observation_utc":"OBS01 — 12 Dec 2025 14:08:24 UTC","road_count_direct":0,"bridge_count_direct":0,"nearest_community":"Leq' a: mel","community_distance_m":3076.1003404030989,"alr_overlap_ha":0.24},"geometry":{"type":"Polygon","coordinates":[[[565720.0,5443460.0],[565720.0,5443440.0],[565760.0,5443440.0],[565760.0,5443420.0],[565800.0,5443420.0],[565800.0,5443460.0],[565720.0,5443460.0]]]}},
{"type":"Feature","properties":{"zone_id":"Z275","area_ha":0.04,"source_observation_id":"OBS01","source_observation_utc":"OBS01 — 12 Dec 2025 14:08:24 UTC","road_count_direct":0,"bridge_count_direct":0,"nearest_community":"Leq' a: mel","community_distance_m":3109.6588989788193,"alr_overlap_ha":0.04},"geometry":{"type":"Polygon","coordinates":[[[565800.0,5443420.0],[565800.0,5443400.0],[565820.0,5443400.0],[565820.0,5443420.0],[565800.0,5443420.0]]]}},
{"type":"Feature","properties":{"zone_id":"Z276","area_ha":0.04,"source_observation_id":"OBS01","source_observation_utc":"OBS01 — 12 Dec 2025 14:08:24 UTC","road_count_direct":0,"bridge_count_direct":0,"nearest_community":"Leq' a: mel","community_distance_m":3124.0934197179272,"alr_overlap_ha":0.04},"geometry":{"type":"Polygon","coordinates":[[[565820.0,5443400.0],[565820.0,5443380.0],[565840.0,5443380.0],[565840.0,5443400.0],[565820.0,5443400.0]]]}},
{"type":"Feature","properties":{"zone_id":"Z277","area_ha":0.04,"source_observation_id":"OBS01","source_observation_utc":"OBS01 — 12 Dec 2025 14:08:24 UTC","road_count_direct":0,"bridge_count_direct":0,"nearest_community":"Leq' a: mel","community_distance_m":3138.7164450220002,"alr_overlap_ha":0.039166882093779651},"geometry":{"type":"Polygon","coordinates":[[[565840.0,5443380.0],[565840.0,5443360.0],[565860.0,5443360.0],[565860.0,5443380.0],[565840.0,5443380.0]]]}},
{"type":"Feature","properties":{"zone_id":"Z278","area_ha":0.04,"source_observation_id":"OBS01","source_observation_utc":"OBS01 — 12 Dec 2025 14:08:24 UTC","road_count_direct":0,"bridge_count_direct":0,"nearest_community":"Leq' a: mel","community_distance_m":3153.5253525821277,"alr_overlap_ha":0.036119293962990101},"geometry":{"type":"Polygon","coordinates":[[[565860.0,5443360.0],[565860.0,5443340.0],[565880.0,5443340.0],[565880.0,5443360.0],[565860.0,5443360.0]]]}},
{"type":"Feature","properties":{"zone_id":"Z279","area_ha":0.04,"source_observation_id":"OBS01","source_observation_utc":"OBS01 — 12 Dec 2025 14:08:24 UTC","road_count_direct":0,"bridge_count_direct":0,"nearest_community":"Leq' a: mel","community_distance_m":3402.7458671956347,"alr_overlap_ha":0.0},"geometry":{"type":"Polygon","coordinates":[[[565200.0,5443320.0],[565200.0,5443300.0],[565220.0,5443300.0],[565220.0,5443320.0],[565200.0,5443320.0]]]}},
{"type":"Feature","properties":{"zone_id":"Z280","area_ha":1.2,"source_observation_id":"OBS01","source_observation_utc":"OBS01 — 12 Dec 2025 14:08:24 UTC","road_count_direct":0,"bridge_count_direct":0,"nearest_community":"Greendale","community_distance_m":2425.9445609012009,"alr_overlap_ha":1.2},"geometry":{"type":"Polygon","coordinates":[[[569420.0,5443360.0],[569420.0,5443340.0],[569360.0,5443340.0],[569360.0,5443260.0],[569400.0,5443260.0],[569400.0,5443280.0],[569500.0,5443280.0],[569500.0,5443300.0],[569520.0,5443300.0],[569520.0,5443360.0],[569420.0,5443360.0]]]}}
]
}
