{"type":"FeatureCollection","crs":{"type":"name","properties":{"name":"EPSG:32610"}},"features":[{"type":"Feature","id":931161,"geometry":{"type":"Polygon","coordinates":[[[568696.82449009479,5446367.5713042906],[568693.93002317846,5446371.6524053616],[568692.88086996193,5446375.5983482441],[568692.91814417986,5446397.6089629168],[568692.92879246967,5446411.5444362806],[568692.8850022417,5446431.6534238178],[568695.89374532318,5446447.6844680244],[568705.91397853522,5446470.6111294068],[568716.84729553317,5446492.5996881844],[568721.87540109991,5446502.6383909071],[568728.81648382638,5446521.5678463196],[568732.9554541955,5446535.5545526994],[568740.83052565868,5446556.5549464868],[568747.9115062831,5446577.5447160294],[568756.89767547033,5446598.5589909423],[568771.84035846987,5446621.5474776756],[568787.9310625596,5446641.6995655699],[568809.95750151691,5446664.6180624645],[568827.8726368848,5446681.6259377031],[568844.9527382073,5446697.6744038621],[568863.87812508876,5446713.5867040241],[568887.82580302784,5446730.6703574667],[568911.95163504931,5446745.6979078855],[568931.80725582899,5446758.6139692524],[568949.95466934983,5446768.6583098704],[568959.82351396466,5446775.591169754],[568969.88924954541,5446779.6748207854],[568982.95626566419,5446789.6561352797],[568997.90552398982,5446796.6520052906],[569016.80909734406,5446809.5562660024],[569036.88363827346,5446822.6340781031],[569055.86517207278,5446833.638832367],[569064.91806681443,5446837.5530702779],[569077.88211910368,5446842.6237665145],[569099.85903424351,5446850.6578680342],[569121.91602961684,5446860.5936150867],[569144.88506916282,5446869.5903023267],[569161.8804500805,5446878.670916969],[569178.81596783106,5446887.5918590277],[569184.95249237097,5446892.5781879947],[569197.91656287329,5446897.6488629878],[569216.89822571271,5446908.655572786],[569223.82776873617,5446913.6505559646],[569241.89636059816,5446925.5953555079],[569265.84427522786,5446942.6808675705],[569287.80426153122,5446956.574259948],[569310.89518047415,5446969.6903729727],[569330.94412902335,5446974.6929631801],[569352.93546467833,5446975.6026805695],[569367.80099317967,5446975.6316754352],[569395.94485058472,5446975.6683882521],[569409.89830013516,5446976.635430322],[569422.89867486688,5446977.5907436674],[569443.83878613508,5446978.6462200312],[569467.81326310011,5446977.6809067782],[569487.81941183121,5446976.6664407682],[569501.92806790944,5446972.5684316047],[569515.89752933406,5446967.6771486904],[569538.89417813136,5446958.6239072783],[569550.89865768549,5446953.5504552936],[569561.86993205105,5446946.5626256336],[569583.86470067396,5446922.6123229926],[569596.9314282377,5446902.6664182022],[569602.87062893214,5446880.5728044948],[569606.82359055278,5446856.5540831601],[569609.87212028308,5446843.6077299584],[569616.88236367633,5446820.5771513339],[569621.8092835031,5446799.5781715019],[569626.85521892027,5446777.6314711198],[569627.9317914159,5446755.634671187],[569635.93439503247,5446704.9055244429],[569641.86204259493,5446667.6093462352],[569645.8095058162,5446664.6514387997],[569679.36013517575,5446648.7645592121],[569704.81518290332,5446636.5765315192],[569720.93965101207,5446647.5478996066],[569727.80731274432,5446648.5850250823],[569748.83960073465,5446640.616565994],[569756.93349539372,5446635.6516790511],[569791.26687675086,5446657.8114271536],[569850.95316517889,5446694.6376893008],[569840.89497323649,5446700.6864825664],[569831.86990176968,5446708.6476520328],[569813.93493304844,5446718.5551019656],[569800.93837966095,5446722.6660245135],[569788.95205120521,5446725.6813683696],[569768.91286154976,5446734.6123772403],[569748.83262535266,5446742.5925944401],[569727.94022488268,5446752.621364166],[569721.91435892729,5446762.6800031951],[569718.94094960776,5446768.6596715227],[569717.82052556775,5446784.63848342],[569715.83194420533,5446807.5743421344],[569715.90158702875,5446821.668483655],[569716.8415435903,5446832.6067269426],[569714.91178693972,5446855.7012836933],[569713.87527810596,5446878.6488878271],[569713.88505102345,5446892.5833489699],[569709.89111833298,5446915.6522867782],[569702.93899816449,5446937.5745125711],[569688.81818547088,5446952.5980241522],[569676.95960666146,5446968.6001143195],[569660.93541708926,5446988.6663599955],[569646.91656628507,5447008.5994884493],[569630.89240444056,5447028.6667155223],[569619.84314467188,5447037.5530399177],[569616.92671630008,5447038.62416106],[569595.82756233867,5447037.5666165557],[569570.85990218783,5447037.5684178891],[569567.80260845972,5447036.5802630354],[569552.87791215291,5447037.658684317],[569541.88183021673,5447036.5693306746],[569529.87738074479,5447041.6437739469],[569512.8516113396,5447045.5468530226],[569489.93187584111,5447052.7006247593],[569469.80772810278,5447054.6637547323],[569446.82634615002,5447056.591614482],[569422.83273372706,5447059.6151191993],[569376.86587572319,5447059.6707501942],[569356.878823195,5447058.6269808002],[569329.84703478613,5447058.6040909253],[569307.8518743699,5447052.6272229273],[569295.81992380461,5447044.5592729449],[569277.90651560505,5447027.5494695222],[569268.95064747625,5447019.6775671244],[569245.85972348612,5447006.5614483692],[569223.89873551764,5446992.6680948213],[569206.86048501567,5446977.5694886884],[569188.90987183549,5446964.676020232],[569169.81026105536,5446954.6189767718],[569147.81239134958,5446943.5758709684],[569128.95255256817,5446936.6886286531],[569105.92746520252,5446932.6004203139],[569082.93929338991,5446925.6619307986],[569063.88253600581,5446921.6228758059],[569040.93540656625,5446915.6351557234],[569018.95948011312,5446907.6009986615],[568995.83147269674,5446898.6031635189],[568984.9315875764,5446893.5580773763],[568965.91280241648,5446886.6696797106],[568943.95502001559,5446876.5773387896],[568925.92656852829,5446865.5842956165],[568903.8658655961,5446850.5823456729],[568872.94760670012,5446827.5529187908],[568832.84041554993,5446803.6170430528],[568810.89773550571,5446787.6663919454],[568787.95922616997,5446765.686974356],[568765.93483979488,5446746.5686456151],[568743.93029699591,5446726.6591494763],[568721.82491130638,5446705.6401906526],[568718.9228930932,5446699.5869586077],[568712.90548657719,5446693.653874415],[568703.84513478435,5446679.6062750015],[568694.88087363634,5446661.6010094285],[568681.84439160326,5446638.6369906506],[568659.8521602666,5446581.6740305582],[568649.89109336468,5446557.6400110675],[568644.85135902115,5446533.6659054859],[568639.93371903035,5446512.5441946564],[568634.83590987511,5446489.67941631],[568628.8061876155,5446468.5438437229],[568626.84566079779,5446448.5679082563],[568625.92298633978,5446435.5714946128],[568619.87107543508,5446412.6940033762],[568611.87706055015,5446392.6422824394],[568605.90721488558,5446371.6663545649],[568598.88340961444,5446349.5682282858],[568594.91384079226,5446324.6591679966],[568585.92674072599,5446303.6448578294],[568577.86886118096,5446279.6343565136],[568572.90922066255,5446257.5618350497],[568569.82325075264,5446244.6973166512],[568567.94656454469,5446231.6901790854],[568567.80942223594,5446208.5690220445],[568567.91582560993,5446193.6858860226],[568543.91179739696,5446135.5898976931],[568537.94098422234,5446114.6139473505],[568532.93937682477,5446091.5916341403],[568525.83835288417,5446072.6600016942],[568511.87435239938,5446036.6995515795],[568506.88057229214,5446022.5445095869],[568503.95263780677,5446009.6821131846],[568500.80586454843,5445996.6589287836],[568490.88189540384,5445973.5747000212],[568481.91479585401,5445955.5704024825],[568470.80249791523,5445935.63884064],[568455.92098242335,5445916.6110333148],[568435.89420936326,5445893.5604480114],[568411.91701963253,5445869.6695799753],[568407.86194369907,5445862.6516362922],[568401.92368017964,5445858.6201962186],[568395.92345204309,5445850.6278969292],[568375.90046558436,5445832.6444910588],[568355.91480592196,5445810.5456612632],[568345.86331332265,5445800.6036137026],[568327.95026450197,5445788.6637839992],[568291.88250180241,5445761.6153404107],[568270.93038534827,5445746.6290947506],[568247.87220262678,5445730.6684531718],[568226.93824446958,5445713.6240039552],[568207.86743493518,5445695.6533166431],[568191.85485306534,5445678.6707947077],[568173.96004167455,5445664.673729036],[568162.88230688963,5445661.6865983019],[568109.92935332935,5445661.6660887636],[568088.87564085296,5445666.6321784761],[568064.92372382409,5445670.6121570868],[568042.85504392663,5445671.6066266205],[568028.94205912808,5445671.5941936458],[568013.87697468116,5445670.6170618134],[567998.9298412723,5445668.6902485825],[567984.85311345512,5445663.6085192179],[567971.84743917524,5445657.5898506185],[567948.85324533645,5445645.5888935411],[567936.90048020356,5445640.6914709779],[567914.86711171467,5445637.5695704687],[567892.91175925441,5445632.5491461223],[567881.95208157238,5445628.614296725],[567870.85153893346,5445622.6191399768],[567857.94200321275,5445612.6427442236],[567847.8667756127,5445599.6926776432],[567836.89294714993,5445580.5562945297],[567829.9529097816,5445566.694933136],[567800.93303782574,5445539.6680361424],[567771.88720873534,5445512.6182091394],[567772.816378352,5445488.5611615032],[567770.91591749201,5445472.5439595496],[567769.92653719045,5445455.5887446459],[567768.95061392651,5445452.5680100517],[567763.88812580518,5445430.6539807981],[567761.93260532524,5445419.5462809987],[567761.86871689954,5445415.5864917208],[567763.88710808288,5445409.5941569675],[567744.83943182684,5445394.6343050385],[567725.84889749752,5445378.566136837],[567702.84513353859,5445357.6988169104],[568041.3501746055,5445374.0042579304],[568339.82335875579,5445396.582651793],[568328.95515225525,5445404.6818377106],[568317.95391235268,5445419.5890642302],[568311.85307703749,5445431.5481388932],[568310.92865686188,5445439.6125411345],[568314.95722729142,5445459.6141768405],[568326.80630170566,5445480.6627940917],[568337.83945026179,5445498.6927485159],[568353.87592171447,5445518.6842242414],[568375.94888092845,5445542.5516347038],[568398.80808369396,5445557.5613141749],[568420.83698187408,5445576.6777494475],[568430.87132163916,5445588.6779605942],[568442.94690629549,5445597.6948118331],[568463.82682282594,5445619.6476933584],[568479.88052931009,5445637.5819731802],[568495.8798392138,5445661.6908188825],[568501.83071842522,5445679.6577665024],[568507.94537676207,5445702.6940001985],[568511.9463912592,5445714.620412074],[568515.92823173932,5445728.6040547304],[568523.80717874586,5445749.6044847714],[568529.87605646439,5445766.6227335166],[568537.91398359311,5445787.6242689556],[568546.88588664471,5445810.6967641907],[568557.86206954112,5445833.6352108475],[568571.85546054516,5445856.611014002],[568584.89579773543,5445879.5750744604],[568594.83787568926,5445900.6001350582],[568612.816962354,5445942.627725739],[568621.82789175701,5445966.6500533754],[568630.83986668335,5445990.6733301822],[568636.85272656009,5446012.600055852],[568644.91160340724,5446036.6105846744],[568649.84558646008,5446050.606948534],[568660.85779457854,5446070.696063567],[568666.80296691449,5446083.5958093973],[568680.85052629479,5446101.664095467],[568699.95962031535,5446120.5865258509],[568706.93486527109,5446131.5995296864],[568699.6262344881,5446198.4904148681],[568692.90951716853,5446260.6377865924],[568690.86726688524,5446263.6211685324],[568689.84474186902,5446275.6422663126],[568691.89764277055,5446286.5943794921],[568696.94963212311,5446299.6420275206],[568708.87598506385,5446322.592195658],[568702.37805499951,5446348.3961649342],[568696.82449009479,5446367.5713042906]],[[569761.92324915924,5446674.6686591674],[569752.8552933085,5446676.6117800381],[569742.86291477806,5446691.6875567259],[569740.92650527868,5446704.6477781897],[569740.94844406378,5446707.6567760566],[569751.81052215805,5446715.5530983517],[569760.86133124528,5446715.6671053274],[569773.83594469924,5446708.5471914569],[569775.87821487361,5446705.5647923853],[569778.80773711752,5446693.5671194335],[569775.82066984172,5446680.5441317102],[569771.84919586126,5446676.6938872812],[569761.92324915924,5446674.6686591674]]]},"properties":{"WATERBODY_POLY_ID":700091075,"WATERSHED_GROUP_ID":63,"WATERBODY_TYPE":"R","WATERBODY_KEY":329710414,"AREA_HA":42.593209351339894,"GNIS_ID_1":null,"GNIS_NAME_1":null,"GNIS_ID_2":null,"GNIS_NAME_2":null,"GNIS_ID_3":null,"GNIS_NAME_3":null,"BLUE_LINE_KEY":355992484,"WATERSHED_KEY":356364114,"FWA_WATERSHED_CODE":"100-000000-000000-000000-000000-000000-000000-000000-000000-000000-000000-000000-000000-000000-000000-000000-000000-000000-000000-000000-000000","LOCAL_WATERSHED_CODE":null,"WATERSHED_GROUP_CODE":"HARR","LEFT_RIGHT_TRIBUTARY":"NONE","WATERBODY_KEY_50K":null,"WATERSHED_GROUP_CODE_50K":null,"WATERBODY_KEY_GROUP_CODE_50K":null,"WATERSHED_CODE_50K":null,"FEATURE_CODE":"GA24850000","OBJECTID":931161,"GEOMETRY.AREA":0,"GEOMETRY.LEN":0,"FEATURE_AREA_SQM":425931.87589999998,"FEATURE_LENGTH_M":6924.3220000000001}},{"type":"Feature","id":933912,"geometry":{"type":"Polygon","coordinates":[[[568479.83822927601,5449158.6240952546],[568460.88149868371,5449145.5630350793],[568448.83325449598,5449139.5541409934],[568440.91246115195,5449133.5965749566],[568436.90305287996,5449132.5976053001],[568418.91927795974,5449122.5562637383],[568395.81571862055,5449116.5691794287],[568357.9055286753,5449105.6483717915],[568343.81296116626,5449102.6228042562],[568331.94368338725,5449099.6259967182],[568312.88961363316,5449095.5896618692],[568299.82916186214,5449090.6773476219],[568275.95069643587,5449082.6224538479],[568263.80440273671,5449080.5721585611],[568249.830885245,5449076.598891193],[568236.80946950871,5449072.6374088461],[568212.91113849753,5449061.573505437],[568188.81480716821,5449049.5576340538],[568175.91239767661,5449044.6474584276],[568154.91244689864,5449034.5706133014],[568136.88879606477,5449023.5804019915],[568117.87202899018,5449011.6276401123],[568097.92232016113,5448997.60493505],[568079.87881159806,5448983.6057155998],[568062.8264342451,5448970.5691236546],[568050.21730782045,5448938.5855532624],[568040.90327790263,5448914.5601218464],[568040.82250985142,5448907.5913746171],[568029.90118740278,5448885.6048262715],[568023.84594237315,5448873.6537514077],[568016.83416927652,5448851.5567179415],[568010.85618710937,5448832.6390449945],[568001.84007226268,5448810.6760118268],[567990.93864312104,5448791.6984343911],[567982.87737584102,5448778.6143826013],[567977.89498419699,5448774.5936421547],[567970.84842362476,5448770.5482463632],[567963.94073444325,5448768.5631640796],[567949.84904883767,5448770.6066755317],[567938.83480105596,5448771.5791933248],[567931.3581513596,5448725.2461085785],[567924.95894389693,5448685.5831220746],[567934.88464379439,5448692.6727692606],[567952.9283026607,5448701.6038589114],[567975.91608933802,5448718.6729971664],[568000.90990589967,5448740.6742270654],[568016.95102917636,5448758.607559585],[568027.85318192991,5448782.6522943182],[568034.94500136084,5448806.6509493748],[568040.86304751283,5448821.6078272564],[568047.85299946857,5448840.6969561838],[568061.89078916528,5448862.5633643307],[568089.80435089313,5448898.6949087828],[568105.88454982894,5448917.5790401222],[568125.8359657909,5448936.6688553058],[568144.9533284565,5448958.5983625101],[568156.94583139475,5448979.6489857361],[568164.88642149279,5448988.6145796506],[568173.85908288544,5448995.6924334159],[568176.91542610934,5448996.6806717999],[568179.89375141158,5448999.5673505664],[568203.95103942766,5449010.6323862933],[568221.93471589091,5449020.6727843247],[568243.8679735607,5449031.5534924716],[568264.88812555117,5449039.5731236627],[568284.9360377735,5449049.6391532673],[568294.8600817679,5449051.6616385067],[568317.80458929506,5449057.6466373373],[568329.87291039794,5449061.5963638611],[568343.94528395124,5449066.6791255986],[568356.84775327751,5449071.590273561],[568377.84778747195,5449081.6680640113],[568421.95163481089,5449092.6657519098],[568435.88518201211,5449095.6891893204],[568448.90561716538,5449099.6506822072],[568471.91011451895,5449109.5964242304],[568491.95807470009,5449119.6623977944],[568511.80887214665,5449137.6446658354],[568532.94892455288,5449153.5837965664],[568537.95050952781,5449155.5463438565],[568547.83558762318,5449156.6189544164],[568560.91415798769,5449155.6730008163],[568566.82881373249,5449156.6964878477],[568577.9433568758,5449155.5682993103],[568601.83921541879,5449152.6977387937],[568623.90922056709,5449146.6391099319],[568649.88692498556,5449131.6017513452],[568650.84163936146,5449145.5488880752],[568642.8252383651,5449153.6831990452],[568636.8514698277,5449157.5671887994],[568613.9102182975,5449170.5837691901],[568612.81898644532,5449173.578858261],[568606.90503941337,5449177.6215090305],[568600.83215469739,5449181.6640424775],[568587.91156239458,5449182.6111616315],[568568.83727277571,5449180.6320786448],[568537.8355651598,5449180.5636406774],[568518.95953064738,5449170.6702053724],[568497.89924149553,5449161.6988490298],[568479.83822927601,5449158.6240952546]]]},"properties":{"WATERBODY_POLY_ID":700091202,"WATERSHED_GROUP_ID":63,"WATERBODY_TYPE":"R","WATERBODY_KEY":329710468,"AREA_HA":3.5252272764652997,"GNIS_ID_1":null,"GNIS_NAME_1":null,"GNIS_ID_2":null,"GNIS_NAME_2":null,"GNIS_ID_3":null,"GNIS_NAME_3":null,"BLUE_LINE_KEY":355991891,"WATERSHED_KEY":356364114,"FWA_WATERSHED_CODE":"100-000000-000000-000000-000000-000000-000000-000000-000000-000000-000000-000000-000000-000000-000000-000000-000000-000000-000000-000000-000000","LOCAL_WATERSHED_CODE":null,"WATERSHED_GROUP_CODE":"HARR","LEFT_RIGHT_TRIBUTARY":"NONE","WATERBODY_KEY_50K":null,"WATERSHED_GROUP_CODE_50K":null,"WATERBODY_KEY_GROUP_CODE_50K":null,"WATERSHED_CODE_50K":null,"FEATURE_CODE":"GA24850000","OBJECTID":933912,"GEOMETRY.AREA":0,"GEOMETRY.LEN":0,"FEATURE_AREA_SQM":35252.325799999999,"FEATURE_LENGTH_M":1935.4524000000001}},{"type":"Feature","id":934154,"geometry":{"type":"Polygon","coordinates":[[[568062.8264342451,5448970.5691236546],[568029.85640340182,5448952.5858379509],[568026.87904015358,5448949.6981097618],[568003.93296365254,5448938.6479239808],[567990.9115858709,5448934.6863984931],[567977.91040461999,5448928.6676775785],[567955.86000036984,5448927.603802531],[567949.23907456128,5448896.6335383952],[567942.82612834289,5448866.6378297703],[567956.82113052963,5448878.686254615],[567978.93515428889,5448892.5770722078],[567999.83687017253,5448906.610609618],[568017.8406023155,5448914.5918676239],[568032.90600170416,5448920.6362364972],[568036.87541205017,5448920.6854262799],[568040.90327790263,5448914.5601218464],[568050.21730782045,5448938.5855532624],[568062.8264342451,5448970.5691236546]]]},"properties":{"WATERBODY_POLY_ID":700091537,"WATERSHED_GROUP_ID":63,"WATERBODY_TYPE":"R","WATERBODY_KEY":329710528,"AREA_HA":0.38348357590138898,"GNIS_ID_1":null,"GNIS_NAME_1":null,"GNIS_ID_2":null,"GNIS_NAME_2":null,"GNIS_ID_3":null,"GNIS_NAME_3":null,"BLUE_LINE_KEY":355991890,"WATERSHED_KEY":356364114,"FWA_WATERSHED_CODE":"100-000000-000000-000000-000000-000000-000000-000000-000000-000000-000000-000000-000000-000000-000000-000000-000000-000000-000000-000000-000000","LOCAL_WATERSHED_CODE":null,"WATERSHED_GROUP_CODE":"HARR","LEFT_RIGHT_TRIBUTARY":"NONE","WATERBODY_KEY_50K":null,"WATERSHED_GROUP_CODE_50K":null,"WATERBODY_KEY_GROUP_CODE_50K":null,"WATERSHED_CODE_50K":null,"FEATURE_CODE":"GA24850000","OBJECTID":934154,"GEOMETRY.AREA":0,"GEOMETRY.LEN":0,"FEATURE_AREA_SQM":3834.8114,"FEATURE_LENGTH_M":356.81659999999999}},{"type":"Feature","id":931125,"geometry":{"type":"Polygon","coordinates":[[[568777.86365008145,5449255.6007200303],[568786.83308720938,5449243.678022108],[568807.8516845475,5449246.6324121179],[568828.94924254029,5449247.6873159008],[568850.82208481408,5449249.5439257845],[568871.95967857644,5449251.5496161217],[568892.89925795817,5449252.6033435948],[568911.83450504183,5449257.590219371],[568934.87808259041,5449264.6865403019],[568956.9299078451,5449269.55522238],[568978.86159040686,5449271.5705044437],[569001.8845811506,5449270.5926870285],[569023.83539560379,5449270.5498111909],[569026.81273408618,5449269.6373758912],[569033.83857851638,5449270.6757208835],[569051.820957702,5449270.5836529098],[569067.91696740058,5449269.6769779865],[569078.85341955104,5449270.6057502897],[569099.95103916735,5449271.6615808513],[569151.95173953357,5449271.6801077081],[569164.95242366125,5449272.6344927829],[569178.94429438654,5449274.5524932556],[569192.81884065666,5449278.6851431653],[569212.92524369387,5449287.6466231933],[569231.85977877339,5449287.567289399],[569254.86369996483,5449288.6485424843],[569276.95451515657,5449290.6678554555],[569318.95109697408,5449290.5614360319],[569340.84289728059,5449291.6288178405],[569360.88960611122,5449291.5642978204],[569384.84563927201,5449292.6572865611],[569403.91832773911,5449289.5720802248],[569426.82145221427,5449280.6755623464],[569438.8083198464,5449272.5922489082],[569458.89236238273,5449259.5441478724],[569478.93635883322,5449245.5452396143],[569496.91692789085,5449236.587845996],[569508.82451138995,5449231.6700560506],[569521.84440335259,5449230.5682322793],[569547.92381336691,5449230.5794343976],[569570.92677965574,5449231.6616352322],[569593.81176276365,5449233.692471195],[569616.81583217054,5449238.5747417184],[569629.89537126536,5449242.6987467632],[569669.9103923298,5449259.6725358674],[569692.89622740855,5449271.6810702728],[569712.86469246901,5449283.6512611136],[569733.92418385856,5449297.6935200114],[569753.89270526078,5449309.6646980653],[569769.85166173324,5449320.6339689307],[569774.87327423005,5449325.6064265501],[569793.84961663606,5449336.6140250703],[569804.90499387204,5449341.6631895676],[569825.82564380637,5449353.6461144844],[569845.93306877092,5449367.6765680984],[569860.93898944242,5449378.6350908075],[569870.94318698684,5449387.6291483082],[569894.80297401047,5449411.6841703691],[569908.89663971844,5449428.6478842087],[569915.88346470008,5449437.603602903],[569932.8745471288,5449455.5543643003],[569948.81437534583,5449473.6509019705],[569963.84106435312,5449492.6845070608],[569985.89385183901,5449516.5584818376],[569997.88310908421,5449537.6129317898],[570016.89846645179,5449554.6394656571],[570003.81864886358,5449555.5816986896],[569996.81265714741,5449557.551421755],[569989.80670800281,5449550.6538627986],[569969.87825438078,5449534.5653953161],[569961.9383098986,5449525.5979661904],[569942.86298534891,5449504.6116360268],[569923.80677763512,5449481.5671536177],[569906.81486028899,5449458.5492667863],[569890.87597182556,5449436.6535563376],[569875.90925060515,5449421.5787117472],[569865.90504868818,5449412.5846578935],[569848.9538663819,5449400.6518488908],[569841.94705750234,5449397.554431322],[569822.93164767872,5449385.5960085858],[569801.89201028459,5449374.5617705947],[569783.80960820126,5449364.6732513849],[569762.90911472961,5449350.633127341],[569740.83630625438,5449337.6855483288],[569721.90101289714,5449327.628692992],[569702.88481851923,5449310.6030998519],[569678.88689179276,5449294.6230142256],[569657.92628320027,5449281.6902474156],[569637.91893031099,5449272.5703259874],[569613.80186470808,5449262.6060828865],[569590.89794117992,5449257.5662188223],[569569.83911667287,5449253.6582396515],[569546.83518976008,5449252.5770808822],[569542.82566920214,5449251.5761677613],[569529.86592844187,5449251.5706021339],[569515.93301478552,5449253.6124963723],[569496.84131516423,5449262.5560057545],[569478.82155034458,5449275.630732893],[569460.84097085078,5449284.5881164409],[569438.85171497613,5449297.6127102543],[569416.82241331763,5449309.68649654],[569404.95381261164,5449315.5541066797],[569392.90701819549,5449319.6786241252],[569382.86378422182,5449318.6019620784],[569375.81880721205,5449319.6217937376],[569370.85618410632,5449318.6091416953],[569344.93577730318,5449318.599990068],[569331.93503707496,5449317.6446346901],[569286.86119537055,5449317.5530423922],[569275.92572884331,5449316.6242555156],[569268.89887713525,5449315.5859753788],[569260.9007979125,5449316.594064476],[569232.83609108499,5449314.6576575032],[569210.92441808304,5449310.5822581723],[569189.92560476321,5449310.6349623157],[569174.86068357492,5449309.6549566016],[569152.92889316438,5449307.6377294371],[569138.83719974197,5449304.6112619285],[569120.91488476307,5449303.5939592207],[569096.89878748881,5449303.6102784872],[569072.84365343931,5449302.6757491911],[569033.80363293877,5449302.6617753776],[569020.90210379777,5449301.5498192701],[568974.93614356348,5449301.6079313681],[568951.83316311066,5449300.686143172],[568929.82247496839,5449300.5693332134],[568906.87847751309,5449299.6486473484],[568884.90675856231,5449296.6825470133],[568861.84304763156,5449291.6444006786],[568837.94618464413,5449285.644785258],[568825.87775471399,5449281.6941406429],[568802.89407496783,5449278.5565726925],[568787.92830854328,5449273.6198249999],[568777.86365008145,5449255.6007200303]]]},"properties":{"WATERBODY_POLY_ID":700004729,"WATERSHED_GROUP_ID":63,"WATERBODY_TYPE":"R","WATERBODY_KEY":329177976,"AREA_HA":3.7634531519204395,"GNIS_ID_1":null,"GNIS_NAME_1":null,"GNIS_ID_2":null,"GNIS_NAME_2":null,"GNIS_ID_3":null,"GNIS_NAME_3":null,"BLUE_LINE_KEY":355991891,"WATERSHED_KEY":356364114,"FWA_WATERSHED_CODE":"100-000000-000000-000000-000000-000000-000000-000000-000000-000000-000000-000000-000000-000000-000000-000000-000000-000000-000000-000000-000000","LOCAL_WATERSHED_CODE":null,"WATERSHED_GROUP_CODE":"HARR","LEFT_RIGHT_TRIBUTARY":"NONE","WATERBODY_KEY_50K":null,"WATERSHED_GROUP_CODE_50K":null,"WATERBODY_KEY_GROUP_CODE_50K":null,"WATERSHED_CODE_50K":null,"FEATURE_CODE":"GA24850000","OBJECTID":931125,"GEOMETRY.AREA":0,"GEOMETRY.LEN":0,"FEATURE_AREA_SQM":37634.583299999998,"FEATURE_LENGTH_M":2769.1597000000002}},{"type":"Feature","id":933922,"geometry":{"type":"Polygon","coordinates":[[[568702.37805499951,5446348.3961649342],[568708.87598506385,5446322.592195658],[568716.80431260646,5446333.616908228],[568733.92531150847,5446350.6152414782],[568751.90429943416,5446371.5829366278],[568772.92142630182,5446395.5970294727],[568796.91475796117,5446418.6976815769],[568820.80729129794,5446440.6898647165],[568827.81883351144,5446447.5864767935],[568830.87609352649,5446448.5746635627],[568831.85106810927,5446451.595398753],[568843.80688409926,5446461.5618758537],[568863.90039442538,5446472.5805570735],[568875.91226051818,5446477.6385240182],[568898.82021494431,5446482.6754318392],[568910.90837348241,5446484.5678802077],[568923.8094167416,5446485.6788261551],[568936.92863804835,5446485.6844997657],[568949.90796441573,5446483.629841486],[568973.85649904609,5446474.5864798324],[568992.88053723797,5446461.6810904769],[569011.86286998715,5446446.5588510707],[569031.85709038994,5446431.6070461348],[569041.87521415157,5446424.6065124357],[569061.95053953084,5446411.5573126981],[569081.84867574996,5446400.5631649457],[569100.95275714796,5446389.5593947675],[569112.87605210545,5446382.5833481215],[569136.8624933071,5446370.6905796751],[569160.81102310051,5446361.6481388621],[569184.87753011624,5446351.6570142647],[569195.92877811927,5446346.5698423414],[569215.80880863802,5446337.6348223044],[569233.94271586929,5446328.678411141],[569253.89896990848,5446316.5768563421],[569276.92854490981,5446299.606113134],[569279.9047728997,5446298.6936615687],[569290.88924042403,5446284.5794816017],[569290.94049506972,5446274.6048155352],[569292.95599655563,5446263.5452562962],[569324.47396221675,5446285.8114141719],[569357.81393142347,5446309.6482040938],[569346.83992100321,5446311.5688381204],[569328.82500457368,5446319.5765616372],[569305.9475046841,5446327.6811159058],[569281.9029384309,5446340.6812936272],[569259.95871292206,5446349.5897199502],[569237.8192726319,5446362.6133760996],[569219.84437597333,5446371.5718974406],[569200.89932962554,5446382.5778167825],[569181.95323777269,5446393.582772715],[569163.84222750983,5446405.5481240656],[569139.89752498199,5446419.6587383514],[569127.95610531862,5446428.692959452],[569123.93073729798,5446433.5513516981],[569103.85545726132,5446446.6015646039],[569080.92191913014,5446459.61553727],[569061.85685785557,5446471.5701638609],[569045.94612364855,5446480.5552432761],[569033.82479475543,5446486.579280016],[569011.82143815677,5446496.5969940079],[568991.90036045038,5446504.582147806],[568972.86940368928,5446508.6192386178],[568955.9217710048,5446510.6247301418],[568931.88837141078,5446512.6992927752],[568917.81607665052,5446512.6818859065],[568905.80893895461,5446512.6900550155],[568892.90689440863,5446511.5791490991],[568869.86286259,5446509.5500823576],[568850.84417639428,5446502.6616387442],[568831.91991360439,5446490.5495070564],[568811.88249417103,5446474.623316437],[568797.84061846847,5446461.6222099047],[568792.89634865371,5446458.5523405354],[568779.86259772803,5446440.6545005646],[568766.90991760988,5446424.6582731884],[568749.82515749813,5446403.5436135],[568731.82803335774,5446384.6340984702],[568710.8957573839,5446367.5887912745],[568699.9597424129,5446366.660992465],[568696.82449009479,5446367.5713042906],[568702.37805499951,5446348.3961649342]]]},"properties":{"WATERBODY_POLY_ID":700091231,"WATERSHED_GROUP_ID":63,"WATERBODY_TYPE":"R","WATERBODY_KEY":329710478,"AREA_HA":2.6874963640570599,"GNIS_ID_1":null,"GNIS_NAME_1":null,"GNIS_ID_2":null,"GNIS_NAME_2":null,"GNIS_ID_3":null,"GNIS_NAME_3":null,"BLUE_LINE_KEY":355992481,"WATERSHED_KEY":356364114,"FWA_WATERSHED_CODE":"100-000000-000000-000000-000000-000000-000000-000000-000000-000000-000000-000000-000000-000000-000000-000000-000000-000000-000000-000000-000000","LOCAL_WATERSHED_CODE":null,"WATERSHED_GROUP_CODE":"HARR","LEFT_RIGHT_TRIBUTARY":"NONE","WATERBODY_KEY_50K":null,"WATERSHED_GROUP_CODE_50K":null,"WATERBODY_KEY_GROUP_CODE_50K":null,"WATERSHED_CODE_50K":null,"FEATURE_CODE":"GA24850000","OBJECTID":933922,"GEOMETRY.AREA":0,"GEOMETRY.LEN":0,"FEATURE_AREA_SQM":26874.9918,"FEATURE_LENGTH_M":1622.4274}},{"type":"Feature","id":931187,"geometry":{"type":"Polygon","coordinates":[[[568692.90951716853,5446260.6377865924],[568699.6262344881,5446198.4904148681],[568706.93486527109,5446131.5995296864],[568729.92850147816,5446143.604267275],[568737.83014172991,5446146.5528376512],[568753.91420288186,5446156.5706075933],[568764.81493089208,5446161.6147120167],[568782.93750989705,5446163.5828949222],[568800.86004061392,5446164.5981684662],[568820.80668772256,5446164.688227172],[568831.90169700165,5446165.6181219835],[568854.80573751521,5446165.5868565869],[568858.95216466789,5446163.5799210342],[568871.87876911729,5446146.6399924904],[568882.95835465519,5446128.568204971],[568895.9581155082,5446104.6615996761],[568900.80895023758,5446090.628299797],[568904.8657796022,5446076.5863801492],[568908.91470387543,5446053.6761627002],[568912.94483555097,5446031.5580599727],[568913.92624488962,5446018.585126075],[568914.86666339496,5446004.662397543],[568918.89678974461,5445982.5442806501],[568919.86385839409,5445976.6967280945],[568930.82542377047,5445959.5735693807],[568945.83324949583,5445940.6010561045],[568960.84106816829,5445921.6285344474],[568973.92084196908,5445899.6235209024],[568981.90109364339,5445879.6127205733],[569106.23254185729,5446001.6709091179],[569195.91657258105,5446158.6094577108],[569173.82464554824,5446156.5912586283],[569162.80961858621,5446157.5610815296],[569157.81099162856,5446160.66576738],[569144.88443810761,5446177.6057498157],[569128.8424649518,5446194.6648948984],[569112.85760286497,5446210.6157297604],[569092.80529397097,5446226.6749520879],[569070.80297016515,5446236.6916833408],[569050.9010820752,5446242.6186667038],[569036.89178032824,5446246.5610893713],[569014.80462737975,5446249.6099892035],[568994.86169949896,5446254.5861665066],[568980.81235776958,5446257.5777448947],[568965.92788975756,5446259.6079150429],[568951.95649480063,5446260.6999801723],[568930.93876941316,5446261.5468957322],[568908.9476869622,5446260.6380788637],[568895.8285454323,5446260.63340565],[568882.86837886949,5446260.6298451247],[568870.90131389583,5446261.5888469256],[568856.90701390756,5446259.6719282186],[568841.88273893483,5446259.6437382828],[568821.93602487829,5446259.5526819071],[568797.94277862774,5446262.5790517349],[568773.80964055681,5446263.5450788857],[568769.9583399219,5446262.5472705094],[568747.84832348442,5446262.5881249178],[568724.90426931973,5446261.6695216326],[568703.84551789681,5446261.5655854754],[568692.90951716853,5446260.6377865924]]]},"properties":{"WATERBODY_POLY_ID":700091122,"WATERSHED_GROUP_ID":63,"WATERBODY_TYPE":"R","WATERBODY_KEY":329710440,"AREA_HA":9.2817887492597091,"GNIS_ID_1":null,"GNIS_NAME_1":null,"GNIS_ID_2":null,"GNIS_NAME_2":null,"GNIS_ID_3":null,"GNIS_NAME_3":null,"BLUE_LINE_KEY":355992480,"WATERSHED_KEY":356364114,"FWA_WATERSHED_CODE":"100-000000-000000-000000-000000-000000-000000-000000-000000-000000-000000-000000-000000-000000-000000-000000-000000-000000-000000-000000-000000","LOCAL_WATERSHED_CODE":null,"WATERSHED_GROUP_CODE":"HARR","LEFT_RIGHT_TRIBUTARY":"NONE","WATERBODY_KEY_50K":null,"WATERSHED_GROUP_CODE_50K":null,"WATERBODY_KEY_GROUP_CODE_50K":null,"WATERSHED_CODE_50K":null,"FEATURE_CODE":"GA24850000","OBJECTID":931187,"GEOMETRY.AREA":0,"GEOMETRY.LEN":0,"FEATURE_AREA_SQM":92817.947400000005,"FEATURE_LENGTH_M":1499.2205000000001}},{"type":"Feature","id":931141,"geometry":{"type":"Polygon","coordinates":[[[569174.21927979961,5444427.186396976],[569124.95086927281,5444399.5759832291],[569130.81939903926,5444394.5823630886],[569135.82993816875,5444385.6192822959],[569135.90107317944,5444378.6525543723],[569122.85269949026,5444355.686525574],[569110.88053072034,5444335.5856503807],[569108.86944720382,5444330.651536487],[569102.90624355839,5444323.6091350196],[569100.95431316912,5444317.5676053828],[569086.84178015473,5444300.606709036],[569071.93518033368,5444283.6351951836],[569054.84650598164,5444267.5867645852],[569036.88853448839,5444254.6942726197],[569018.91173929535,5444242.5929147108],[568997.81965430966,5444230.6117292782],[568987.85208269686,5444227.6376179615],[568982.87165109906,5444228.6831539404],[568982.88071118272,5444204.2979577202],[568982.88226440467,5444173.5784772076],[569001.83495615714,5444188.6996211875],[569017.86390419677,5444198.5596323712],[569033.93555943412,5444210.6364992857],[569056.88070783939,5444227.5496415403],[569074.93953653658,5444241.5516190547],[569085.84788744792,5444251.6639005328],[569094.8323231847,5444262.5438238699],[569107.89365804906,5444279.6505163247],[569120.95913465961,5444300.5583824655],[569135.84763380303,5444319.5881123058],[569149.91918676614,5444335.5991856074],[569171.85904800228,5444358.6761429561],[569193.89807003364,5444381.5955299307],[569217.94210371957,5444405.6489259414],[569226.93242731772,5444421.5970357349],[569237.81073290959,5444439.6268152269],[569248.87094051321,5444460.6667381348],[569174.21927979961,5444427.186396976]]]},"properties":{"WATERBODY_POLY_ID":700012857,"WATERSHED_GROUP_ID":63,"WATERBODY_TYPE":"R","WATERBODY_KEY":329710500,"AREA_HA":1.3108017494976498,"GNIS_ID_1":null,"GNIS_NAME_1":null,"GNIS_ID_2":null,"GNIS_NAME_2":null,"GNIS_ID_3":null,"GNIS_NAME_3":null,"BLUE_LINE_KEY":355997431,"WATERSHED_KEY":356364114,"FWA_WATERSHED_CODE":"100-000000-000000-000000-000000-000000-000000-000000-000000-000000-000000-000000-000000-000000-000000-000000-000000-000000-000000-000000-000000","LOCAL_WATERSHED_CODE":null,"WATERSHED_GROUP_CODE":"HARR","LEFT_RIGHT_TRIBUTARY":"NONE","WATERBODY_KEY_50K":null,"WATERSHED_GROUP_CODE_50K":null,"WATERBODY_KEY_GROUP_CODE_50K":null,"WATERSHED_CODE_50K":null,"FEATURE_CODE":"GA24850000","OBJECTID":931141,"GEOMETRY.AREA":0,"GEOMETRY.LEN":0,"FEATURE_AREA_SQM":13107.9974,"FEATURE_LENGTH_M":836.91550000000007}},{"type":"Feature","id":931138,"geometry":{"type":"Polygon","coordinates":[[[569627.9317914159,5446755.634671187],[569615.89282587322,5446738.6974686133],[569612.8136082025,5446734.7003174797],[569592.87880241382,5446723.6809567697],[569574.85019085743,5446712.686037872],[569570.81786050834,5446708.6761605265],[569561.82310159632,5446703.6546342764],[569556.85780605115,5446697.5747764641],[569540.87044225144,5446683.5964983311],[569525.91031588695,5446662.6642712392],[569519.88894023455,5446651.662071337],[569516.80591142201,5446642.5977444192],[569515.86498377495,5446631.6595209958],[569514.91641784844,5446610.5869547436],[569516.84903923504,5446592.5595572051],[569518.90245987789,5446578.6506990111],[569524.91858662316,5446554.6575436648],[569530.81955395674,5446536.6802729983],[569536.915715251,5446514.5877646161],[569543.88390258199,5446490.6063548252],[569544.91844738403,5446467.6587373605],[569545.82769535971,5446461.6534496443],[569588.83086150186,5446504.1882111235],[569622.93379125232,5446539.5828253087],[569603.80670909537,5446547.5757514955],[569597.91693362605,5446554.6275599338],[569594.82937180891,5446566.6230864441],[569594.9059290553,5446589.5845588977],[569600.85702667118,5446612.6206085728],[569609.88451388758,5446634.5865938589],[569621.90535596746,5446653.5819866061],[569633.8422897039,5446665.6085477816],[569641.86204259493,5446667.6093462352],[569635.93439503247,5446704.9055244429],[569627.9317914159,5446755.634671187]]]},"properties":{"WATERBODY_POLY_ID":700012851,"WATERSHED_GROUP_ID":63,"WATERBODY_TYPE":"R","WATERBODY_KEY":329710487,"AREA_HA":1.9597811260670399,"GNIS_ID_1":null,"GNIS_NAME_1":null,"GNIS_ID_2":null,"GNIS_NAME_2":null,"GNIS_ID_3":null,"GNIS_NAME_3":null,"BLUE_LINE_KEY":355992482,"WATERSHED_KEY":356364114,"FWA_WATERSHED_CODE":"100-000000-000000-000000-000000-000000-000000-000000-000000-000000-000000-000000-000000-000000-000000-000000-000000-000000-000000-000000-000000","LOCAL_WATERSHED_CODE":null,"WATERSHED_GROUP_CODE":"HARR","LEFT_RIGHT_TRIBUTARY":"NONE","WATERBODY_KEY_50K":null,"WATERSHED_GROUP_CODE_50K":null,"WATERBODY_KEY_GROUP_CODE_50K":null,"WATERSHED_CODE_50K":null,"FEATURE_CODE":"GA24850000","OBJECTID":931138,"GEOMETRY.AREA":0,"GEOMETRY.LEN":0,"FEATURE_AREA_SQM":19597.845600000001,"FEATURE_LENGTH_M":706.66039999999998}},{"type":"Feature","id":934156,"geometry":{"type":"Polygon","coordinates":[[[569645.8095058162,5446664.6514387997],[569651.86660395854,5446641.6080800919],[569655.84047109936,5446620.5983261392],[569662.81246554514,5446601.6841057735],[569677.88533216121,5446586.673291673],[569678.90867673466,5446574.6511620022],[569674.90378737915,5446552.5903796451],[569700.44207991601,5446570.6274863118],[569715.81417785573,5446586.6768206386],[569710.9136925129,5446589.6240131864],[569705.89901841572,5446598.5860525677],[569702.93044374161,5446609.6328626629],[569701.80723208317,5446620.5454896968],[569704.81518290332,5446636.5765315192],[569679.36013517575,5446648.7645592121],[569645.8095058162,5446664.6514387997]]]},"properties":{"WATERBODY_POLY_ID":700091551,"WATERSHED_GROUP_ID":63,"WATERBODY_TYPE":"R","WATERBODY_KEY":329178282,"AREA_HA":0.35941610820293401,"GNIS_ID_1":null,"GNIS_NAME_1":null,"GNIS_ID_2":null,"GNIS_NAME_2":null,"GNIS_ID_3":null,"GNIS_NAME_3":null,"BLUE_LINE_KEY":355992483,"WATERSHED_KEY":356364114,"FWA_WATERSHED_CODE":"100-000000-000000-000000-000000-000000-000000-000000-000000-000000-000000-000000-000000-000000-000000-000000-000000-000000-000000-000000-000000","LOCAL_WATERSHED_CODE":null,"WATERSHED_GROUP_CODE":"HARR","LEFT_RIGHT_TRIBUTARY":"NONE","WATERBODY_KEY_50K":null,"WATERSHED_GROUP_CODE_50K":null,"WATERBODY_KEY_GROUP_CODE_50K":null,"WATERSHED_CODE_50K":null,"FEATURE_CODE":"GA24850000","OBJECTID":934156,"GEOMETRY.AREA":0,"GEOMETRY.LEN":0,"FEATURE_AREA_SQM":3594.1760000000004,"FEATURE_LENGTH_M":294.6857}},{"type":"Feature","id":934159,"geometry":{"type":"Polygon","coordinates":[[[570074.91690733761,5447219.5555763757],[570059.81215803092,5447217.6219533766],[570055.89875030494,5447212.6634082813],[570047.91608438804,5447206.5452977205],[570040.9253744157,5447197.588547946],[570017.83195309225,5447180.6685264772],[569994.9386069614,5447164.7013889356],[569973.93069390091,5447149.5508812563],[569961.93644609989,5447138.6307181427],[569984.82191560313,5447140.662358542],[569987.91931080772,5447142.6023204681],[570011.88085366227,5447152.56532948],[570031.91379234288,5447164.696125648],[570048.88966151793,5447174.5706908833],[570067.81649102527,5447195.5549227521],[570071.80782420072,5447198.6139775822],[570079.8677358639,5447201.5665498646],[570092.85300860461,5447209.6490944522],[570092.91500726051,5447213.6088987747],[570082.89576944045,5447220.6075449828],[570074.91690733761,5447219.5555763757]]]},"properties":{"WATERBODY_POLY_ID":700091598,"WATERSHED_GROUP_ID":63,"WATERBODY_TYPE":"R","WATERBODY_KEY":329710531,"AREA_HA":0.26992819879353003,"GNIS_ID_1":null,"GNIS_NAME_1":null,"GNIS_ID_2":null,"GNIS_NAME_2":null,"GNIS_ID_3":null,"GNIS_NAME_3":null,"BLUE_LINE_KEY":356291466,"WATERSHED_KEY":356291466,"FWA_WATERSHED_CODE":"100-069460-000000-000000-000000-000000-000000-000000-000000-000000-000000-000000-000000-000000-000000-000000-000000-000000-000000-000000-000000","LOCAL_WATERSHED_CODE":null,"WATERSHED_GROUP_CODE":"HARR","LEFT_RIGHT_TRIBUTARY":"RIGHT","WATERBODY_KEY_50K":null,"WATERSHED_GROUP_CODE_50K":null,"WATERBODY_KEY_GROUP_CODE_50K":null,"WATERSHED_CODE_50K":null,"FEATURE_CODE":"GA24850000","OBJECTID":934159,"GEOMETRY.AREA":0,"GEOMETRY.LEN":0,"FEATURE_AREA_SQM":2699.2653,"FEATURE_LENGTH_M":318.90590000000003}},{"type":"Feature","id":931144,"geometry":{"type":"Polygon","coordinates":[[[569715.81417785573,5446586.6768206386],[569700.44207991601,5446570.6274863118],[569674.90378737915,5446552.5903796451],[569670.82758504583,5446542.56249341],[569664.94993802509,5446538.6877940213],[569645.93318035966,5446535.5977045717],[569622.93379125232,5446539.5828253087],[569588.83086150186,5446504.1882111235],[569545.82769535971,5446461.6534496443],[569539.87944452686,5446443.6845822688],[569537.92944116041,5446437.6431213291],[569521.85726670723,5446416.6970002027],[569500.86169246724,5446395.6890935535],[569484.81456881971,5446381.5520932218],[569465.8869883595,5446365.636962356],[569443.84332198207,5446348.5749481115],[569425.81381440756,5446337.5800026804],[569413.87981822784,5446330.6216034638],[569391.82187275589,5446320.6849357868],[569381.89217077778,5446313.5924696792],[569371.92628510401,5446310.617357431],[569357.81393142347,5446309.6482040938],[569324.47396221675,5446285.8114141719],[569292.95599655563,5446263.5452562962],[569292.87496196385,5446261.6446332131],[569275.92989938066,5446242.5883701527],[569258.81151563849,5446230.6553579886],[569239.92509796843,5446215.6919439668],[569222.80292195629,5446198.6917278664],[569211.83154592465,5446179.5524925292],[569203.82208264619,5446166.6261777757],[569195.91657258105,5446158.6094577108],[569106.23254185729,5446001.6709091179],[568981.90109364339,5445879.6127205733],[568986.94307995681,5445857.6650064243],[568988.88991338096,5445837.5794562707],[568988.83238351624,5445817.6259547202],[568986.91360032605,5445803.6679996019],[568986.86398499063,5445792.5828153426],[568980.86812011572,5445768.5969001837],[568973.82412673184,5445748.5569149656],[568969.82887026656,5445741.6986549124],[568965.88694241771,5445728.664865436],[568960.87392985588,5445716.5670254389],[568952.81398071395,5445692.5564700458],[568948.88127080712,5445668.5961865466],[568946.87663726776,5445647.6693885783],[568943.88777529215,5445634.6473141862],[568933.80369367264,5445611.5609573862],[568918.85612885363,5445588.5724558365],[568902.8203615169,5445568.5780501859],[568894.83191491547,5445558.6607018393],[568878.90018014249,5445543.577916719],[568861.87616450759,5445527.6891111797],[568839.81082299096,5445512.6871699775],[568822.90788153233,5445499.6498327581],[568801.85481463827,5445483.5532105649],[568783.95879425388,5445469.5532887913],[568762.80555205978,5445453.6132522514],[568742.80442531616,5445438.637896915],[568718.83406042447,5445423.6134034917],[568700.91998308199,5445411.6726537067],[568680.91887907358,5445396.6972777471],[568663.91517913609,5445382.5514233345],[568646.95417523046,5445370.6223905319],[568637.87665199488,5445363.7011485882],[568624.92899596773,5445356.5722133256],[568610.95303370198,5445352.5980534665],[568596.84000160289,5445351.6318174507],[568248.70057768887,5444966.2123547383],[567912.87049961521,5444693.6339310231],[567914.88785944646,5444687.6415783567],[567914.84276817576,5444665.6308805682],[567913.915211385,5444652.6344112102],[567908.92238209175,5444643.5475263419],[567892.87081040652,5444630.6823211769],[567872.88533999212,5444613.6515558688],[567854.90889154421,5444601.5549901268],[567830.89511065348,5444585.5834469022],[567814.88458520977,5444573.6690272428],[567794.93916989828,5444557.5890850732],[567777.81664008845,5444545.6617958434],[567756.8059203811,5444535.5859858906],[567733.87300583359,5444527.5458125714],[567716.84392218979,5444527.6535183443],[567700.86707739881,5444527.6164070936],[567690.82931900083,5444531.6097912369],[567672.84081555135,5444542.6322259512],[567662.92109181837,5444545.6779141277],[567648.89031226246,5444546.6141310316],[567625.82701432332,5444546.6490286887],[567614.81338425924,5444547.6226333752],[567600.9063086051,5444552.6773451278],[567579.87039028958,5444571.5798555342],[567574.91387792653,5444575.6362674572],[567570.88555052143,5444576.6954892986],[567567.92757396703,5444575.5506856116],[567562.90622417978,5444575.6483108839],[567548.81060444727,5444572.6257225405],[567535.82700149366,5444569.6159947459],[567521.89139619307,5444566.5954752928],[567507.91377659386,5444562.6241893312],[567484.82191689534,5444554.582829088],[567460.91891583684,5444548.5910033667],[567439.87970877904,5444547.7006480908],[567430.93018389703,5444548.6998804137],[567415.80949277175,5444568.62487798],[567407.88258093665,5444578.6628733631],[567388.82968689036,5444595.6893163705],[567370.90505178354,5444610.672488994],[567351.82833285513,5444624.6909383694],[567329.91067730519,5444636.616922101],[567308.94601772842,5444648.5536458623],[567286.87602242397,5444665.5446357243],[567281.80618293467,5444675.6169364322],[567281.87573907839,5444684.6439418839],[567016.70009824482,5444827.8906504577],[566645.94634185405,5445040.656341183],[566631.83459883416,5445039.6937062461],[566616.80986074323,5445039.6711545419],[566594.87683236669,5445037.664398158],[566573.93686315743,5445036.6202381272],[566564.94536717888,5445036.6705958722],[566542.87155282649,5445032.6045066249],[566529.92807313101,5445030.5484630512],[566505.82619006606,5445023.6073993593],[566485.87063501973,5445014.6574932551],[566466.90714282461,5445006.6702289023],[566445.88058314438,5444998.6582333175],[566422.90796887456,5444989.6728665363],[566400.88741008192,5444980.6992964707],[566376.82093121752,5444969.6418354763],[566356.94546305516,5444962.5945827467],[566340.84109654068,5444954.6415691003],[566329.93893202278,5444949.6021762751],[566308.89525738265,5444943.6492981855],[566286.80230309325,5444941.6413792633],[566264.82844589371,5444938.686728687],[566243.88855959498,5444937.6434810907],[566207.86581276555,5444937.6859534997],[566183.9088589591,5444936.6072371434],[566160.88676180469,5444937.5984766241],[566138.86428554612,5444944.6184315449],[566122.91037959431,5444947.5939786397],[566099.87108545005,5444950.6433549877],[566078.81223526504,5444950.5497862576],[566058.92526358215,5444950.6287704865],[566038.93847285793,5444949.5982314534],[566026.93092098448,5444949.6130248988],[566003.93723557563,5444958.6803709678],[565982.90779388521,5444966.6628860226],[565965.88286321482,5444970.5763125215],[565952.90510710143,5444972.6384824701],[565938.87448577315,5444973.5793660432],[565916.9290472205,5444978.7007688489],[565904.86727761442,5444983.6240213802],[565882.88180181105,5445007.5893608714],[565858.92741894512,5445027.571310875],[565837.92079076217,5445038.5637703734],[565814.81008878828,5445048.580678652],[565791.83360454824,5445055.5907903537],[565772.85103090538,5445065.657084045],[565754.86149996053,5445076.6859824974],[565739.80538655992,5445084.5817224765],[565734.82505701587,5445085.63102121],[565727.80245481746,5445089.6646535797],[565706.90922426875,5445094.6411989862],[565684.88018227846,5445096.5958975032],[565667.8923274905,5445097.6609260095],[565650.84461357305,5445098.5662772413],[565634.82701368316,5445097.5849179849],[565624.8835162035,5445097.6243503559],[565580.83975627227,5445095.6763813356],[565557.93115247181,5445090.6535660326],[565534.84537320666,5445087.6878159456],[565510.88853772148,5445086.6118850904],[565469.94385362125,5445086.6009314572],[565446.9036493625,5445089.653139432],[565424.89847784152,5445094.6187105468],[565404.93454730371,5445096.59899488],[565389.87453116837,5445100.6955422256],[565365.80428897205,5445105.6364261191],[565351.93270784372,5445106.5803177515],[565315.90923772543,5445106.6294010049],[565299.84609144973,5445099.6299905544],[565279.93089585495,5445091.6356352391],[565267.94063918223,5445089.5941568902],[565255.91495199187,5445091.6690182574],[565243.85318010987,5445096.5931514632],[565230.95642672107,5445100.5578302424],[565208.84653269523,5445100.6137489723],[565189.81187672645,5445099.5968046607],[565171.92927585309,5445099.5445955116],[565158.84227058315,5445091.630852012],[565152.92159725691,5445085.5440038722],[565141.80241358629,5445081.6126853311],[565127.84334996657,5445075.5887997178],[565104.89948525676,5445074.6851929119],[565086.85787758254,5445074.6308424007],[565064.88324221026,5445071.679895361],[565038.81695930474,5445064.5641153296],[565021.94619032519,5445064.6813673237],[565015.93027220492,5445062.5521754734],[565005.82785945199,5445062.5914051114],[564982.83751560887,5445055.6708236756],[564961.89232905011,5445049.5650836276],[564945.82832073013,5445042.5676426599],[564925.89500392391,5445036.6323887696],[564903.82062872185,5445032.5728799189],[564882.81728631957,5445027.575468366],[564865.87832688726,5445018.6677119974],[564854.91264929937,5445009.6713330159],[564830.95599873713,5445008.5981920548],[564824.90468177409,5445010.5863271682],[564813.80928748962,5445009.6639096113],[564806.85367395706,5445001.6646542139],[564784.8098863716,5444989.6886944827],[564763.89634833811,5444975.6674382798],[564752.81266017153,5444967.6197188729],[564743.95758007362,5444964.6659927657],[564729.8861583306,5444964.6598525308],[564713.81666419224,5444952.5952169225],[564691.93191996042,5444940.6213500313],[564669.84718400636,5444927.6945530856],[564646.86866837484,5444913.6495716302],[564625.89048365329,5444895.6695186356],[564605.86431109614,5444877.700283465],[564586.93685128319,5444865.6032211259],[564564.82944547024,5444849.6683905721],[564550.91834092466,5444833.670812414],[564541.93973676302,5444826.5985885067],[564523.90612676542,5444815.6206850503],[564504.91947954393,5444804.6309926212],[564491.91364973085,5444798.6207673093],[564470.9039794401,5444788.5581312729],[564449.94761879777,5444773.5870544054],[564440.91085544648,5444767.6231681434],[564423.80652771087,5444753.6470657354],[564405.83117073483,5444741.5617760848],[564386.80362068489,5444729.6222469881],[564365.95299714501,5444719.5617015539],[564323.92891710903,5444695.6372593967],[564304.9013913552,5444683.6977063706],[564283.90906132746,5444671.5778559409],[564263.94678887469,5444657.5693046078],[564252.89935842319,5444646.6732099969],[564234.94679385214,5444637.5968738673],[564217.82433528651,5444625.6799118584],[564198.91978091467,5444616.5927354516],[564174.81128034147,5444604.5948707387],[564155.86480332003,5444594.557922598],[564134.89139886142,5444581.6468961891],[564117.82719074888,5444568.6225526668],[564095.86468168942,5444558.5500111273],[564079.87155936135,5444544.5887662033],[564055.83371541114,5444525.6252539586],[564037.91183955909,5444508.6324116942],[564027.85747887765,5444498.6989083067],[564022.95268920413,5444496.5835900186],[564011.82725794602,5444487.5869739288],[563989.8293373778,5444481.6317593539],[563970.90664430452,5444474.6037215777],[563948.90225129563,5444463.5813708715],[563940.82408277085,5444462.6963709109],[563922.8414366307,5444445.5448613353],[563907.80684237462,5444436.6615282679],[563887.90744852903,5444426.6137120286],[563879.8810342293,5444419.554223421],[563859.89974095894,5444407.6057887329],[563843.95314311329,5444399.6624543676],[563822.84844477277,5444393.5593062025],[563798.9446249936,5444387.5834509982],[563787.86668088357,5444384.604729143],[563765.86238458042,5444373.5833201595],[563753.94948962273,5444369.6451201681],[563729.94589616067,5444362.5597187821],[563708.94104985194,5444357.5670632645],[563687.91895231348,5444354.6325638443],[563674.81703638018,5444352.5819184771],[563659.86990197771,5444350.6673159609],[563638.86606269842,5444345.6745982282],[563623.81819013169,5444342.6515070843],[563601.86036601441,5444337.6480280859],[563593.9213504775,5444337.5562903518],[563571.90634189593,5444333.6611158513],[563549.87145582761,5444330.5571079534],[563528.82670319173,5444324.6145546176],[563515.8428402663,5444321.6152021838],[563488.90486657957,5444317.6638567289],[563476.91496992041,5444315.6260994589],[563462.82010427187,5444312.6137732761],[563442.92634486908,5444307.6350104241],[563425.81449198315,5444304.5881188428],[563404.83343978191,5444302.6053483849],[563381.84179894358,5444295.6913548401],[563370.91649921727,5444287.6485680975],[563365.92984713742,5444283.6325943423],[563344.94235981267,5444276.5826770905],[563298.80496156262,5444266.5536185019],[563274.81938335148,5444258.6779879164],[563262.80584370333,5444253.6322284536],[563238.91943260329,5444245.5990359969],[563220.91446795908,5444242.7009761855],[563203.93799618422,5444236.6481920546],[563182.85623833886,5444233.5568791898],[563162.80355345143,5444228.5769173298],[563148.94485399872,5444223.6681729443],[563127.83944753162,5444217.5688754367],[563105.82355309173,5444213.6746113924],[563082.93121682701,5444206.6049766559],[563060.94986845064,5444198.5943731079],[563037.8403362016,5444192.6309551159],[563024.8974866576,5444190.5823263293],[563000.8758929742,5444185.557902406],[562980.92505189322,5444181.6883328827],[562972.94518026989,5444180.6477255551],[562951.83980305656,5444174.5483795134],[562930.8352041844,5444169.5585110895],[562907.88370829343,5444163.597223823],[562890.84908812121,5444158.6527264556],[562872.90144744213,5444154.6482718429],[562849.81563592551,5444151.6937680533],[562829.86965605663,5444151.6252602609],[562815.91563675273,5444150.6741492962],[562795.9277404988,5444149.655868887],[562775.82275054918,5444149.5852202429],[562756.88861743535,5444149.6872180216],[562734.9547380351,5444147.6954620928],[562711.80817387777,5444144.5832834104],[562661.87303019885,5444144.6498457678],[562637.9161696363,5444143.586086303],[562610.88413097674,5444143.5960850688],[562606.87964234757,5444147.6680135382],[562603.95098150999,5444154.6021683365],[562593.89624569088,5444160.6630326938],[562582.92312606575,5444162.5977627048],[562560.87124410819,5444161.5556361685],[562536.85618347593,5444161.6002005562],[562494.87631260941,5444159.7003784562],[562471.91344651545,5444159.5991811678],[562458.91246885667,5444158.6598137282],[562407.80465609347,5444158.5576381451],[562387.91858235071,5444158.6496913424],[562364.87284955871,5444156.6478923941],[562353.85877071554,5444157.6317826649],[562341.90998867981,5444156.5466561466],[562319.84091667237,5444157.5646219179],[562297.848942396,5444156.6830966529],[562280.91900238604,5444156.6500913706],[562259.82020976266,5444155.6206890168],[562246.90019772039,5444156.5839411961],[562231.83527922421,5444155.6217414793],[562182.95152855141,5444155.5462943856],[562166.87546234124,5444155.6826246055],[562145.81663257803,5444155.6040402437],[562129.95774139161,5444154.6331361867],[562105.94282627688,5444154.680564682],[562097.80400933535,5444153.6387389824],[562091.87085805368,5444154.6799998833],[562069.81912888598,5444153.6407319512],[562005.91056546499,5444153.5567859588],[561990.91030911193,5444156.55531138],[561981.91926834162,5444156.6121421615],[561975.87446024187,5444163.6701975754],[561958.90365941718,5444162.6883145282],[561951.94759292284,5444154.6928072218],[561943.8260775205,5444151.5928048734],[561925.87863789743,5444147.5911332136],[561902.91116796935,5444143.692669441],[561880.85944997659,5444142.6533475127],[561857.94919634389,5444137.646559271],[561841.94869301282,5444134.6173063917],[561819.83242079406,5444129.619194366],[561808.8718920676,5444125.6965556275],[561786.87743832741,5444123.549895755],[561773.85296682373,5444119.6044457182],[561757.80517495028,5444110.5572415013],[561742.89838124451,5444109.5991184376],[561735.94872990239,5444106.6717176856],[561725.90399562404,5444105.6092175813],[561709.82164863416,5444100.6793246409],[561687.86440934741,5444095.6833036868],[561667.91752981825,5444079.6260216832],[561657.8081292361,5444058.6122194529],[561643.95971789362,5444046.5819574762],[561622.90719988174,5444035.578840672],[561607.81781238643,5444031.6105937464],[561595.81090176315,5444031.6347075673],[561572.81266247877,5444035.6536114272],[561556.8185728254,5444037.6924298974],[561518.83015329775,5444037.5865091383],[561515.08530467108,5444025.2459307713],[561510.89647182368,5444010.5796860382],[561514.95447705931,5444001.5993598867],[561514.90719727869,5443995.5814197287],[561508.83763668011,5443983.6379918922],[561500.9050507436,5443972.6236425433],[561482.93937459029,5443954.6895378064],[561464.89121590031,5443933.5867328439],[561455.91652122082,5443915.5948420102],[561441.91440412973,5443892.6370355459],[561425.84740178869,5443869.6574488906],[561415.94333197875,5443854.6626954162],[561401.86411845905,5443833.6043558428],[561387.83222654846,5443818.5649614809],[561367.9443292222,5443802.6672847122],[561350.82469143532,5443794.5598749379],[561332.90635536169,5443782.64365998],[561310.90109991399,5443771.6326134577],[561288.9367535091,5443761.5713698594],[561276.86435595329,5443757.6366943261],[561262.88703594345,5443753.681327479],[561248.80796842033,5443748.616513011],[561236.95284595294,5443743.5766026089],[561223.88657051371,5443738.6812850591],[561210.80143533007,5443734.5780967502],[561196.8241236459,5443730.6227176366],[561172.80222663004,5443725.6067649107],[561151.83814962325,5443721.5742615759],[561128.86899329931,5443717.6786512863],[561109.85178534174,5443714.6175960964],[561086.8227852463,5443710.562295015],[561063.93652079778,5443708.5682425695],[561052.89901259309,5443706.5459772479],[561046.88409006677,5443705.687544493],[561025.82562545745,5443705.6136653582],[561002.93932274275,5443703.6185950693],[560979.85311205336,5443700.6715771956],[560955.87123137864,5443696.6074104179],[560934.84895809682,5443693.6832065266],[560912.93301051599,5443689.6417680178],[560900.90063421417,5443686.6588865696],[560887.91727336065,5443683.6650892729],[560874.81488915149,5443681.621012358],[560861.81320894533,5443680.6854224196],[560837.87328183523,5443677.5719861891],[560817.86226688069,5443673.5512205083],[560787.90742992598,5443669.579317864],[560765.92499540059,5443661.57913459],[560744.82665191556,5443660.5553256311],[560724.95633392478,5443658.5948786708],[560710.80281556631,5443656.6974488972],[560690.87369273463,5443654.5782711692],[560669.93336718949,5443653.556616026],[560645.85340390704,5443649.6508574793],[560629.85219791741,5443646.6243936745],[560616.82700871595,5443642.6817832673],[560602.8897356427,5443639.6781502357],[560589.92905058211,5443639.6943250317],[560577.82160103682,5443638.6117964201],[560567.9187204031,5443639.6114469087],[560552.85321223212,5443638.6549670352],[560529.8663420754,5443635.553267193],[560505.82728881389,5443632.5972758215],[560470.94979873346,5443628.5739135938],[560456.9543092628,5443626.6786121866],[560432.83916508313,5443625.6230441909],[560367.82346987491,5443614.6205159724],[560353.88725607342,5443611.6177948564],[560340.86209054978,5443607.6751381224],[560316.89771313802,5443601.5546046486],[560305.81940086256,5443598.5834218785],[560282.90874699375,5443593.5832022978],[560258.86881144834,5443590.6291771531],[560235.82374521578,5443588.6357478667],[560222.88045751781,5443586.5946925404],[560178.85330568359,5443582.6316967532],[560155.9263671363,5443579.6905648783],[560133.80970047973,5443574.6990056382],[560123.80613522232,5443574.5901093129],[560101.88941502594,5443570.5514839459],[560089.95792050287,5443568.6799661452],[560074.80909192923,5443564.5567344921],[560062.87859696022,5443562.6851693299],[560048.94145426573,5443559.6834361954],[560037.82694423676,5443559.5625151889],[560021.88572425942,5443556.6976045491],[560009.93635953567,5443555.6181627065],[559973.90620346169,5443550.6347944234],[559952.94148178189,5443546.6070088362],[559933.92360532482,5443543.5507072769],[559925.86222354847,5443540.6131638167],[559901.8633005257,5443538.6108387038],[559889.95016413508,5443534.6810781499],[559872.83720905008,5443531.645484562],[559853.81934109121,5443528.5891633099],[559837.8955298973,5443523.6670457004],[559824.91038609762,5443520.6761557581],[559800.81174069003,5443517.5642656162],[559776.91460343311,5443516.6723491773],[559763.95403833676,5443516.6903857766],[559747.83499953651,5443514.616417001],[559728.84171640105,5443514.5690017315],[559623.31619613094,5443502.6626956901],[559517.89092649566,5443490.5996563947],[559502.88835476432,5443477.6122721238],[559481.82755631884,5443461.5515229758],[559475.8055615644,5443455.6278610462],[559454.87006445066,5443443.6855311366],[559430.91051718907,5443426.6433728924],[559398.8405568751,5443400.6467263736],[559377.80788553006,5443376.6695675403],[559358.85913750599,5443366.6485645156],[559337.90928751067,5443344.5719696674],[559315.90635541617,5443322.6431069868],[559291.92236057541,5443302.5929454761],[559268.85658246884,5443286.6689662859],[559250.919129933,5443275.5514172679],[559229.91728433478,5443259.650295171],[559223.9536094449,5443252.6192430006],[559204.93947883171,5443238.6394343106],[559197.88742461358,5443234.6053843405],[559187.87118187023,5443225.6311729178],[559179.86719731078,5443221.5872293692],[559161.84693299094,5443208.5680689905],[559141.86352605885,5443196.6365226321],[559129.80697784596,5443190.649414774],[559121.81932603312,5443184.5463326471],[559109.86450101715,5443179.6686729146],[559090.93224915862,5443167.5904569188],[559071.91820633691,5443153.611605742],[559053.85709921084,5443139.6425981699],[559037.91715809074,5443124.5881444067],[559032.90544115426,5443117.5669622663],[559010.88532989379,5443097.6971454658],[558995.95562433696,5443081.5452090334],[558980.8868816942,5443064.6009544786],[558963.95312260673,5443048.5858085668],[558941.87324612052,5443028.5572786164],[558926.81065771775,5443016.6791784847],[558917.81286306307,5443011.6745339017],[558894.93809285958,5442991.6383103756],[558857.88568484574,5442966.7003539158],[558839.94741024368,5442955.5837236978],[558816.92183219176,5442940.6124234395],[558797.81338668754,5442930.5921569262],[558779.95130706846,5442917.5760536036],[558759.82449101878,5442903.5861510187],[558743.89185886632,5442893.5997410873],[558719.92981396627,5442876.5614128271],[558701.94405782875,5442860.6938757347],[558678.80048458721,5442846.6722055171],[558655.87422116986,5442831.5452976888],[558634.9361556744,5442819.6058159489],[558627.84329757933,5442814.6218824042],[558619.93910306715,5442811.6874111816],[558599.85429860151,5442798.6492298925],[558584.95641884825,5442790.5732709784],[558571.94709691289,5442784.5772024244],[558549.92265437637,5442775.6346183503],[558530.95595632319,5442767.6755923098],[558510.89466826338,5442757.6453862581],[558500.90213966975,5442751.6810514852],[558479.85630298161,5442733.5658762585],[558455.86064189638,5442720.6447699638],[558438.81619895797,5442710.6472905632],[558421.81267304451,5442701.6006259024],[558401.85217220383,5442692.6808877271],[558391.92505578452,5442690.6753166467],[558369.91709253495,5442679.6755337948],[558354.86033869418,5442671.599387655],[558335.86916393635,5442660.6313464353],[558327.82346072642,5442655.6385208834],[558318.94189250749,5442649.6861952655],[558297.83520825987,5442643.6046703076],[558277.87473792373,5442634.684896796],[558255.89037440321,5442626.6950831721],[558235.87011416233,5442617.61661583],[558213.84584787954,5442608.6759262215],[558178.84243403364,5442600.5481531331],[558160.89421237202,5442596.5596713163],[558113.94235988427,5442588.6232341081],[558101.83439871331,5442587.5463644937],[558080.90369875182,5442580.6758630723],[558056.82931103883,5442580.5804349016],[558033.92569759034,5442580.6567226108],[558018.95897712,5442579.5502542751],[557997.91930159472,5442578.6954782046],[557976.90264048357,5442579.5836114269],[557958.81994036201,5442578.6019096915],[557942.8429976285,5442578.5928865597],[557925.85582988407,5442579.6813196326],[557903.84434475505,5442579.6087922892],[557884.95137862663,5442580.6784888813],[557871.83319925808,5442580.699041998],[557851.80936875916,5442582.5478675775],[557845.86012865219,5442585.651967559],[557835.95863533206,5442586.6572437594],[557819.92900192807,5442591.5566601837],[557799.83245928038,5442596.5708926516],[557778.89914441679,5442600.6276572905],[557761.83581594483,5442603.6165119102],[557743.93662834866,5442605.645857485],[557725.93673727894,5442606.565696612],[557708.94861096097,5442607.6551227709],[557684.88245257444,5442612.6296778815],[557669.84107084083,5442614.6896471251],[557648.84890451701,5442618.5866483571],[557630.90889609943,5442619.667146394],[557606.80083111208,5442623.6908988189],[557585.88490885473,5442625.6894231616],[557574.95328730042,5442628.584297657],[557550.80431623349,5442631.6572120078],[557526.93705832632,5442637.5847133026],[557509.83181881066,5442639.6227319976],[557492.92648844572,5442642.6137032695],[557448.45640787657,5442289.3672599141],[557403.89632688242,5441934.6948160762],[557415.91983889719,5441932.6031236649],[557437.93104870734,5441932.6737711979],[557454.89249936736,5441928.5744807357],[557478.95945648034,5441923.5998899294],[557497.91201941587,5441922.6879510842],[557518.85225520679,5441923.6983970935],[557531.81227080384,5441923.6747112107],[557549.89472488244,5441924.6545038531],[557556.8048848589,5441926.6264084587],[557590.82324455527,5441926.6644522399],[557610.81152688526,5441927.6639636066],[557633.89936256036,5441930.5968598966],[557646.88388172048,5441933.5821404243],[557661.85047184047,5441934.6886752192],[557675.84621045063,5441936.5764424251],[557688.8317303987,5441939.5616727266],[557700.92417958588,5441942.6967190746],[557722.80750473111,5441949.5752195772],[557738.85068282252,5441953.5430434123],[557761.81486406515,5441953.6244624397],[557774.81583679875,5441954.5525628775],[557784.87725680065,5441953.5493708728],[557808.95136423339,5441953.6428628666],[557832.83317001991,5441956.5844266023],[557885.81894354546,5441964.5805442873],[557904.87888587359,5441968.5801021019],[557926.89020584326,5441968.6526089357],[557947.83051343018,5441969.663938174],[557967.86888521991,5441976.6822851477],[557980.89537785738,5441980.6192932744],[557999.82187824661,5441987.6266332986],[558022.91791986872,5441995.6275563966],[558039.93047845853,5441997.5480204113],[558061.80736220337,5442000.6283379626],[558087.88657199033,5442000.585917512],[558109.95420941967,5441999.551084429],[558129.94261550694,5442000.5524610868],[558149.90554902691,5441998.5458899681],[558188.86211060907,5441996.5810309863],[558209.93692139932,5441994.5854389369],[558233.82765491796,5441991.670675342],[558241.86519820674,5441991.5973973135],[558260.83430428791,5441988.6301103439],[558272.84251182748,5441988.5983976368],[558286.87264860503,5441987.6377935223],[558304.95527278318,5441988.6204081709],[558323.89724264329,5441993.5705544185],[558352.80251744029,5441997.6759331841],[558362.8885131909,5441999.6826513493],[558364.83525467664,5442000.6531926366],[558383.81914247689,5442006.5541081801],[558392.91031554423,5442007.60018152],[558409.9065524335,5442011.5797227249],[558424.93966480566,5442016.646879442],[558448.93711723899,5442029.5679939725],[558483.92439478007,5442050.6811324405],[558507.88095412683,5442062.6513986615],[558523.88242618914,5442065.6712748455],[558529.81522476301,5442064.6252520494],[558540.8122821718,5442065.6920177881],[558556.82198406942,5442061.5865859371],[558567.88706807117,5442055.6867288752],[558603.90982594341,5442055.593529338],[558626.93053143972,5442054.5714014433],[558644.85421859054,5442055.5528016584],[558668.95409206289,5442058.6589669632],[558681.93881590385,5442061.6470728302],[558694.80644751817,5442065.5838253554],[558707.93475872639,5442070.6311772252],[558719.95019406371,5442075.6675822819],[558736.87033485668,5442081.5475262711],[558756.93353550765,5442091.5786518743],[558775.88477494451,5442101.5967851141],[558789.89864593837,5442102.6962488852],[558804.93905718182,5442100.6390723325],[558813.87232759409,5442101.6849179752],[558826.93985578872,5442106.5736091873],[558838.95630311128,5442111.609951661],[558857.86572962836,5442120.6792802736],[558875.81502567534,5442124.6705682827],[558899.89605338115,5442128.5688052075],[558910.91767637152,5442132.6445023324],[558934.91534006188,5442145.567458869],[558957.93553101306,5442167.6640112214],[558965.9061462332,5442174.5582296168],[558986.92950259941,5442189.6663213028],[559006.83280422457,5442199.696283686],[559023.87930939987,5442209.6956071518],[559041.8261212213,5442224.6132727722],[559075.9171609066,5442244.6119821612],[559099.88119828666,5442261.6522296183],[559121.91485412116,5442275.6637919601],[559142.8375888716,5442289.6633217158],[559154.8014772546,5442299.6081032054],[559177.81267243961,5442316.6394710923],[559200.95828541834,5442330.6629858548],[559222.83297151374,5442344.6723778425],[559244.92395966477,5442357.5765667986],[559266.91678964766,5442370.6382530816],[559275.94014273304,5442378.6528226677],[559292.85132037604,5442391.659958344],[559334.87701523909,5442433.5964385057],[559351.81277646415,5442449.6125292582],[559358.86477516429,5442453.6465960843],[559382.86890794116,5442471.6385920029],[559421.86306868226,5442504.6760902805],[559438.88071173592,5442522.5937964162],[559478.91690394271,5442562.6099017616],[559496.95548894582,5442573.5718434304],[559512.89746391634,5442588.6272134464],[559535.94879257691,5442606.6102971518],[559541.91345203994,5442613.6413348457],[559564.82314030209,5442629.564082304],[559568.95911281498,5442634.6759217186],[559575.95133724494,5442638.5512813861],[559582.8699670966,5442645.5931131896],[559600.93211614748,5442659.5630342374],[559619.88278147555,5442669.5849600798],[559640.91366609349,5442677.5705942996],[559646.89573531225,5442682.5444298508],[559667.90927493782,5442692.5882454356],[559682.9417873933,5442697.6591797387],[559698.82549893111,5442701.630493816],[559718.81344196608,5442702.638510772],[559724.82005045889,5442710.6203060178],[559733.82613887452,5442720.6929873675],[559737.84161827667,5442737.6798620522],[559744.95669691951,5442756.5990282688],[559760.95607906824,5442770.5479981648],[559777.91808687779,5442778.6485996125],[559796.90873594803,5442789.6213358874],[559820.86304670316,5442801.5982609568],[559839.85370773892,5442812.5709848721],[559855.86280728632,5442820.6617272804],[559876.93468899967,5442829.5981087368],[559891.8901368815,5442836.5695036827],[559915.84447786922,5442848.5463955775],[559955.91778950416,5442862.5982075371],[559976.89057584899,5442871.6931074662],[559999.92570454138,5442879.5438045384],[560012.89341434627,5442884.5928614065],[560072.88495652529,5442906.6211995007],[560090.87461781641,5442911.5670533022],[560113.81060948828,5442919.5752631864],[560131.91735602869,5442923.5724641643],[560151.95359647647,5442930.5993357711],[560170.87890124193,5442937.614191127],[560191.86812071223,5442944.6518874029],[560198.91925513803,5442948.686905846],[560206.94070034812,5442950.6745739514],[560223.85937852738,5442956.5592468735],[560243.85474650178,5442962.6362753874],[560264.90220885165,5442968.5655847769],[560286.81982339546,5442972.6051296145],[560329.90199004579,5442981.6253167791],[560356.84056314325,5442985.5616793269],[560378.93353556306,5442987.5451885052],[560398.92066369962,5442988.5550764613],[560411.82397016999,5442989.6462437985],[560430.94099756156,5442992.546883381],[560441.82033110666,5442994.5660672439],[560465.91895511793,5442997.6797572961],[560486.82385965285,5443001.5507332115],[560502.92662849871,5443005.6856885338],[560517.83305241901,5443006.6410387745],[560540.91990598571,5443009.5851509012],[560565.8544828475,5443013.6592839146],[560587.89494662627,5443020.5511964625],[560611.91745298298,5443025.5643020226],[560636.85204062937,5443029.6384121086],[560657.87503704906,5443032.5606551617],[560680.88640073931,5443038.6722759139],[560696.88849002775,5443041.6986929141],[560717.89416740171,5443046.6791037247],[560733.95348485513,5443048.597189853],[560755.87124392774,5443052.6386012705],[560776.83503478975,5443056.6692215884],[560800.89959342207,5443062.6350420844],[560813.85919280304,5443062.618862398],[560822.83368731779,5443064.6182937408],[560842.8618356993,5443066.579884666],[560863.89219177258,5443074.5702135535],[560882.93480842421,5443080.6392480023],[560902.94668305642,5443084.6599638322],[560926.82763500942,5443087.6146566048],[560938.85892860068,5443090.5975875007],[560962.88161750557,5443095.6135830861],[560988.92724204273,5443099.7005789559],[561011.81437338353,5443101.6956025232],[561031.92542409396,5443105.5587357199],[561055.94812612562,5443110.5747023812],[561066.86848637694,5443113.5456150519],[561089.90462653048,5443122.6680701626],[561102.93080688128,5443126.6115735443],[561114.84409269085,5443130.544163472],[561127.88918063778,5443133.6965250578],[561149.92986964865,5443140.5912748538],[561171.85404424788,5443149.7007508604],[561192.90813639027,5443160.7009872561],[561211.87472662388,5443168.6703988453],[561232.8034491709,5443175.5521712229],[561253.83297039836,5443183.5444334066],[561257.80284191307,5443183.5888956757],[561269.93591634207,5443187.6812269036],[561281.8492216107,5443191.6137900306],[561302.87975070311,5443199.6059950972],[561314.8701772762,5443201.6390500758],[561336.94612157322,5443205.6844685031],[561359.93982960947,5443212.5899777059],[561372.86592664989,5443216.6920267968],[561400.82244206709,5443224.6036599921],[561411.84363176534,5443228.6850179238],[561430.89111881959,5443238.5550486827],[561453.80932619784,5443248.6270761816],[561466.83563639631,5443252.5725158975],[561489.91186561401,5443262.6467044856],[561503.93206264672,5443267.5527730891],[561539.87565418996,5443281.5712472601],[561559.91135762422,5443288.6027876521],[561579.93080083514,5443297.6934600445],[561602.93094642262,5443309.6670707585],[561622.95514638931,5443322.557862822],[561642.83924273856,5443334.6553831119],[561660.85933706537,5443347.6820340771],[561677.92749984225,5443360.698818814],[561701.92795569333,5443378.7011998007],[561721.95219003886,5443391.5919593107],[561742.83024971548,5443404.6510786386],[561759.9383923331,5443418.6186967092],[561780.84111477854,5443434.6867519943],[561798.95946091239,5443447.5568535328],[561806.92288857908,5443450.6547159906],[561826.93405509775,5443454.6782317599],[561838.94192525186,5443454.6550265923],[561861.80468039203,5443453.643853195],[561884.80179341487,5443449.6258526258],[561899.84287205362,5443447.5781191308],[561904.92370979104,5443447.6345358258],[561926.83452530461,5443446.6134845139],[561993.85859669943,5443446.573484852],[562015.89283798693,5443449.6709363852],[562064.87626842817,5443449.5878408551],[562079.88375866273,5443451.6563855167],[562090.82059718634,5443452.5710142767],[562111.92652795091,5443458.666575904],[562134.94323486055,5443468.5848832484],[562150.8266131219,5443472.5637258887],[562172.80943474639,5443480.5695386874],[562196.88404781581,5443480.6827399321],[562216.87167045835,5443481.6991627291],[562231.83665429696,5443481.5508211441],[562252.89435816836,5443481.6304019224],[562275.92256455077,5443485.6894038254],[562296.82703425596,5443489.5669300659],[562338.88359693601,5443489.566329157],[562348.887400612,5443489.6799330497],[562358.81306961575,5443491.6920794854],[562378.93834854465,5443505.6951578576],[562392.94046054326,5443512.6612822963],[562410.90516854788,5443514.6066807918],[562421.91916006117,5443513.622762667],[562443.92246948811,5443508.6459723096],[562461.84621961729,5443509.6405450488],[562471.90722948115,5443508.6458117804],[562492.84689671837,5443509.6740138503],[562515.95809156913,5443515.6355289463],[562537.91538330284,5443520.634332303],[562551.85296043335,5443523.6426219353],[562572.85827368603,5443528.6305655204],[562594.88121394813,5443537.5891153431],[562616.86319834145,5443545.5968448455],[562639.86281392432,5443557.5751785468],[562653.94213552843,5443562.6437545205],[562667.91969051026,5443566.6028796202],[562680.88702273415,5443571.6585183637],[562694.90550018661,5443576.5674520331],[562705.88598746783,5443579.7008064929],[562729.84748260689,5443584.5646562073],[562741.83819669287,5443586.601488784],[562748.90698332351,5443588.5820853626],[562762.92067121831,5443589.6908799913],[562784.82564937789,5443599.5990596022],[562798.94495566119,5443605.6184647707],[562811.95326793625,5443611.6248938516],[562825.91456527112,5443617.642123837],[562845.83270688739,5443625.6280086292],[562865.92609662551,5443631.5568809304],[562887.86622155516,5443638.6147603514],[562894.89409615262,5443639.6455302052],[562918.84581578965,5443651.6356206518],[562941.82186349516,5443660.6058684858],[562951.93032413034,5443665.6300536497],[562972.81774979213,5443671.5685725221],[562996.93354237708,5443672.6353407521],[563017.93259294424,5443672.5579956742],[563035.93256797676,5443671.6549811875],[563052.90347819193,5443672.6406177338],[563076.87753165083,5443671.6470579505],[563088.90181078145,5443669.5675262874],[563106.89535378292,5443663.597327996],[563120.88545239659,5443661.6990679009],[563135.86202689609,5443655.6942933174],[563157.94098281651,5443647.5547620375],[563171.90637868794,5443642.6475439789],[563185.81196293083,5443637.5816452531],[563196.90309214406,5443634.699116935],[563218.84673071431,5443629.566430199],[563235.83008308231,5443624.6937193936],[563255.82782242051,5443618.5895673884],[563268.84022566909,5443613.6715304097],[563292.90120292699,5443603.6540895291],[563312.89893431589,5443597.5499196872],[563332.95647370676,5443591.604421325],[563352.89596941601,5443586.6076052887],[563374.89299391338,5443576.5673704054],[563398.80641679908,5443560.6904933238],[563419.93732539949,5443541.6146259634],[563433.84785959404,5443525.6232212996],[563450.92690834531,5443504.6013537217],[563455.84242500248,5443499.5913618216],[563476.95604733343,5443482.5736434069],[563494.90019101778,5443470.5874188738],[563513.95732044929,5443458.6140640397],[563724.8354604576,5443516.6216134708],[563726.80612402596,5443520.6030106302],[563735.94543420116,5443527.6754523003],[563772.89202061808,5443535.5442671832],[563794.92671032017,5443538.648212391],[563805.82280334563,5443538.6157826521],[563828.851498303,5443542.6823239634],[563845.92817554844,5443548.580410474],[563862.86567764718,5443553.6841879273],[563879.91763421579,5443556.5733124502],[563887.85757505358,5443556.6649675947],[563896.59603318956,5443558.007164361],[563906.81554457406,5443559.5766659183],[563924.880300586,5443562.6352476468],[563950.82523230382,5443565.6277963612],[563968.93101264909,5443569.6381824557],[563991.85894056677,5443572.5951832421],[564015.83969010215,5443576.6735007381],[564029.83471375459,5443578.5772017306],[564071.80422461242,5443587.6145169884],[564085.91728544771,5443588.5695171906],[564107.92840351304,5443588.6673756046],[564129.86242584814,5443590.6637334535],[564139.80554635718,5443590.6204699632],[564142.83875724871,5443588.5968580348],[564280.93524911185,5443645.6231688047],[564282.81329563109,5443669.554861485],[564288.94325188687,5443681.6608431209],[564294.90669450187,5443688.6975669935],[564317.83640978369,5443707.6490902994],[564338.83637502498,5443723.5690413164],[564355.86151663971,5443735.6435505953],[564389.83576548484,5443761.692013951],[564407.91306644841,5443773.6197390286],[564427.85445378267,5443784.6202560235],[564450.83557479468,5443798.664318189],[564472.88190433686,5443810.6383675886],[564494.888341574,5443821.6635536924],[564515.81620902731,5443828.5585142896],[564535.89184611815,5443836.5511758188],[564556.920562029,5443844.5566134872],[564573.91548913927,5443848.5549065154],[564586.88223594683,5443853.6152685601],[564601.93120355275,5443856.6411365615],[564624.90589700523,5443865.6189735075],[564628.87491104635,5443865.6653075349],[564638.88385316264,5443869.5827421695],[564651.94492259552,5443870.6864139466],[564663.87507744855,5443872.5673159752],[564685.82239459548,5443884.7008531205],[564699.81758584059,5443886.6064331951],[564720.87486115808,5443886.6943884632],[564741.87332130875,5443886.6236183634],[564759.94906649832,5443882.560658847],[564770.92234595795,5443880.6305958815],[564784.85183822887,5443878.5774016129],[564808.80911095708,5443879.6494820043],[564832.8548976552,5443887.6903471742],[564838.8291338901,5443887.6026737792],[564848.89695092198,5443891.6798009295],[564871.87173242099,5443900.6585646728],[564894.81621261314,5443901.5611643931],[564900.80927631189,5443900.6813505413],[564923.91277000704,5443901.5860639242],[564934.94326323469,5443898.5486549465],[564938.8313449868,5443896.6943055214],[564959.89284540212,5443884.5916790618],[564978.88058549957,5443879.5886307471],[565001.87741822784,5443875.584747022],[565004.91162043507,5443873.5610631211],[565011.85671649734,5443872.6930593299],[565022.90542101185,5443867.5974132139],[565027.88567869563,5443866.5481359717],[565050.93676661095,5443857.6356975175],[565070.94129322993,5443856.6042469451],[565106.80514370813,5443856.5520785013],[565118.9132371312,5443857.6448959],[565131.85629872384,5443859.6971771587],[565154.80738064635,5443865.6678698845],[565172.95448055386,5443870.6327849515],[565189.81435146474,5443877.6408142764],[565213.90026864666,5443886.6344201593],[565221.94506424526,5443891.6376005849],[565244.87999130273,5443899.6674018083],[565266.88467149145,5443910.6944574267],[565287.83655863767,5443920.6012016097],[565311.87598252366,5443923.5777499843],[565332.93341621954,5443923.6685371688],[565344.95793032181,5443921.5936525362],[565367.82058021764,5443920.5974862436],[565390.88319316646,5443920.5532468604],[565398.90426446823,5443922.5484169871],[565422.87982192042,5443937.5587745579],[565442.82054535218,5443948.5620718133],[565450.91868824407,5443948.6587333502],[565465.91928403615,5443945.6694954867],[565486.8218096901,5443933.5665999781],[565498.93092393689,5443934.65931514],[565515.85467188188,5443945.6281192582],[565537.90044765989,5443957.6069093393],[565553.92544526304,5443963.6563966321],[565559.89969261235,5443963.5686675515],[565579.88713436027,5443964.5972660743],[565599.83362430835,5443964.6760472124],[565606.90171621228,5443966.6604265133],[565625.94768613251,5443976.5455406597],[565646.86532212177,5443990.570543346],[565665.87689599651,5444004.5720024174],[565677.84421430272,5444019.5990726482],[565682.80822698586,5444036.6015677806],[565690.8777307648,5444076.5999860894],[565694.81737411709,5444084.5647408627],[565700.94003229716,5444091.6044619577],[565705.88589440193,5444094.6714961138],[565726.83698208875,5444104.5801546182],[565738.82720230473,5444106.6235662093],[565750.95259715442,5444105.6591104306],[565770.8697755161,5444097.6626588227],[565778.86608301522,5444096.6488448977],[565782.85335736605,5444094.6379007716],[565796.85343055194,5444085.6208633874],[565805.82097083807,5444082.5605931291],[565816.88861500076,5444076.675706041],[565836.80474074883,5444068.6782759065],[565848.88257434196,5444061.6968260929],[565869.8975389346,5444043.5789375808],[565886.84987314837,5444030.6385351298],[565908.87771621032,5444012.6920674751],[565930.86849608959,5443997.5949474117],[565953.82547502697,5443992.6429247456],[565969.81254434527,5443985.5500362972],[565989.94094174309,5443972.6481747366],[565993.90440047905,5443967.6282222429],[566002.9479792387,5443962.6694596708],[566011.80973601923,5443954.6995390039],[566027.84338552947,5443937.6309591569],[566041.91384812898,5443921.6481695175],[566062.8058186525,5443900.6797452373],[566078.95084199868,5443877.5952675287],[566091.86166241439,5443855.5815765206],[566094.83111661056,5443849.6000330411],[566101.95042214775,5443830.6832227763],[566105.88248462894,5443817.588115084],[566108.92232632032,5443804.6398750059],[566114.89919260028,5443777.63398383],[566116.84422056214,5443762.6146684466],[566118.81301507098,5443750.6033517364],[566121.95567030041,5443726.5731131164],[566125.92372824554,5443710.6276596496],[566138.81627444318,5443690.6711413413],[566149.81640889728,5443679.5603417642],[566169.9437485158,5443666.6594124557],[566190.89482710883,5443660.5762240905],[566230.82680779346,5443645.6945757074],[566249.82327209052,5443633.5718772896],[566271.80337610363,5443625.6009518793],[566291.83649573673,5443616.6576818209],[566306.89225943445,5443596.5702297324],[566318.84994003386,5443574.5446495935],[566325.90547262575,5443567.6626615394],[566343.84613216214,5443566.6111785304],[566356.94071126124,5443563.6012178408],[566369.83631319529,5443559.6392743895],[566386.80470248207,5443544.6415088261],[566400.81134529924,5443540.6934795752],[566420.8160322702,5443539.6666564615],[566443.87779090379,5443539.6271253061],[566464.81836984912,5443540.6712410841],[566486.93478345242,5443545.6880996432],[566509.91100658302,5443554.673375329],[566525.88293790678,5443565.6332137492],[566545.91458572447,5443583.6090309191],[566560.9240047296,5443601.68345231],[566574.8395638268,5443617.6857579434],[566592.84721040376,5443636.5877399258],[566614.90096422075,5443653.6384288324],[566620.90572053217,5443661.6278178254],[566631.86907068838,5443681.5534977065],[566646.8851787491,5443704.6950811278],[566662.81064794562,5443725.6305905292],[566667.90338939009,5443734.5590307051],[566677.94310174766,5443746.5564125339],[566686.82980531664,5443757.5901020998],[566700.80925878964,5443777.5522236712],[566717.90562192013,5443798.6602993328],[566739.834786213,5443811.5924356878],[566760.87078419677,5443824.6724855909],[566778.90593426768,5443835.6589607829],[566794.88348918292,5443835.6932027275],[566816.87539124698,5443836.5924699316],[566837.95028372773,5443834.6306508305],[566850.92798033438,5443832.5712718256],[566863.86362488079,5443829.5601189025],[566883.80367073475,5443824.5763693424],[566913.80516218557,5443818.6062945006],[566932.93401046947,5443815.671084132],[566952.93786311802,5443814.6461765952],[566968.94980193116,5443810.5650053592],[566976.86518291989,5443807.6523814686],[567000.94501275744,5443811.5862632031],[567011.95849658665,5443810.6117250193],[567026.84121696569,5443808.5748600857],[567048.84533680149,5443803.6167270411],[567072.95450915734,5443799.6340646995],[567089.94232520065,5443798.5736641893],[567096.81051510875,5443799.6069788514],[567103.85488472355,5443798.5842218259],[567127.8460563136,5443795.5502392733],[567150.80988739326,5443795.6710184673],[567162.8745579659,5443794.5506929969],[567184.86154850689,5443791.6517072944],[567202.89654622343,5443786.6453263443],[567225.91755880625,5443785.6587521816],[567243.8584086285,5443784.6100649685],[567260.87011951162,5443786.5596310562],[567280.83304122183,5443784.5858191093],[567346.90485788311,5443784.5985224508],[567368.95671881898,5443785.6593045723],[567392.81281753397,5443785.6341251573],[567402.95629676757,5443786.5493716821],[567424.80813069351,5443786.6572045041],[567442.81290618889,5443789.569336107],[567483.89956335525,5443791.6544430535],[567507.93854241061,5443794.6403516429],[567521.89217188745,5443795.6026489539],[567543.84991320339,5443800.621087213],[567565.83152179897,5443808.6485257996],[567579.8510368804,5443813.5705920653],[567600.8557958228,5443818.578269735],[567618.82628142613,5443825.6067411089],[567638.80874888704,5443837.5693325503],[567661.856037808,5443855.5863181762],[567674.91650900408,5443856.6965201441],[567689.8232340028,5443857.6715306472],[567699.9496211462,5443860.6459281445],[567719.84335142991,5443865.6396705192],[567730.90462870942,5443870.6840391681],[567737.813903642,5443872.669112647],[567748.93335531419,5443876.6061046617],[567759.95461258129,5443880.699610142],[567761.90070975199,5443881.6739527993],[567780.89958554367,5443885.5485634822],[567797.85993819917,5443893.6735799676],[567845.82686852245,5443905.6640887484],[567869.91270226566,5443914.6689376393],[567882.92109520582,5443920.6875800192],[567894.87560997263,5443925.5849899007],[567906.90709331434,5443928.5828837687],[567930.90420850448,5443930.6198900808],[567942.91186031315,5443930.6097743083],[567955.91353042831,5443931.5612115758],[567978.82347509195,5443936.5933081061],[568002.8932333655,5443947.657260295],[568021.8579406169,5443955.6501885084],[568043.81486017664,5443960.6705268137],[568063.90877004829,5443966.619110385],[568087.94693116529,5443969.6068834551],[568111.80323902902,5443969.5844865935],[568124.86478420277,5443970.6955701113],[568158.8226786009,5443970.6395383468],[568179.92171842896,5443971.6913548997],[568199.80885838787,5443971.6197808944],[568206.80555334385,5443964.5809160806],[568211.90921420336,5443951.6591992471],[568216.95305268909,5443938.5788053051],[568216.9106180747,5443921.6352628386],[568215.86302773678,5443909.5874596192],[568214.93776641437,5443885.6654606787],[568209.80836329248,5443863.5916657783],[568200.80869177717,5443842.5792948958],[568193.83304120484,5443820.640690174],[568188.86310950073,5443814.5627867291],[568170.92741175008,5443804.682150512],[568166.89333596337,5443800.6731747538],[568159.94667485682,5443785.5447208947],[568155.93408966891,5443768.5520422468],[568151.81561117631,5443746.6497132629],[568151.94689914328,5443711.6563308109],[568152.82053345093,5443697.5738621466],[568154.9456891123,5443669.5728232441],[568151.89288893878,5443657.6590696629],[568147.8749632854,5443651.5919335224],[568146.87415688578,5443645.5621659877],[568156.90938708384,5443625.5759189939],[568165.83256539016,5443605.5758131007],[568173.80370265711,5443585.5639209859],[568184.86795635975,5443563.6909090988],[568198.94657988101,5443540.5872441754],[568210.9107401272,5443523.6334960135],[568222.89103550138,5443504.621584327],[568224.9483217235,5443499.5789923649],[568235.9184532814,5443481.6636736663],[568245.87564051128,5443463.5759385396],[568250.88420728664,5443454.6129061319],[568257.83878132666,5443446.6222071638],[568268.81232093903,5443444.699608665],[568280.86093513004,5443445.6402501836],[568286.83429787448,5443445.5553437341],[568302.83596480405,5443448.6042812774],[568338.91327442415,5443459.6589939501],[568380.84805921651,5443471.5793949496],[568393.93243233114,5443475.6994942725],[568416.80745374807,5443483.5837764088],[568439.83638664591,5443487.6689980971],[568460.81741867843,5443489.6714307554],[568473.86010852759,5443491.5745960111],[568486.84468106576,5443494.5861400785],[568522.92213187262,5443505.6427657939],[568543.95192971162,5443513.6621780666],[568563.86972918827,5443521.6687381752],[568576.8782137048,5443527.6892891265],[568600.94127179007,5443533.6878785407],[568603.90534228925,5443538.6337773809],[568604.81210478803,5443548.6212789407],[568600.85470111237,5443585.6249076137],[568596.89480594301,5443606.6357621066],[568592.84335736535,5443647.598085274],[568588.86632647738,5443670.6671206076],[568582.9233997995,5443693.5540113505],[568576.80961613054,5443707.5714087607],[568567.84296672652,5443710.6269976087],[568562.87973821792,5443709.6153196851],[568546.86716545245,5443697.699022254],[568522.94850047783,5443681.5671530655],[568519.80932813673,5443678.6782989446],[568508.94697260379,5443674.5850066887],[568487.90096228546,5443668.6227494506],[568483.90690736286,5443665.5646445854],[568475.88657303923,5443663.5657427106],[568452.87637955812,5443658.6883890741],[568439.89278106426,5443655.6767982924],[568420.92704670911,5443647.682992355],[568398.81107464142,5443642.658637736],[568387.81361401104,5443641.5722299498],[568365.85566169629,5443636.5500242822],[568352.81395132421,5443634.6467975741],[568315.90822710493,5443627.697880202],[568301.81263721152,5443624.6734162392],[568279.8718774314,5443617.5939880032],[568269.88732185517,5443616.6789735109],[568259.86679315381,5443618.6132999994],[568254.91132652026,5443622.6687738923],[568251.94198779098,5443628.6494426234],[568249.90854567674,5443636.700043696],[568245.84771073132,5443656.6013593664],[568250.93137563381,5443672.6580907675],[568249.92522883881,5443677.5538919242],[568234.84478022647,5443694.6278055776],[568229.84298807709,5443708.6590172285],[568229.95563806035,5443718.6358756311],[568230.81698880333,5443738.5980503717],[568231.95192843862,5443741.6209573643],[568234.87495415588,5443745.6160381297],[568238.91677967017,5443754.692176342],[568241.855903466,5443756.6281054262],[568253.87274609215,5443777.6788591975],[568264.81177722139,5443794.5983689269],[568280.9490578745,5443810.6332099121],[568297.87357180053,5443821.6094627436],[568319.87259427237,5443827.5825001327],[568339.81324688974,5443838.5961491782],[568346.81139702396,5443847.5510049136],[568351.84626451437,5443857.5887229443],[568357.94444336439,5443861.6233153213],[568366.95985594147,5443864.5847346839],[568389.8527736403,5443871.6769046159],[568409.92184884148,5443874.6174387867],[568420.85947713815,5443875.5441706916],[568444.88063414511,5443880.5930241281],[568457.86522238841,5443883.603568011],[568480.95143432007,5443886.58144187],[568500.9452685134,5443892.6885202089],[568522.80926026986,5443901.6693919217],[568539.89188939636,5443912.6487444062],[568547.8430644949,5443921.6143102767],[568552.87700744416,5443931.6530533843],[568554.93580496346,5443942.604213275],[568555.92003223789,5443966.6859236723],[568554.84471248172,5443978.5483815642],[568547.82461690926,5443998.5710443696],[568543.81492700032,5444013.5648633596],[568540.84559103858,5444019.5455157114],[568538.85315017647,5444028.5459035886],[568534.88974312926,5444033.5640073512],[568524.853030356,5444037.556497246],[568513.91537758941,5444036.6297786776],[568501.95494463225,5444026.6632298715],[568498.93781006511,5444026.6258727824],[568483.80804056267,5444021.6880403273],[568465.8543756851,5444012.5975841321],[568445.80239692156,5444007.5988754509],[568423.9451929105,5444003.6861829422],[568403.93424897408,5443999.638278286],[568361.92423421342,5443989.617354434],[568350.91059005889,5443990.5890847361],[568343.8900547009,5443994.6199582396],[568335.87008307059,5444008.6128055472],[568331.94816800766,5444030.5754682263],[568334.89553066192,5444053.5722864503],[568340.81900189421,5444075.655648117],[568344.93558797683,5444097.558974945],[568351.89268680662,5444105.5619917968],[568364.85917114606,5444110.6307772808],[568386.89830751007,5444117.554643278],[568408.90317854984,5444128.5948743261],[568419.82270831557,5444131.5798375104],[568443.8439390104,5444136.6286866302],[568470.87019698136,5444147.5722111892],[568483.9547246173,5444151.6932775341],[568504.92385861289,5444159.5540306233],[568524.89386210148,5444162.6520941406],[568549.94340361899,5444164.5460859276],[568574.81177986716,5444164.6970020235],[568584.95542370214,5444165.6140957223],[568622.88277962455,5444165.6109986342],[568631.80944569653,5444161.604570956],[568638.88307670271,5444152.6661677305],[568643.84006746672,5444132.6178691229],[568642.91568171885,5444108.6958784219],[568640.86817994935,5444090.6183212707],[568639.85071263718,5444070.6539773],[568634.82203757879,5444049.6897308221],[568632.88578933536,5444025.5972675253],[568629.9382984183,5444002.5994407656],[568625.808622004,5443986.5554732615],[568625.90121427609,5443966.6050369078],[568626.80591500271,5443944.6049780417],[568626.82832949364,5443931.6212478466],[568627.89686366636,5443914.6915806159],[568630.90722060669,5443909.6617318597],[568642.90815038211,5443904.5853046477],[568654.83379089157,5443902.6744434917],[568675.83888857742,5443907.6868319418],[568684.90113407047,5443916.6662746333],[568691.94036389538,5443926.571912854],[568700.85719978577,5443945.6846356038],[568702.9150201634,5443956.6358359288],[568703.9105943396,5443973.5911162263],[568703.94182567298,5443997.6610918017],[568702.91911934479,5444020.6088409871],[568701.83247212053,5444039.5967218084],[568701.93387222197,5444056.6999716293],[568707.84389040468,5444068.6489370586],[568713.95399930945,5444081.5518291267],[568724.90949837223,5444081.687422527],[568727.91985697928,5444076.6575802648],[568730.83614024415,5444075.5854402157],[568740.92170449498,5444077.6118863216],[568762.80868775293,5444089.6017259331],[568774.95731176436,5444091.6528283032],[568797.90180235764,5444092.5723063461],[568820.94714983308,5444094.6012657313],[568840.82313278469,5444101.6579506248],[568862.88627727109,5444111.591687521],[568884.93234803597,5444123.5846051602],[568903.83818140428,5444132.6877322439],[568927.85330090066,5444148.6639938476],[568939.92603785847,5444152.6155403834],[568955.84994035377,5444157.5638955515],[568962.94129839144,5444162.5620168224],[568982.88226440467,5444173.5784772076],[568982.88071118272,5444204.2979577202],[568982.87165109906,5444228.6831539404],[568979.94337130256,5444235.6146240775],[568980.88917651097,5444246.5519433813],[568995.87948676478,5444266.6911494331],[569008.92196964077,5444284.5889939703],[569020.91806424235,5444307.6998883002],[569026.86818478955,5444320.5996572115],[569046.96102508763,5444342.5447807955],[569055.91645924293,5444346.615570317],[569069.94796016451,5444361.6757966205],[569074.93415775383,5444365.6964774942],[569079.88445111655,5444372.5674782656],[569098.8242228569,5444393.5479269987],[569118.81832910748,5444399.6568306694],[569124.95086927281,5444399.5759832291],[569174.21927979961,5444427.186396976],[569248.87094051321,5444460.6667381348],[569253.89823547646,5444465.6392149972],[569276.8073234912,5444486.6697026752],[569277.94231132756,5444489.6925737513],[569303.83852929331,5444518.6789065888],[569319.91343911004,5444534.5568942847],[569337.95331811206,5444550.6180391265],[569358.93347104068,5444568.6170090642],[569363.90258465288,5444574.69584319],[569386.868929661,5444594.619953135],[569403.90278234717,5444615.5778428651],[569417.83839897974,5444634.5967400186],[569431.91488545446,5444655.6749643227],[569443.92048749002,5444671.6614201786],[569456.94407119579,5444691.6183860647],[569468.93257338158,5444709.663007766],[569481.95517116867,5444729.6200052463],[569498.92997063464,5444751.6862570047],[569516.8509620846,5444768.6960670706],[569534.9491254437,5444783.6507663568],[569553.90530874324,5444802.5748983631],[569572.80235384218,5444822.6064319843],[569586.91800114349,5444844.6364831068],[569597.83548611007,5444863.617031402],[569608.93497234699,5444885.6097079404],[569618.84126665024,5444905.6858897954],[569624.81255058362,5444921.596644274],[569632.89479027642,5444943.5499869399],[569642.96015510557,5444963.6292659957],[569652.88357171556,5444981.6472578719],[569665.94534555916,5445002.5560621433],[569676.82186771161,5445020.5867636511],[569689.80740222847,5445044.6611301526],[569702.89313312352,5445068.5788862268],[569711.84546111431,5445088.6443413366],[569722.94396359602,5445110.6359935571],[569737.89282668184,5445133.627449465],[569757.80507963023,5445157.6314951824],[569774.83619022451,5445178.5903197322],[569782.86164640868,5445185.6582934763],[569796.92572249623,5445196.6040313756],[569806.9203274271,5445207.6562947566],[569826.82677607634,5445226.5931337243],[569847.89933027187,5445240.6362940054],[569853.91881523118,5445246.5713036871],[569866.80684845254,5445253.5433824491],[569887.95634281822,5445265.6870375266],[569909.84110031254,5445277.6825763183],[569920.95905593375,5445281.623314606],[569941.94474225771,5445288.6986270072],[569979.86497227137,5445299.6294480329],[570000.94981828379,5445306.5471854508],[570008.9294922339,5445307.5991143994],[570039.94504034042,5445321.6102591259],[570063.85197112558,5445332.6815801281],[570074.92993741506,5445335.6724506989],[570096.87184915377,5445346.5596159287],[570114.9534872378,5445347.581678384],[570129.80172955326,5445349.6706425138],[570143.80088381842,5445356.6565419044],[570163.82064324629,5445369.5793759609],[570170.91609706939,5445379.6455914378],[570172.83999178128,5445398.6718272418],[570174.91803820815,5445412.6329626068],[570182.87154464016,5445426.6685795486],[570190.93715769204,5445434.6883416902],[570201.91917993675,5445441.6379282307],[570219.94684015587,5445447.5674607279],[570236.8042859094,5445454.5905229226],[570253.88376312051,5445465.5755393226],[570263.87751168502,5445476.628764201],[570269.81598791108,5445480.6630877592],[570293.87199044379,5445502.6630193116],[570307.82115047832,5445519.6256169816],[570319.83001452265,5445540.6810995769],[570325.93553474697,5445553.5849018069],[570331.94190878596,5445566.6462605391],[570336.87233987823,5445575.5763927046],[570346.83412457001,5445594.547122648],[570358.84201074706,5445615.6026263684],[570370.90800002916,5445635.5497667426],[570380.8106610328,5445655.6278809598],[570388.9403743305,5445667.6084002545],[570405.9458853117,5445685.5601285389],[570420.94808341644,5445703.6448988896],[570442.82108365849,5445726.5678909263],[570454.84610013163,5445745.5651992653],[570463.82382591208,5445752.6468243953],[570483.84178438026,5445765.5706212018],[570500.86127096287,5445777.6639978299],[570523.89649543632,5445790.6260691155],[570563.99792863696,5446051.7083281633],[570583.93661514833,5446253.615948827],[570579.93110556237,5446257.6822767099],[570582.86719875073,5446280.6800089991],[570590.91998130095,5446299.6272740858],[570596.92444727547,5446312.6885944856],[570611.86786187382,5446335.6818725131],[570628.81566225062,5446358.5430483846],[570624.7958633455,5446439.9215893932],[570628.93448511173,5446485.6997283418],[570625.9391346362,5446488.6694534197],[570623.88590225787,5446502.5783856204],[570623.95670426218,5446516.6725593703],[570624.87870064972,5446529.6690277243],[570623.93655992486,5446543.591817894],[570626.80864499439,5446562.629719249],[570627.86868634552,5446572.6192408474],[570633.89030298311,5446583.623385842],[570636.85449583537,5446593.636412737],[570642.91712508153,5446605.5903423484],[570653.83110397821,5446629.6409313874],[570660.90784246475,5446645.5664443318],[570667.92648803804,5446662.6002977733],[570684.81422999443,5446686.5688132364],[570702.89102989528,5446708.6526786033],[570719.89675633656,5446731.6725008395],[570726.92960853595,5446741.5809875205],[570744.8654934084,5446761.6045487365],[570764.88368337031,5446779.596503214],[570782.91657154472,5446795.6623310614],[570797.81421013339,5446812.6385463085],[570804.8470785605,5446822.5470185876],[570814.80701302388,5446846.5848674644],[570819.856476143,5446859.6344727008],[570823.83589742321,5446873.6209975416],[570829.94443201285,5446896.6601254167],[570835.90912771958,5446912.5717595946],[570842.82980436215,5446933.5623061676],[570848.89438990178,5446950.5834277701],[570858.87247168983,5446972.5640703496],[570865.82714919036,5446985.6381147727],[570877.86946080485,5447007.6453175433],[570888.936677007,5447026.6308133928],[570898.93285539001,5447046.5532679744],[570907.85769152886,5447068.678774233],[570918.94690271025,5447090.6732440889],[570930.8292243632,5447112.6783475308],[570938.95415939554,5447124.6588465907],[570950.87364256382,5447142.5475695506],[570962.87394305656,5447163.6039858088],[570973.9001842296,5447181.6396580935],[570991.83526712551,5447201.6641214043],[571004.94377968227,5447217.6671893122],[571010.82354676211,5447226.6110045658],[571027.90254377353,5447242.6660460001],[571037.91072878719,5447251.6619917313],[571052.90865184274,5447273.549801955],[571060.92048497673,5447296.6133564664],[571061.93461433798,5447300.5849128179],[571070.81263301615,5447311.6251921915],[571091.95929454919,5447327.5747163566],[571112.9068836323,5447342.5712995799],[571135.91871225764,5447357.5944402926],[571147.9511375709,5447365.6671049083],[571171.93417832302,5447378.644779643],[571193.92797454202,5447384.6292092027],[571269.19444143702,5447521.1382760229],[571346.8284416151,5447636.6390720243],[571342.95887622668,5447637.6975477673],[571337.92734458845,5447657.5852147276],[571345.87627593719,5447676.6899027424],[571359.90016279602,5447700.6231420711],[571373.90310310444,5447721.5483602304],[571390.80223506002,5447739.660421134],[571405.83328591881,5447753.6316835694],[571427.95230716572,5447772.6038575899],[571451.9364968352,5447790.6496523013],[571469.82592198951,5447804.6580468742],[571489.9376217447,5447818.6951458473],[571508.95723555947,5447830.6591919884],[571529.92214377446,5447843.5984965051],[571551.83923693968,5447856.5515384879],[571571.87083421357,5447868.6869764514],[571592.85486748978,5447879.5690699015],[571613.89773880248,5447890.6098659858],[571624.95524269715,5447895.6627578046],[571647.94441267219,5447907.6787616089],[571666.94211157237,5447916.6347985007],[571684.82870074071,5447925.5769778863],[571705.91166568082,5447937.5685632415],[571717.80331859947,5447943.5818477105],[571741.92177907331,5447953.5555260601],[571753.89232438174,5447957.6692805262],[571766.95326932042,5447962.5900788028],[571779.81612398324,5447966.5579057196],[571800.95703271136,5447973.6419330519],[571824.8964775675,5447980.6044265833],[571840.91569255781,5447986.6718312735],[571863.94208034349,5447994.5724313166],[571881.86657333036,5448000.6652655844],[571893.81737387681,5448005.5711491117],[571913.84619235876,5448012.641338842],[571937.84575123352,5448023.5636615362],[571958.86778409395,5448031.5973519767],[571981.85417283641,5448038.548099908],[572003.82830963482,5448046.5935175372],[572022.90505623422,5448053.6519390009],[572045.95255055244,5448064.5624874961],[572066.9345366573,5448071.645331962],[572077.81110095326,5448073.6880865963],[572086.86353239405,5448077.6069948394],[572099.84442290897,5448080.627103948],[572113.81947672914,5448084.6096780207],[572126.9403441957,5448089.6900789281],[572138.85015011625,5448093.6461509243],[572158.81923071819,5448100.5586107913],[572182.8366786862,5448105.6225133091],[572195.81861995987,5448108.6435628869],[572218.80505849514,5448115.5942400768],[572228.92759374133,5448118.5772042423],[572250.90187054093,5448126.6245501963],[572272.85612104996,5448131.6628438588],[572287.82241069118,5448136.6089811604],[572309.89461826044,5448140.6986006675],[572322.81669794035,5448143.5599645581],[572346.87333771191,5448149.5766749121],[572356.83885670127,5448152.5574276838],[572366.84122325783,5448152.6889280435],[572373.90829825972,5448154.6817452833],[572385.91608783742,5448154.6810695212],[572409.93062680727,5448154.6787559586],[572422.87051995448,5448151.68176274],[572442.8324264962,5448139.5924247289],[572453.94495696272,5448134.6715206243],[572464.89970089705,5448133.5486613326],[572487.90306867263,5448134.6429609125],[572511.93968442339,5448137.6505748061],[572535.85735686927,5448141.6068892526],[572554.87640033802,5448153.574707929],[572576.94768079114,5448157.6652959241],[572590.90082944999,5448158.6408248683],[572605.80711642792,5448159.6290399004],[572618.80712872033,5448160.5918752877],[572642.94170745939,5448159.6427374883],[572646.94931268261,5448155.5783077655],[572851.90234311915,5448119.1928035365],[573057.89978601073,5448082.6211033249],[573064.84698559809,5448085.5636139549],[573067.92552113719,5448089.5626379112],[573116.30938524194,5448112.5277571548],[573160.94577929121,5448126.5838085739],[573171.84569282597,5448185.6346193627],[573188.95451486879,5448237.6425898373],[573192.85368070763,5448263.6639970699],[573199.85046227148,5448291.6272198204],[573201.86105737672,5448306.6976343449],[573229.86263465066,5448353.6247956231],[573291.95453178359,5448437.5837944476],[573314.92789628543,5448465.6011010865],[573335.8169484036,5448495.6491101747],[573357.89626146783,5448522.5453394633],[573400.88585273142,5448587.5667758649],[573436.80831140734,5448650.5944300434],[573480.90714331437,5448710.5634038951],[573519.93758630729,5448750.6718155788],[573543.94144210115,5448780.6034011981],[573549.89758892334,5448787.6505296296],[573668.85516703106,5448914.6534109283],[573719.87430688681,5448965.6914166929],[573763.92637201725,5449014.5770820193],[573785.90183651214,5449036.5656013861],[573809.90254724631,5449057.6307595996],[573877.83470431028,5449133.5994784208],[573877.83582673152,5449138.6676652795],[573885.87536487181,5449143.6840747362],[573950.88447287562,5449196.653118073],[573981.87187786342,5449226.6806803206],[574066.83429340972,5449326.6333090728],[574129.8814344072,5449408.5572256027],[574146.83306041046,5449425.5704465508],[574162.81253728725,5449444.629152297],[574171.80587289704,5449463.5947687402],[574188.95673748245,5449486.6280914955],[574195.94443924795,5449500.6567005282],[574254.85436509177,5449530.5866032997],[574383.77038734616,5449745.545094138],[574455.9519712996,5449923.6387205776],[574452.91516583099,5449944.6594517659],[574456.80582582322,5449970.6817223756],[574462.85820842604,5450058.6492766002],[574461.82613685483,5450089.6731540682],[574466.92629799014,5450120.6208598018],[574481.8108269861,5450137.6075393474],[574501.81593582639,5450169.5481996378],[574511.91772959044,5450193.5957531314],[574519.91507167113,5450216.6650203662],[574521.87960977782,5450220.650220695],[574526.87953779881,5450246.6883087205],[574528.80357646185,5450263.6582077639],[574534.83627379267,5450277.6750918161],[574545.91013255867,5450294.6099732239],[574558.9094800537,5450314.5802088361],[574574.88526571554,5450333.6398402713],[574588.81668688101,5450350.6137971384],[574603.85931009729,5450367.6025640853],[574622.95100170444,5450391.613975537],[574638.80693409266,5450411.6233121892],[574652.9566204584,5450432.5591605371],[574664.88354580232,5450449.6642663535],[574678.87321953231,5450470.5980418324],[574690.91845924966,5450490.5555987367],[574704.82998485886,5450509.5886918204],[574716.93494954798,5450524.6377433678],[574731.83859027957,5450539.5661743907],[574748.94573159143,5450556.5843642224],[574766.86509645893,5450576.6211678693],[574789.94462810783,5450598.6282546781],[574798.85580393241,5450605.5587846842],[574819.93069031509,5450622.62988983],[574822.84846473148,5450626.6287320703],[574840.88770012464,5450640.6506298222],[574845.88883465214,5450642.6188128125],[574857.95460941957,5450651.6498454493],[574880.93528919166,5450672.5484001664],[574895.89787075075,5450687.6364841582],[574918.95839205151,5450706.6355032464],[574930.80450006376,5450720.5739446059],[574933.9410135519,5450719.6663983809],[574943.94329806708,5450723.6027505314],[574959.87909851922,5450736.6463032933],[574975.87308891676,5450753.6486928444],[574992.84028318641,5450768.6065638596],[575012.94300158299,5450782.6569243306],[575020.86193977867,5450788.6239243289],[575028.91878749989,5450791.5841057161],[575045.80679043068,5450804.6403410072],[575058.86497807351,5450814.6368262265],[575064.83842821757,5450819.6266632974],[575083.88905540388,5450832.5548476949],[575105.85809194611,5450845.6807152787],[575109.90707154118,5450847.6361736413],[575132.9466108667,5450863.6271884423],[575156.90022613609,5450878.6800255449],[575173.80729263218,5450889.6790945316],[575197.8200089219,5450903.6245737914],[575207.84250347351,5450910.5708495686],[575231.81517012278,5450923.5665291604],[575237.88847408234,5450924.599660797],[575240.86596517172,5450923.6900021806],[575278.37434111943,5450949.2635399485],[575348.94444734708,5450978.6896181526],[575360.92877154332,5450994.6892841011],[575371.80185045395,5451010.6731407009],[575374.93677990267,5451013.566754058],[575392.89360370592,5451034.5562588461],[575407.93465657672,5451051.5478621675],[575425.93307523476,5451064.6208399022],[575441.94629095239,5451079.5669643078],[575444.84397594491,5451080.5568124736],[575467.92344174872,5451093.6994056087],[575486.93596673443,5451100.6104706144],[575506.80152785126,5451107.6917874664],[575532.83960739349,5451115.649652658],[575548.9353574682,5451118.562858562],[575563.77988093183,5451160.7163291639],[575586.80519153015,5451193.6670109862],[575580.80838962365,5451204.6688903598],[575587.85067961772,5451217.5930199753],[575604.85442424426,5451238.5697828541],[575618.9413822589,5451255.5487029497],[575639.91502216901,5451276.5812664926],[575660.86852946051,5451294.604871233],[575680.87163901818,5451307.5475670695],[575705.85747779254,5451315.6502670432],[575716.81214978441,5451319.6012075935],[575742.94832235039,5451328.6695234841],[575768.86663002346,5451337.5770277511],[575792.91846022196,5451348.6760363495],[575816.82979934243,5451366.5820439029],[575840.90079796175,5451380.6900271233],[575863.95978245698,5451394.6266471287],[575864.9510804232,5451395.5901706442],[575881.85844649596,5451406.5910487771],[575899.85607151175,5451419.6649285387],[575920.8506404435,5451433.5730763348],[575942.85628645087,5451447.6536140731],[575963.93067090889,5451459.6622418473],[575984.86698924075,5451469.6105552185],[575988.91502698604,5451471.5660047345],[576012.8097447328,5451477.596642131],[576033.94483230531,5451484.6977553237],[576056.90728879476,5451488.6565212663],[576082.80657549552,5451494.5559289064],[576108.92382633942,5451500.6181292068],[576132.8395194849,5451504.5905241724],[576154.88948515989,5451505.6862797681],[576174.81621168461,5451506.5958834868],[576189.80146525276,5451505.6940503865],[576193.95030122541,5451503.6927766055],[576215.94321297738,5451499.5626193257],[576219.872991057,5451498.6676237974],[576225.80728257261,5451497.6404153956],[576246.8270999922,5451495.5567620359],[576271.93464052759,5451492.5782492701],[576293.86752223596,5451489.5564495325],[576321.81452882173,5451483.6089194519],[576340.93048372015,5451477.6977398386],[576384.5382160045,5451498.2789614256],[576413.92003931268,5451505.6304331981],[576416.89344740519,5451518.6562454775],[576426.89327918168,5451527.6626343885],[576441.81796747493,5451531.6702484572],[576469.88162072352,5451533.6432975233],[576494.88848499337,5451534.6234282665],[576516.84059759602,5451534.6115564862],[576528.84839839791,5451534.6203577267],[576554.84761588951,5451536.5649406249],[576580.90672056295,5451538.6691713976],[576586.88117835985,5451538.5937174307],[576603.94680784107,5451549.5985831385],[576625.93357477162,5451560.6729421271],[576635.89607473405,5451563.6612832667],[576658.85873514018,5451567.6228747694],[576832.81528889656,5451748.7186632855],[577008.88957010559,5451887.6314387852],[577008.90776498779,5451890.640461388],[577024.81622803223,5451914.6161921192],[577027.91112942097,5451916.5589439189],[577041.81672889274,5451935.5977199944],[577063.89747296565,5451956.6518131569],[577084.89058406814,5451970.5636967933],[577103.83996041492,5451983.6549858795],[577125.92519960657,5451994.5746622784],[577150.8090021864,5452006.640670374],[577172.81599606108,5452015.6586907096],[577192.91756910377,5452024.6503838254],[577212.86007248377,5452033.6389725711],[577216.88733237493,5452037.654551358],[577236.94978655537,5452045.695411751],[577260.94148922001,5452056.6413237685],[577266.9332401132,5452059.5758852037],[577287.94889710203,5452067.6293700309],[577306.93923048279,5452076.605252252],[577327.83404225914,5452085.6084904177],[577346.94428523304,5452093.6356410692],[577364.86154113873,5452103.5475924918],[577373.94908949186,5452109.69286945],[577378.85150246473,5452110.5534028802],[577389.88261623448,5452117.6758577712],[577409.90447464644,5452128.5669894572],[577426.94756222866,5452141.632916633],[577444.90225722059,5452157.5628349045],[577459.87818207173,5452175.6675486295],[577476.89886347728,5452194.592790599],[577491.91664570023,5452208.5811030669],[577499.95029036666,5452218.6704163514],[577514.86639446288,5452236.6164549598],[577527.81797200919,5452255.6425064094],[577538.84320102411,5452276.7004323425],[577551.87210279447,5452297.6291521266],[577557.84125354898,5452307.6890398748],[577569.82144301594,5452323.6934265196],[577583.82447421644,5452342.5765747055],[577592.9432942511,5452363.6082060961],[577601.94051311258,5452390.6557059204],[577608.91506374569,5452413.5574064655],[577614.8371902284,5452436.6020226795],[577621.85237839969,5452456.653403041],[577625.85085685016,5452476.6626907149],[577626.88726830273,5452505.6568978354],[577628.83944876748,5452528.6457669102],[577629.88817512605,5452533.5700786915],[577633.8657377424,5452555.6375349928],[577635.86766198336,5452560.5744796153],[577636.82751236914,5452582.5998843312],[577637.90726074867,5452603.676566923],[577638.88898486877,5452623.6427322142],[577639.91679290729,5452630.6252233647],[577646.85023709014,5452652.5761317145],[577651.90535701741,5452663.5741550792],[577656.96043491445,5452674.5711771687],[577661.91807464533,5452680.6586152632],[577681.87814381951,5452692.6590877529],[577695.86723605788,5452699.6648560315],[577717.91441291955,5452704.5684073837],[577741.80802558595,5452710.606588373],[577768.858180693,5452713.6799904937],[577796.93989748822,5452718.669643118],[577816.88442962931,5452722.5929034874],[577838.85339420603,5452725.5957936589],[577866.85684864223,5452728.6837942014],[577889.91982766346,5452728.6924030064],[577910.95746698882,5452729.6234150268],[577913.81619859021,5452729.6643515294],[577933.86245612579,5452729.6308691557],[577960.89449388464,5452729.6972077778],[577983.83758239448,5452730.6545047797],[578011.92205412115,5452730.577899755],[578032.92155864229,5452730.5580216711],[578059.95360148721,5452730.6243258873],[578083.84998210438,5452731.5962225273],[578089.88351784204,5452731.6823648056],[578112.82665685052,5452732.6406237511],[578117.94708712725,5452733.6639059456],[578140.85108797823,5452733.6713426467],[578168.93556833535,5452733.5946810152],[578189.89502740547,5452732.6259892639],[578203.89207889023,5452725.6981434515],[578224.89697109256,5452715.5448432462],[578229.93812254863,5452714.6665328555],[578237.85739838763,5452715.5710785687],[578257.82442621922,5452713.6369261043],[578277.89168225497,5452711.5471680062],[578286.82571588701,5452707.5568464175],[578751.15313226997,5452586.4415782904],[579424.86133948714,5452618.6977152294],[579427.81566841016,5452623.6492840992],[579445.84893889108,5452637.6863201251],[579463.88580637134,5452646.6561047742],[579485.87346008385,5452652.6745465985],[579508.91255054437,5452658.5500784041],[579530.90016909724,5452664.567508026],[579552.83139159344,5452666.6260613138],[579572.83783976827,5452665.6483776104],[579594.92968570907,5452662.6418543085],[579617.93566232559,5452658.6991169332],[579628.87441119831,5452654.5813301718],[579695.61058063828,5452660.3833478084],[579757.9017234178,5452657.5566416187],[579781.93311717873,5452665.6635508509],[579802.81214532768,5452666.5999557143],[579829.90209759295,5452670.6344667971],[579850.86084495904,5452669.6713617062],[580009.83376677905,5452668.8892444652],[580318.80849346099,5452670.6151102856],[580329.93843329058,5452677.5866378108],[580349.80177400983,5452684.6858832762],[580357.87926588475,5452685.5953523098],[580369.865855966,5452687.6708247783],[580389.91262288683,5452687.6467038104],[580411.86642452399,5452682.5826547416],[580419.84726850083,5452678.5814666869],[580429.89272857131,5452674.6116134282],[580444.8813137915,5452668.6537845926],[580470.86270742409,5452667.6081285821],[580473.87953033519,5452667.652106639],[580480.9254419097,5452666.6463266881],[580504.84230585326,5452665.5713239666],[580533.8405237376,5452664.5696232719],[580561.82547995378,5452664.6616920577],[580586.85367229197,5452663.6033979459],[580608.80598149262,5452663.6074589016],[580628.93249229365,5452661.6847734656],[580633.95403959637,5452661.6004232112],[580652.84935928998,5452660.6097245133],[580693.83674372744,5452656.617176299],[580714.89821774664,5452651.7000469835],[580734.8276831531,5452647.5583456513],[580744.89046020154,5452646.5975080626],[580760.92803201603,5452645.5659065181],[580766.94335084199,5452642.6448217789],[580778.80264615745,5452623.6570604676],[580786.90939823061,5452608.5736186709],[580799.90085030301,5452587.5443749679],[580819.87922797166,5452566.6176457061],[580830.91958828596,5452558.5449218992],[580848.88737868064,5452546.6149602458],[580867.88775225251,5452536.6001837999],[580888.83183435164,5452527.5644963197],[580912.92997393513,5452520.6340991976],[580931.94771659328,5452513.6293684673],[580981.85342254816,5452497.5767279854],[580987.94707126042,5452496.557259826],[581011.92633547017,5452490.575512453],[581039.8171950503,5452480.6925002141],[581059.86551843653,5452475.6030098591],[581080.94781393278,5452468.6285533756],[581100.93616901909,5452464.6474337326],[581113.91776031407,5452462.6219754191],[581134.91936663433,5452457.547054016],[581156.93311397498,5452452.6454131845],[581178.82944457792,5452443.6242627846],[581203.92254014476,5452432.5929371361],[581235.84248167113,5452421.6610371033],[581254.84188000788,5452411.6481801961],[581270.86110945127,5452407.6084311502],[581273.89879936562,5452405.5951691382],[581296.82812255679,5452394.690053449],[581317.95208340348,5452383.600102311],[581341.893647969,5452371.6012150552],[581354.95837678504,5452362.6089145839],[581367.88242167409,5452356.6235518847],[581388.9270546576,5452343.6329690805],[581407.88971351727,5452327.6019918751],[581422.86143708706,5452313.5706899194],[581440.81083553971,5452298.6334958114],[581459.89237445325,5452281.6548030116],[581474.80654586188,5452263.6636194363],[581486.86293016642,5452245.6305822851],[581498.95749075129,5452228.5484067807],[581571.39796775824,5452199.3886553179],[581623.86273002625,5452176.5553311417],[581631.83869831497,5452182.6914840527],[581651.92378848221,5452183.6228829427],[581661.8677039959,5452183.6116009383],[581672.90457831672,5452180.6079944316],[581696.92204247683,5452175.5798557643],[581721.89279186493,5452170.566291891],[581733.88190948381,5452167.5763022974],[581754.88110555743,5452167.5714310873],[581767.80173966638,5452166.6552772457],[581790.90368844627,5452167.6315644244],[581811.90284343623,5452167.6256780596],[581832.90204253478,5452167.6207857328],[581856.95628473919,5452168.6116785547],[581881.92463201319,5452168.6663188701],[581902.92283632886,5452168.6614510883],[581912.86679790192,5452168.6511363061],[581934.89666015538,5452170.5624932377],[581956.94719223923,5452171.6816709554],[581977.86334328097,5452178.64456145],[581982.82492034172,5452179.6685076645],[582002.9492554171,5452181.5516423313],[582013.84546713217,5452181.5549382363],[582014.95679036248,5452181.5716506168],[582037.90448825818,5452173.6782999812],[582055.88831564784,5452168.5622164235],[582077.82519818482,5452156.6954015605],[582092.85444426443,5452146.625786081],[582117.82769169868,5452136.5468237689],[582138.86883947009,5452128.6252783798],[582163.96192347212,5452117.5975589016],[582182.90030710713,5452108.6948393155],[582189.84721715865,5452106.5814039484],[582209.93714771373,5452098.6471691411],[582215.83258727647,5452096.6756747719],[582242.90619149315,5452092.6460851617],[582266.92133318237,5452092.6880204435],[582276.86529225134,5452092.6776573369],[582302.86676153517,5452089.5821652366],[582323.94811650866,5452082.6123439875],[582338.85511228535,5452078.5596721023],[582361.8628395882,5452069.5608118167],[582381.81106667663,5452064.6325286832],[582406.82109179941,5452060.5725515606],[582433.91311967827,5452059.5529392622],[582456.91602557444,5452060.6885892591],[582476.80303200276,5452060.669854559],[582497.80235960835,5452060.6677765101],[582523.96049673914,5452062.64256607],[582543.90509400261,5452066.5836930405],[582551.88357697742,5452067.6534978263],[582573.89039071428,5452076.6931662969],[582594.82607688813,5452086.6669094022],[582613.81600021455,5452095.6606743941],[582632.86356350174,5452108.615311713],[582651.93053077487,5452124.5789488088],[582668.85355218744,5452138.6106927115],[582689.86526387115,5452155.5533314496],[582704.86192634562,5452171.6140986336],[582721.82276903302,5452191.663876758],[582736.91962112498,5452207.5680247331],[582752.83044128621,5452222.6935193455],[582767.90651452029,5452240.6558759511],[582781.83107614785,5452257.6507421453],[582793.81195028313,5452273.6675492255],[582814.87937100697,5452294.5710940044],[582817.91464301932,5452297.6250222968],[582830.92616939079,5452315.5570840202],[582853.82080486033,5452334.588142517],[582855.90378631977,5452337.6274554031],[582875.86458899151,5452349.6467991043],[582878.8814582437,5452349.691681752],[582897.80833358609,5452363.5960135059],[582922.94744026929,5452380.6021869918],[582942.86906872666,5452391.6706854971],[582966.85904821323,5452402.6421048744],[582985.86892501125,5452409.5785928946],[583005.93123652937,5452417.6411210429],[583018.94881867664,5452421.6374565056],[583029.90282202081,5452425.6034801761],[583050.93817910203,5452431.6213928349],[583071.85133360373,5452443.6552925361],[583091.95286236366,5452452.6686231084],[583100.86303521099,5452454.5451574828],[583129.20138794696,5452458.0614332817],[583147.84019638505,5452458.5786938071],[583152.95757292921,5452464.6739520896],[583173.90995274868,5452477.6586485086],[583195.89307681483,5452492.5605965238],[583218.85247775656,5452501.6166776093],[583244.86936687224,5452506.6022362662],[583270.94487863337,5452515.5476061339],[583291.92034963798,5452522.6738436045],[583319.84284415632,5452527.6885503503],[583341.91135412978,5452530.5563891837],[583362.85003301862,5452531.6655308539],[583383.88884614897,5452532.6170585509],[583390.91414556454,5452533.6732175648],[583410.959510196,5452533.660393416],[583434.85621474672,5452534.6556835491],[583457.95766276587,5452535.6385339936],[583480.90111910307,5452536.620247365],[583501.93894175161,5452537.5717869587],[583524.88240104495,5452538.5534875058],[583549.86871839478,5452541.6246922584],[583574.85503876593,5452544.6958891964],[583587.85533384932,5452545.6850483743],[583646.08139365597,5452636.772061293],[583705.90438496927,5452731.6505937641],[583708.89500057709,5452742.6231488623],[583732.88201282709,5452758.6646079905],[583748.92961306521,5452774.5861937702],[583766.9002582106,5452793.5460113613],[583784.83174955496,5452811.5559997605],[583805.93917631428,5452829.6129171997],[583827.85831849696,5452850.6913727643],[583844.83986027853,5452863.6194999302],[583866.90293847816,5452876.6237156941],[583878.8660960102,5452884.5661112582],[583897.83283616637,5452895.6228711279],[583915.90829202905,5452905.5585946348],[583927.94243083242,5452969.5528579578],[583955.89024945488,5453018.6039046934],[583954.83656125527,5453022.5470625497],[583965.89746338781,5453044.5692663062],[583988.80726037361,5453066.6141030453],[583999.93698344019,5453073.5931783048],[584013.88872626692,5453074.5979197072],[584035.91504128673,5453081.5850237431],[584064.84694038425,5453090.5779562714],[584093.93788283423,5453099.5729636997],[584116.87735349697,5453105.6248250585],[584139.87775159802,5453110.5682523102],[584166.80824068841,5453114.6222892525],[584192.84309247625,5453122.6216040934],[584216.83175896178,5453133.5986951925],[584238.91482393746,5453144.5466269096],[584244.80814179033,5453147.6452324428],[584264.83206330612,5453149.6934612384],[584285.85609610239,5453142.5724763405],[584308.93080499652,5453123.6052783197],[584329.83389870287,5453118.6990904938],[584333.92408378585,5453116.5447044615],[584355.87540729111,5453116.5648108069],[584359.8838742635,5453117.5760560222],[584379.88156191749,5453130.5509229768],[584401.92648339691,5453140.5489497073],[584427.86453542695,5453143.6385273263],[584457.81534690433,5453142.6720224237],[584477.94925380405,5453130.6288083922],[584492.95030621137,5453105.6791769397],[584497.8882318344,5453081.6848533126],[584505.90302265226,5453056.6279596174],[584511.81066729652,5453035.656285218],[584517.85992098483,5453011.6786167957],[584519.94216200197,5452982.5722861718],[584520.88898536307,5452960.5737592289],[584521.90347602672,5452955.6807638286],[584519.9237234426,5452948.6826497456],[584521.59595253598,5452927.8524323246],[584526.85564631643,5452907.6150900731],[584551.88382851542,5452906.5735642305],[584573.87431990309,5452907.5444208328],[584593.86007440649,5452908.6436953275],[584616.80386991543,5452909.6290892651],[584636.88876060687,5452910.5707866978],[584646.8320810427,5452910.5651802504],[584669.95792072429,5452905.6952265482],[584672.8583180717,5452901.6224927297],[584691.92346389417,5452881.6449092831],[584695.91772465059,5452874.579770619],[584709.80309807602,5452854.6816584794],[584720.90799284563,5452836.6414979016],[584731.93540413154,5452816.6986408783],[584744.8085537476,5452796.6262635449],[584756.80904180906,5452774.640766873],[584769.80426460225,5452748.5523774577],[584779.83917740523,5452727.6451163748],[584794.87732390664,5452703.6471858779],[584805.80562088394,5452682.5948034311],[584815.85799380904,5452664.6966044996],[584831.84399038646,5452649.581714754],[584834.8447123107,5452641.5512167895],[584834.80649231165,5452640.6003477136],[584834.92857281701,5452634.5843429985],[584831.8179428709,5452624.559532145],[584958.19955107744,5452455.015191203],[585078.84533868905,5452259.5448592352],[585080.910008098,5452259.5770698069],[585101.81099617761,5452254.6736597624],[585120.80963137967,5452244.673783116],[585141.91439463559,5452230.589648081],[585160.83677332127,5452213.6198026258],[585177.9113109411,5452200.5817160662],[585193.95286452095,5452190.694670517],[585198.87989475229,5452180.6359966034],[585200.94575889921,5452175.5999521064],[585352.27920927433,5452089.3398137158],[585523.96116255224,5451946.5459999992],[585524.91345684056,5451946.5605795039],[585550.95379590453,5451945.6978926063],[585556.88862503809,5451944.6819573008],[585582.88978093746,5451941.6013679346],[585589.81613129657,5451941.5508435471],[585595.87076667987,5451939.5861522369],[585619.9073865395,5451937.5837974967],[585640.82692005788,5451935.692276163],[585663.9494756537,5451934.6262077428],[585686.85525805946,5451929.5981397731],[585698.8262071691,5451923.6084171403],[585702.81838062359,5451916.5442065941],[585787.3968500701,5451908.1174059799],[585899.83771919063,5451880.6548961839],[585921.93074719585,5451872.606220549],[586042.58455457585,5451868.586070165],[586187.88775881962,5451871.6913445992],[586240.87200241943,5451895.6418786729],[586249.84349288722,5451892.6144354511],[586262.94652668724,5451884.5850204444],[586286.80254168832,5451884.6416582642],[586312.94223745167,5451883.6261371979],[586316.9115365512,5451883.688452485],[586339.87519509287,5451882.6230960861],[586362.86380662967,5451870.630893141],[586380.86888741888,5451859.6692956304],[586391.90724119486,5451851.6076779105],[586413.9425456652,5451839.6009270698],[586433.87605824904,5451821.542825616],[586436.85382355237,5451820.6397285126],[586459.80333104555,5451802.6293982174],[586496.94654624304,5451778.6664780723],[586515.84502240014,5451767.5607014559],[586536.86710806785,5451756.647782553],[586559.91459779267,5451743.5481234705],[586578.87300784269,5451732.6029751934],[586598.94274102349,5451721.6744656675],[586618.93401766149,5451707.5772067318],[586641.84216099628,5451693.6852862574],[586661.89121257747,5451683.5479395771],[586666.93263573316,5451682.6770402575],[586690.95201562555,5451672.6029352862],[586706.89339724544,5451661.6100102207],[586727.93512895831,5451648.6388063179],[586749.81135065784,5451636.6308309594],[586771.82705021265,5451621.6158754304],[586786.81512211729,5451610.6084031556],[586804.93997897429,5451598.699889224],[587047.59641184087,5451614.8030644879],[587206.86300791532,5451621.6735191112],[587212.89384820615,5451630.637532684],[587233.83000055584,5451640.6291990718],[587252.84096119471,5451647.5817350633],[587273.83809556626,5451652.6647342108],[587297.89258937037,5451653.6789665492],[587317.94064385595,5451648.6127360836],[587336.81846308336,5451639.5679702358],[587355.95561374445,5451626.5694584614],[587375.88597584143,5451613.5824168976],[587397.86246335169,5451597.6194137195],[587402.82544149132,5451593.5807117801],[587426.9048763169,5451578.6017257152],[587442.80600298708,5451566.6598152397],[587464.86100882653,5451552.5994637534],[587489.85346631368,5451536.6841584481],[587509.82517263282,5451519.5815400761],[587531.90295206453,5451494.5943245003],[587547.94559120329,5451474.57802541],[587559.93734772271,5451457.6651920034],[587567.82239983208,5451438.6287215836],[587578.82369085075,5451415.6831522835],[587591.84930782451,5451395.6191263506],[587597.82663648902,5451381.6199461147],[587597.93212440773,5451358.658824183],[587596.92095676344,5451354.6833608067],[587593.92463125824,5451352.5774038294],[587568.83941708237,5451344.5777463168],[587556.89226350747,5451339.636945677],[587538.85434163874,5451325.5724683357],[587535.87863226014,5451322.6743160989],[587515.81317411887,5451319.6641994789],[587517.91145753721,5451233.7383072805],[587505.81567068852,5451119.6503454288],[587526.85846912034,5451096.5471412726],[587541.90539993113,5451080.6328081898],[587559.87119022664,5451063.6566154463],[587574.81899398624,5451046.6327658938],[587590.91840471851,5451030.5773435682],[587606.95789181278,5451015.6293377578],[587690.9481997611,5450917.6709355488],[587703.83230063925,5450900.6148418039],[587720.80451761303,5450877.6049292684],[587735.87215243734,5450854.5659044199],[587785.7847713083,5450853.0386016257],[587826.87375449738,5450847.6211764617],[587849.85706788651,5450849.5713843442],[587872.95916338416,5450850.5728549175],[587895.94141726417,5450857.5904140398],[587898.8386165651,5450858.5868657622],[587904.95112391724,5450860.5849224888],[587926.90158933692,5450865.68626583],[587949.92630512815,5450854.6513255397],[587952.82452191249,5450850.5794102019],[587959.95028459281,5450847.6842975877],[587980.90815574827,5450855.6205128524],[587989.95812070323,5450859.5658197794],[587995.93119711638,5450864.5708795022],[588008.85019226256,5450877.6035868032],[588024.9442920133,5450890.6880832464],[588044.80942126119,5450901.6157862376],[588068.86491450237,5450902.6337034022],[588073.88572375476,5450902.5558899175],[588091.84725130652,5450909.6522056684],[588099.88403311837,5450914.6904241284],[588104.86658370518,5450913.6617144067],[588127.94916089519,5450906.5867059845],[588147.93623201363,5450902.630640192],[588171.91431129375,5450891.6121362178],[588191.86216764885,5450881.6378831053],[588210.93620645953,5450873.5497815758],[588233.88142717513,5450860.6140908198],[588257.93904583307,5450847.6969657689],[588278.9383819754,5450837.5816474687],[588282.8684314508,5450836.6940011308],[588298.86656541086,5450829.6655928548],[588303.80885261891,5450827.6860591397],[588325.89989305846,5450819.6465805927],[588348.90400002664,5450810.6717839995],[588361.94401971065,5450807.5556423618],[588366.82639779709,5450806.6835331237],[588367.91914636118,5450803.6920164693],[588365.81622899987,5450797.6406737082],[588369.46554009325,5450781.7596060457],[588371.8926122277,5450769.5488095386],[588378.89858695539,5450767.6024283478],[588398.80717684818,5450756.67824277],[588422.80592305353,5450724.5980874645],[588436.89943331305,5450708.6709635332],[588451.92566143407,5450693.5515309619],[588455.85570332501,5450692.6638725884],[588491.89567077206,5450718.5805474212],[588502.85131222312,5450722.5568399252],[588513.92577071104,5450725.5853961082],[588537.89977228141,5450738.6395080788],[588544.84585223638,5450741.6017927378],[588562.92527943174,5450751.5525741],[588580.80741351843,5450760.5503784232],[588615.8559094324,5450776.6330099273],[588639.8289480703,5450789.6871317783],[588640.82154031377,5450790.6534801284],[588662.87034650543,5450800.6684231674],[588684.93979719619,5450808.6250760797],[588708.89524514892,5450813.6026621703],[588725.92428460927,5450813.5607330641],[588749.81984957133,5450814.5784040205],[588774.84845755866,5450813.5563521441],[588802.89209511934,5450812.5830209479],[588830.91709439713,5450813.6678767055],[588879.84032331419,5450813.6644726852],[588900.87898970954,5450814.6374893747],[588961.80946408352,5450814.6699753497],[588983.84073237574,5450816.6093144631],[589001.96055925044,5450818.6442187484],[589005.81110656669,5450819.656122582],[589026.86841967655,5450823.6382441381],[589056.87668272899,5450826.6567940125],[589076.80404040846,5450827.6131552877],[589084.841881086,5450827.5839062054],[589112.86599400768,5450828.6707043797],[589140.89109596808,5450824.6901112981],[589164.82802872092,5450821.5930834943],[589169.80957306805,5450820.5643438799],[589190.9071986184,5450816.6306395587],[589210.93368268549,5450813.6291335598],[589216.8685563521,5450812.6158787953],[589231.87322763796,5450809.692299475],[589251.93991733238,5450802.5732523659],[589270.95514971798,5450795.5962461289],[589275.8964666659,5450793.6176878335],[589290.92175722984,5450788.6358080115],[589317.93559603242,5450780.6796607971],[589342.90338654816,5450775.6995544406],[589370.8490248163,5450773.619461393],[589390.85487832769,5450772.6761921505],[589432.93142275803,5450774.6259836964],[589492.80983150401,5450783.6747407885],[589521.94542544405,5450788.5812494671],[589548.91720647097,5450793.6122412989],[589576.88159739261,5450799.6095624678],[589595.89400457626,5450806.5695491973],[589614.80729371659,5450813.6871101577],[589620.91994724993,5450815.6870393381],[589634.93211602734,5450820.6656437693],[589655.85019926797,5450827.6566254655],[589675.81599685841,5450834.6330752894],[589694.82846728445,5450841.5940377275],[589722.81259775348,5450850.6014065882],[589749.82279224135,5450861.6515717618],[589789.91246622044,5450875.6065350547],[589810.95042525767,5450881.6506938562],[589832.8209234199,5450888.6581527907],[589854.88978066936,5450896.6195324771],[589874.89489708503,5450904.5467857504],[589893.84756396862,5450912.6161329541],[589920.87752171687,5450926.6763358638],[589945.88306483091,5450941.6542637907],[589969.93623910728,5450956.6156602334],[590011.88874787278,5450983.5897628972],[590029.80959484715,5450993.5421436792],[590067.87409078982,5451009.6838264279],[590095.89670730149,5451019.6439574705],[590122.9071114168,5451030.6959900372],[590168.83099137864,5451047.6003538556],[590208.84146902617,5451059.6574372957],[590228.82608142099,5451064.577546482],[590257.92087662697,5451073.6053587403],[590277.8466129069,5451079.6328445151],[590282.80865570763,5451080.6642779112],[590328.95151797088,5451092.6639362648],[590360.80524166045,5451100.6297185253],[590390.83276813373,5451106.6649061488],[590400.85502882604,5451108.5712224571],[590421.8922049941,5451114.6172617469],[590422.84554096044,5451114.6327356929],[590442.83023112395,5451119.5537912641],[590471.9054368831,5451125.5734313251],[590499.80939675623,5451132.6829050221],[590527.83312072384,5451137.577504104],[590568.91584318131,5451143.6368065961],[590611.84438090376,5451149.5684234817],[590632.90222604619,5451153.5571221942],[590652.90757310716,5451157.6869242834],[590694.82480924961,5451159.6430351352],[590743.9072889745,5451159.6596031114],[590764.94545058999,5451160.6391724432],[590808.94708723773,5451160.5720338412],[590874.92049897811,5451154.6915288996],[590903.83858868422,5451150.5761764711],[590930.81178512855,5451150.5453201821],[590957.86265021353,5451153.6842889776],[590997.93336779147,5451159.5722072897],[591061.87979833095,5451168.5463682497],[591081.94510298595,5451171.5696295677],[591108.91653658403,5451176.6081395214],[591134.93563442142,5451181.6311315261],[591160.83495168958,5451187.6018981002],[591187.8064430044,5451192.6413813494],[591215.90989088756,5451195.6401466299],[591271.62143693084,5451293.6086817831],[591329.81456869806,5451369.6708658393],[591312.87704044231,5451398.6880115233],[591319.85834896751,5451421.6083526658],[591252.72806205973,5451618.178942794],[591202.81669985747,5451823.6619097916],[591185.90407107666,5451831.6172261089],[591195.8601991866,5451853.6362993605],[591209.84385260183,5451879.68139158],[591222.83674013941,5451899.6927799275],[591235.94746840524,5451922.5556973126],[591247.9458639978,5451946.6681451527],[591257.91977986356,5451971.6973414952],[591267.81420540775,5451998.6251044888],[591277.86567685241,5452025.5550162941],[591286.905973088,5452053.5777892815],[591294.9525909411,5452080.6332883444],[591302.90100225213,5452106.5782430563],[591313.82916219183,5452126.555528502],[591327.83519557538,5452141.6736835176],[591343.90601461742,5452155.5598067371],[591360.94881534576,5452168.6702841008],[591377.81395971018,5452182.5697923023],[591392.83223759301,5452196.5960166054],[591406.93750559061,5452211.5585704697],[591424.8513768441,5452231.6514731832],[591441.85120030027,5452252.6797462143],[591457.89863508905,5452273.6915048966],[591473.92740034929,5452291.6951541835],[591489.81766640395,5452307.6374670193],[591502.87326056417,5452317.6727010272],[591506.73249821726,5452329.9535240233],[591516.89342406229,5452344.6695976881],[591517.87571438064,5452364.6404031487],[591525.92143046553,5452391.6958411895],[591520.92659691558,5452420.5947930468],[591518.85055050801,5452444.631549078],[591531.92018712359,5452466.5445470875],[591544.83169312822,5452484.6552259959],[591562.80452406069,5452503.6406751545],[591582.87949932099,5452523.6120816628],[591601.84404454997,5452543.564860763],[591621.85917129845,5452564.6436682763],[591640.80316447094,5452586.6546863988],[591659.80608089129,5452607.5593229486],[591678.86887977377,5452628.6225999733],[591688.94569292443,5452639.5591174746],[591696.84081894485,5452647.6090408368],[591716.89713440137,5452664.5713011893],[591736.83656311897,5452678.6809997046],[591757.9473057026,5452691.7018503621],[591777.92888299667,5452701.6949879806],[591796.9383777359,5452708.6635705102],[591822.89345310442,5452718.5981671112],[591829.91951389797,5452719.6655808454],[591835.93225743156,5452720.5568862157],[591935.45913701947,5452733.7831436126],[592077.92606306472,5452732.6736522],[592078.87842345925,5452732.6891528657],[592103.87095605046,5452725.6639713142],[592109.86600551661,5452723.5471213302],[592125.84528457746,5452718.5882988954],[592151.90895225573,5452710.6308737965],[592176.88273087633,5452700.5965720164],[592201.95468377951,5452691.671789309],[592221.94567199075,5452682.6634092266],[592226.88914948911,5452680.6866287617],[592250.93110948475,5452668.5785413235],[592273.94105433777,5452654.5523122735],[592294.94710910972,5452640.6516564758],[592314.90153228701,5452625.6240072083],[592332.9501883632,5452610.564397892],[592350.91846978548,5452598.6714571724],[592374.86302947602,5452581.6525341142],[592376.92962695193,5452576.6191951828],[592586.98601474403,5452593.4777313191],[592799.81844400789,5452618.5681097368],[592821.90246313461,5452629.5499422057],[592841.94606388884,5452634.6391241672],[592862.82230201829,5452640.6925642164],[592883.89689282805,5452647.6989057679],[592904.87230144802,5452653.5957542425],[592926.85999414069,5452659.6677350672],[592947.83541063569,5452665.5645723278],[592969.94288077019,5452670.6887688972],[592991.87166443432,5452676.6010407247],[593013.89872935181,5452683.6248369133],[593034.85362494434,5452691.5799109312],[593054.95439753903,5452700.6300211456],[593074.93540705892,5452710.6278985199],[593092.95080711995,5452721.7012578566],[593110.86802090204,5452731.6650821632],[593127.8711492687,5452742.5632969551],[593145.84725084493,5452752.6858037673],[593170.90657116135,5452766.5705141062],[593193.94418505137,5452777.5706822928],[593199.85793272825,5452778.6214653431],[593286.45717901294,5452832.3060087664],[593374.82287075499,5452868.6871437803],[593383.92790530459,5452876.6009246167],[593392.93482096121,5452884.6722410936],[593409.95585958206,5452898.5805253936],[593425.82340338547,5452916.5868096855],[593443.95320996712,5452935.5820262786],[593462.87635238911,5452954.5906539094],[593482.87163428974,5452972.6669874238],[593501.95387658186,5452991.6786666084],[593520.91636371578,5453011.6381091885],[593538.88713144581,5453030.63022462],[593555.92606539722,5453047.5485966085],[593572.82552822772,5453063.6727512106],[593594.86516263068,5453082.5762196798],[593600.95582085347,5453086.6391718313],[593743.49214563891,5453268.8787256088],[593851.92031544482,5453404.6379960934],[593852.95137369854,5453406.5561417043],[593866.85053487238,5453425.6388917863],[593880.88547264831,5453450.5832541976],[593890.81598575623,5453469.599006799],[593899.83340838808,5453489.5491067767],[593906.84484378598,5453509.6229100032],[593912.94318697019,5453530.63106013],[593918.8431707311,5453550.6863083122],[593924.82180085522,5453572.6432136875],[593930.95851900359,5453594.6032223487],[593935.94541385327,5453615.59280637],[593935.81181917503,5453635.5450692764],[593932.89303403394,5453663.685131765],[593938.90628680435,5453691.6602775073],[593943.89218836918,5453712.6498816172],[593948.91645957902,5453734.5913530895],[593953.88084916538,5453757.6392281586],[593958.88456288225,5453781.6379256984],[593963.84800199233,5453804.6868315106],[593972.91589596332,5453833.6643077126],[593977.96165004687,5453853.546469491],[593982.90824355569,5453873.5852064891],[593987.85388448637,5453893.62498214],[593992.83880619262,5453914.6145805735],[593997.94349129964,5453934.656412242],[594005.92046024837,5453961.5570663223],[594012.82804078248,5453985.5887096571],[594023.86810186366,5454004.6229741797],[594046.90237518447,5454015.6269927369],[594050.61165700539,5454036.063312348],[594055.90102772822,5454054.5805885857],[594048.86729558336,5454063.6461136313],[594039.86042531615,5454082.6548230136],[594026.92318250774,5454102.547410788],[594016.94236261433,5454123.5978996977],[594018.86600054288,5454148.6535685482],[594019.88020171341,5454169.5752075883],[594020.83460578113,5454191.6052444456],[594021.90773044049,5454212.6865609344],[594023.91367868264,5454234.5754875792],[594023.9482763483,5454262.6073434744],[594025.93275206513,5454286.5555255944],[594027.91154176148,5454293.5575351128],[594040.83764215396,5454309.6146487165],[594049.94842473592,5454330.6752836872],[594051.82995404198,5454358.580337123],[594052.94140768959,5454380.6124783419],[594054.88556953997,5454403.6098497976],[594055.87726051966,5454426.589735399],[594057.8214224847,5454449.5870944057],[594059.84598111082,5454470.6848709341],[594061.88459991012,5454498.5930308793],[594056.91836958728,5454524.6387368003],[594043.8152573281,5454549.5956176352],[594033.94368119095,5454578.5670043984],[594029.87473202532,5454600.6691744421],[594027.88744921237,5454624.5494029988],[594024.84752950526,5454648.5687657045],[594022.91916636436,5454672.6086670784],[594020.83167216822,5454696.6444959454],[594018.90330480516,5454720.6843827944],[594017.82907707454,5454743.6292388197],[594016.9129357083,5454766.5771975145],[594016.92870445084,5454791.5998433549],[594015.870323924,5454817.554838649],[594015.82425251033,5454843.684950674],[594015.8783415067,5454869.6584331142],[594016.88386449055,5454895.6484324588],[594019.8560477891,5454920.5629063733],[594022.92547997355,5454946.587918953],[594027.93910224212,5454973.5967017869],[594032.83296217734,5455001.553225439],[594038.93554963893,5455030.6388322236],[594045.85400474747,5455057.6795519516],[594053.9448246765,5455083.6323752636],[594061.8765623417,5455109.5821250668],[594069.92802493798,5455134.5831194185],[594077.90188867203,5455157.6834361665],[594087.94058922469,5455179.5516983308],[594097.88112815621,5455201.576488114],[594109.88459080434,5455223.6363433562],[594124.92697223066,5455243.6904115435],[594139.83374297281,5455261.6820761682],[594154.92016883031,5455277.6195995463],[594175.8334049941,5455301.5738239875],[594179.87984822399,5455303.5434782133],[594193.91468724119,5455319.6210858747],[594209.80559319467,5455343.6484904168],[594220.90069295291,5455361.575291832],[594235.8382205877,5455385.5872454941],[594248.93645809754,5455404.6574925706],[594256.81114351237,5455426.6472788379],[594252.83165026747,5455453.6602146514],[594251.89573346626,5455473.5990284821],[594251.90085256519,5455503.6890696604],[594250.91616278014,5455531.5456951559],[594254.91359725047,5455559.6453756392],[594261.95461778529,5455580.6709438972],[594272.8840115862,5455603.6630437709],[594285.87738196016,5455626.6911618821],[594301.9479242987,5455648.6623495612],[594318.83438490774,5455668.589664394],[594335.84161451308,5455687.5691864863],[594352.84785408434,5455706.5487457588],[594368.86432913179,5455724.5609251633],[594383.90386177169,5455744.6149850963],[594396.8579575601,5455766.6922497787],[594408.93627038412,5455790.6547297249],[594419.90310082282,5455814.5986583801],[594429.81728646206,5455838.6817216976],[594440.90488811652,5455861.6778517868],[594450.90247346053,5455882.5962006245],[594461.9338998968,5455901.6314330697],[594477.88286682277,5455924.5523593631],[594496.89228511346,5455944.6742964489],[594503.83543205843,5455947.6441654209],[594517.87981799466,5455953.5870100819],[594532.89347147977,5455962.5554079395],[594538.82333942433,5455966.6162209734],[594544.81304600893,5455969.569652372],[594551.95834613056,5455969.6921453979],[594574.91389774065,5455960.5851760004],[594601.84841458732,5455959.622644837],[594629.92611622997,5455964.6978903543],[594656.9373403287,5455965.6380375577],[594683.94952096208,5455966.5771322399],[594711.82985946583,5455970.6994357556],[594737.83323993452,5455984.6082677236],[594753.85357994598,5455997.5540714711],[594770.80486866075,5456012.5745754372],[594775.94039755024,5456016.6220045807],[594787.83754800179,5456025.695486133],[594804.81135011744,5456038.657707287],[594827.9104739473,5456056.6347144898],[594846.94160615292,5456074.700329354],[594853.81923020433,5456082.5788746802],[594891.79230217822,5456115.8984772898],[594937.81915323099,5456141.6746316319],[594940.88854892505,5456162.6322118919],[594949.83173252374,5456183.6916890014],[594962.84492518334,5456204.6624528468],[594978.87456366175,5456225.6856927946],[594999.92571370024,5456246.6377323316],[595021.91344460892,5456264.5961212888],[595045.90439002519,5456283.6989321616],[595069.95613340242,5456301.6933117947],[595093.88717691042,5456320.6364635937],[595116.80495079781,5456340.6705565769],[595135.88843777776,5456362.6971100811],[595154.92884914088,5456387.5730824135],[595172.89520482335,5456414.6484159864],[595190.95978139876,5456441.5682060467],[595194.96136691992,5456447.6553268339],[595208.88682580704,5456467.6927182321],[595226.81578175863,5456492.5501167458],[595245.83754918561,5456515.6850798018],[595265.81467964931,5456537.5693571344],[595284.93663000979,5456560.5476827864],[595304.93333119305,5456581.6398271779],[595323.91870301601,5456602.5568102347],[595341.89084520668,5456624.5657347366],[595359.82361820654,5456645.6228528824],[595376.80394400714,5456666.6634946913],[595393.88348586101,5456687.5485528531],[595408.95791721018,5456708.5562868901],[595422.8824710215,5456728.5936410027],[595434.86382213817,5456747.6482110526],[595443.86601269036,5456767.6001930814],[595452.95066419418,5456785.6545514613],[595459.85051792162,5456804.6196837826],[595471.923416698,5456828.5850569336],[595472.89172587264,5456831.6106222887],[595487.84549245413,5456853.5670910105],[595509.9437496037,5456875.6480166242],[595523.91332593421,5456891.5688123703],[595536.83132751647,5456907.6307119178],[595546.86842808186,5456925.7005042369],[595561.84371784434,5456945.5987308174],[595589.83871221077,5456952.5783112645],[595647.26319331047,5457003.4635693422],[595721.93821332383,5457092.6589332968],[595720.87483716279,5457113.5455214409],[595722.9262050268,5457135.5950404145],[595725.80928578693,5457158.608793647],[595730.91547487164,5457181.6615980491],[595736.91420245683,5457204.5712233931],[595751.95199268952,5457274.6753349192],[595756.93644391943,5457298.6759248367],[595760.84768241877,5457323.607814963],[595763.86642756779,5457348.6838703025],[595765.84925789759,5457375.6411033198],[595768.9043061859,5457401.6670655739],[595772.81559224729,5457426.5999257173],[595775.83329905954,5457451.674995021],[595780.87858419784,5457474.5681272075],[595784.87124212901,5457497.601406333],[595789.83989187155,5457518.5938596055],[595798.81580140418,5457540.6050667875],[595818.85518295225,5457582.6061735675],[595829.87927289295,5457601.6442853017],[595841.89517520694,5457621.6496461052],[595869.81364162825,5457663.6298746997],[595884.92179007572,5457685.5903825229],[595915.8409358171,5457724.6139612515],[595930.87242154102,5457744.6727871271],[595946.89572491415,5457765.6988583487],[595961.90564063319,5457786.5488646291],[595977.91309516015,5457804.5658564707],[595994.82081506005,5457818.6393236229],[596013.87587445439,5457829.5831360891],[596032.90846192616,5457842.5851784507],[596051.91758089222,5457857.6454936797],[596069.81614105182,5457872.6862337869],[596088.92448249902,5457887.5909624491],[596088.47184170538,5457906.3583762264],[596088.80834193761,5457921.6388399592],[596085.88906352094,5457922.6958988002],[596084.82975836308,5457926.637351742],[596085.9561927896,5457929.6659831712],[596093.80482573074,5457948.6494864961],[596102.83111589053,5457974.6216357462],[596108.87104258675,5457994.6817561574],[596114.8276132613,5458016.6415092079],[596121.93409699365,5458039.5716100484],[596128.85901509761,5458064.5568722067],[596135.86529883544,5458087.6425786056],[596141.86022464675,5458110.5531352703],[596146.9616082682,5458133.6069035353],[596150.81576318701,5458154.5788068948],[596152.89999103569,5458165.7014034037],[596160.8233485308,5458186.5865942985],[596173.84258683084,5458198.692564982],[596179.41863228718,5458244.8710586],[596206.80875861447,5458324.6996513316],[596213.90468682838,5458352.6971157622],[596220.86504143465,5458378.634242191],[596213.88866309391,5458406.5436264984],[596207.91841530672,5458426.5526566217],[596202.83982193458,5458447.6855409574],[596201.92860766442,5458468.5751853427],[596201.87170350016,5458489.6378173176],[596204.80974618904,5458511.5440819636],[596210.82329532586,5458533.6634716513],[596217.85110154119,5458554.6908793617],[596226.9214679182,5458576.5474554775],[596236.80776240537,5458597.6251968285],[596248.81897993898,5458617.632524915],[596260.95090797811,5458636.6910888413],[596273.81734120962,5458655.6043679342],[596287.85424228001,5458674.6958462922],[596303.88244342385,5458690.6555025522],[596321.95983377018,5458703.642060441],[596341.84496038349,5458715.5520363823],[596361.82832477719,5458728.571463489],[596380.85821595707,5458741.574467143],[596396.9305031586,5458754.6846990995],[596409.91773273912,5458772.6501815785],[596419.86395769252,5458792.6215150505],[596426.85253082821,5458812.6990781175],[596431.81539279036,5458833.6914721578],[596436.81556226709,5458855.633724465],[596441.91305512819,5458878.6874690549],[596447.82740882412,5458899.6963516464],[596462.83372504823,5458920.5482225316],[596482.86979952769,5458925.6508808387],[596487.9054048626,5458928.5897445101],[596491.94163299014,5458935.6296551768],[596499.94887089287,5458962.6936928099],[596504.91071416344,5458983.6850942662],[596508.8271771773,5459011.6280127643],[596506.95094625803,5459037.5685691563],[596508.8986039171,5459046.6297834702],[596522.82784285245,5459069.6800656104],[596538.90644024988,5459089.600639157],[596549.92491794121,5459108.6396444449],[596547.91208236408,5459112.5636328403],[596544.86247433594,5459119.6368000675],[596538.82307656016,5459132.6757863685],[596525.94654402172,5459150.6628863802],[596511.83767594211,5459169.5782102719],[596501.81963538367,5459187.615634081],[596500.94613890571,5459197.5773534896],[596499.93280375737,5459218.6235310622],[596498.8499491309,5459244.5774200847],[596483.82303204609,5459265.6942195753],[596480.88645699248,5459275.6199004157],[596488.91518176161,5459300.62567739],[596494.80409699841,5459323.6927907411],[596501.90376548574,5459346.6228490723],[596507.83107661444,5459370.6417635679],[596512.92556364939,5459393.6945033111],[596515.89708894072,5459416.5525740357],[596518.90307892952,5459441.628601959],[596520.8357538858,5459487.5900990497],[596520.81125229911,5459509.6035647672],[596521.89833703102,5459531.6365483012],[596525.88028958277,5459554.6707652546],[596533.90804546198,5459579.6765062679],[596540.82421700028,5459604.662716466],[596549.80347504688,5459629.6849478455],[596558.92890764144,5459651.7000999739],[596568.94695162517,5459673.5730731329],[596577.83664485393,5459693.6845306903],[596585.84954574518,5459715.6811858574],[596593.8868733939,5459735.6185573144],[596594.85329197161,5459738.6451060111],[596604.80953670584,5459761.6254807813],[596588.16189103399,5459775.5917261448],[596573.85746838513,5459794.6566618718],[596564.95515194896,5459799.5677914899],[596557.94732246047,5459809.5812037205],[596549.88341639249,5459831.6114279702],[596548.91829709511,5459856.6175135141],[596554.85552472505,5459883.645545356],[596561.80706842872,5459909.5826080404],[596565.93654472672,5459937.6871848321],[596564.82520885498,5459965.6993005257],[596565.87717163644,5459993.5918213921],[596572.92496072978,5460020.6383790383],[596582.89314815099,5460046.6288486551],[596593.93454449147,5460071.6870286865],[596603.88886305504,5460094.6684072623],[596612.85325138213,5460116.680469431],[596620.87707288936,5460141.6862248955],[596638.89488016116,5460198.7006286765],[596638.74590597441,5460237.9681599895],[596650.87103921419,5460331.628555188],[596654.92474065849,5460356.5643845648],[596667.93205374107,5460380.5490247253],[596682.84442069195,5460404.5675799409],[596697.85303467244,5460429.6956495401],[596712.81435102876,5460449.5976660242],[596732.81903193472,5460468.6372603616],[596753.93202220299,5460479.6199845383],[596756.87820256059,5460484.5821189424],[596757.85751741403,5460490.6177474791],[596749.86527659115,5460514.5496303523],[596748.8767263816,5460521.6587940529],[596746.95508964243,5460546.6474003866],[596753.87830701773,5460574.6436976194],[596766.86021243373,5460600.68657389],[596784.8745800691,5460621.5928778807],[596800.88238766498,5460634.5444089966],[596818.91700017627,5460646.5820747865],[596843.86557284975,5460655.5733039286],[596848.95926849416,5460658.6728277728],[596851.86806461529,5460662.6831075195],[596852.94786589162,5460676.6386104804],[596852.95477027434,5460699.6028863061],[596858.86135543988,5460720.6126782792],[596870.83825618483,5460734.6026967932],[596877.88720988168,5460741.6950772051],[596898.82101277926,5460761.5442993296],[596928.94176146039,5460791.6915519256],[596956.8928118865,5460832.5700820684],[596975.85453949682,5460846.6824533492],[596996.87046403997,5460856.5566164097],[597017.85863863956,5460861.6776288962],[597113.53455750679,5460940.4071447849],[597177.83889459947,5460987.5617862549],[597175.89681740408,5460994.6535089007],[597179.87202509085,5461017.6886482658],[597182.83574703464,5461040.5466501433],[597190.92629846383,5461060.6446390683],[597192.95770869823,5461074.6175843542],[597193.85167023179,5461082.5518340413],[597194.89355570648,5461103.633945928],[597198.85487373429,5461123.6600138573],[597201.93470090523,5461130.6824568445],[597212.84840764909,5461148.6138728727],[597215.80649299943,5461156.5840907777],[597216.8613240337,5461180.6762692919],[597217.81882444117,5461203.6569722854],[597217.84826927108,5461224.5629671551],[597217.89929165656,5461244.6777938064],[597220.90801737702,5461264.6853732858],[597229.89087586384,5461276.5646873442],[597235.91528899642,5461296.6257347222],[597236.95545490063,5461301.5539455023],[597242.95645517658,5461323.6741859689],[597245.88084210036,5461345.5813586963],[597245.93048370676,5461357.6187597923],[597248.82680794888,5461366.6973639997],[597269.84228850226,5461384.648912115],[597278.9581572446,5461406.6660363413],[597285.96025501145,5461416.6097883079],[597288.85519833292,5461417.61099301],[597145.44224161084,5461554.1539416779],[597018.90340507776,5461674.6292433096],[597014.90873196023,5461676.6176170316],[597003.90336218837,5461696.6947308592],[596992.86252009356,5461714.5539752608],[596975.89430181368,5461729.6175653785],[596960.9431680562,5461747.566564275],[596948.8506227188,5461765.565895034],[596927.8750836032,5461787.6841620468],[596917.88375215139,5461798.5948999543],[596903.81040975219,5461814.6586686606],[596889.84915777622,5461833.575921163],[596875.81315460452,5461850.5905058067],[596861.91082307999,5461869.6674161851],[596854.8143802681,5461881.5783488601],[596848.93942119007,5461889.5519371834],[596835.86784555693,5461909.5930610383],[596822.80918710202,5461932.6442307411],[596810.92291936511,5461954.6065642694],[596798.87858578493,5461976.566782332],[596788.87296096212,5462000.6222483804],[596778.86728612205,5462024.6767053837],[596770.82950793509,5462047.6576424809],[596762.94982725976,5462070.6416778266],[596754.87468979624,5462092.671771707],[596747.85123854072,5462114.5617557047],[596743.94077357044,5462137.6156885102],[596741.85198726563,5462162.6020894954],[596740.83643158909,5462186.6562281977],[596740.95801168086,5462208.6726253293],[596741.86185154028,5462219.6169400513],[596741.93483411707,5462229.5950265843],[596744.93949573417,5462249.6035459107],[596749.86108236411,5462272.6540756533],[596756.87133481458,5462293.683375231],[596763.94436586078,5462313.6042353604],[596770.82199112908,5462332.5721596498],[596778.81024633651,5462351.559650762],[596787.84731114819,5462371.6740989117],[596794.92035390437,5462391.5949407443],[596802.8457996978,5462411.6898519685],[596811.86129105161,5462432.5954363607],[596819.81221325218,5462450.6320815431],[596827.95859122893,5462469.6226521311],[596836.89939468645,5462488.6265763156],[596846.82912281679,5462508.5988260964],[596856.88156157127,5462527.6222679429],[596866.93300657114,5462546.6457487931],[596878.92690248892,5462566.6539745713],[596889.83564141241,5462584.5843715724],[596905.84973788075,5462600.5459983153],[597038.38069092785,5462723.5679357564],[597197.85249273758,5462871.6171428775],[597197.83485545137,5462899.6486305827],[597198.92889423366,5462927.7006316241],[597199.90018497582,5462956.7004231419],[597202.83939818502,5462984.6266991217],[597205.93767108442,5463012.5550286705],[597210.90370098664,5463039.5664536022],[597216.82230954722,5463066.5953308716],[597221.813805982,5463091.5484964447],[597227.84323265322,5463114.6195014231],[597232.95544154476,5463138.6239432301],[597237.9360510034,5463160.5679875892],[597243.92713338719,5463182.6882022023],[597250.87467724958,5463203.5587760946],[597258.9553996867,5463223.6567240497],[597265.83187359909,5463234.5482221805],[597269.82399005385,5463240.637279693],[597278.8972841542,5463253.6261036722],[597284.86922406603,5463261.6507105269],[597298.93810085836,5463276.6285679489],[597314.87674011325,5463290.6894396925],[597330.83984743734,5463302.6921125036],[597334.88289238012,5463304.6646873457],[597354.83085901465,5463311.669878968],[597378.95814398257,5463314.6315517547],[597403.87890866341,5463317.6076145563],[597427.83624080359,5463317.5581141673],[597447.85671702086,5463319.6556631988],[597469.91983582673,5463322.5813297564],[597493.85071838403,5463324.5900919335],[597521.93645450822,5463324.613519704],[597542.83963748661,5463323.5587353613],[597568.9082322726,5463320.6967862705],[597595.90778551041,5463318.6424293835],[597619.85422194959,5463315.5837729601],[597639.87835041375,5463309.6048380956],[597659.92792921688,5463301.5676570935],[597680.93004179327,5463293.5469254116],[597702.8483711062,5463284.5927826669],[597720.91910424212,5463274.6199951395],[597725.86647221027,5463272.6500913016],[597744.88973738078,5463262.6937511154],[597766.89631259674,5463250.5739164753],[597784.88140183862,5463235.6903722938],[597800.93879494304,5463221.5641008299],[597819.95017371711,5463208.5996718546],[597837.84986439312,5463195.6147205569],[597852.8436233073,5463178.6194795286],[597868.93705787312,5463158.633683579],[597884.9461461748,5463140.5474518472],[597899.9508026425,5463126.5612936933],[597936.91599463357,5463081.6085002897],[597954.94834609982,5463070.6858444586],[597974.94960989908,5463058.6896128319],[597991.95851974259,5463044.5807536505],[598006.95222100092,5463027.5854401728],[598019.88070306764,5463010.5531999869],[598040.90569471021,5463008.5535021024],[598044.86405600642,5463005.6142537473],[598060.94298151112,5462990.697722978],[598079.82065486687,5462975.6728645619],[598100.82174959744,5462967.6540068565],[598119.91872745822,5462959.6011987701],[598140.9208138719,5462951.5822835676],[598162.81267198594,5462944.6882415935],[598183.83665220835,5462942.6885435153],[598208.91919581825,5462937.5939672133],[598233.93897955515,5462933.6078134198],[598256.90643316135,5462932.5927684717],[598283.84325715981,5462931.6495674979],[598305.89454569598,5462931.5689245472],[598325.91616381018,5462933.6702012448],[598346.80494952644,5462937.6865456011],[598368.88015162991,5462943.6250326596],[598389.93902571569,5462950.6545428913],[598409.88722101599,5462957.6634982266],[598430.95803863672,5462967.7020712625],[598453.91244960891,5462978.5666793305],[598473.88357746624,5462991.5948078614],[598492.93850293255,5463005.5563494125],[598513.87316312967,5463021.6110273721],[598532.86634638265,5463036.6809448032],[598550.84702230606,5463051.5737845004],[598568.88668551121,5463066.6272894377],[598589.88417468709,5463081.5745111089],[598607.94923697098,5463094.5687545901],[598625.85524547787,5463107.5609334325],[598644.95821958932,5463118.6729882639],[598665.89548111369,5463126.6511849361],[598688.89701255364,5463134.6673218776],[598695.95789450267,5463136.6941820914],[598711.92393195082,5463140.6242027283],[598732.83931448637,5463142.5841565095],[598752.89642996725,5463145.6372397672],[598773.95644378499,5463152.667605387],[598795.94510604313,5463153.6962692868],[598806.85617374093,5463148.6662744656],[598877.10099493235,5463169.2531298706],[598988.94478086499,5463190.5899970178],[598994.89403696114,5463192.5973331183],[599003.88556285901,5463192.6017958075],[599014.94027217117,5463192.6422393704],[599015.90480908542,5463195.6687484952],[599028.91094485577,5463214.5918078888],[599041.80696111801,5463230.6623182679],[599056.86637606262,5463246.6131933816],[599065.85440767556,5463254.6941230716],[599074.9570657243,5463257.5510788606],[599080.85799674282,5463255.5984781757],[599271.58359748183,5463378.7674289728],[599287.85091925506,5463396.6494577015],[599287.89930440974,5463400.6103829686],[599288.86285509937,5463403.6369276233],[599288.91119675618,5463407.5968529517],[599290.83929627307,5463413.6498980401],[599294.93083865219,5463419.5843058173],[599307.89969613636,5463437.556473515],[599322.8590798903,5463453.6648897855],[599339.85918809602,5463470.6024660058],[599348.8472733883,5463478.6833534446],[599364.8958035307,5463495.6034417693],[599381.95586587978,5463512.7006305568],[599397.83429279807,5463526.6075462885],[599414.95615844452,5463542.5973401973],[599433.85146346467,5463556.559610622],[599451.88955021487,5463571.6159694958],[599467.82698350842,5463585.6835358962],[599499.82639930665,5463611.6028448064],[599515.95933418011,5463626.6243152209],[599531.92219746322,5463638.6336217932],[599550.90093849658,5463650.698328129],[599566.90119118011,5463663.6584414802],[599582.93783041404,5463677.5694093369],[599598.91069135955,5463692.5878431797],[599601.90215761925,5463694.7014431348],[599604.86009094119,5463694.5971319471],[599611.93111906375,5463699.6350553464],[599645.88320937345,5463729.550113827],[599661.85613581981,5463744.5695300456],[599680.80951795552,5463758.6924400311],[599683.93753661308,5463761.6002822686],[599687.82161701145,5463763.5706856837],[599690.84947081807,5463766.6351394206],[599709.90302877047,5463780.6014291272],[599711.81918847095,5463783.6453917865],[599714.90982858464,5463785.6024183463],[599725.49765372463,5463792.4415115947],[599734.91498829413,5463799.5861768574],[599738.95822049456,5463801.5606345879],[599741.82792705519,5463804.6209850339],[599746.82375063759,5463806.6128744902],[599751.95223491977,5463810.6651046211],[599768.90418935998,5463823.6436416414],[599769.86776098376,5463826.6701701442],[599784.8138225124,5463846.5808304548],[599796.95102885133,5463863.5887204055],[599808.89179662534,5463879.6437352812],[599823.9552074665,5463906.6840936719],[599824.859841706,5463909.5509501137],[599826.93511358241,5463912.5979642039],[599841.80743690603,5463930.6069308687],[599854.87085950654,5463949.6905119075],[599863.90495917131,5463968.5436802562],[599864.80575208529,5463972.6776274862],[599865.83211147413,5463974.5967266895],[599868.89636364672,5463978.6120249256],[599869.89636774769,5463982.5904032551],[599871.81253743533,5463985.6343570556],[599882.88549204147,5464006.5826721285],[599889.85146687285,5464026.6650004862],[599897.90658824437,5464047.5589985661],[599906.81513979612,5464068.6269902606],[599915.94458577433,5464088.5906549022],[599924.8421169949,5464106.648548929],[599932.8598696728,5464126.5917165717],[599933.95615712937,5464131.6795677915],[599941.81584928441,5464151.6206284137],[599948.85461564735,5464173.6046304144],[599960.82148680894,5464213.5747184791],[599968.90818291856,5464236.6866569147],[599972.85073586134,5464245.6280605923],[599977.86856345134,5464253.6380982362],[599987.9132548623,5464272.6683402136],[599996.84624732623,5464291.6780902958],[600001.82515914866,5464305.5477044815],[600002.92145164171,5464310.6355453739],[600006.8739991613,5464322.5860654702],[600006.91156728996,5464342.6999061992],[600008.83281658636,5464363.6407422516],[600016.81322266348,5464382.6330424128],[600017.8132360084,5464386.6114023915],[600019.8875270104,5464389.6584419813],[600020.85111161787,5464392.684950524],[600024.9417515815,5464398.6193173081],[600025.90433850652,5464401.6458691778],[600031.91116274591,5464410.6241732622],[600034.84272708825,5464412.5781225255],[600038.89598540426,5464417.561680004],[600049.81392437883,5464423.6211114544],[600068.8647395391,5464437.5883830795],[600081.95177062601,5464454.6157017462],[600091.83739861893,5464473.6428387444],[600101.91752541903,5464493.6239223676],[600110.82416664297,5464514.69188869],[600111.86052805197,5464519.6200932404],[600119.8400142882,5464538.6133996127],[600130.84735718765,5464560.6701200875],[600131.88371997187,5464565.5983220777],[600135.94698259351,5464573.5909849191],[600143.86369669437,5464593.6916957609],[600144.9000603857,5464598.6198959062],[600148.84264473885,5464607.5612603519],[600156.95381609513,5464628.6149132857],[600158.89103434631,5464637.6780271102],[600167.86947632162,5464660.6476988485],[600175.88537156559,5464680.5918221828],[600183.87483234797,5464702.593205017],[600185.82745761634,5464706.588979343],[600192.94865740894,5464726.6743745496],[600201.91712208511,5464746.6349116974],[600212.81718997378,5464764.572039241],[600221.84364916466,5464784.6932777865],[600229.864886411,5464796.5589365773],[600237.82702091592,5464820.6195937637],[600243.87395731057,5464841.6362795457],[600251.8381637925,5464883.5928521678],[600258.87409802189,5464905.5777977621],[600259.81030373171,5464910.6625908753],[600261.92204360967,5464914.661412159],[600266.90365914861,5464939.617540448],[600270.8588983207,5464962.6545855394],[600275.85691588942,5464982.5433401205],[600282.95076102938,5465004.6869720491],[600291.95470173506,5465025.599332761],[600294.82251465379,5465028.6607194468],[600301.82108144253,5465049.6948275035],[600303.93178455089,5465053.6926863333],[600307.82809334132,5465076.5700349584],[600308.94980278017,5465079.599619804],[600310.87712084269,5465103.549559135],[600312.81599966623,5465123.6992603466],[600315.88142592798,5465145.6114191012],[600319.86307277658,5465166.5901573934],[600321.81467106496,5465170.5849542478],[600325.80536039779,5465194.573825595],[600330.83490441821,5465216.6794906212],[600336.83098004258,5465240.5465964945],[600341.85953004775,5465262.6522936635],[600348.8671174167,5465286.6954823816],[600366.9300269949,5465328.6799054481],[600373.95397716213,5465347.6547368513],[600375.92561681627,5465357.6687056199],[600376.95200114849,5465359.5877730222],[600377.87726456905,5465361.6644932283],[600385.8638690142,5465383.6668346198],[600387.87825447461,5465386.554214349],[600389.84085412265,5465393.5580464564],[600396.95918871113,5465413.6444139536],[600402.84508277266,5465434.6579885958],[600408.88809157838,5465455.6747022336],[600411.92251074547,5465468.558564025],[600418.88174607838,5465488.641857543],[600420.9560745788,5465491.6888561333],[600428.94170025899,5465513.6912081745],[600435.81560870726,5465535.6730699865],[600443.94935419294,5465554.6694275066],[600452.87756118097,5465573.6791086178],[600457.8098642719,5465594.6752607003],[600461.94766681537,5465615.6570803318],[600466.91536406497,5465637.6041045776],[600471.84667417244,5465658.6002851306],[600475.82537218218,5465679.5790329147],[600481.8410195295,5465702.6539725978],[600488.90045032371,5465722.5806032717],[600498.94844994484,5465744.6208963972],[600505.84778006771,5465764.544504323],[600514.8803929917,5465787.674761096],[600521.91144986311,5465809.6596979983],[600523.8631123862,5465813.6554645076],[600527.82178379234,5465828.6150270002],[600534.85284603504,5465850.5999536123],[600542.82752597972,5465869.5931852562],[600550.96032035002,5465888.5895128921],[600558.93400855362,5465907.5827796385],[600565.80597346451,5465929.5646296144],[600573.91138948977,5465950.619222967],[600582.88413780823,5465973.5908076661],[600585.94748948596,5465977.6060505742],[600587.93454986322,5465982.5526876366],[600597.90877697943,5466002.690287835],[600605.95530692069,5466023.586197515],[600614.8452448101,5466041.6460267287],[600617.90760226198,5466045.6613097163],[600629.92368027149,5466066.6289732214],[600636.82210368197,5466086.5535498392],[600646.90456861386,5466109.5446685087],[600647.8398028973,5466114.6294362824],[600653.88928378443,5466127.5696253618],[600657.90593029966,5466142.6888427585],[600659.85660721373,5466146.6846369868],[600660.89200960007,5466151.6127942428],[600664.96243262012,5466162.6155024217],[600668.83739966853,5466172.6653193869],[600671.89976386959,5466176.6805957146],[600679.87250087259,5466195.6738413898],[600682.93586429942,5466199.6890728623],[600684.9229340452,5466204.6356969411],[600687.94890939223,5466207.7001390066],[600698.80689942231,5466224.6873837858],[600700.95308052911,5466229.6370627945],[600703.85737960157,5466233.6502354955],[600708.94321015396,5466243.5629624408],[600719.8102140032,5466263.5593034681],[600731.87428390898,5466281.6775584295],[600743.84302471858,5466298.6853125729],[600755.84820496081,5466316.6448936705],[600767.82695998077,5466336.6616978403],[600780.82116381789,5466355.5895264763],[600793.93705040077,5466373.5686195167],[600806.85843822733,5466390.5937771257],[600820.86422431783,5466409.6986809662],[600832.9048293063,5466428.6091081752],[600844.83721741708,5466444.6659966279],[600857.82140284404,5466460.5837419312],[600860.84743693855,5466463.6491712341],[600873.92696382536,5466480.6774058612],[600878.80831373553,5466486.6271172892],[600887.90022016736,5466497.5643962864],[600915.8054818057,5466531.6536360364],[600929.90147246199,5466547.592839594],[600968.82101526053,5466598.6733945981],[600980.82528449153,5466616.6329421587],[600984.85837390285,5466626.6848030183],[600995.94641772541,5466645.5777483415],[601007.91330694861,5466662.586500166],[601019.91759257368,5466680.5460321931],[601032.9598348235,5466696.6244273195],[601047.82101271232,5466714.6362645924],[601051.89985700941,5466717.5624966351],[601060.92703858775,5466729.607215724],[601074.82758317841,5466744.5924867233],[601088.82247299468,5466760.688288345],[601102.95293221681,5466777.5783485733],[601117.90050420212,5466793.6925638001],[601132.91181090567,5466808.6983403098],[601148.94754356775,5466825.623231939],[601162.8835605596,5466841.560347436],[601177.90394623543,5466859.5761970533],[601192.88690124382,5466876.6402593814],[601209.83893599629,5466892.6327265324],[601216.91648184485,5466900.6826134725],[601231.9268276837,5466915.6884043384],[601245.86187727214,5466931.6255389564],[601259.893226885,5466948.6721149171],[601274.81731365004,5466965.5774875246],[601288.84772017889,5466982.625097394],[601301.96189825085,5467000.6061065756],[601312.81615627452,5467017.594333604],[601318.89467369765,5467021.6669201292],[601318.81737832562,5467026.5745960595],[601327.84467327839,5467038.620256667],[601340.88603022357,5467054.6986028925],[601354.85652189585,5467071.5865701437],[601368.91433443339,5467086.5758963404],[601374.8427723858,5467093.6545015322],[601381.83303540945,5467103.6029983638],[601406.83949298272,5467136.6910450412],[601420.81105247978,5467153.5799464025],[601444.83778327797,5467177.6223168168],[601456.92659370357,5467193.6842073575],[601479.89734027616,5467213.58953516],[601485.82579631452,5467220.6681256294],[601512.80948257283,5467255.6946375081],[601517.92087830673,5467263.550062879],[601526.94722792401,5467275.5957231065],[601534.88915949664,5467285.5616553752],[601548.95511464099,5467303.5610444723],[601558.95121270849,5467321.6433062274],[601559.94024669402,5467322.6115469588],[601571.94078875612,5467340.5720779561],[601586.88659697468,5467356.6872280436],[601599.89551979664,5467370.5486243404],[601383.70988094423,5467443.519714159],[601184.84962991346,5467532.6563971173],[601184.83259722532,5467526.6382277589],[601178.82563277485,5467503.5623747036],[601170.85864043667,5467484.5681583099],[601168.84414197598,5467481.6798531953],[601160.94092731702,5467461.5782058779],[601152.90115316806,5467440.6823405726],[601142.83339419274,5467420.6993862474],[601139.9300371327,5467416.68622832],[601137.88497492322,5467411.5799678965],[601134.8235474854,5467407.5647093654],[601125.85848535167,5467384.5921598664],[601115.94885235641,5467364.6122915577],[601112.88738395669,5467360.5960309934],[601102.85503791249,5467341.5639214199],[601090.85365393595,5467323.6043862412],[601081.86928765976,5467305.7001759931],[601078.80786633433,5467301.6849117661],[601076.92092400079,5467296.5817440664],[601064.95594471262,5467279.5730195213],[601051.8154501511,5467263.6512382599],[601043.93736090756,5467252.5778406058],[601039.88687355316,5467247.5933272233],[601025.90746347397,5467227.6972752074],[601011.84173382027,5467209.6998054488],[600983.89574515377,5467171.6486998461],[600980.83433305041,5467167.6334276497],[600964.89975199499,5467150.5519133992],[600933.84568201262,5467115.6121226437],[600900.93177605385,5467084.5973589215],[600897.8693295155,5467080.5811250834],[600889.81283323898,5467074.573013816],[600886.91054072743,5467070.5607916294],[600878.85404627863,5467064.5526789371],[600875.85054494103,5467060.6961069554],[600871.87285980885,5467057.6132249935],[600868.81045915058,5467053.5979888793],[600858.96237774368,5467043.5971767716],[600854.88452587184,5467040.6709004976],[600851.82312459615,5467036.6556196064],[600847.84444359213,5467033.5727796704],[600831.93146950426,5467015.7001068015],[600817.81492316327,5467000.5530338082],[600807.93050666933,5466989.602387419],[600803.85265936132,5466986.6761076683],[600797.88693779032,5466978.6476828344],[600786.80545411352,5466969.5750969611],[600779.82428332721,5466962.63563067],[600768.86452669569,5466952.6153173242],[600754.80594766489,5466937.6279339744],[600739.8231307742,5466920.5648191506],[600736.91980907833,5466916.5516310707],[600732.84196803323,5466913.6253465172],[600729.9386904157,5466909.6131575685],[600711.87510994927,5466893.6021264493],[600699.8989210393,5466884.6708038636],[600696.83653477347,5466880.6555562057],[600679.95648758952,5466866.5666938508],[600662.81816488842,5466852.6313333502],[600646.85436747677,5466837.6090647271],[600630.82779483008,5466823.6941803666],[600613.82509262988,5466810.5540680466],[600595.92866860121,5466797.5551864998],[600578.9495298164,5466783.6238593888],[600564.85462559538,5466767.6856005918],[600550.95422804123,5466752.7012642818],[600534.83240136504,5466737.6768632699],[600517.88863214105,5466724.6953887874],[600498.87155489903,5466708.6679060301],[600481.95423622162,5466693.6292049335],[600464.81598467275,5466679.693788751],[600448.86029695719,5466667.6815961413],[600430.84129546711,5466655.6324372832],[600412.89955672133,5466638.6735891486],[600408.92095576285,5466635.5917202877],[600405.8585925895,5466631.5764548033],[600386.84155974456,5466615.548937236],[600368.8714891678,5466600.6493802965],[600352.93423673126,5466583.5698116459],[600330.93217314384,5466558.6183182457],[600319.91716258274,5466541.6289527733],[600307.81682140671,5466522.560874409],[600300.91146759817,5466499.6272021821],[600300.96019391099,5466474.6047751801],[600293.90476659301,5466454.6781269982],[600292.94315518346,5466451.6516011106],[600285.84780875442,5466437.5844285451],[600277.86681911885,5466426.6696244376],[600275.95254325448,5466423.6246660734],[600272.8712179854,5466413.5912416587],[600272.82580000139,5466409.6303172028],[600268.83216396405,5466382.6334210951],[600263.86750015116,5466360.6864494095],[600260.83254982019,5466354.6129017472],[600255.95863707003,5466340.5857795291],[600244.90628181899,5466322.6455828818],[600239.84690716153,5466310.6746222777],[600229.84734696732,5466292.5952434633],[600218.8577875857,5466273.5476410538],[600209.89719473931,5466253.5870812917],[600202.84080295544,5466233.6604254665],[600196.83624669281,5466213.5956331501],[600194.88559271547,5466209.5998353837],[600193.85121643078,5466204.671637821],[600173.96284083626,5466164.5550825512],[600161.88413663115,5466144.6957929209],[600131.92254474247,5466084.599160362],[600123.81728300266,5466063.545577175],[600121.86563724128,5466059.5498157041],[600117.88906648522,5466038.5720730191],[600110.95443522837,5466017.6976348432],[600101.86916712543,5465998.6848776406],[600091.83128636656,5465979.6546829902],[600080.86819339346,5465958.5487746848],[600072.82089604135,5465937.6548694875],[600062.89572749846,5465914.6668161731],[600054.94860529504,5465893.6162922932],[600048.90771430696,5465872.6005862532],[600041.91217148653,5465851.5665295329],[600038.84985111654,5465847.5512229605],[600029.82355445251,5465828.6980925724],[600017.87952316238,5465809.6340348497],[600007.86808216525,5465788.5455601588],[599998.83081903739,5465766.6833870606],[599990.92010565544,5465746.5836628154],[599981.83388907113,5465727.5708870292],[599974.89731161925,5465706.6964605479],[599966.82754265296,5465686.5946640614],[599957.86306404567,5465666.6341389082],[599949.88858228573,5465647.6418365948],[599941.94050743908,5465626.5912903398],[599932.93965660175,5465605.6799131995],[599923.85246670898,5465586.6671489729],[599914.92538683629,5465567.6573944548],[599905.87463029986,5465549.5964593273],[599894.84584715997,5465529.5979749141],[599892.85788278456,5465524.6523487754],[599881.90187022975,5465506.5555355521],[599861.95510394592,5465470.5583871854],[599849.90994467307,5465451.6498957081],[599837.90121598705,5465433.6932384372],[599826.82254274702,5465416.5451847631],[599815.8791830237,5465394.6490873592],[599806.95014758315,5465375.6393746817],[599791.88812233554,5465356.6764956191],[599776.87250339193,5465341.6745371018],[599766.93553621916,5465333.5752140293],[599753.94682739757,5465317.659381127],[599751.87352743035,5465314.6123216301],[599748.94198677468,5465312.6593769444],[599738.95762986189,5465300.5991650904],[599723.8203016225,5465286.5449301675],[599720.85233832325,5465283.6401436711],[599716.67185786937,5465232.7251130119],[599712.83243342082,5465186.5683200415],[599721.90953488275,5465184.6741665183],[599725.9318394271,5465180.6294685416],[599726.90083579323,5465175.5785634834],[599725.82911247958,5465169.6995097818],[599754.85092117498,5465150.1129419124],[599784.94804932782,5465129.5960057201],[599787.87962882756,5465131.549951694],[599790.93289275642,5465132.5551566817],[599797.91930660326,5465132.682315032],[599803.92057926662,5465130.5741203092],[599807.84271052491,5465126.6860232782],[599807.8227565476,5465120.6678350335],[599805.86016731476,5465113.6629785709],[599798.90276510071,5465104.6682044975],[599796.95115148788,5465100.6723980093],[599785.82873220043,5465090.6509250049],[599778.8813101392,5465084.66524297],[599762.91213194281,5465069.645853674],[599744.81485645415,5465055.6959845591],[599728.88306946843,5465041.6273858482],[599713.85554155149,5465023.6163647305],[599712.89296281338,5465020.5898324009],[599708.91147412162,5464999.6110628257],[599706.81623808166,5464990.54588407],[599704.86467457435,5464986.5510710767],[599700.81944577186,5464966.6807467537],[599694.95916043327,5464943.6088386727],[599688.87602775916,5464921.6423204839],[599683.81926039769,5464901.594878789],[599679.86323311972,5464878.5588677004],[599677.8123688373,5464855.556721733],[599674.94164568884,5464834.5994494902],[599672.86437492049,5464813.6555500124],[599669.89729050326,5464791.5867979052],[599662.89799242758,5464770.5546528166],[599660.90901244653,5464765.6080273623],[599645.88054379507,5464747.5969922114],[599628.9215129104,5464731.6102963602],[599610.81340279081,5464714.652298037],[599591.93817133084,5464695.6206557583],[599573.85648580606,5464676.6043843133],[599562.86584654544,5464668.6442108443],[599545.93225987651,5464650.599271683],[599529.92482691666,5464634.6290253373],[599513.95382300345,5464619.6106216246],[599496.88208566874,5464607.580784698],[599475.86345441255,5464594.6879561478],[599457.83917297644,5464582.6416720953],[599437.86235630792,5464566.6005925369],[599433.84555525787,5464562.5688676275],[599417.9225155937,5464544.7000390235],[599402.89418300695,5464526.6899306839],[599383.8909170205,5464516.6844515884],[599481.77583045163,5464272.3042042498],[599507.86938937474,5464158.6237077853],[599510.91264299501,5464156.6198001942],[599513.94492695038,5464151.6068095258],[599514.93994493654,5464137.6882643187],[599512.81728844112,5464130.6803149376],[599510.90113079106,5464127.6363598993],[599509.90118731046,5464123.6589869494],[599505.90981058485,5464117.5690178266],[599504.90982389869,5464113.5906447964],[599502.83460484177,5464110.54463071],[599499.87111239671,5464099.5623630788],[599497.85478971747,5464096.6750176856],[599489.89898386784,5464075.6254448295],[599482.87036369508,5464056.6515345825],[599472.81389337929,5464034.613167664],[599461.90115184709,5464013.6678388584],[599449.81682392175,5463992.5433846163],[599437.91412325623,5463970.6297970926],[599425.96250208875,5463951.5666670483],[599420.9183372492,5463945.6148594944],[599409.90491303254,5463931.637483635],[599394.90004524763,5463911.5681198295],[599377.8898798615,5463891.6214872869],[599359.84182521875,5463873.5570210172],[599339.82480975287,5463856.5651415549],[599323.94829269091,5463842.6571702687],[599301.84163660044,5463827.686581728],[599284.82992159133,5463814.5503350534],[599268.92705306597,5463802.7016298259],[599246.89417160023,5463789.6326930998],[599226.96295638266,5463777.5524978349],[599206.93058351404,5463765.6289517768],[599189.84618804732,5463750.5919668106],[599171.94185632584,5463737.5978785828],[599151.83614859893,5463730.5829802239],[599146.87676983268,5463729.5429124599],[599141.81822303066,5463728.6594117787],[599136.85888810735,5463727.6203430407],[599131.89950986591,5463726.5802743873],[599110.81584628345,5463721.6071644779],[599089.85387367918,5463715.6852947511],[599068.9536999024,5463708.6560388552],[599059.91478646675,5463704.6916187871],[599040.92079320434,5463697.697192206],[599023.88377517741,5463686.6201222511],[599014.84391257085,5463682.656740264],[598996.95062486292,5463672.6727070119],[598993.95922207634,5463670.5600868948],[598970.91861375654,5463669.6695802649],[598946.88743055228,5463674.6211905992],[598925.83569770411,5463678.676363389],[598902.87978658208,5463682.6966025596],[598880.91287877038,5463687.6861332841],[598857.88264021825,5463696.6160625834],[598836.85379474633,5463706.6893523065],[598817.90307578945,5463718.5436224807],[598796.84883875144,5463730.6761323567],[598786.83034197381,5463735.5638914313],[598782.93085621705,5463738.6618194263],[598777.82436783973,5463740.6287182821],[598760.90149988933,5463751.5690572131],[598744.90474697237,5463764.5841130139],[598730.9468858554,5463779.6963443225],[598726.82931042928,5463782.6305383574],[598715.80290541321,5463799.6957628215],[598712.83439079532,5463803.6012707623],[598711.89278842136,5463806.5939150155],[598710.91377332469,5463808.6347477911],[598707.84513464896,5463812.6978647346],[598702.88162200339,5463826.5455426527],[598699.86129324336,5463834.5685576405],[598693.80415031931,5463855.6819914654],[598684.91570686735,5463874.6858082665],[598682.9361479244,5463879.5596101508],[598669.82999187359,5463901.6552139185],[598658.85086802533,5463922.6803388149],[598646.94457900617,5463941.6297802432],[598632.93767258094,5463959.5914093638],[598625.84774159838,5463967.6991726784],[598609.88738321385,5463981.6670065485],[598601.90765758604,5463988.6498995433],[598587.9261660421,5464004.5532787805],[598190.00696183625,5464042.6619132254],[597991.93981210503,5464070.6935762865],[597975.88206944522,5464057.5785302836],[597959.84690594813,5464043.6722983168],[597943.94827873737,5464030.5603049332],[597927.94948818767,5464017.6049157735],[597913.88228401123,5464002.625163909],[597898.86249621178,5463987.6279534027],[597884.82075185981,5463970.5899684085],[597868.8484303247,5463955.5762938373],[597852.81330529216,5463941.670031541],[597836.87735644891,5463927.6072000815],[597817.89818380366,5463915.5492056003],[597798.86716000969,5463907.6087012896],[597776.82031522912,5463899.6137196263],[597754.94248995895,5463894.6309155673],[597712.93292000599,5463884.6971418606],[597693.89024672122,5463880.5568744997],[597671.80611000932,5463871.6120555662],[597633.92968266527,5463853.6757662538],[597614.83976164868,5463845.5755490242],[597593.94000980223,5463838.5519337784],[597574.87267468043,5463829.6605241783],[597555.84535704332,5463813.6435766332],[597538.80878708418,5463802.5712395096],[597519.95148731419,5463789.5664233323],[597500.89873228199,5463775.607686786],[597481.91969649633,5463763.550607902],[597464.89383016841,5463748.6780314744],[597447.88274678751,5463735.5474436032],[597430.867833292,5463723.6849392569],[597413.81940650789,5463709.6035322258],[597400.88850385952,5463692.5860022809],[597386.80960563861,5463674.5980913201],[597372.9261733155,5463657.5640917579],[597354.82506119378,5463643.6228137789],[597338.82553615712,5463630.6693251124],[597319.88295915513,5463619.5640531937],[597300.80386334774,5463607.6645298088],[597279.90793005901,5463592.5654286314],[597265.8390126063,5463577.5876134438],[597253.86074289004,5463560.5875049252],[597240.8552337432,5463541.6693068733],[597224.94402774202,5463525.5501353666],[597209.83795238775,5463505.6440854026],[597195.91623405938,5463487.6592658339],[597180.93216338754,5463473.6157741956],[597163.89476481546,5463462.5443808269],[597146.87895375979,5463450.6818414414],[597130.94136346853,5463436.6219183048],[597113.90398014779,5463425.5505123977],[597077.93385397037,5463399.5745717557],[597059.84378085146,5463388.6432973724],[597042.90174868749,5463378.683401363],[597024.83715379005,5463365.6938833753],[597003.9523072337,5463353.6057813056],[596985.86125779129,5463342.6745319236],[596947.91266378202,5463321.5742514497],[596930.83802655281,5463309.5529872449],[596910.804578649,5463297.6379753361],[596894.951466211,5463281.6794289425],[596877.86596621166,5463266.6490568332],[596847.82137578749,5463236.6613736358],[596832.83546104725,5463222.6188834682],[596803.89066429751,5463189.6416508928],[596788.88296829758,5463169.579954451],[596774.8387323895,5463152.5448156632],[596763.932958449,5463134.6143828165],[596749.87685947039,5463114.5701797996],[596735.92792319809,5463098.6455574846],[596727.81818808964,5463088.6832353659],[596721.88370942301,5463081.6103998078],[596695.8585103614,5463047.5771112014],[596679.83451248403,5463028.6063725064],[596672.8846882307,5463022.6244875472],[596668.91541651438,5463022.5545548741],[596655.88169537578,5463005.6955584446],[596644.94255049119,5462985.5481733102],[596632.92419296189,5462967.5982101243],[596619.953353266,5462949.6327741174],[596606.8981091918,5462933.5659047272],[596593.8535422592,5462913.6977812108],[596582.91342460667,5462893.5504148295],[596569.86787096772,5462873.6823240574],[596556.95983803819,5462854.6084373575],[596545.89408884756,5462836.6759090805],[596534.92755874735,5462818.5878110826],[596522.9092463362,5462800.6378057329],[596514.92306490941,5462781.6513062436],[596505.85073515342,5462760.5870232843],[596497.82617379411,5462740.6487393426],[596489.84000221407,5462721.6622262001],[596481.91561632021,5462701.5673242519],[596473.85376313422,5462680.6792059941],[596464.93951195735,5462659.6170050399],[596456.94148780161,5462637.6214035554],[596449.92043143185,5462613.5830594096],[596442.91128702695,5462592.5547798155],[596436.85467130272,5462571.542964316],[596430.89333720773,5462551.6416811952],[596422.8569862335,5462528.6952741509],[596418.80559702287,5462507.5597727699],[596408.85185956361,5462466.6836360646],[596404.92123350059,5462444.6004044591],[596399.84163902816,5462421.5468116822],[596394.89571121207,5462400.5555311702],[596390.82757640071,5462377.6780690206],[596385.9562972436,5462358.5874251556],[596378.90784171282,5462336.6083475528],[596374.91444406228,5462315.6335160742],[596374.86519193789,5462311.6726115765],[596366.87708123052,5462292.6860908652],[596361.80841041217,5462272.6425837493],[596355.94627667405,5462252.5846665092],[596347.90892289835,5462229.6372245206],[596339.9443085083,5462208.5925132008],[596328.93855041079,5462189.5535404459],[596316.88106186991,5462170.6536595151],[596304.88540534303,5462150.6463820748],[596291.96171705599,5462128.5644116895],[596279.92872820667,5462107.6062969957],[596265.84251173609,5462089.6223039534],[596340.32075447519,5462032.0829500249],[596393.93026158051,5461955.667003626],[596414.95534550841,5461945.5832544127],[596423.94571967295,5461922.6188123003],[596423.82321453071,5461900.602401128],[596424.83680582303,5461876.5472907713],[596429.91588739445,5461853.6726101413],[596437.80649580667,5461833.6977060521],[596445.86880883004,5461808.6585329743],[596449.96086360677,5461783.5484625148],[596451.82783147041,5461759.667350254],[596451.81315762829,5461733.6931126751],[596451.83587202209,5461708.6706975149],[596452.87392269075,5461682.5572999334],[596452.8466813711,5461661.6513731899],[596452.84741802257,5461653.5749327699],[596453.90851371689,5461641.5571720488],[596453.88127066114,5461620.6512350086],[596452.84257985919,5461599.5691516958],[596452.87715896661,5461577.5558044417],[596453.81403646874,5461551.5990202855],[596455.92534680502,5461524.5543136075],[596457.80217212136,5461503.6823236821],[596460.90333749552,5461477.6049008248],[596463.8199694776,5461453.5836847248],[596432.91582876304,5461396.660442329],[596422.83486265899,5461371.6187276021],[596415.95337701321,5461352.650763778],[596406.93381615367,5461323.6686577275],[596398.90311944764,5461295.6538877646],[596391.88680467638,5461266.5491715195],[596388.93816894921,5461246.7002352634],[596383.86422585452,5461218.5792726306],[596378.85021457344,5461190.6179322945],[596373.83520744869,5461162.6566266166],[596366.83173067402,5461136.5599461589],[596357.81050763431,5461115.6553026922],[596345.95615304308,5461092.6410102351],[596333.95565983001,5461072.6347288759],[596324.92598796613,5461063.6067658383],[596343.18994572898,5461038.5201858291],[596359.92672454449,5461009.5822776463],[596369.94174907485,5461004.6897589155],[596379.94133705471,5460980.634321521],[596384.95741708588,5460957.5998888882],[596389.93614732928,5460933.6146095637],[596394.88939973235,5460911.6876142677],[596400.89532189432,5460889.6204657769],[596402.80747402343,5460869.6992460275],[596400.92012002855,5460844.6428624084],[596395.89701618208,5460836.6366523765],[596370.89088290976,5460835.5640548663],[596348.82671931956,5460832.6432305351],[596328.86275478161,5460822.6328062732],[596312.91687163885,5460808.5748066399],[596297.82402886939,5460786.6123614321],[596283.86761928385,5460770.6896668589],[596275.82787511963,5460762.6299815523],[596256.91142258421,5460745.6690837406],[596243.91167668649,5460736.5721966838],[596230.93352059484,5460726.6841414515],[596117.97886045638,5460630.7578842919],[595982.90140882332,5460547.6614556322],[595980.90432298614,5460526.56291545],[595969.92405480251,5460501.6654013097],[595951.82566085807,5460482.6605531331],[595938.81318109052,5460470.5555024268],[595932.90843151184,5460465.7015913883],[595914.84743879992,5460447.6485736612],[595899.82753853407,5460427.5897687143],[595899.9225437484,5460420.6228288487],[595908.9559924698,5460401.6172745842],[595911.9085398193,5460394.7007440459],[595911.9243720615,5460369.678268156],[595902.93545198382,5460341.6479739388],[595894.93864229228,5460322.6624137685],[595883.86115032912,5460296.654359377],[595874.91080827964,5460277.6513620019],[595870.89052407641,5460273.6225056443],[595866.88404898369,5460272.6017126795],[595839.41147550114,5460231.8109723143],[595801.88069774851,5460181.671503773],[595803.81440023694,5460159.6910245446],[595804.85643431812,5460136.5866947444],[595804.82231438265,5460115.6807212327],[595805.87724234071,5460095.5864916006],[595805.88046118163,5460075.6313557578],[595803.81959125085,5460055.6402088851],[595799.85273256782,5460035.6161586111],[595795.84853467497,5460014.6412550956],[595790.92918339372,5459994.6007241933],[595784.86090233503,5459973.5898044631],[595778.91338165395,5459951.6311378088],[595772.84410746722,5459930.6202512579],[595764.80801949534,5459910.6838365961],[595754.90424379066,5459891.6643246543],[595743.88892599242,5459872.6262723161],[595731.92111948598,5459853.5717435544],[595719.85315206589,5459834.6738233753],[595706.81110672106,5459816.5505995275],[595680.82140054868,5459782.6817210279],[595710.72102208447,5459455.7868198426],[595727.9019385993,5459190.5559152048],[595729.89032574068,5459188.690247192],[595745.93583660061,5459174.5570991533],[595762.95019748865,5459151.5728280973],[595773.88347690087,5459132.6001350321],[595782.91178086074,5459113.5944963936],[595793.8163411523,5459088.6036229003],[595799.85826318758,5459063.6860096911],[595791.8565699131,5459044.7003974644],[595788.81127013068,5459038.6287564216],[595787.92307738983,5459025.6271490669],[595791.83664156892,5459013.6586576952],[595795.89098267548,5459010.5619171532],[595809.95907028927,5459002.5716109667],[595830.81111015717,5458985.6733597741],[595842.89326866611,5458967.6710038986],[595853.81164540176,5458945.689181529],[595863.93558569544,5458923.692989965],[595872.85171390953,5458900.5677181929],[595880.95669656841,5458875.6870766645],[595886.81788800727,5458851.5575037748],[595893.81128371798,5458826.6573136635],[595899.88949215028,5458802.6905102478],[595904.87960274098,5458776.6459137863],[595909.83236581937,5458749.6504450412],[595914.82251131337,5458723.6068297084],[595920.90070219338,5458699.6399921514],[595926.85718185303,5458676.6219470659],[595931.95840509434,5458654.6969285235],[595935.86568403791,5458634.6519522239],[595942.88147750171,5458607.6924708821],[595938.93209638051,5458585.6100897184],[595938.89475257485,5458584.6592246322],[595923.9346400178,5458559.6917337701],[595914.84286102373,5458538.6283207396],[595905.8707968836,5458516.6161871767],[595897.89059769514,5458495.5722928457],[595887.90523864981,5458474.6510770582],[595878.93323006749,5458452.6399261663],[595869.96118209837,5458430.6277697738],[595861.82190440095,5458409.5807905979],[595853.96143448388,5458387.5881528649],[595848.95844151103,5458365.6459097918],[595844.84899729106,5458343.5604479257],[595835.90717644361,5458315.6897200383],[595823.94739218545,5458299.6442883583],[595809.92356803815,5458283.5628552111],[595795.94377764245,5458264.6310067438],[595783.93081052206,5458244.6256452342],[595772.83194005082,5458223.6849208772],[595762.92136581044,5458204.6663723076],[595752.87518642575,5458183.586487351],[595742.88794081484,5458162.6662773546],[595732.84172700974,5458141.5853816746],[595720.9495431853,5458120.6322249724],[595709.85074556281,5458099.6924670935],[595696.88430506433,5458079.6696380824],[595682.80634854804,5458059.6282715304],[595669.96071694058,5458038.6586670801],[595656.9559989199,5458017.6859931946],[595644.84483010555,5457996.5701009622],[595631.84012416669,5457975.5974150458],[595618.95613454538,5457953.6759588895],[595603.94823334331,5457931.5598573824],[595587.82687824918,5457910.6912995866],[595570.85222601949,5457889.6496919002],[595554.95080663764,5457867.6767811105],[595538.89130110305,5457845.7007558662],[595524.83590887394,5457823.6010885946],[595510.87679211493,5457802.6119688544],[595497.89463745093,5457779.5809919909],[595483.89819452888,5457757.6409857925],[595469.80453627452,5457734.5914610224],[595456.82140419469,5457711.5605067974],[595443.9365420345,5457689.6400140682],[595431.92073821416,5457669.6346268496],[595419.88249134505,5457651.6884701271],[595403.84455402824,5457627.654183479],[595388.8496572118,5457608.5481778793],[595373.93053672789,5457592.6108736107],[595356.81079898123,5457574.5762570482],[595338.8200241212,5457554.6266067205],[595320.83025574009,5457534.6769057037],[595301.80461221479,5457516.6093703508],[595294.88574848871,5457511.5802688282],[595274.86166314397,5457497.6127747679],[595260.87969424436,5457490.5606168061],[595242.81481216534,5457480.5879615173],[595221.81482901622,5457468.6632628925],[595197.85919792939,5457455.5786688989],[595175.86890272738,5457454.5644346811],[595069.5549308327,5457358.337155778],[594952.87764060008,5457301.6834837561],[594954.81992004218,5457277.6446666196],[594954.9483053931,5457271.6285330607],[594955.94532646227,5457255.6507187141],[594955.95917898219,5457233.6372251324],[594955.81398344296,5457211.6216608593],[594956.90001292503,5457188.675903759],[594955.82485606009,5457164.5856068162],[594953.81878767023,5457139.6866313843],[594950.83766823437,5457115.562414526],[594945.82900798379,5457093.6211063005],[594941.81114144693,5457072.6471041963],[594935.84998157481,5457050.6883104136],[594928.83815142338,5457027.6035593469],[594920.81203388562,5457005.609782679],[594904.94140166545,5456959.5670261327],[594896.83863165474,5456935.6715554455],[594887.88257284788,5456911.6030279156],[594879.81818567135,5456888.6593820378],[594869.88617755868,5456866.632661948],[594859.83445672109,5456845.5546664614],[594849.86412665865,5456822.577095272],[594838.94034705334,5456799.5830855956],[594826.84523385752,5456777.6778998598],[594814.84829390037,5456755.6161763798],[594801.8380696486,5456734.6453859415],[594787.9137267475,5456714.6089538308],[594772.87689110171,5456694.5540181948],[594756.92498395138,5456676.699496977],[594739.84003207297,5456659.6186292805],[594723.86658787739,5456642.556297617],[594707.80881143943,5456628.6596783176],[594684.90799478686,5456611.6365942778],[594670.88699155534,5456603.6354992399],[594662.85574582627,5456598.5878118463],[594642.82912865374,5456584.6232013078],[594624.92735128675,5456569.5871882588],[594619.84918931895,5456552.5535909496],[594618.84258592559,5456548.5771700935],[594617.87759276922,5456528.6064641075],[594613.85682539863,5456507.6324564666],[594606.85794164462,5456487.5567882508],[594602.87799798883,5456480.6784464791],[594564.923728219,5456440.5922369789],[594552.95758526016,5456424.5496625165],[594540.9530752257,5456407.5552409366],[594528.9092875385,5456389.6110147219],[594515.95138176857,5456372.6011490896],[594486.90420618479,5456335.6773697175],[594470.87477867946,5456314.6560778385],[594436.86602620524,5456276.6970446585],[594417.95676282956,5456257.6845593937],[594400.85415636306,5456237.5945405522],[594382.88054695353,5456215.5894532399],[594345.92011250579,5456172.6711954568],[594326.91169032839,5456152.5492300708],[594306.93405803374,5456130.6677255053],[594286.93392772402,5456109.579460578],[594266.87392222625,5456089.5975661138],[594227.9253179169,5456048.5459214384],[594208.93755370914,5456027.6327468473],[594190.8423221733,5456006.57640485],[594151.95276337431,5455965.6853818372],[594093.87808967801,5455901.6611691806],[594073.8938743606,5455883.5819356376],[594053.81050286361,5455865.659270538],[594033.9235531796,5455848.6905565765],[594013.90108532959,5455829.6614522133],[593957.83879327052,5455773.5910336524],[593940.87105554447,5455755.5642688246],[593924.81740236678,5455736.602132705],[593908.94436802913,5455715.5848242128],[593893.82637444593,5455693.6300770286],[593878.94511634426,5455673.5800464619],[593862.86801541457,5455656.677205652],[593845.95444081363,5455642.6103832778],[593807.87781351188,5455616.6225021891],[593787.86356839119,5455605.6708892835],[593768.86356904777,5455593.6272865543],[593742.92058253626,5455578.6157409288],[593718.95438851044,5455570.6061834684],[593717.71796807426,5455360.7517827898],[593699.93060830608,5455150.6032518903],[593703.83417250658,5455138.6337679848],[593704.93198599177,5455113.629711559],[593703.90764531004,5455106.6441632658],[593702.81608908495,5455087.6212004051],[593699.86752659641,5455060.6484484011],[593693.8790983432,5455035.6824997403],[593688.90494867938,5455009.6255513104],[593683.85212225665,5454981.6659664167],[593680.90356500447,5454954.6931812745],[593676.90233907464,5454926.5934871687],[593669.92321350344,5454900.661154924],[593660.83605864574,5454877.5432881014],[593650.81234537787,5454858.6851208964],[593638.80606236146,5454836.6252649426],[593632.89534021984,5454813.5619271351],[593630.85887047474,5454785.6538032107],[593629.8346782357,5454756.6547617158],[593629.92299866793,5454727.6752187377],[593629.94448257564,5454725.6159635177],[593630.92057512642,5454701.5606251229],[593630.84767302382,5454694.5915727578],[593632.87798953312,5454688.6083754357],[593640.94665574504,5454677.6598060653],[593646.8699710177,5454668.5748097962],[593647.85811552359,5454652.5959496507],[593647.93219338742,5454637.5524625955],[593645.81331248791,5454611.5439374736],[593643.91239688802,5454585.6971585238],[593641.95260144165,5454559.6916837972],[593639.89356728061,5454532.5757375564],[593639.86006665893,5454504.5429564379],[593638.93310422543,5454476.6543682208],[593637.94622000644,5454448.6061264984],[593636.95937857497,5454420.5588751212],[593634.95922299405,5454393.6015724549],[593632.92079096218,5454365.6943959985],[593632.9031247074,5454340.671732639],[593633.837882819,5454315.6655465551],[593633.82021418819,5454290.6428680243],[593631.83685138309,5454266.6946569541],[593627.86628214072,5454244.6141356379],[593621.89170209086,5454222.6572176218],[593615.83572122967,5454202.599917518],[593616.92856366513,5454177.5968004437],[593616.85561361269,5454170.6267045895],[593607.86277587491,5454148.6193339759],[593593.89267424634,5454122.5675046491],[593586.82244017057,5454103.6011862233],[593586.8037790606,5454078.5784901232],[593586.88896027952,5454071.6124959514],[593576.84174063429,5454053.5454699919],[593556.85852014704,5454048.6130871559],[593549.81268309918,5454049.6020043576],[593529.85758278612,5454059.5574954897],[593509.83789467311,5454075.6877927585],[593507.85164473171,5454077.5544469142],[593498.87748018792,5454080.5697446307],[593473.89551779721,5454073.6521525523],[593456.95587734913,5454061.6455461169],[593438.9252679476,5454047.5611543925],[593422.89974243066,5454034.6201571757],[593401.85566005378,5454016.6839509606],[593382.81284473557,5454003.6914588688],[593367.83417720394,5453995.6777690519],[593364.85619056434,5453996.577108643],[593203.92807699309,5453929.069410637],[592968.90805105364,5453834.6770053469],[592951.83009235328,5453820.6109807007],[592946.88646594121,5453822.5857702065],[592902.88574619498,5453796.7337241862],[592847.84284037841,5453776.5724083595],[592845.85943015222,5453774.6387683218],[592827.91055325512,5453758.657590325],[592808.94461387675,5453747.5686883712],[592789.84020720492,5453735.6855324982],[592770.95474541315,5453722.698033873],[592752.90292949928,5453710.6747399569],[592735.80353562627,5453698.6679356294],[592712.89236165641,5453681.6534430655],[592686.81889129896,5453672.6628498249],[592664.8675293054,5453672.6099884799],[592640.81303338206,5453671.5722339367],[592616.85772128706,5453671.6439457349],[592593.91468396969,5453670.6247409759],[592590.8974428596,5453670.5742275426],[592571.80428724072,5453670.5697851544],[592550.92512373615,5453669.5856289994],[592529.92718222318,5453669.5491828136],[592509.8030460414,5453667.6275736494],[592489.82019754138,5453662.6989248972],[592462.95348037279,5453653.6958313845],[592436.94096027443,5453643.5987097127],[592413.9624829425,5453636.5622464465],[592408.94129319594,5453636.636307152],[592243.18994800001,5453560.6913418006],[592015.91424941528,5453507.6375574572],[592008.9023898422,5453487.5657203188],[592001.8512766225,5453466.5440494958],[591991.84281139832,5453445.6304852627],[591980.88198257866,5453424.7014121423],[591968.94812993938,5453404.54701267],[591953.87641419284,5453386.5589284021],[591937.83072978584,5453370.6126154056],[591902.81753281422,5453343.5812498415],[591885.87653229642,5453331.5793582816],[591868.8952407313,5453318.6266758172],[591850.86337085254,5453304.5479633417],[591813.80983332079,5453271.6229348518],[591795.84074014111,5453252.6365008568],[591776.91824858007,5453233.6335984431],[591755.9496825817,5453217.6057220697],[591733.80981024785,5453202.6666716915],[591712.8806017969,5453187.5906119505],[591693.81683408434,5453171.5947266053],[591659.86112374486,5453135.5554903923],[591644.86901742721,5453115.6687606797],[591629.91901887977,5453091.6644975925],[591615.82322078513,5453066.5662097083],[591599.88062549569,5453041.5966336885],[591584.8520607237,5453015.6906798277],[591574.95868512394,5452997.630610209],[591552.83602102264,5452953.5533480765],[591537.84582546609,5452928.5992409168],[591524.91944189277,5452903.6792107495],[591510.82274866162,5452878.5819029193],[591497.89637972927,5452853.6618563896],[591486.85515825788,5452829.5649611587],[591474.93822146161,5452808.6213689689],[591456.84756613011,5452790.5836383803],[591438.83641363983,5452770.6473438954],[591418.95980201429,5452751.6298606303],[591397.81272266957,5452732.5917201508],[591383.86845672748,5452717.6322245309],[591364.9255579462,5452695.6221425161],[591344.8722281832,5452673.5934287142],[591325.92930639675,5452651.582329832],[591309.80525910016,5452628.6688710805],[591292.82703046734,5452605.5833599325],[591274.9562826677,5452582.6399793401],[591253.82990477292,5452561.5445225975],[591232.88220029499,5452539.6599819241],[591204.93193099566,5452509.5823207023],[591192.95136828965,5452493.5474135624],[591154.80658436089,5452449.6816204386],[591141.87368479464,5452433.6311861519],[591122.92996042792,5452411.6220387314],[591104.93860045215,5452389.628394682],[591075.87979335361,5452350.6644708002],[591058.86239466432,5452326.6280154567],[591046.88093128894,5452310.594104548],[591034.86113681539,5452293.6083060838],[591012.90597615414,5452257.613532464],[591000.90678148181,5452238.5694608409],[590989.95914837194,5452220.6513871728],[590977.95896600932,5452201.6073491713],[590966.85230604676,5452183.6871950924],[590955.8841048379,5452166.5612996053],[590945.88784341735,5452148.6587646576],[590934.84107270278,5452129.6311769122],[590923.95234497788,5452110.6056989674],[590912.84570754552,5452092.6855221894],[590900.86430393218,5452076.6515557589],[590887.92951356096,5452060.6011153208],[590868.82590528321,5452038.589809401],[590851.84307529486,5452020.5725886291],[590835.85104125319,5452008.5900483327],[590815.82866335544,5451997.6498836698],[590797.93090043904,5451985.6353489086],[590781.83972399833,5451972.5433019111],[590772.87070134399,5451966.6936664851],[590768.92181992636,5451964.5703131724],[590750.82385457365,5451956.6702255635],[590734.94785793324,5451952.608566449],[590726.93029915611,5451950.5757002048],[590638.41710017808,5451801.5817464236],[590564.81474465784,5451665.5428423202],[590574.93998251588,5451654.6236249097],[590565.89715226809,5451631.6701263003],[590555.94026957324,5451609.6519950973],[590543.87934267079,5451586.6489484152],[590530.88667331252,5451561.5721032741],[590516.80222052662,5451535.6855073255],[590505.83223872504,5451518.5605363287],[590493.90791252034,5451502.6862091506],[590477.85701749963,5451481.6773071038],[590463.82966554933,5451463.5519360574],[590444.85992577125,5451448.6702979933],[590443.80838647776,5451447.5442804107],[590416.85861666547,5451436.6499878746],[590394.84933694045,5451427.5793536631],[590385.95901304623,5451423.6323498534],[590369.84454657754,5451417.6668871259],[590344.89968874515,5451406.6479840893],[590322.85114503722,5451396.6264800839],[590319.95379748335,5451395.6281166747],[590295.84150075994,5451385.5724942265],[590280.83846957632,5451379.6256045569],[590272.93982449919,5451376.6459564669],[590248.88654460304,5451370.5512520624],[590247.83503877057,5451370.6923108511],[590225.8641590086,5451367.6398392692],[590203.91300190194,5451367.5974448025],[590202.96066123969,5451367.5819240808],[590183.92548404133,5451371.546018458],[590156.87109714781,5451383.6149006234],[590138.94640424184,5451392.6649342822],[590119.81113989477,5451400.5868678261],[590098.85170831031,5451406.5791259883],[590076.89861487062,5451411.6040938487],[590055.93818132626,5451417.5963819828],[590035.91047744663,5451425.662418006],[590016.89499781351,5451432.636543748],[590007.92332695948,5451435.6574782226],[589982.83441083471,5451441.5825475818],[589962.88711761509,5451442.6816271208],[589942.90156292298,5451441.5637322692],[589934.80461732985,5451437.6311321789],[589930.81650962681,5451434.5568837756],[589915.89397552644,5451421.6439964939],[589899.96023492946,5451408.5568858255],[589896.8449172941,5451403.5965064727],[589897.9376678582,5451400.6059803069],[589907.86267489719,5451397.600538196],[589930.8054018172,5451398.608390999],[589957.93648928218,5451398.5760074733],[589981.83255773038,5451399.5993255638],[589989.87155311322,5451399.5719495406],[590001.93983940501,5451394.7020328427],[590008.80940585351,5451385.6287719151],[590010.83477976813,5451379.6436845483],[590020.84213233518,5451364.6038837656],[590024.83311235742,5451357.5433685482],[590045.85333746998,5451346.6424167352],[590051.94830608857,5451340.5658216756],[590049.82559767622,5451336.571771455],[590023.94620025589,5451328.5474154009],[589999.95292005583,5451322.6132874675],[589974.82756099198,5451313.651516255],[589949.86224041553,5451304.6917663291],[589925.90815518156,5451294.6401477288],[589900.84374481568,5451284.5718806116],[589877.8037324599,5451273.5848778747],[589854.92185016745,5451262.6019841554],[589833.94560627709,5451251.649090156],[589811.91788501013,5451239.5711630974],[589790.94169751112,5451228.6192564163],[589768.85310321697,5451217.6487885369],[589747.91720242007,5451207.6476763096],[589726.86050841026,5451198.5943791205],[589706.9162323121,5451189.5596321123],[589687.86440849456,5451181.6478354894],[589659.92049259588,5451173.592275586],[589631.91769050783,5451166.6440913361],[589623.91899611207,5451167.6222417699],[589551.97078253748,5451136.3549894411],[589457.9071144145,5451110.6063801702],[589441.91166944883,5451098.627668147],[589417.95785744058,5451088.5788904754],[589396.90135384852,5451084.5948281568],[589389.93453901529,5451083.6899014134],[589369.88829645526,5451083.6813447354],[589340.85180589859,5451083.6855240585],[589315.86427408806,5451085.6565054217],[589295.8760139381,5451094.676234195],[589297.89462730824,5451121.6305537764],[589302.95094839146,5451146.576210713],[589305.86398155265,5451169.5860673925],[589306.81144897081,5451193.6723262556],[589245.97310120484,5451232.1372061474],[589179.88748313522,5451285.6863652514],[589155.83259248431,5451284.6637314428],[589133.88167900441,5451284.6250370285],[589112.84283740481,5451283.6510655005],[589089.91900224681,5451285.6560983704],[589065.92306410498,5451288.5943632219],[589040.91389124014,5451292.6245542113],[589013.82232956716,5451293.6114703249],[588985.87665443856,5451295.6943842778],[588965.87072820461,5451296.6385168163],[588938.8174807278,5451298.5772973746],[588883.89910406386,5451300.7003234709],[588842.93392052595,5451302.5730358101],[588822.82887272397,5451303.6747071901],[588802.8612165805,5451305.5696878815],[588782.83469891036,5451308.5730435979],[588727.81622557936,5451314.6548035536],[588703.93914210633,5451316.6462221947],[588681.86855696957,5451317.5581692895],[588658.80535166885,5451322.5710683996],[588634.94586736732,5451332.6389265703],[588608.86363671324,5451342.6715433095],[588584.94527441054,5451352.5806858269],[588559.81636854832,5451362.6287782229],[588535.93829007668,5451369.6884809313],[588530.89680086542,5451370.5575131811],[588510.80940736621,5451374.6692568418],[588483.89566426014,5451378.671169553],[588456.84353223548,5451380.6127280444],[588404.94036524207,5451386.5893649701],[588380.8846277371,5451390.6378244292],[588359.88519166887,5451395.6857843855],[588343.80434889859,5451409.6801316161],[588323.9121986418,5451428.6816742802],[588304.81534069753,5451442.6282970374],[588285.85794773931,5451453.5689206608],[588267.95300980448,5451465.6345350556],[588258.91948019573,5451473.5659747012],[588249.94685532642,5451481.657020269],[588230.86967191566,5451493.5463900967],[588212.82529594528,5451503.5506860875],[588199.91952622007,5451522.6650488414],[588185.88168366067,5451542.5519739864],[588168.82682698825,5451563.6582891205],[588150.89713939466,5451586.6507770894],[588132.84866232309,5451610.591975241],[588116.94440780208,5451632.6667222027],[588099.82865136594,5451653.6143839918],[588082.8130053021,5451675.6714851512],[588070.81926718482,5451692.5834566755],[588058.88538897806,5451709.6540734563],[588045.90004449314,5451725.5996430442],[588032.85478132335,5451742.652622167],[588018.85621765733,5451759.6910894886],[588005.91011272441,5451776.5874804892],[587991.91153757321,5451793.6259337477],[587979.8784642457,5451809.5860199798],[587966.83221920102,5451826.640008687],[587954.83843408478,5451843.5519224731],[587942.9437632896,5451861.573321024],[587920.81952880276,5451899.5447214618],[587894.80544306384,5451935.5533027146],[587880.84607056389,5451953.5425320072],[587865.89409780107,5451970.5654082652],[587849.95056598983,5451986.6228877092],[587834.95932770427,5452002.694910869],[587818.91666619887,5452017.6428865371],[587787.88270009379,5452048.6618570518],[587784.84501547285,5452050.6724155471],[587754.82332988421,5452080.6004968612],[587737.88716230856,5452095.6915781796],[587720.91179116664,5452108.5657546557],[587702.88490047224,5452121.5809446378],[587684.81879654014,5452133.6462908546],[587665.83959450386,5452146.6469126595],[587646.82013833232,5452158.6967343269],[587627.86055376974,5452169.6381401736],[587619.84127263143,5452172.6782913934],[587588.87449472467,5452183.5885031214],[587565.84849526267,5452189.556885655],[587220.57808742544,5452176.0442355452],[586954.8951233339,5452162.619191207],[586942.86939833069,5452159.5788318617],[586919.9261999852,5452158.5831099041],[586896.88500996248,5452152.6776798079],[586873.92326239427,5452148.67286909],[586852.86715770047,5452144.6981353229],[586840.91996776348,5452143.5604297174],[586831.92882345454,5452143.5768996412],[586818.86919143773,5452143.6876485422],[586794.81367301149,5452142.6752903815],[586783.81878459966,5452141.5521404939],[586761.92708918604,5452141.6824226193],[586738.88270399859,5452144.645477647],[586717.86375188932,5452146.6898576766],[586691.82304226106,5452147.5469261836],[586667.94615222444,5452149.5466391239],[586646.86631255725,5452152.6994480379],[586623.90140101092,5452157.5640918212],[586599.80454349134,5452160.6691515036],[586570.80672400061,5452161.6380928364],[586548.89544911729,5452162.5614525415],[586527.91477893176,5452165.5576559724],[586503.89739285258,5452170.5643084086],[586478.8482771219,5452173.6557602063],[586456.91526220471,5452176.6363749914],[586436.88792872743,5452179.6480767494],[586410.94640505919,5452181.6165323509],[586386.87128388323,5452182.6642406788],[586362.91387099703,5452186.5644414295],[586349.89352261473,5452187.6269429279],[586323.93034235528,5452191.6546487883],[586296.9352522511,5452197.5663170293],[586273.81030071864,5452203.696865526],[586249.83222100849,5452209.6562642865],[586228.89081768156,5452213.6042133179],[586205.86503265821,5452219.5781680308],[586184.84402264457,5452226.6926987311],[586182.81858302653,5452227.6113501554],[586166.95886367105,5452231.6392140826],[586140.91609934752,5452237.5663925046],[586117.93168386794,5452240.6909008622],[586094.88736306282,5452243.6557508549],[586072.93375336996,5452248.6974820988],[586062.94901793578,5452251.5507021174],[586037.95549383527,5452263.6701984163],[586016.85289573472,5452272.6843007198],[585996.88337904715,5452279.6577740889],[585976.87458498217,5452285.6794098206],[585958.83037287358,5452290.6237875177],[585934.8523023756,5452296.5840733051],[585911.82337957108,5452307.6272650473],[585886.86913954664,5452320.6995274918],[585866.9171232261,5452330.6820648806],[585856.87243038497,5452334.6426528124],[585835.81002820504,5452344.6074781027],[585813.95340239874,5452354.5608436922],[585793.82162086503,5452366.5995034343],[585773.80968323268,5452377.6904064855],[585752.88782908954,5452384.6492221886],[585726.89746421808,5452404.673743166],[585716.90949875547,5452412.5942379795],[585715.81667423353,5452415.5866361624],[585594.76045535342,5452490.7605318232],[585458.95264525875,5452603.688998213],[585448.85022456676,5452603.6906335624],[585434.89733373572,5452602.6822002986],[585412.86534172925,5452604.5579965776],[585393.82737531897,5452613.6060656905],[585372.9013031387,5452625.6340982486],[585350.82462137879,5452636.6936302967],[585331.8073708032,5452643.6834571064],[585299.92254367156,5452660.6102387924],[585287.41440334008,5452667.7009662716],[585274.84739906783,5452674.6329963002],[585269.94007240015,5452682.6334349355],[585270.86726369336,5452693.5747235026],[585252.57972729951,5452717.7654875545],[585229.89218975569,5452746.6252226857],[585216.84801995684,5452753.549984674],[585202.92665546772,5452768.6951541342],[585187.90829269029,5452790.6339919288],[585172.85165455157,5452811.620952094],[585159.86198079679,5452827.5738584083],[585145.87748996832,5452847.6276463354],[585132.84629398026,5452867.6959682461],[585127.81912648864,5452876.6451145811],[585117.94230996515,5452897.5545228077],[585104.92862989299,5452920.6329041719],[585092.92720258445,5452942.6184726125],[585085.8538238632,5452954.5444276752],[585078.84034584113,5452966.6300302101],[585074.82317557419,5452979.5536027905],[585065.88235116214,5452993.6683234926],[585047.8076938726,5453014.6094368584],[585032.87308989093,5453029.5813195556],[585013.94423484895,5453051.6183399577],[584995.88807619992,5453075.5694508934],[584978.90303241857,5453098.5864437725],[584967.95518645667,5453116.6287586596],[584955.93521136511,5453135.6052147765],[584945.95818431,5453156.6721313689],[584934.92546640337,5453181.6812994769],[584925.91600884218,5453209.5720502008],[584919.82762890938,5453232.5988933835],[584912.90480261145,5453254.6634913003],[584904.85405929433,5453273.7003004821],[584902.84610576881,5453277.6289640646],[584886.81329908408,5453300.6604577536],[584883.95211229764,5453305.6839973405],[584873.85748980846,5453322.6323667634],[584866.88216530089,5453335.668745921],[584857.87809492764,5453354.6909812707],[584846.90532154252,5453378.5936837774],[584837.87954350526,5453399.6751480652],[584828.85055051348,5453424.556831385],[584820.81628863397,5453446.603687536],[584812.87693248177,5453473.5612691157],[584804.88187676866,5453496.5589246526],[584796.8073852032,5453517.6549845897],[584790.87602177029,5453540.6848918106],[584786.87097643374,5453561.6847365191],[584784.89468473033,5453576.6987365419],[584778.90340925986,5453599.5689757913],[584776.81373590126,5453606.663235466],[584767.88608883601,5453627.5881038234],[584761.95370815799,5453650.6180187324],[584760.89900383027,5453654.5602067839],[584742.94350822584,5453696.5665134815],[584743.91429035715,5453699.5901111159],[584690.99412898812,5453766.8178051291],[584633.86225849856,5453844.6996183787],[584618.85460744926,5453847.6361909695],[584595.88329421508,5453857.5763812615],[584572.85529823182,5453863.5567099694],[584549.91223973746,5453862.571221754],[584525.8360811203,5453863.6272765556],[584503.90201428439,5453866.6162224142],[584485.93723904504,5453869.6655872837],[584477.95515177946,5453873.6611950658],[584458.81487310538,5453881.6024922077],[584450.91435116669,5453883.6975164618],[584430.80429470097,5453888.6151687959],[584406.90467134258,5453892.6833089236],[584382.9276873034,5453893.5827531721],[584361.92951195338,5453893.578170131],[584336.87828341872,5453896.6778381746],[584313.9112782157,5453901.5516639873],[584292.92956001556,5453904.5561436266],[584270.9346034585,5453908.6544356802],[584261.94348443253,5453908.6745704962],[584250.90619569493,5453911.6734583424],[584226.92921153596,5453912.5728530111],[584217.91637818504,5453914.6522096321],[584195.84075602249,5453920.6490134625],[584161.89966315927,5453923.6140962457],[584140.81560295459,5453930.5772921452],[584118.89374398533,5453941.644461914],[584114.94185551431,5453944.592052944],[584105.84839656774,5453948.570927876],[584093.87523440155,5453954.564267721],[584045.90415588417,5453976.6359830322],[583849.09007504315,5453821.0003653588],[583670.88824575231,5453702.6611480936],[583675.87514628563,5453696.561529303],[583677.91483772721,5453676.6390375607],[583674.86076703644,5453648.562066583],[583674.81836903852,5453625.5992650548],[583675.87407685688,5453621.6560567021],[583677.81470378081,5453600.6240838859],[583677.94977069984,5453580.6723578935],[583674.83810834272,5453548.6365378778],[583667.8269105698,5453528.5764334472],[583653.84918706072,5453507.6188797057],[583645.88568862143,5453487.544159513],[583634.88672954298,5453465.681595997],[583621.8199043565,5453447.5889863409],[583604.82190592855,5453431.6527915541],[583601.92582387174,5453430.6591589414],[583579.83297264588,5453433.648787614],[583511.28490879585,5453338.9596481947],[583443.8329516513,5453242.663134044],[583447.8272876218,5453235.5971136317],[583448.89428341296,5453212.6509901192],[583447.90947853366,5453201.5510545606],[583440.85485144774,5453185.6083440911],[583424.85179798678,5453165.570242662],[583412.84954283107,5453156.6789868064],[583394.81775170635,5453142.628692111],[583376.80339120619,5453131.5874523073],[583360.85267833516,5453120.5775113069],[583356.92490933137,5453117.6676680781],[583344.90296777745,5453109.5675228843],[583326.94752385828,5453098.6859638114],[583321.80931963027,5453094.648954086],[583319.9254931414,5453092.5615367871],[583301.87195566483,5453080.5694586961],[583283.89910362207,5453066.6788260741],[583260.86645814218,5453050.6528098853],[583240.88664232276,5453040.6917398283],[583214.89369175374,5453028.5797169516],[583190.92286682525,5453020.616394585],[583167.88693228737,5453009.6586120296],[583142.92698956572,5452995.662624185],[583121.89580689732,5452984.5764414072],[583098.8391524083,5452975.677838617],[583078.89753521734,5452966.6665875325],[583053.81545400247,5452958.6875233855],[583027.81927659374,5452951.6447018282],[583006.92204229324,5452947.6870865757],[582985.90497190645,5452944.6781973187],[582965.88039812958,5452942.6346909823],[582955.89803948696,5452941.6922616409],[582932.81638395635,5452938.6530880732],[582917.85493342427,5452933.6767032854],[582902.93168242171,5452929.651178278],[582878.88032718713,5452923.5883111302],[582856.8534171012,5452916.6059335666],[582835.93884420558,5452909.6402086765],[582823.87350134843,5452905.6584681645],[582802.87828835112,5452900.5922851367],[582784.85738471791,5452899.6874340232],[582762.92628243763,5452897.6157339988],[582738.87160451734,5452896.6210913183],[582723.84697447938,5452896.5542849703],[582702.84837998718,5452896.555342352],[582679.84509584878,5452896.6857679533],[582657.95419135783,5452895.5648145601],[582633.83957512421,5452895.6785217896],[582630.82264417131,5452895.632626595],[582628.93448868603,5452898.6135002067],[582277.05155808036,5452943.4415728869],[581834.85556021123,5453018.6725419648],[581809.85122535494,5453012.5997753125],[581782.86401947809,5453004.5981125394],[581759.92432533228,5452998.5566315968],[581736.92363735929,5452993.6225656737],[581735.81234714866,5452993.6068472425],[581699.85521802027,5452983.5718202284],[581676.89372111449,5452979.5885536987],[581651.84686377912,5452977.6341700852],[581626.95900004555,5452975.6808693325],[581603.86034039373,5452969.6382529438],[581573.85633792786,5452961.5925835073],[581554.84668124269,5452954.659793566],[581532.9425121831,5452941.6671273084],[581510.81794903509,5452933.5798756378],[581487.82081588847,5452923.5794867771],[581467.81874732615,5452915.6822705464],[581447.95604154817,5452908.5792614808],[581423.82681075891,5452900.6213265695],[581401.91925062996,5452892.696873093],[581399.85566545813,5452892.6665183045],[581381.93322670332,5452891.6098256018],[581361.88719895924,5452891.6301514311],[581341.93787490495,5452896.5611188086],[581333.91677851777,5452899.609622201],[581318.86805366841,5452906.6719887489],[581298.89694101072,5452913.6621809537],[581276.88054330414,5452923.6300200243],[581252.9368069605,5452935.6288636271],[581232.94385494036,5452944.6772712581],[581208.80538362265,5452950.6559422771],[581182.95957015117,5452957.5592862777],[581157.94952404848,5452961.6247636788],[581128.83114311856,5452963.5714021586],[581120.83191025024,5452964.5626422362],[581098.85604127916,5452971.6811056631],[581084.84142805426,5452975.592438559],[581064.83115629235,5452981.6327423127],[581059.84875973582,5452982.6679323753],[581038.88618780894,5452988.6935921507],[581024.8497360578,5452994.6631472399],[581001.90092187456,5453002.5601040823],[580994.8331025237,5453005.6231579371],[580810.0958413746,5453063.3265927136],[580613.84397212556,5453116.5857714945],[580590.9011171785,5453115.6171913994],[580565.93280330941,5453115.5680839382],[580547.91134351876,5453114.6717533385],[580543.822339045,5453115.5618534433],[580525.89748994296,5453119.5751439529],[580501.85713879089,5453126.6670721313],[580489.92443278129,5453133.6186585035],[580467.81043414702,5453138.6796324383],[580444.95969710988,5453147.6889020316],[580432.81046883238,5453150.678573369],[580425.8245334411,5453150.5769637497],[580400.93346894823,5453153.6974936649],[580358.85545022716,5453155.6168942321],[580341.86457607232,5453156.6357856104],[580338.80857090536,5453155.6409869697],[580314.8327605183,5453156.5582108516],[580306.91326106631,5453155.650871125],[580302.88414690131,5453156.7006091718],[580295.85904806654,5453155.6481753197],[580263.80470621446,5453155.6559485346],[580242.81795875786,5453167.5437449394],[580223.83477244608,5453180.5692909304],[580201.91449292051,5453191.6523502851],[580190.95591204357,5453196.5603003688],[580172.95275596366,5453198.6728755198],[580159.81214130216,5453200.6990395449],[580155.8028850574,5453199.6906299293],[580151.87295276287,5453200.5838002805],[580127.8570180689,5453200.5511947423],[580105.86646393535,5453199.5971173095],[580090.94021381543,5453200.6472977661],[580070.89437424159,5453200.6722757658],[580046.83932452765,5453199.6898333058],[580008.91042195004,5453199.6135960389],[579986.91991742933,5453198.6604849491],[579966.87412534119,5453198.6864359239],[579957.94352467952,5453197.6067152396],[579935.85401357245,5453195.544126153],[579911.95800724567,5453194.5637364546],[579896.89458928129,5453193.5535608623],[579853.86593710259,5453191.6629210524],[579848.88356661622,5453192.6990256524],[579843.92306029191,5453191.6769055668],[579785.94748029765,5453191.6285174517],[579763.95703255641,5453190.6763437558],[579741.84671009635,5453190.6728807986],[579714.89838605723,5453183.6323941741],[579707.83414199541,5453181.6290971385],[579682.8660648762,5453181.5847012615],[579657.96042230015,5453176.6317777084],[579633.86633180536,5453174.7003974495],[579620.82590410544,5453176.5698681036],[579596.84211335983,5453187.62533936],[579580.84378424962,5453189.6114826621],[579564.92517889931,5453189.6981386542],[579550.89238455566,5453190.6041736258],[579528.95843192341,5453193.6127784466],[579507.9385744168,5453195.6841782136],[579480.88513053022,5453197.6695325673],[579473.85909463512,5453196.6180693153],[579433.82411355618,5453200.6325445231],[579406.80982425134,5453203.5686830003],[579387.87442827527,5453203.6122794049],[579384.85763558059,5453203.5692558466],[579362.88456930406,5453205.6280008946],[579336.82253275684,5453208.5777717233],[579316.95315822726,5453211.6166811949],[579307.84270420461,5453212.5939696692],[579283.92502217798,5453213.675607699],[579271.91765709943,5453213.661149241],[579248.89333592588,5453214.5967394197],[579224.8567275753,5453216.6260306798],[579202.80292987335,5453220.5842536362],[579180.82990490086,5453222.6439449424],[579176.86085936555,5453222.5872533927],[579152.86340143683,5453225.567331464],[579137.81374874443,5453232.6352461968],[579126.93498394731,5453235.6465504151],[579104.8994893739,5453242.6147287255],[579085.91893735388,5453250.5767880799],[579078.89028623211,5453254.5924512865],[579056.83290023368,5453263.6188317472],[579050.9364645374,5453265.593072881],[579029.84959020792,5453277.6420892384],[579013.94327396795,5453289.6079553142],[578969.88587918901,5453311.6204494117],[578947.88492394832,5453324.6076218002],[578933.82768423145,5453332.6409100071],[578913.83385244932,5453341.6976569146],[578894.93156133266,5453351.5612692861],[578881.8093077814,5453356.5991835352],[578874.89957150887,5453359.6671511494],[578851.93271182477,5453364.5644017383],[578829.83980956138,5453367.5736934328],[578825.80972215766,5453368.6243902817],[578803.85859668185,5453368.626747516],[578780.91511621815,5453367.6656688945],[578760.92953977326,5453366.5879367832],[578756.88219710346,5453364.6296071624],[578735.84782340808,5453358.6276084632],[578708.83875748771,5453352.6991987191],[578685.81914175104,5453348.5693742996],[578665.85336423968,5453346.7015060047],[578655.85068624944,5453346.5576824881],[578637.88956070831,5453344.5595410867],[578634.81272493792,5453345.6238513822],[578612.91805111361,5453349.5869858302],[578592.88873873791,5453352.6266403953],[578591.93648495863,5453352.6129731406],[578584.88964679604,5453353.6216017716],[578561.88368222909,5453357.5689565232],[578548.88035064202,5453361.6591430064],[578527.91702576878,5453367.6940896399],[578506.85470833071,5453372.619569758],[578486.84367622063,5453378.6691715568],[578462.9408396848,5453386.5626960592],[578438.92161140405,5453391.6047469676],[578434.89156387572,5453392.6564219007],[578413.83023559721,5453397.5818298915],[578389.82824454212,5453405.6328830477],[578378.94948670547,5453408.6450673826],[578357.86629437096,5453415.6296696458],[578350.95658313995,5453418.6985840173],[578329.87705249921,5453420.6159906927],[578308.95189131272,5453427.6027181912],[578288.84284846461,5453432.5427579926],[578261.80685190996,5453437.5426795408],[578236.95428979327,5453441.623323312],[578209.90005707636,5453443.6142520485],[578183.91901380185,5453444.6710914467],[578174.92752188852,5453444.701572137],[578136.84020633716,5453444.6363011366],[578116.8364999583,5453440.5514294831],[578092.8454028992,5453434.668844481],[578066.81436392642,5453421.6314998167],[578046.89246724255,5453415.6480524996],[578021.92742675543,5453410.5439688182],[578003.88913116942,5453406.6460264679],[577991.88089750917,5453406.634408134],[577977.92906312074,5453405.6456317846],[577934.81938295509,5453405.6684767269],[577912.92850723211,5453404.5672190096],[577886.90839264693,5453404.6741548451],[577862.93106749002,5453405.6016863305],[577853.95784768718,5453408.6421027752],[577831.92146612331,5453415.6149212858],[577819.93145318865,5453418.6122480417],[577795.81335254409,5453422.5476307366],[577728.86459524324,5453425.5611251462],[577724.8564596537,5453424.5545522496],[577660.90728240181,5453424.6020625224],[577648.83904101036,5453425.6987500982],[577639.92587020318,5453427.6317798747],[577628.84901505325,5453429.6929485993],[577616.91909624939,5453431.5838822527],[577594.82639516867,5453434.5978084784],[577573.8449803954,5453437.6275067972],[577569.81592344923,5453438.679090674],[577551.91135521128,5453440.6445186744],[577539.94230203645,5453441.5846345853],[577518.90454354789,5453440.6544996109],[577496.81560029974,5453438.6022199541],[577482.92011877149,5453441.5731727723],[577458.84373515029,5453442.6601296104],[577434.80743781757,5453444.6968407389],[577409.8989197131,5453443.5553833544],[577401.89986448362,5453444.5512177479],[577379.90894799028,5453443.6094061853],[577351.82443740405,5453443.6897395281],[577331.83812998782,5453442.6166832317],[577310.83959765546,5453442.6392965484],[577285.83189709124,5453441.6543533364],[577261.81662095501,5453441.6348468969],[577241.83036157221,5453440.5627674432],[577218.9263307217,5453440.558031586],[577197.86774133903,5453441.6879724991],[577177.89868213213,5453443.6248872438],[577149.91341486434,5453443.5495940633],[577126.84665648744,5453448.610903129],[577116.92120734032,5453451.6385419378],[577110.88671913336,5453451.5543588838],[577088.91400685557,5453453.6214316105],[577063.9245924626,5453455.6473824838],[577041.90922835749,5453460.5647974694],[577017.89025388111,5453465.6133845653],[577005.89930972515,5453468.6126205819],[576984.83723407239,5453473.5446606409],[576961.80958951777,5453479.5567196533],[576941.93953589001,5453482.6040269956],[576920.89464270044,5453490.545054906],[576918.92911808973,5453491.6260786029],[576899.9095893451,5453498.6447287295],[576826.87056375353,5453497.6254145466],[576782.85832975782,5453484.6602789955],[576693.91744518233,5453437.6554225944],[576575.86000148603,5453334.6657104706],[576525.87232444319,5453267.6192749497],[576535.82598902762,5453253.6641978733],[576545.95963225118,5453237.6530527882],[576555.86076573841,5453214.6709655942],[576561.86161502323,5453203.6691079028],[576584.92114056239,5453181.6614400018],[576601.80438011372,5453162.5774543872],[576615.92887866357,5453144.5628904514],[576629.89433764445,5453126.5462182639],[576643.93958089722,5453106.6300673913],[576659.93042979192,5453087.6920099752],[576674.92631883326,5453071.5896209357],[576692.86072739912,5453053.6287352704],[576712.86237357603,5453030.6291271765],[576717.87186070869,5453018.6637284979],[576719.82925733086,5453000.6381976018],[576725.89647746796,5452979.6615969623],[576738.89322079683,5452953.5550776664],[576745.8745509549,5452931.641298078],[576749.83281402104,5452918.5527280401],[576749.89546099224,5452913.6452245107],[576750.9205451567,5452893.5478485115],[576747.95634698169,5452871.6537740519],[576938.9651549533,5452787.3077619141],[577150.83240396075,5452662.5513716135],[577173.89247252664,5452667.6243679076],[577184.80646286928,5452670.6283506025],[577210.94331433985,5452674.6360737709],[577232.87395942281,5452676.6852751775],[577256.80928046862,5452678.6052368367],[577280.82533251436,5452678.6246639062],[577302.87765622325,5452674.6589969797],[577309.88526148663,5452672.6986557525],[577329.89871233632,5452661.5781129701],[577348.87693471659,5452653.6095203254],[577367.85891629569,5452640.5746973893],[577379.83052809781,5452634.5663986253],[577391.94300826045,5452625.5521979937],[577400.95678920695,5452619.6614939468],[577412.83568494418,5452603.6763330651],[577429.85754021397,5452581.5871669883],[577439.95156274689,5452559.5588603877],[577445.85585970629,5452543.6481869081],[577448.94327985554,5452523.5801839735],[577452.86554268003,5452500.6734082252],[577454.80259518581,5452479.6397993127],[577455.94444145332,5452458.5946909236],[577455.89503143716,5452440.6993164634],[577455.91595491848,5452438.6411276925],[577456.93885396223,5452418.5436834646],[577456.94311579189,5452409.6763628433],[577457.84339980048,5452395.594826526],[577457.95477934578,5452372.6353822993],[577456.85586629878,5452348.5496814987],[577453.80695867783,5452333.621242078],[577445.9366045791,5452314.6667053103],[577433.83754096029,5452299.610977916],[577419.91553383274,5452277.5622329423],[577416.8414892396,5452273.560308977],[577400.8495500884,5452261.6165496884],[577379.9574031377,5452247.5461366186],[577362.81515937566,5452234.6377692949],[577343.86659163621,5452221.5445236834],[577324.85901410785,5452209.5596037628],[577300.88913927262,5452196.5544855772],[577280.90741201199,5452186.6141100796],[577274.95378463308,5452184.6304150829],[577249.85177260684,5452173.6686936496],[577228.87622275855,5452166.5659807576],[577224.94792985776,5452163.6598822707],[577203.91505474877,5452152.5973291406],[577182.94103121129,5452141.693468526],[577163.92825508001,5452138.5768931136],[577140.84636015422,5452135.5611251695],[577117.80619936844,5452129.6969909463],[577103.89551859081,5452124.5927340528],[577088.813554605,5452120.5810669912],[577066.82204974606,5452119.6402553357],[577046.81522801425,5452120.6273579318],[577023.89068076469,5452122.6818211088],[577012.85416940879,5452125.6947374558],[576989.80971709476,5452128.6979097351],[576975.93373220845,5452134.6798228994],[576951.95427799318,5452140.6793543771],[576940.95688967989,5452144.6430780683],[576919.87522082974,5452151.6333862441],[576794.74269347312,5452164.9174449416],[576606.86953373626,5452171.6591796074],[576583.90947914543,5452162.63037208],[576552.80896315991,5452162.673363586],[576531.86994058418,5452161.5904913116],[576512.95629920275,5452159.5862335823],[576509.82124147296,5452156.6916928058],[576499.91974488017,5452152.595929008],[576483.86372690776,5452150.6306936052],[576463.87794455746,5452149.5614509843],[576438.8307777734,5452147.6305113453],[576412.87049797724,5452146.6366903428],[576390.91926745127,5452146.6494615842],[576367.91406116169,5452150.6062609376],[576344.92702315713,5452157.5720618693],[576341.88937917713,5452159.588116915],[576317.84995689709,5452166.6978133786],[576301.89139326033,5452169.6441413499],[576293.89255154668,5452170.6418950744],[576273.88586454105,5452171.6317932885],[576250.80141491408,5452173.6869625244],[576246.83252851269,5452173.6321289446],[576222.83500446531,5452176.6254131766],[576200.90198060661,5452179.6481363373],[576180.93441142014,5452181.5888274871],[576174.86095187429,5452180.5547684161],[576154.81514747953,5452180.5938176475],[576136.8929196574,5452179.5549817085],[576120.81704348861,5452179.6498177769],[576118.91777360335,5452165.6879950752],[576112.84711155528,5452159.5867342195],[576092.92307030119,5452153.610898003],[576071.84864927537,5452146.668441439],[576049.84380118072,5452132.5879814075],[576025.93173459778,5452123.5483195651],[576013.84751584998,5452116.5726342769],[576010.89070950774,5452116.690141567],[575997.8951782604,5452105.5844192989],[575985.95801633468,5452081.6663362551],[575980.80766482453,5452060.6924076611],[575977.85447006486,5452050.675596443],[575965.87383091799,5452034.6750121405],[575960.87809962104,5452022.5705093369],[575948.82008840772,5451999.6021609735],[575928.80333097675,5451978.581302708],[575918.92627751885,5451963.5599735696],[575905.95055341965,5451951.6631009448],[575889.80192626524,5451934.6547625456],[575875.91490337113,5451918.6278384738],[575858.93582727865,5451895.5909051094],[575846.91693219787,5451873.5723342812],[575834.81985794392,5451849.6531147929],[575821.847789402,5451827.6218748456],[575809.80894808087,5451807.661437287],[575796.95680878172,5451784.6814646339],[575795.82644210989,5451781.6576877255],[575776.87471874268,5451773.6373061538],[575760.89816482936,5451773.5765263764],[575741.89930508134,5451783.6080200151],[575718.92980137898,5451798.6528211134],[575714.84101931332,5451799.5466822218],[575707.87529375055,5451798.6595438691],[575700.8305400298,5451794.60377362],[575673.82003128924,5451788.6904456681],[575653.93527865817,5451783.6663111737],[575640.83629748272,5451781.586410949],[575629.84245979413,5451776.6846507853],[575608.82918018289,5451763.5695534358],[575605.87421353476,5451758.6198746944],[575586.80610086583,5451742.6818523239],[575570.81566011894,5451725.6765677165],[575554.8434117412,5451711.6812976906],[575535.89460525929,5451698.5946372692],[575511.92357567628,5451685.5970425215],[575501.90295890998,5451678.6507648174],[575483.84532002558,5451666.6852113185],[575466.95998062531,5451653.6270378688],[575446.82081370731,5451638.624943262],[575430.86853534682,5451622.5704827327],[575410.83100696781,5451598.5435373876],[575397.8153549796,5451585.6967686517],[575376.88386123045,5451565.6159087187],[575369.82005550689,5451558.5521210609],[575356.80625574,5451540.638157363],[575344.84383586817,5451522.5803381158],[575331.85106358642,5451502.6091612941],[575328.895124804,5451497.6595040048],[575308.81410953635,5451481.5500635635],[575295.8567320999,5451472.6630740464],[575290.83740106574,5451467.6859020488],[575283.85527009075,5451453.6554094488],[575279.8133865936,5451432.6972482009],[575264.93417405325,5451410.6405600607],[575249.85602796043,5451392.6990847373],[575235.84839074546,5451377.6227417197],[575224.93719045084,5451360.6880645743],[575208.94499034004,5451343.6847373508],[575190.8276321938,5451331.5604284583],[575167.90702956822,5451319.6879279017],[575154.86892124219,5451312.7014527498],[575138.95591336745,5451297.5987144439],[575134.8486789068,5451291.68344831],[575113.87630979693,5451270.6537283687],[575097.82241610286,5451258.5579076512],[575063.93004710879,5451234.6601547254],[575043.82384681096,5451234.5443395767],[575036.95556071692,5451238.5687886886],[575021.82787787076,5451252.6146486895],[575014.95954613644,5451256.6380948192],[574995.86392778764,5451265.5629013265],[574977.93935333763,5451274.6611710237],[574957.87142978329,5451280.56431079],[574933.85531508469,5451280.5542729823],[574922.91990540689,5451279.6142156525],[574915.87528435723,5451275.5593619803],[574900.81105887797,5451274.5633458234],[574889.8583562189,5451265.5460987957],[574875.90969580284,5451250.6293829363],[574871.86074783956,5451248.6749192765],[574852.82769730198,5451247.6239971267],[574831.9099431556,5451240.6894151857],[574827.92104204837,5451237.6265688688],[574824.90443376405,5451237.5853790697],[574821.80866506719,5451235.6435792958],[574818.95108603081,5451235.604493143],[574796.86391339498,5451224.6952709071],[574792.83591190027,5451220.6815959271],[574774.81668154732,5451209.6687137978],[574755.92447974347,5451200.5447263932],[574735.96080244274,5451188.5556292413],[574724.80816790694,5451183.6536228005],[574704.86453357537,5451169.6073514055],[574686.90708661452,5451153.6869028024],[574681.94502896303,5451152.6695445236],[574659.87534049922,5451148.5694334023],[574650.90544380038,5451146.5483380221],[574630.90169894125,5451133.60842657],[574613.91748663178,5451115.6434602737],[574602.84307205759,5451112.6430899138],[574587.81798818964,5451112.5978439851],[574564.87512782589,5451111.6536452249],[574551.87437214516,5451110.6860945774],[574532.8032435308,5451103.6191107584],[574522.86003574764,5451098.5753810164],[574500.87129177747,5451092.5776741458],[574454.94547825144,5451084.6733191181],[574434.94029399497,5451080.6026342697],[574411.83931786846,5451074.589127264],[574406.95714818663,5451071.6732439222],[574400.88389572618,5451070.6410485981],[574381.85347438441,5451055.6575748399],[574377.90627981571,5451044.6782053821],[574376.93585878122,5451036.5883342372],[574368.88154592365,5451019.6946469471],[574357.82905295095,5451009.5688678753],[574345.33932730579,5450928.7941237474],[574320.92606422515,5450849.6090954496],[574320.90945275151,5450832.6656171372],[574314.95795175119,5450820.5503411889],[574311.88221140567,5450816.55034371],[574298.90499763563,5450799.5900580361],[574288.92278877576,5450793.5964569021],[574282.84955910221,5450792.5642524222],[574262.84505284962,5450779.6262565842],[574240.85792136914,5450759.6940260632],[574224.90328420361,5450743.6443412285],[574206.86414705473,5450724.5571945198],[574188.90498973674,5450708.6386621483],[574169.89369459345,5450691.5969591774],[574148.91792339331,5450670.5710623935],[574132.88413335243,5450652.6197259175],[574114.80594267719,5450632.5817109719],[574098.81130574259,5450615.5821938831],[574083.92783066002,5450598.5964943878],[574069.81849782856,5450583.6795358248],[574050.80630257446,5450566.6388295144],[574034.81164866139,5450549.6382900774],[574015.87935354526,5450530.6990520991],[574017.4701312118,5450338.2052370496],[574010.94726513023,5450163.5697217928],[574047.90508541279,5450127.6446281802],[574021.84685617487,5450049.543947177],[574000.88785757846,5450017.5915196901],[573895.87443819246,5449890.6096081901],[573874.95473934244,5449864.6761256987],[573873.84355123958,5449864.661301109],[573799.83064671489,5449817.5896053845],[573773.88931775326,5449795.5481911264],[573747.86789363739,5449776.6723574745],[573720.89465429808,5449761.5849236073],[573696.95813996973,5449759.6810809579],[573651.86466052127,5449747.6775627946],[573602.61461115372,5449677.6073920215],[573557.89730494586,5449610.5564350775],[573560.85212702735,5449582.5679750275],[573541.87600329367,5449552.5444223071],[573510.94957708404,5449517.6112229768],[573498.74508924654,5449444.062428196],[573488.94570491905,5449397.6031651422],[573511.94620349852,5449379.6995486394],[573520.85410991882,5449353.6900178893],[573521.94166636164,5449326.6259607598],[573517.93188055768,5449320.555032392],[573482.8945616798,5449274.6412328808],[573443.94327209226,5449208.5644367347],[573409.89275862835,5449139.5442437707],[573378.94014126284,5449087.6684769271],[573355.95152243739,5449056.6421352932],[573334.84615839645,5449022.6322507942],[573236.89089637715,5448895.5991685884],[573190.84987624176,5448834.6558555383],[573136.92884635821,5448777.5665097004],[573105.94124294864,5448752.6118091773],[573075.80688039341,5448731.6265502665],[573043.80835482886,5448716.6338797184],[573014.94857615011,5448709.601032801],[572987.89723317907,5448711.6184812011],[572967.95318566018,5448721.6477353582],[572661.75074585946,5448773.1702050129],[572302.9132584316,5448829.5945301289],[572296.91822507023,5448826.6657083537],[572277.88428176788,5448825.6243008077],[572259.84355709678,5448825.5463899318],[572246.8424976751,5448824.5845288197],[572224.93309317878,5448830.6312985457],[572206.85134233325,5448829.603610984],[572184.89988848963,5448829.6324153207],[572180.93032451323,5448829.5804401198],[572147.16817701829,5448820.4293989483],[572110.94333281426,5448810.6130362665],[572105.87946121325,5448799.6207287479],[572093.94856490765,5448787.588458146],[572072.88922357152,5448783.6711429395],[572034.94041714736,5448780.6415163465],[572010.90373819019,5448777.6357496409],[571987.93819448177,5448768.6267832406],[571965.94481084868,5448757.571337265],[571941.82708629011,5448747.5977420397],[571917.9253027892,5448727.6505699093],[571904.90329400683,5448718.6124375341],[571886.89759441267,5448705.551826492],[571851.95805939846,5448674.6934196483],[571811.93808130198,5448647.5693141371],[571795.89748662931,5448634.6917813653],[571786.8841717249,5448626.6574688917],[571774.95430370397,5448619.6923333406],[571753.91123152361,5448603.583404622],[571733.92025164503,5448588.5976851005],[571719.8841157757,5448575.5880197603],[571704.87487792003,5448559.5576227745],[571692.90400667163,5448551.6427047942],[571672.85607030476,5448546.6316604912],[571661.8205251277,5448544.588742068],[571641.9335593055,5448544.6469579311],[571628.81464773742,5448544.6346539259],[571605.95232874528,5448550.6725705573],[571593.94453960913,5448550.6741153114],[571570.80329572933,5448552.5914101209],[571549.9231688499,5448551.6870900979],[571537.9554884095,5448552.6404353874],[571513.82104006328,5448553.5942008393],[571492.86202057882,5448554.5893744184],[571476.86570807535,5448556.5990648009],[571455.88668881927,5448554.5852021724],[571443.8789451865,5448554.5877231956],[571419.82343858609,5448553.6429500263],[571397.87033102859,5448548.6083852239],[571385.8215971532,5448542.5928888004],[571368.8471569668,5448527.6473857649],[571349.82848504733,5448510.616097142],[571330.86983568838,5448497.543639143],[571313.89541545033,5448482.5981188128],[571297.87409740745,5448467.664298485],[571279.88667846785,5448452.5463974094],[571262.83215441031,5448435.6992395306],[571241.83031227905,5448425.6101733865],[571225.85004384536,5448416.6953476891],[571204.88827292796,5448407.557081366],[571192.85961040691,5448404.5515797054],[571170.805498373,5448394.6073406423],[571166.91490755463,5448392.6568048745],[571162.88436732546,5448388.6459821295],[571140.89039533201,5448377.5943251168],[571119.80751217494,5448365.6046440285],[571101.82210555079,5448355.5548558747],[571081.81133501709,5448342.6291697398],[571065.87111933075,5448334.6641187202],[571045.91949508805,5448320.6310557649],[571028.86626292439,5448307.5849667788],[571024.95469767158,5448302.6254334506],[571003.81085619889,5448286.6769132297],[570944.92418015527,5448233.6639068564],[570920.87914659735,5448206.5929846233],[570889.8451438183,5448175.6326290518],[570884.95952362905,5448167.6523791989],[570862.87983704905,5448144.5667372495],[570848.92196742864,5448129.6604028726],[570829.83956319408,5448108.6712545985],[570814.84781129216,5448090.5855370192],[570801.86017899041,5448073.6338016661],[570786.80930187821,5448056.6554415785],[570770.80340538418,5448034.5971836485],[570757.85584662925,5448018.5962467566],[570743.93422996893,5447999.5745947193],[570736.88330336148,5447986.6571152033],[570720.87647872639,5447964.5998753328],[570701.83424355963,5447944.5624793181],[570690.90901286749,5447922.5700931754],[570681.92802377825,5447901.5520273987],[570671.87482677936,5447877.6707515838],[570664.81819453079,5447854.6199535308],[570660.86377601081,5447843.643415601],[570649.85861494998,5447823.5495660184],[570636.80907737091,5447802.6389798559],[570624.81182665704,5447781.5835450971],[570612.93250775465,5447759.5784416366],[570602.93937076186,5447739.656990245],[570592.8683231778,5447721.6350143738],[570582.95526001521,5447703.6141890408],[570572.82220086385,5447681.6324192332],[570560.82398457476,5447660.5769920107],[570550.84995680035,5447638.5973211247],[570541.86807459744,5447617.5802196441],[570533.93916186271,5447597.6843118472],[570528.89075416257,5447584.6357617751],[570520.90489757736,5447569.6483435389],[570511.90394229477,5447550.6894178335],[570504.81327060238,5447540.6232489487],[570497.9166082493,5447522.6417182218],[570488.91566264455,5447503.6827805694],[570480.80697917496,5447484.5769285113],[570476.87356456462,5447476.6093550483],[570472.93627760268,5447463.5746536022],[570468.82475629554,5447457.6631629653],[570465.90256956138,5447448.5999679947],[570452.85113704926,5447427.6893580593],[570440.89203917095,5447407.5847220039],[570428.95172362088,5447386.687968934],[570419.83188176935,5447368.6787061905],[570397.87776014826,5447328.6525772084],[570382.86132830963,5447307.5587906456],[570366.95065247081,5447286.6119924784],[570359.86001967848,5447276.5457840553],[570358.96098364459,5447266.5573737463],[570362.80356644443,5447253.6226423047],[570363.86887724628,5447242.5513237789],[570362.8328234764,5447235.5707790311],[570350.93160384463,5447215.6248436132],[570333.8099723726,5447193.5546576399],[570320.95668386959,5447173.5969507899],[570312.84492888104,5447150.690917151],[570304.9513399112,5447126.6796089644],[570295.8266880255,5447103.6031786278],[570277.85184936167,5447082.6297330698],[570269.82912487013,5447075.5608103564],[570260.91024236509,5447063.5706452411],[570252.94734765124,5447056.6603874024],[570240.94920829753,5447040.6731008077],[570233.8604762184,5447035.6740944237],[570227.92003186827,5447026.5725892801],[570209.80820584542,5447008.6069902936],[570194.92980799219,5446989.5735072307],[570173.91581459215,5446965.5537198335],[570152.88278246589,5446943.5931296861],[570128.91134650318,5446919.6936815633],[570111.8098339712,5446900.6334641846],[570093.93713584228,5446884.5705847824],[570073.86007606168,5446867.6888792841],[570055.94643307582,5446850.6772024408],[570039.85898384859,5446835.5875416417],[570023.8285579154,5446815.5903374525],[570007.93910233548,5446797.6544066872],[569990.83660292451,5446778.593185694],[569975.93928555655,5446761.6198327169],[569957.88472519128,5446742.5468359692],[569934.9275612731,5446722.6208752757],[569912.80450989469,5446703.6553403661],[569893.84463568742,5446695.6557677062],[569870.84032240394,5446694.5728245014],[569850.95316517889,5446694.6376893008],[569791.26687675086,5446657.8114271536],[569756.93349539372,5446635.6516790511],[569757.93489013496,5446620.6205528062],[569758.8743423461,5446601.630592064],[569754.82006705669,5446594.6117164409],[569748.84254154353,5446589.6275260327],[569742.88695605891,5446587.6523372494],[569722.89995879564,5446586.6076741451],[569715.81417785573,5446586.6768206386]],[[598269.93080308056,5463250.6853009146],[598247.95316354057,5463252.6675928719],[598225.81642061309,5463254.6468182374],[598220.83173928515,5463255.6669391347],[598199.84404476988,5463258.6174830543],[598179.81981372065,5463264.593575323],[598160.88087080338,5463272.6494585732],[598142.85941554687,5463286.5812345706],[598141.91775910684,5463289.5728876805],[598142.91862864816,5463293.5502572265],[598144.83571428549,5463296.5942167128],[598150.91756788886,5463300.6619580546],[598153.81263230392,5463301.6641247068],[598157.85570387193,5463303.6366618657],[598178.9290629481,5463305.5968690356],[598188.87307927455,5463305.616877134],[598191.92724804208,5463306.6221027961],[598232.86216556118,5463310.6795948818],[598254.95091590798,5463311.5498047424],[598267.91174031771,5463311.624209973],[598275.95059553022,5463311.6093100309],[598278.80829775915,5463311.660655967],[598289.90385941404,5463304.5735703828],[598295.90363826859,5463295.6541134398],[598298.94583682611,5463293.6492751548],[598307.89151000488,5463281.6144894809],[598313.94311209721,5463268.5774956159],[598312.94223419158,5463264.6001253268],[598293.86190070224,5463252.6978218388],[598269.93080308056,5463250.6853009146]],[[598475.94691825181,5463302.6810813313],[598461.81264495477,5463303.6945879413],[598458.92851097998,5463305.7015367867],[598455.94911446737,5463306.5989540461],[598446.8697424602,5463316.5714533171],[598444.83936573984,5463325.5627691401],[598445.89918742771,5463329.699806924],[598465.90576023492,5463343.6788047673],[598473.95560198708,5463346.6739887865],[598506.85314872849,5463357.5585726211],[598518.87234273215,5463360.6245961236],[598540.93577904499,5463363.5549722556],[598562.85070032789,5463362.6810335647],[598563.86608199473,5463361.5910515096],[598578.90814804996,5463348.5576015785],[598582.88100257423,5463340.5509887515],[598582.8097715613,5463330.5719012674],[598581.84629178257,5463327.5463508433],[598563.94024998252,5463314.5541872978],[598554.87506876304,5463312.6499935696],[598531.88549089758,5463307.6438884204],[598517.89734172029,5463305.6504467782],[598496.82491331722,5463303.6892846059],[598475.94691825181,5463302.6810813313]],[[578053.84642695088,5452786.5965950899],[578045.8473916864,5452787.5915161399],[578037.92395290046,5452795.555241379],[578048.90996966499,5452810.5961313937],[578051.82507537154,5452814.5969149582],[578067.9132591252,5452827.6510911947],[578086.86290643504,5452835.6800171966],[578106.80753334565,5452839.6042045075],[578129.92433770455,5452848.6417738572],[578142.94211291522,5452852.6268360084],[578150.82126169559,5452852.5806218423],[578154.93207973777,5452849.6304225288],[578163.80875954055,5452841.6803176925],[578173.90467794356,5452819.6528699249],[578173.89011513744,5452811.5766521832],[578169.86376633984,5452807.5611028671],[578144.96037125785,5452797.5475696875],[578135.87347887957,5452792.6683913991],[578111.95980086573,5452788.6864688303],[578091.83540348709,5452785.551344784],[578078.81496338139,5452786.6334524993],[578075.91808729107,5452785.6416649427],[578053.84642695088,5452786.5965950899]]]},"properties":{"WATERBODY_POLY_ID":700091053,"WATERSHED_GROUP_ID":63,"WATERBODY_TYPE":"R","WATERBODY_KEY":328961584,"AREA_HA":3796.0326282154501,"GNIS_ID_1":39325,"GNIS_NAME_1":"Fraser River","GNIS_ID_2":null,"GNIS_NAME_2":null,"GNIS_ID_3":null,"GNIS_NAME_3":null,"BLUE_LINE_KEY":356364114,"WATERSHED_KEY":356364114,"FWA_WATERSHED_CODE":"100-000000-000000-000000-000000-000000-000000-000000-000000-000000-000000-000000-000000-000000-000000-000000-000000-000000-000000-000000-000000","LOCAL_WATERSHED_CODE":null,"WATERSHED_GROUP_CODE":"HARR","LEFT_RIGHT_TRIBUTARY":"NONE","WATERBODY_KEY_50K":null,"WATERSHED_GROUP_CODE_50K":null,"WATERBODY_KEY_GROUP_CODE_50K":null,"WATERSHED_CODE_50K":null,"FEATURE_CODE":"GA24850000","OBJECTID":931144,"GEOMETRY.AREA":0,"GEOMETRY.LEN":0,"FEATURE_AREA_SQM":37960326.316,"FEATURE_LENGTH_M":135762.1183}},{"type":"Feature","id":942259,"geometry":{"type":"Polygon","coordinates":[[[565854.81239256414,5442085.6091613006],[565860.94329278101,5442119.5682081338],[565862.93225307984,5442133.6839843271],[565864.81880004983,5442157.6167966062],[565872.8897251942,5442176.556429741],[565880.86046190513,5442195.6526603745],[565885.93918722984,5442217.5648459373],[565887.82638282888,5442230.5721372804],[565892.84691754484,5442253.59170462],[565896.93231729837,5442263.6167872148],[565900.81606945465,5442283.6144514633],[565904.92623337568,5442296.6475411681],[565909.83040451433,5442309.6902715266],[565916.89777128445,5442322.6011293894],[565923.86594580626,5442335.6685436079],[565934.81006052706,5442352.5833300045],[565941.8192412114,5442366.6015694896],[565952.83020062291,5442399.6687309677],[565959.81199410919,5442421.6045155553],[565962.93673409685,5442426.5495891599],[565963.91356021573,5442429.5704006488],[565966.81955227163,5442446.5482565202],[565971.91517235106,5442467.6693092212],[565977.90395386878,5442488.6424404392],[565981.88751624618,5442497.5570284389],[565983.87554630474,5442511.6737833135],[565986.91470558278,5442525.6437829742],[565996.87253879581,5442546.6651534047],[566000.82272041403,5442559.6961234342],[566008.95752413152,5442582.5955745466],[566012.86675037106,5442594.6767101837],[566017.88533868396,5442617.6962611061],[566020.81515581976,5442637.6831202134],[566021.83136054478,5442652.5802392522],[566023.85174268472,5442662.5796277542],[566024.92776328488,5442677.6354202237],[566025.91058393486,5442696.6489140093],[566027.90357717371,5442714.5658235364],[566027.80180063297,5442725.6489026537],[566029.88799455832,5442739.6081041088],[566030.80500566785,5442754.6617628317],[566030.82718883571,5442768.5962726306],[566031.91840621026,5442781.5939219194],[566033.88663088833,5442808.6943486948],[566035.88724324957,5442831.6784348842],[566036.82044849941,5442844.6739112735],[566037.91166669317,5442857.6715486189],[566038.91829905077,5442879.694034067],[566041.92908760905,5442901.5815233104],[566042.93572045933,5442923.6039970675],[566042.84251984977,5442927.5616900101],[566053.95036409423,5442949.5457944945],[566059.87904580205,5442971.627271289],[566059.81465015747,5442994.5866689608],[566057.92125594057,5443015.6240089554],[566055.80403683998,5443032.6993728541],[566051.83542371774,5443059.5713482006],[566048.857423382,5443072.6782976631],[566048.94799785479,5443079.6460858695],[566045.88637021056,5443089.5853293985],[566042.89816680667,5443108.5515593616],[566040.94557157042,5443130.6962912148],[566035.84472668404,5443143.6198199969],[566025.8532463765,5443164.5605300087],[566015.89681306621,5443182.6519309264],[566002.86346790718,5443200.5471973578],[565996.86183218844,5443208.5514480574],[565985.91994364373,5443218.5549177965],[565974.93804925459,5443227.6075201165],[565964.86358586373,5443246.6475984352],[565951.83782807086,5443269.6100119203],[565931.90207272349,5443290.5912210559],[565917.833706929,5443306.5740400814],[565875.87792981381,5443334.5762182167],[565855.876340435,5443351.5975948889],[565839.83717969886,5443363.5990203116],[565815.95974920585,5443376.6154414713],[565803.80106371746,5443381.6962773902],[565780.95100712555,5443391.5579230133],[565770.85634431895,5443396.6634477396],[565757.91983932757,5443399.6764781978],[565733.8768220332,5443407.6245385073],[565714.95483950758,5443416.5836136704],[565694.83985948027,5443423.6281147394],[565672.81227003981,5443425.5828709276],[565598.8615941907,5443425.6549574677],[565584.90730840026,5443424.6973586557],[565555.8117178817,5443424.6686927443],[565534.87138093973,5443423.6283309869],[565514.85928597255,5443419.5907655712],[565496.84643577912,5443411.6180694466],[565473.82303728943,5443396.6194713702],[565452.84171646612,5443394.6282694507],[565444.86069079663,5443393.5839609988],[565425.80921321327,5443394.6253029993],[565405.8629110211,5443394.5474954788],[565386.88745981012,5443393.689355325],[565364.81897376524,5443394.6952046035],[565334.94564344606,5443392.599656879],[565318.95216987072,5443394.6272696229],[565296.89989867446,5443393.5749502126],[565286.91570717178,5443392.665550258],[565272.88545153092,5443393.6083669374],[565252.85621512239,5443391.6299259951],[565243.92416287621,5443390.5737378821],[565235.92697057233,5443391.5885564694],[565225.94273777562,5443390.6781488303],[565203.91429296916,5443392.635812656],[565180.91004130023,5443391.5726434113],[565158.86533630488,5443395.5874425378],[565138.92664292105,5443400.5777226314],[565115.91173487902,5443406.6399252722],[565105.8095688232,5443406.6801977493],[565087.8102745692,5443407.5756733892],[565081.89427873387,5443406.5559987333],[565065.85885742377,5443407.6337819425],[565030.94823342247,5443407.6977346148],[565006.85580436082,5443409.6316235773],[564983.90009438992,5443414.5863679815],[564963.96043611749,5443419.577642031],[564952.93000997603,5443422.6150823422],[564939.8517814785,5443423.5696556196],[564909.88694527128,5443426.7006504834],[564887.94150995219,5443430.5608110754],[564865.83866539365,5443435.6848917548],[564843.85973565199,5443443.6603739494],[564830.84625591326,5443448.5747509692],[564818.88760015077,5443454.6103541506],[564811.86714851961,5443458.6449097116],[564787.91649374005,5443462.6390363472],[564780.87227802258,5443463.664583086],[564757.91663256811,5443468.6212516911],[564749.91943214939,5443469.6360163912],[564736.95922268671,5443469.64185871],[564696.82494510012,5443467.5891588116],[564675.86753658741,5443468.6097489763],[564664.81338279636,5443468.6391386297],[564640.82178099919,5443471.6834003031],[564621.83512449276,5443476.6863566972],[564587.86530340067,5443482.6232127147],[564573.81789479009,5443485.6260830853],[564559.81047189445,5443489.5798102245],[564547.86802737042,5443493.5572206946],[564534.93261159153,5443496.5729876515],[564520.88519965869,5443499.5758471433],[564505.84381939028,5443501.6171054654],[564481.89319056028,5443505.6121297926],[564467.88675918302,5443509.5657947296],[564443.92645130923,5443520.687135987],[564422.92433238181,5443531.6852630135],[564401.93840188044,5443540.6242404114],[564380.93527555186,5443551.6223949101],[564361.82087786763,5443564.7002937775],[564332.93374414754,5443586.6909179389],[564313.8069646915,5443605.6271158867],[564307.85271896725,5443619.6511604972],[564299.80970188195,5443630.641511986],[564289.84447198338,5443643.6684295163],[564280.93524911185,5443645.6231688047],[564142.83875724871,5443588.5968580348],[564139.80554635718,5443590.6204699632],[564129.86242584814,5443590.6637334535],[564107.92840351304,5443588.6673756046],[564085.91728544771,5443588.5695171906],[564071.80422461242,5443587.6145169884],[564029.83471375459,5443578.5772017306],[564015.83969010215,5443576.6735007381],[563991.85894056677,5443572.5951832421],[563968.93101264909,5443569.6381824557],[563950.82523230382,5443565.6277963612],[563924.880300586,5443562.6352476468],[563906.81554457406,5443559.5766659183],[563896.59603318956,5443558.007164361],[563887.85757505358,5443556.6649675947],[563879.91763421579,5443556.5733124502],[563862.86567764718,5443553.6841879273],[563845.92817554844,5443548.580410474],[563828.851498303,5443542.6823239634],[563805.82280334563,5443538.6157826521],[563794.92671032017,5443538.648212391],[563772.89202061808,5443535.5442671832],[563735.94543420116,5443527.6754523003],[563726.80612402596,5443520.6030106302],[563724.8354604576,5443516.6216134708],[563513.95732044929,5443458.6140640397],[563535.84668153641,5443443.6642142385],[563558.84410821088,5443439.6536950562],[563572.93336650357,5443437.5987873618],[563594.92937436968,5443427.5595044084],[563615.95613942691,5443419.5675619328],[563627.88226012653,5443417.6464410778],[563664.85740542633,5443417.5978433499],[563683.89881880162,5443423.6762759564],[563699.91775992222,5443424.6519297417],[563741.81488123408,5443424.660466535],[563765.87095561053,5443425.5713078789],[563801.95298399823,5443425.6715303455],[563824.83988483285,5443427.6777638216],[563847.94397926133,5443428.5777456919],[563860.90403632249,5443428.569054177],[563868.92491891829,5443430.5623855684],[563879.8522069602,5443438.6060897633],[563884.9331459268,5443438.6643742342],[563896.91001042107,5443430.5686969729],[563915.94144246844,5443415.5883095488],[563924.86684904515,5443411.5744620599],[563947.83085317165,5443411.6821497036],[563958.92687657941,5443412.6016367078],[563965.81203568028,5443411.5730421077],[563976.80894640775,5443412.6510795578],[563997.80713320861,5443412.5774974981],[564018.90611017344,5443413.61340388],[564076.93940469855,5443413.6526893536],[564088.82948948687,5443414.582820707],[564109.88749202481,5443414.667885364],[564120.95986850827,5443412.5803447394],[564148.94405257341,5443412.5886056246],[564171.80627539451,5443411.5867747469],[564193.88202592114,5443415.6434232872],[564217.93820454273,5443416.5561220301],[564229.90538740531,5443415.5877213841],[564251.94989835622,5443411.568200036],[564275.88317907834,5443409.6294293245],[564297.83344516403,5443409.5685922215],[564316.86849842302,5443410.5816803873],[564336.81559703301,5443410.6557307784],[564355.90787136927,5443410.5614814637],[564370.82628930046,5443405.6677972628],[564390.9583589097,5443396.5604719026],[564411.92701804207,5443389.6796656204],[564434.80651606515,5443386.6205650382],[564445.93770054344,5443384.6916954452],[564481.84691488068,5443374.6601201529],[564505.9489539261,5443365.599053246],[564519.83733150037,5443362.5940653859],[564546.94566126156,5443360.6938829264],[564575.91741559422,5443356.5993848974],[564595.83227416873,5443348.5982445013],[564602.83549554611,5443346.6218942786],[564640.95048609015,5443338.6752754627],[564648.82964779134,5443338.6092144242],[564664.94100755476,5443335.6300467178],[564684.8634277737,5443332.6970368093],[564702.95523435948,5443326.574898228],[564714.93863480131,5443323.5482692886],[564727.93487313483,5443320.6920945402],[564751.92543212848,5443317.6478363536],[564779.86221340206,5443311.6408388736],[564794.90360040788,5443309.6005156497],[564821.87021516706,5443305.6419154592],[564834.8056378722,5443302.6270868089],[564857.80321887089,5443298.6211533872],[564881.93560352491,5443297.6381669724],[564900.85271758912,5443299.6018043729],[564936.87523908657,5443299.5498035038],[564949.93622766132,5443300.6534196697],[565022.93434729276,5443300.5621296512],[565043.91553416825,5443302.5514476681],[565066.92070895073,5443303.6136125568],[565091.8881050921,5443303.5910315001],[565112.82830585004,5443304.6295116926],[565135.89069296152,5443304.5843245983],[565158.91213269718,5443303.5893111518],[565168.95612412388,5443304.657404298],[565189.89637160639,5443305.6968632881],[565212.95876158599,5443305.6516529117],[565233.93343666976,5443302.5747116413],[565255.93612479826,5443297.6091060303],[565278.95756514813,5443296.6140557509],[565319.9022511912,5443296.622941466],[565340.85971318453,5443295.604164321],[565357.83093167702,5443296.5962840086],[565371.86117128178,5443295.6534480648],[565377.83536822279,5443295.5657255882],[565421.95512225933,5443295.6131978221],[565438.94359439623,5443294.5481042564],[565451.82084542152,5443292.6415424319],[565464.89914281701,5443291.6888755765],[565477.85938087013,5443291.6839052858],[565498.89883494726,5443292.5667235898],[565515.86906105338,5443293.5588515615],[565532.80695915979,5443298.6692798734],[565546.96018808428,5443300.5788705209],[565555.89323612489,5443301.6349801905],[565575.92151239864,5443303.6143846568],[565588.84080129245,5443302.6595758861],[565615.8733236657,5443302.6634799941],[565638.81779887062,5443303.5688392334],[565667.91339287651,5443303.5984671526],[565692.9579565021,5443301.679169599],[565714.81990448583,5443294.6550670462],[565737.88144058967,5443294.6127400221],[565774.9267053802,5443287.6114183189],[565783.85215936904,5443283.600331408],[565793.87145423284,5443281.6613691952],[565799.80469775735,5443280.6237930609],[565807.89517893922,5443275.6532371324],[565818.80764069816,5443273.5663598757],[565830.86815364822,5443268.6430255771],[565849.92330440879,5443256.677087239],[565869.94867275842,5443242.6647080379],[565883.89898023801,5443227.6295860093],[565886.867423833,5443221.6480467264],[565893.88029218442,5443212.5481939698],[565902.95119442709,5443199.6719096154],[565915.89989818784,5443178.6080082636],[565927.87937240431,5443159.5904918369],[565938.84109537152,5443136.6033593984],[565947.81476070092,5443111.6910467008],[565967.91308617697,5443067.5938996952],[565970.9185408419,5443046.5704617901],[565971.91875038669,5443025.6800496094],[565973.81216705067,5443004.6427175654],[565974.87061160174,5442982.6459129537],[565973.90599669283,5442961.5742376018],[565974.94357077056,5442952.5601606388],[565973.81901746709,5442943.6799076339],[565975.82944159769,5442921.6938926438],[565975.95101212198,5442897.6261388762],[565975.87624487351,5442861.6808891026],[565976.88144035463,5442844.5916108852],[565976.95346851263,5442826.6993750045],[565975.84503811272,5442803.5674165767],[565973.90166828246,5442791.6685122522],[565969.87806322658,5442769.6105536502],[565967.87383850908,5442757.5520101152],[565966.94064401509,5442744.5565207014],[565965.87587871333,5442723.6423854278],[565964.88545913668,5442699.5616909778],[565965.94687962998,5442693.5576242413],[565960.88830036158,5442669.5872220704],[565956.84646827611,5442649.5864880234],[565949.88189795834,5442625.5935477028],[565945.93167949293,5442612.5615864601],[565939.86094189086,5442589.68782767],[565936.86274725932,5442576.6676666131],[565933.82355261873,5442562.6966748443],[565930.95195202681,5442541.6024102215],[565927.9128022684,5442527.6324123563],[565924.91461093409,5442514.6122415066],[565919.80280597927,5442495.5493731564],[565911.85085158539,5442475.6610601526],[565906.90567213658,5442461.6675252551],[565898.9359065732,5442442.5713119023],[565889.87297587865,5442422.6700588306],[565880.90820307366,5442402.6112853559],[565875.80506362708,5442388.6165738897],[565866.81549396494,5442365.5487835342],[565859.83277535113,5442343.6140226601],[565850.84325728635,5442320.5472188452],[565840.84353162663,5442298.575991733],[565835.84017809026,5442285.6898155268],[565831.94623236591,5442271.5514946338],[565827.95305023983,5442257.5687302072],[565820.82753724966,5442233.5736392606],[565815.89003479946,5442224.6482976973],[565803.91693471756,5442209.6212117039],[565789.82924283622,5442188.5514456201],[565785.88671378011,5442180.5876518115],[565775.9108233361,5442161.6254416425],[565768.85973360622,5442146.6573679587],[565757.94703648612,5442125.6252018819],[565745.88240793638,5442103.6302677179],[565737.90311503992,5442091.6594350962],[565724.83426925959,5442074.5612483118],[565709.87826362753,5442056.6483717626],[565696.8094291985,5442039.5501744384],[565682.80545015458,5442021.6490947586],[565665.80167315435,5442001.6533213863],[565653.94568862463,5441985.6785075748],[565632.82919338008,5441963.5761880158],[565623.89691940369,5441951.5935615888],[565605.88204998407,5441932.6953904536],[565584.95033917099,5441913.6031475812],[565564.89629336481,5441897.6892881235],[565542.87746266334,5441881.5941652143],[565525.88138355303,5441866.6665914515],[565503.86252654402,5441850.57045356],[565482.83075627859,5441831.6367717311],[565475.93706477794,5441827.5963304425],[565464.88273099344,5441816.6983675472],[565443.94913275936,5441797.6071538907],[565425.87452688278,5441778.5502352389],[565407.87594988011,5441757.5937982555],[565387.82860837015,5441734.5545042148],[565371.89303582569,5441713.6227941131],[565348.87018081988,5441669.6477694316],[565336.84472512349,5441648.6035974687],[565324.86955690908,5441622.6519159861],[565320.91652578895,5441609.6209124234],[565316.84519509971,5441586.613095724],[565311.82185794564,5441563.5934603903],[565302.94559325278,5441539.5779023254],[565296.81986586959,5441521.6125529613],[565288.90519004513,5441502.6759849982],[565287.83492767019,5441492.6883503264],[565283.94764247758,5441483.6162040802],[565273.82591551379,5441451.6690586815],[565259.95146389108,5441418.5693785641],[565256.93424704229,5441407.6083534984],[565251.83684704034,5441398.680822812],[565241.84764890221,5441374.6523665702],[565240.85369517561,5441373.6907551447],[565237.91942326003,5441364.6303643743],[565230.83976272191,5441346.6542484257],[565223.89328856184,5441325.6702496447],[565214.85810618848,5441301.653497125],[565207.83565867529,5441282.5700073307],[565198.92607305839,5441262.6718108542],[565185.80295893538,5441239.5565160047],[565169.93230442004,5441222.5845905617],[565161.94165781699,5441205.5474707177],[565152.83113677171,5441184.697330921],[565143.82076862815,5441163.6895822827],[565135.81956883415,5441141.5852807723],[565131.86458998418,5441128.5542843388],[565126.85746100778,5441115.6690750541],[565121.95052513247,5441102.6272603041],[565111.82721138082,5441081.60664031],[565099.95795078902,5441060.5655503562],[565089.951664533,5441038.5962371882],[565081.93427614181,5441018.5501079904],[565069.93906390492,5440994.6565915216],[565060.87748684746,5440978.5573728587],[565057.81732177758,5440966.6455269167],[565052.84394003195,5440960.5704370392],[565047.87882095599,5440948.6360022863],[565035.80760133942,5440926.6419914719],[565024.89033753052,5440905.611670455],[565012.80395615392,5440885.6768140262],[564999.86277967994,5440865.5736626675],[564994.84737667348,5440858.5467589265],[564977.86491651775,5440841.5628362214],[564965.81954602455,5440822.5788073353],[564951.81102537317,5440804.6795932157],[564928.8592422324,5440780.6580096399],[564909.82807436364,5440761.5911787283],[564894.8688601735,5440754.6067190124],[564885.82644782611,5440748.641908952],[564864.92571184819,5440737.6297267331],[564846.93437799613,5440732.6679427307],[564839.92184111732,5440729.5771767907],[564822.83097344509,5440718.6091633243],[564803.9264572137,5440703.6618487537],[564796.86239124136,5440694.5530361794],[564771.90908892755,5440652.6164263366],[564755.9197044858,5440636.5950907581],[564742.89465919614,5440614.5902349902],[564732.87034548318,5440594.6800793651],[564725.92331684672,5440584.6225652583],[564723.92489955958,5440577.6321148267],[564724.85113079217,5440574.6349077281],[564727.81650330406,5440568.6523469081],[564728.80822510133,5440558.6884024823],[564735.31047298189,5440555.6918665729],[564741.87440527079,5440552.6656094342],[564747.94186906191,5440559.5457649082],[564767.95607695438,5440563.5804401729],[564789.84946638183,5440564.6286758166],[564804.8483526496,5440561.637402962],[564818.8255358421,5440554.675562459],[564820.83773451787,5440577.6587422956],[564821.8689867208,5440586.6965492303],[564809.85050626984,5440610.6245934665],[564809.85273268155,5440621.5501578664],[564812.93171821581,5440632.6708897986],[564823.90801020479,5440652.5918460684],[564835.92859594268,5440668.5678633479],[564844.89757028245,5440677.698266089],[564854.9501304538,5440682.5664917035],[564874.80541371158,5440686.6000158219],[564894.93668095814,5440689.6859721346],[564903.80957337574,5440690.5824686103],[564907.95365701232,5440688.5726738377],[564911.84524792433,5440679.5929066306],[564917.86946287111,5440674.5956340954],[564937.81504069036,5440674.6724781469],[564953.89186358114,5440674.5444164798],[564962.90284144145,5440684.625612692],[564965.89522424142,5440692.577672339],[564970.95256073354,5440700.5543966899],[564974.85129055334,5440714.692786796],[564977.93820808898,5440729.6136475541],[564985.86530130822,5440753.6175121348],[564990.86768656329,5440773.6271431567],[564993.84490078234,5440783.6383642675],[565006.88426076481,5440803.5850176346],[565020.93639287667,5440823.7011182709],[565033.83297300176,5440841.5874251761],[565038.89032456675,5440849.564132602],[565057.87003622798,5440862.6138852285],[565073.95207222505,5440885.6040055528],[565092.8361715551,5440920.6624096055],[565105.83462760854,5440939.6591720833],[565117.92004263646,5440959.5940480428],[565128.82212385151,5440982.6825121576],[565138.82841573504,5441004.651835829],[565146.88780786248,5441025.6487666117],[565156.86833006039,5441044.6090677837],[565166.94970524206,5441064.6798902396],[565175.85926550056,5441084.5781347817],[565187.84656389931,5441104.6704862323],[565200.910802086,5441127.6260918314],[565208.95965203608,5441143.5558195515],[565231.81207607046,5441189.5870066434],[565244.81818151567,5441213.6509877825],[565256.82072570187,5441231.685141352],[565264.84381325135,5441244.6058426891],[565279.93040209403,5441277.5618756805],[565288.8578745937,5441296.6689433213],[565299.93226595235,5441317.7013495946],[565306.89492504718,5441336.6261453638],[565317.83610246575,5441360.6654183734],[565328.95279214846,5441393.5741614932],[565332.95738616819,5441412.6231926503],[565338.92510605091,5441430.5863990597],[565340.94842218189,5441440.5868096817],[565341.84451673296,5441452.6314847777],[565342.93957274233,5441465.6281631105],[565343.9186541544,5441479.5744724553],[565346.95404148067,5441500.6699123345],[565348.86063628923,5441522.5445305798],[565353.88398277294,5441545.5641762121],[565357.94545289513,5441552.579282064],[565359.94394263136,5441559.5696429675],[565370.84221344197,5441582.6590958266],[565385.90111639886,5441612.6060821339],[565393.81482659979,5441631.542662357],[565418.88617217552,5441666.675024814],[565432.91577813413,5441687.5842021033],[565447.8154530644,5441706.6045069676],[565463.85185528104,5441728.6457232768],[565480.92422066024,5441752.5993306451],[565499.87582597008,5441773.5675210655],[565507.86528409028,5441779.6790405307],[565513.87275120418,5441787.6675357074],[565528.88088807615,5441800.6719163684],[565548.89390694466,5441815.6349630263],[565570.928968261,5441829.6729052374],[565580.93876936799,5441833.5912415776],[565591.81863206252,5441835.6207121331],[565617.89770120173,5441835.6137802005],[565640.94357428409,5441837.628569413],[565663.85627927794,5441842.6512143379],[565672.88836636732,5441843.5507472698],[565681.88805384259,5441848.5666581206],[565689.95953131909,5441856.5798289729],[565692.91800298914,5441879.5747244032],[565714.82716104423,5441878.5685818009],[565781.2534611267,5441900.1014655139],[565847.83885406144,5441921.6374102067],[565845.95048846258,5441942.6758014336],[565844.9552317519,5441963.5652709864],[565844.83859541488,5441987.632079212],[565844.90352583735,5442036.5621128865],[565846.82507896726,5442057.6446131021],[565853.9515870834,5442081.6397091215],[565854.81239256414,5442085.6091613006]]]},"properties":{"WATERBODY_POLY_ID":700050766,"WATERSHED_GROUP_ID":28,"WATERBODY_TYPE":"R","WATERBODY_KEY":329083347,"AREA_HA":52.806903855162901,"GNIS_ID_1":26216,"GNIS_NAME_1":"Sumas River","GNIS_ID_2":null,"GNIS_NAME_2":null,"GNIS_ID_3":null,"GNIS_NAME_3":null,"BLUE_LINE_KEY":356352298,"WATERSHED_KEY":356352298,"FWA_WATERSHED_CODE":"100-064535-000000-000000-000000-000000-000000-000000-000000-000000-000000-000000-000000-000000-000000-000000-000000-000000-000000-000000-000000","LOCAL_WATERSHED_CODE":null,"WATERSHED_GROUP_CODE":"CHWK","LEFT_RIGHT_TRIBUTARY":"LEFT","WATERBODY_KEY_50K":null,"WATERSHED_GROUP_CODE_50K":null,"WATERBODY_KEY_GROUP_CODE_50K":null,"WATERSHED_CODE_50K":null,"FEATURE_CODE":"GA24850000","OBJECTID":942259,"GEOMETRY.AREA":0,"GEOMETRY.LEN":0,"FEATURE_AREA_SQM":528069.11089999997,"FEATURE_LENGTH_M":11532.465099999999}},{"type":"Feature","id":931112,"geometry":{"type":"Polygon","coordinates":[[[564484.8361028533,5448199.6544973431],[564480.88762264408,5448202.6170882275],[564469.8110919171,5448199.6374417972],[564457.86244289635,5448198.5475711841],[564447.87723125983,5448192.5718762362],[564439.81638439314,5448184.5606482001],[564433.87545535527,5448166.5976478225],[564418.94289027725,5448148.688697774],[564397.85897334269,5448131.6582590146],[564377.92756128602,5448120.6576949423],[564355.8362506635,5448118.6580937561],[564344.82145451219,5448119.6381530752],[564333.94643527037,5448122.6784912031],[564324.93741541298,5448128.5907462351],[564304.84096725716,5448152.582800583],[564295.953471591,5448162.6134401951],[564285.81413954264,5448170.5708815353],[564281.94375977933,5448171.635019741],[564258.90040060342,5448169.6245551845],[564241.8271615305,5448158.6573819015],[564220.92055307957,5448139.5709146168],[564201.88157932775,5448124.6233347645],[564178.87239823455,5448109.6294080829],[564157.94905164116,5448097.6681464612],[564133.90878523863,5448084.5628541466],[564110.85969400732,5448068.619096702],[564089.81632972683,5448057.6065379316],[564079.85193812044,5448054.6407538597],[564055.87151323166,5448041.6941028424],[564033.93683074613,5448034.630459398],[564015.87404594768,5448031.5708029065],[563996.85738144489,5448024.7002457464],[563980.85969293758,5448021.6642969297],[563961.80390171998,5448017.6430258658],[563937.80614053027,5448010.5555518195],[563917.83645379217,5448003.674178998],[563895.90179740114,5447996.6104960218],[563877.91814099159,5447991.6523192124],[563865.92965059285,5447989.6135519734],[563841.81102827669,5447979.6746701449],[563822.91432015889,5447975.6564902663],[563800.89977549086,5447966.6921657138],[563777.81319929229,5447958.6667178515],[563754.92657703755,5447951.5931528332],[563742.85719451529,5447947.6537952973],[563734.91882510937,5447947.5619843528],[563726.85953599401,5447944.617794239],[563713.85883498529,5447943.6765556755],[563691.82692759566,5447940.5714172544],[563683.90744493809,5447939.6885063164],[563669.87314090272,5447935.5678270431],[563653.81534455623,5447933.6412045518],[563637.85771015449,5447931.5569923166],[563613.8023163944,5447930.6458907742],[563593.81284405338,5447924.5565714752],[563565.88318703964,5447914.5753586153],[563544.93986438913,5447904.6751221605],[563521.8519359678,5447891.5834725183],[563502.85366649879,5447882.6556761125],[563482.80358143966,5447872.6075526001],[563462.87011032738,5447856.5436587436],[563441.86514297151,5447842.6836586902],[563418.89534522977,5447828.6443341002],[563397.89225275198,5447818.5853829859],[563377.94098373933,5447809.6467496445],[563354.95293850754,5447797.6655202294],[563320.90440931788,5447775.5812652158],[563301.8421374649,5447757.6275899531],[563280.93404620863,5447738.5449041789],[563266.87490794749,5447722.5490211649],[563260.91309135326,5447706.6461178185],[563257.81118252163,5447694.5757349916],[563246.89739896986,5447656.6062709801],[563238.82811430586,5447634.6617146358],[563228.89473721955,5447613.64626793],[563217.84935919917,5447592.618884],[563205.85091390682,5447571.5796897383],[563201.91988900257,5447568.6839960357],[563190.94180346827,5447565.5496600755],[563188.83779845946,5447564.5760696633],[563181.85397204058,5447569.5631526597],[563174.86344703881,5447560.6149636954],[563169.83726616239,5447550.5820712484],[563170.926621989,5447547.5861122878],[563183.80491596961,5447540.6079038316],[563188.84271345148,5447534.6483981423],[563190.8210089386,5447522.6363953585],[563190.81192557025,5447503.6350125112],[563189.93455669156,5447496.6576516824],[563178.9074320012,5447473.5711113997],[563167.86108543212,5447452.5437319623],[563162.87302848324,5447439.6605597278],[563158.93616634957,5447426.6306897923],[563153.90234292799,5447402.6635270305],[563147.95541918371,5447379.6353658652],[563143.85954301571,5447366.6033594962],[563136.96059474349,5447343.5643400652],[563129.84243801457,5447321.631587876],[563119.92639704666,5447298.5579704344],[563109.85276666493,5447280.5493782116],[563103.88763024763,5447259.5803117352],[563098.91686931183,5447244.6390212309],[563092.85333841317,5447227.6266220957],[563077.84029608464,5447211.6198599655],[563070.90187641908,5447192.6981873978],[563061.84053250635,5447173.5930148344],[563050.930536945,5447149.5577739561],[563042.88108318392,5447130.6231102422],[563037.91033943649,5447115.6817948977],[563022.34381739458,5447066.575167913],[563006.82914193254,5447017.6275280705],[563007.85683807626,5447010.6717819106],[563005.90741219022,5447004.6322640991],[562994.85916939226,5446983.6048407471],[562986.80632866069,5446959.6030456545],[562974.94235945796,5446935.5569752157],[562963.89995935617,5446924.6637625229],[562932.8098990412,5446880.1307363566],[562901.87789137242,5446835.5998484781],[562900.85981010413,5446826.5621648291],[562891.85980798502,5446812.6837557349],[562879.81763504166,5446790.6946906429],[562865.92867007456,5446767.5766393058],[562846.81944916118,5446743.6069254167],[562830.85161167849,5446727.5913176043],[562826.9562016516,5446720.579341176],[562820.82047852175,5446715.6005492359],[562815.81407457066,5446708.5765927052],[562794.86049198837,5446688.5450210124],[562774.86433775071,5446673.5913126981],[562752.94391623535,5446660.6751233991],[562733.93976081838,5446646.683074249],[562710.90387777705,5446628.6858250862],[562690.80702665064,5446612.6236372422],[562672.9548477123,5446599.5943265092],[562649.922430031,5446586.6651638281],[562625.85651247052,5446570.5575003587],[562607.80446392333,5446556.5772634596],[562590.86880097492,5446547.6760297408],[562574.8036745534,5446535.6180050634],[562565.94866550097,5446532.6670704735],[562552.9222892276,5446523.6526117641],[562528.85541374725,5446507.5449538175],[562506.91245258541,5446491.6207530191],[562489.83612985944,5446480.6602180814],[562466.84035502758,5446463.614695562],[562442.81074339943,5446444.6587482374],[562421.8973274508,5446425.5788549231],[562401.85944291216,5446409.6762819402],[562378.84446305607,5446394.6899152501],[562357.95274394623,5446378.6189695625],[562347.82442145923,5446370.5877719559],[562330.88449883705,5446356.6203897279],[562289.8802308978,5446331.6134147421],[562267.88097330742,5446320.5985757411],[562245.86238815403,5446311.6409235867],[562221.95811399957,5446300.6043981854],[562200.89255364554,5446291.6575470492],[562178.87502611312,5446282.7008311162],[562155.84463844681,5446273.5736200083],[562130.95082828635,5446266.6435508346],[562102.85929131671,5446256.6677483972],[562088.94166098803,5446251.6031784089],[562064.90007199987,5446243.5734489532],[562041.83415558492,5446238.5634620786],[562022.87367420166,5446230.5921475496],[562009.80986005359,5446225.6949244384],[561995.8522875068,5446219.6795118973],[561982.84772919305,5446213.6749142157],[561958.91987713729,5446199.6294111609],[561936.80168947577,5446189.5641665338],[561916.86656778643,5446178.5730277412],[561903.82107146969,5446171.6176328072],[561890.81652889412,5446165.6130179362],[561877.93005305016,5446158.6597472383],[561832.84052393422,5446139.628880119],[561800.95546750585,5446127.5545310406],[561783.94097120885,5446120.5546189938],[561766.88557130599,5446112.6049196934],[561742.92126679653,5446102.6776481429],[561732.89659032598,5446099.5569016971],[561726.85983507801,5446095.6895428002],[561709.92525646917,5446090.5912662307],[561691.82148039376,5446086.5893192617],[561676.91099328944,5446080.5640235636],[561652.81033714185,5446073.643530746],[561645.94238324731,5446072.6167371785],[561628.80893608008,5446066.567485855],[561608.8772689302,5446060.644395425],[561596.88737141911,5446058.6103576636],[561576.81933208706,5446055.6940670963],[561558.95544330881,5446053.594829197],[561536.84076981409,5446048.598598443],[561515.95610683772,5446042.6646611793],[561491.93741711776,5446037.6466849335],[561465.81283710664,5446031.6561397007],[561452.87093832612,5446029.6112128217],[561439.8881373239,5446026.6164998654],[561416.93954020541,5446020.6607139343],[561404.9496994752,5446018.6276463522],[561378.80781824782,5446014.6951832864],[561366.87619917525,5446011.553782328],[561353.83518627647,5446009.6673824675],[561329.89641582733,5446006.5510100797],[561310.86234926351,5446005.5480869673],[561295.87437810062,5446002.6892423593],[561273.88157721865,5446000.5453313421],[561261.95255057956,5445998.6708727926],[561235.8905799333,5445996.6400158536],[561221.81943835865,5445996.6422045669],[561198.93348554336,5445994.6471196888],[561180.89233743807,5445994.6048189355],[561157.88731737132,5445993.5584183503],[561136.92996448686,5445994.5929085314],[561112.87377094582,5445993.6931669516],[561098.86089810857,5445992.5880058408],[561062.83754704602,5445992.6650699712],[561051.86325308529,5445994.601541738],[561044.80074208463,5445997.6908286856],[561022.93032554595,5445999.6652851813],[561010.82247305429,5445998.581809585],[560965.90814100252,5445998.5599280661],[560943.93860247603,5446000.6929045981],[560920.8607876912,5446006.6139588337],[560896.90809553268,5446010.6246958412],[560873.81294659618,5446018.6038440028],[560853.91009733547,5446024.5597178489],[560833.831940662,5446032.5725201145],[560820.93437828135,5446036.5474018194],[560783.82597289339,5446044.6893901229],[560765.80751881143,5446047.6579243084],[560742.82943014964,5446054.6884183092],[560730.80673241522,5446060.573592321],[560715.90497743862,5446064.6842873702],[560695.82157205278,5446067.6310052527],[560678.81762427592,5446074.569152521],[560663.956845248,5446079.631618157],[560655.90306438413,5446085.5593310315],[560645.86351597449,5446089.566723153],[560603.91118099575,5446120.616306629],[560582.80614232889,5446135.5857465798],[560573.86018854275,5446141.6622413443],[560552.93149274238,5446154.5756946439],[560533.80855939921,5446167.6663960442],[560512.87985140854,5446180.5798325986],[560489.94694941875,5446193.6290872283],[560468.84091855655,5446208.5995201701],[560449.95780444529,5446223.5929249721],[560425.91719877953,5446241.6982529443],[560404.94752292277,5446253.6608635997],[560387.82873471372,5446266.6156824818],[560366.84174797067,5446280.637378512],[560345.87209772831,5446292.6009646459],[560325.93255909847,5446302.6749546509],[560312.83607242827,5446305.6987734782],[560297.81101634295,5446305.6929896222],[560287.88626052649,5446303.6845620228],[560278.89092839381,5446298.6780922115],[560261.82839495083,5446280.598911019],[560246.84423356305,5446281.5428975672],[560236.86024995253,5446280.6428274764],[560227.94999108871,5446282.6040209932],[560210.88353295764,5446285.5842889557],[560187.86134227237,5446286.6006911546],[560163.92702961992,5446288.5560257481],[560142.81405737496,5446294.6602040129],[560120.94373815565,5446296.6383817699],[560101.89738178242,5446306.5644758102],[560077.81260358822,5446318.6537768366],[560053.92144999362,5446326.6270032665],[560024.85810106399,5446343.5702855606],[560016.81280053325,5446359.6340243602],[559993.40571752214,5446373.6050670194],[559969.91385311482,5446387.6268443055],[559955.86015103944,5446385.5736940065],[559931.845038231,5446385.6293496238],[559907.82992616808,5446385.6849977123],[559892.80494973855,5446385.6811321387],[559880.89706076274,5446385.5513887918],[559867.87775560201,5446386.6767019359],[559844.8215765066,5446395.6113393651],[559823.92908156372,5446405.6773297591],[559801.86674541351,5446415.5715735406],[559779.82232814247,5446424.6747488035],[559755.81416049879,5446433.5994640701],[559733.86890248989,5446442.5450825067],[559709.89796222607,5446448.6195394304],[559685.94437940582,5446452.6358934892],[559662.8083548937,5446459.6698236316],[559638.91726099327,5446467.6458957223],[559628.87767115002,5446471.6541231005],[559625.8822718882,5446474.6303609228],[559588.15010414401,5446499.2403721483],[559521.85158929229,5446542.5447483649],[559504.8440024883,5446545.6865559593],[559485.8160189474,5446553.5573144499],[559464.90192956815,5446560.6152236043],[559441.86143989454,5446563.6925205486],[559427.82937731256,5446564.6502279006],[559371.8038044651,5446569.5893945815],[559355.80846700014,5446571.6336591458],[559340.90160528023,5446570.6820400199],[559330.84047836077,5446571.6822677581],[559322.86067790759,5446570.6462842831],[559305.81264351844,5446571.5711942818],[559286.87755386601,5446571.684295902],[559266.93068920891,5446571.6288234713],[559248.84888617357,5446570.6432748511],[559230.86358407885,5446565.6991301542],[559213.90895655868,5446557.6003423287],[559190.93832657172,5446548.6450194428],[559168.92171160725,5446539.7004991239],[559153.89358630637,5446534.6303989161],[559135.92671488877,5446527.6290975017],[559111.84098668466,5446513.5956741041],[559094.90109618683,5446499.6377117531],[559076.84927094984,5446485.6687545069],[559069.80094851786,5446481.6346451389],[559050.95200735214,5446462.5908708861],[559037.85884727351,5446444.5581226265],[559025.90017596912,5446429.5452717282],[559014.81272677309,5446412.6427175626],[559005.94403823966,5446390.6961320676],[558998.93990173365,5446366.5534380153],[558993.84804042999,5446352.564639898],[558984.88384987612,5446334.5765956892],[558963.91494021274,5446295.5578757534],[558951.94856904377,5446271.6789113395],[558943.81726683967,5446254.649431997],[558938.9211882503,5446236.5464676293],[558933.82256583683,5446213.6905175],[558929.93409670109,5446190.6890555695],[558925.8934346115,5446176.5535847675],[558913.85203267471,5446159.6401585629],[558901.86580923351,5446136.5532989856],[558885.92956268415,5446112.6316812625],[558870.84873266576,5446092.6775663644],[558848.91856734501,5446069.6422597654],[558844.86370537267,5446062.6319809966],[558826.88508672034,5446041.6974109132],[558807.87117592187,5446017.5853733327],[558789.85066362133,5445995.7000472527],[558774.80668038013,5445971.6305974107],[558759.92067965912,5445947.5623176573],[558753.91999146377,5445939.581485305],[558747.94726601604,5445918.6162857264],[558742.81459884113,5445903.6776207825],[558740.88198903902,5445895.5818957407],[558731.88689890283,5445890.5772370957],[558721.80236866092,5445888.5695149228],[558708.82651321427,5445869.5890009021],[558699.81852519454,5445850.6501784911],[558690.82992016,5445829.6531581674],[558681.85870332737,5445806.5980247539],[558677.81349989935,5445788.6624831334],[558673.91767967236,5445781.6543106437],[558668.80141947488,5445764.6575534716],[558661.9350194881,5445742.5740810093],[558656.84129538434,5445728.5862523066],[558649.93403020129,5445705.5529849529],[558641.81562735327,5445682.665256869],[558636.87162843195,5445658.5454107122],[558627.93156939419,5445627.5729547804],[558623.82332487882,5445584.6192352166],[558620.94836712733,5445565.5873126928],[558620.93481788528,5445530.5937222913],[558620.88975582144,5445524.5758344261],[558621.90285534982,5445503.6849372266],[558625.921588675,5445472.6927096201],[558623.85351252707,5445467.6037090281],[558613.80120552785,5445457.6796372849],[558607.81695187371,5445447.640679244],[558606.8137893501,5445436.5458633816],[558603.87443915568,5445413.5552139133],[558603.91109920957,5445389.6465244135],[558605.83888409776,5445371.6157678775],[558607.90725587192,5445355.6443047645],[558609.82993491727,5445332.5474703396],[558614.85177914763,5445312.6490122285],[558618.84248330898,5445294.6401765579],[558623.92266309692,5445273.6353769749],[558630.86783202167,5445251.6994976262],[558635.84724647412,5445229.5842185216],[558644.87886085,5445210.6791756712],[558655.89101502032,5445188.6274308404],[558665.81576980662,5445169.5735553894],[558675.81770415604,5445148.6202269802],[558687.88355162367,5445127.6887843888],[558695.90139034821,5445108.615217722],[558709.84963829408,5445084.6955564572],[558721.83728597232,5445065.6635817662],[558735.94809502596,5445045.5451144883],[558754.81813243649,5445021.677927359],[558769.8175105456,5444997.6115829498],[558786.8450381977,5444977.6834176984],[558798.87868439197,5444964.6682898309],[558801.84951574542,5444958.68314688],[558807.93642154813,5444952.5732060419],[558827.95209376083,5444924.6007424789],[558834.89277685946,5444918.6581935985],[558842.93821938476,5444907.659622224],[558851.80217585794,5444899.6786494767],[558858.81848336663,5444890.5696287723],[558866.87008235289,5444884.6381071266],[558883.81938617479,5444866.6093839314],[558895.81216958317,5444852.64542385],[558915.91478939436,5444831.6415898958],[558937.82162099157,5444809.5490212692],[558946.84357267362,5444801.5702035045],[558958.85366732255,5444785.547086101],[558975.86277579144,5444767.6779928999],[558991.95463111275,5444745.6817251677],[559010.8445626148,5444723.5573701197],[559031.87656520738,5444699.5553839998],[559053.82480619906,5444679.6805956112],[559069.88554674503,5444665.6016548285],[559090.95743903529,5444642.5504718376],[559107.83002852486,5444627.6881550839],[559115.9572876828,5444618.5921025872],[559133.84210125054,5444602.6322412239],[559141.89269840694,5444596.7017064486],[559163.83932963887,5444575.5598349674],[559186.94042773684,5444556.6487529632],[559207.85847836907,5444538.6634886246],[559230.89871310955,5444519.5927474648],[559248.80604073487,5444506.6418184899],[559265.91942988453,5444493.6831676299],[559288.91876043938,5444473.6625953419],[559308.92470304517,5444456.6172305951],[559326.93740789953,5444448.5768134138],[559343.95524494571,5444439.5757858548],[559361.92606596975,5444430.5856006751],[559378.9448936698,5444421.5845191879],[559387.83035514865,5444416.6134544816],[559395.94015744247,5444409.5744871572],[559416.86337200901,5444396.657256783],[559436.87551462604,5444384.6799286762],[559443.87860051752,5444382.697107316],[559464.90196488902,5444369.6222703233],[559508.8342953478,5444345.5525379973],[559528.94718467735,5444334.6856543142],[559550.94608002657,5444324.6306203734],[559558.96038574656,5444321.5502851345],[559580.85385633213,5444306.5846867049],[559590.89117748197,5444302.5764116105],[559630.95538133557,5444279.5744611388],[559666.83244262054,5444257.6351428358],[559687.82012226561,5444248.678558588],[559711.81842134334,5444234.6865696376],[559731.88781309314,5444221.6028247112],[559744.83139389125,5444207.6505190171],[559746.8955494106,5444191.6799375322],[559749.94639752212,5444171.6039341046],[559754.91034623189,5444156.6146763917],[559765.94076607737,5444137.574602454],[559777.93756570446,5444128.6785430247],[559792.83810709999,5444108.5724761803],[559798.89464875555,5444095.6534182169],[559802.82848684944,5444082.5537758712],[559802.82773308305,5444066.5613497775],[559800.9520546234,5444042.6307959538],[559798.91641089635,5444018.6991451783],[559792.85210264998,5443994.5652224468],[559787.87131221197,5443979.6277022511],[559779.87360525259,5443964.656477524],[559772.95709737483,5443941.6221814845],[559762.86470861803,5443918.5530433822],[559752.92020636937,5443902.6113151517],[559744.91529256827,5443882.5729919923],[559734.80560823053,5443861.562995269],[559720.92131738318,5443837.6612908095],[559714.91041038511,5443824.6123795602],[559700.90704974555,5443801.6593799638],[559693.84965500492,5443792.557220472],[559688.93235180213,5443781.5784819676],[559684.87451682752,5443774.5681862952],[559676.83496535837,5443758.6471529938],[559667.94160143984,5443742.5577274626],[559665.90677281003,5443734.6194817638],[559656.81351935281,5443717.5781087568],[559644.89696257084,5443681.6644109283],[559635.89723366138,5443660.6654189574],[559626.93947590759,5443640.6181872534],[559614.89936598926,5443616.578501205],[559606.87615652452,5443598.598310709],[559590.8489076749,5443576.5742259417],[559586.93274476356,5443571.62421],[559568.94131275185,5443550.686784042],[559553.95607819303,5443535.6412493521],[559540.8930764948,5443518.5572736235],[559523.87200192199,5443495.5725021055],[559517.89092649566,5443490.5996563947],[559623.31619613094,5443502.6626956901],[559728.84171640105,5443514.5690017315],[559726.83495017153,5443541.6246494707],[559724.95535591769,5443560.6053843265],[559728.87879114423,5443570.6234966721],[559735.93269401067,5443590.6509654997],[559744.85524557205,5443613.5484530991],[559748.90299200267,5443627.6850235602],[559761.81445185526,5443664.5593418237],[559767.8254002172,5443677.6092742262],[559776.82512314129,5443698.6072511189],[559786.95319413021,5443717.5600758865],[559795.87011483184,5443736.6574673308],[559804.89247338625,5443760.6654415932],[559813.81505956687,5443783.5628783247],[559823.84294357011,5443802.6722702421],[559829.80128966051,5443820.6295867441],[559838.95810044638,5443841.6307426719],[559845.91031915962,5443860.5486984244],[559852.80326455866,5443880.5740457242],[559861.94273725676,5443903.6333444901],[559866.88365011418,5443917.6210250156],[559869.89406586578,5443928.5790996943],[559876.92245311534,5443945.5975979632],[559885.89669688197,5443963.5876227645],[559898.90531307133,5443985.5809499146],[559900.84100477525,5443993.6767143924],[559907.86844859284,5444010.6962407734],[559910.93710738933,5444020.5459515192],[559915.8669608084,5444041.6598842777],[559917.95521319949,5444060.6831354816],[559919.80734545027,5444081.6047259551],[559917.83127558639,5444104.5430611288],[559909.81755171006,5444139.6083283378],[559906.8775978256,5444153.6686134348],[559902.92489679717,5444167.5603768071],[559896.94447704649,5444178.5790022593],[559874.9461456805,5444220.618012771],[559861.80991071812,5444238.6854665214],[559843.95075155084,5444257.6514654225],[559824.95605250529,5444273.5965275932],[559809.82615614589,5444285.1242960496],[559794.83565485699,5444296.5468625305],[559776.9246624849,5444305.694852652],[559754.88952093909,5444318.5992307002],[559733.92540129775,5444330.5647741305],[559713.95049398742,5444339.6908812253],[559700.93621283374,5444344.6173087545],[559685.84067317448,5444351.5800171653],[559661.80140811345,5444364.6211717315],[559637.91489169828,5444372.5963549344],[559618.83215173474,5444381.5746389693],[559596.92126510874,5444398.5973790037],[559576.90909505752,5444410.5737497993],[559557.95063541899,5444423.6704364344],[559538.90875802853,5444433.5984926391],[559518.81576358806,5444443.6741973376],[559503.86084729992,5444452.6971780825],[559479.92073666421,5444465.5817073863],[559455.89781688259,5444476.5656698486],[559435.84572694392,5444487.5921442369],[559424.95516036067,5444492.7000593944],[559410.85248817946,5444500.624383688],[559395.92206594092,5444512.655232748],[559371.81083189207,5444532.6648475714],[559351.88564208685,5444551.6098531811],[559333.93835015863,5444563.608958534],[559292.81341053965,5444597.6867014226],[559270.95973681693,5444613.6029881053],[559264.81404116191,5444619.5532780727],[559241.83726076025,5444642.5837803576],[559221.8128487228,5444661.6862624418],[559182.89185483253,5444696.5800237646],[559163.86032932822,5444716.644164565],[559122.83963675145,5444755.6322999159],[559104.95474217844,5444771.5911244368],[559083.81834986585,5444790.6825456172],[559066.80925734877,5444808.5516602183],[559051.88299613073,5444825.6515307464],[559006.92010693485,5444872.6740224641],[558990.95752570068,5444886.5964082731],[558972.87269003945,5444901.6032399721],[558948.90092820709,5444923.6739495024],[558940.91374690551,5444933.5641954299],[558926.8438805308,5444954.6325308643],[558908.84601976175,5444976.6080128616],[558894.91256450489,5444994.668499927],[558883.81711686403,5445013.5517452378],[558870.84180759301,5445036.6901632017],[558859.8653992468,5445054.6236937298],[558847.90028104419,5445076.6636587279],[558835.83448066399,5445097.5951458272],[558817.81306869839,5445116.5626438828],[558809.92457482638,5445127.562403284],[558794.94256012305,5445149.5705915634],[558783.92424872553,5445166.5543342819],[558770.8481673277,5445188.5832174653],[558763.82225152338,5445208.6185075557],[558754.91387463221,5445231.6409914019],[558751.95698977506,5445251.5613320442],[558750.80580090324,5445271.6579653751],[558751.95837997168,5445293.6802432826],[558751.81848262355,5445312.6803919887],[558752.9484821083,5445331.6927074995],[558751.83309352095,5445347.6740396256],[558750.92170427227,5445369.6734053213],[558746.8795354194,5445397.6577789681],[558743.94513200573,5445420.5860265177],[558742.92941545637,5445437.675848579],[558740.88256121986,5445456.6552929301],[558740.8415161036,5445496.5573060503],[558741.90710680594,5445511.6108899554],[558742.94158234354,5445534.5817546844],[558742.90039954009,5445554.6913962699],[558743.91134178569,5445574.6533494629],[558745.91511545831,5445595.5749843689],[558744.85336864844,5445606.6479296787],[558746.89033974463,5445619.6541951345],[558752.88138607994,5445638.5603139354],[558760.86073175992,5445660.6547579803],[558768.93829542003,5445682.5926983291],[558776.93503018341,5445702.6290197279],[558784.95426200656,5445725.6732735401],[558794.91937659134,5445749.6890612952],[558805.89475444565,5445772.607416735],[558814.86188864463,5445790.5964627238],[558823.92970183177,5445809.6939639365],[558827.95556308434,5445829.6876910003],[558828.87957787921,5445842.6819724971],[558835.83322789764,5445850.6726648165],[558845.86727439915,5445862.6558187408],[558866.87436506979,5445872.6968590394],[558876.92579817702,5445882.6219006097],[558893.87160080392,5445901.6449895604],[558909.90536685847,5445921.6089982484],[558939.85068700137,5445962.6224274393],[558954.87222167326,5445983.6839247355],[558967.93003187515,5446004.5669430867],[558983.92291808291,5446023.5801347867],[558994.93468685867,5446043.6491896491],[559000.93961958052,5446056.698068304],[559011.8731764456,5446078.6655834159],[559020.85776221263,5446094.5964469891],[559033.83694296831,5446118.6449807798],[559035.80533513881,5446122.6244366514],[559051.81980669952,5446144.6465581404],[559062.88990039343,5446163.6082579857],[559077.93404753774,5446187.678610024],[559090.93163072574,5446209.6689692009],[559110.83792182792,5446233.6341176946],[559131.85516451567,5446257.6102870461],[559150.92238911509,5446275.5488586249],[559169.86794737086,5446290.63704383],[559186.88694052107,5446302.6945134923],[559205.95005063643,5446315.5670073451],[559225.92939499067,5446332.5656256229],[559247.8703447514,5446344.6765591502],[559269.86959262541,5446355.6801677253],[559275.94339468563,5446356.695453722],[559295.89288015792,5446360.5519798789],[559312.9234578521,5446361.6841597622],[559331.88005664572,5446364.5800046893],[559347.81706320494,5446363.6430526134],[559371.83202203386,5446363.584579736],[559395.90682867647,5446363.685773639],[559414.80095047224,5446362.6218607761],[559426.84883283044,5446363.5429142816],[559447.86679717805,5446362.6615441656],[559468.86583741184,5446362.5712718209],[559490.89501444285,5446360.5914210454],[559508.89181777777,5446354.6102532102],[559588.93649617373,5446354.6814692132],[559609.89465658506,5446353.6413796283],[559625.89094775845,5446351.5970071303],[559648.89053681539,5446347.5708596334],[559670.86146805598,5446346.6992743425],[559678.91789851978,5446344.5697629964],[559700.86630415067,5446340.6902498836],[559722.93544781639,5446339.6621517735],[559737.83815243386,5446335.5486341557],[559781.85247824679,5446325.573883499],[559805.88322655321,5446319.6590637397],[559822.9270382562,5446313.6679701107],[559843.84108493081,5446306.6109296139],[559864.85486344737,5446300.6633788785],[559912.87488255219,5446286.6168548632],[559925.89151242678,5446281.6914603533],[559938.88822364178,5446277.5572114391],[559951.92643109115,5446275.640777193],[559964.84650834079,5446274.6719870223],[559988.87993953214,5446272.5581735112],[560010.80582608643,5446265.6716404296],[560034.9141743253,5446256.5912322067],[560051.95800403866,5446250.6010789266],[560073.80249101098,5446240.5468827523],[560096.85765246383,5446231.6131935306],[560119.81735183275,5446226.6380677717],[560137.89504427067,5446222.5603357377],[560157.93423341727,5446213.5938835545],[560164.91692168138,5446208.6030463744],[560177.83283418429,5446202.5691457344],[560191.80140744383,5446197.6535805408],[560203.90497869696,5446193.6691131638],[560227.8759080657,5446187.596467915],[560248.84879219253,5446180.7000144674],[560290.91305785021,5446164.6913553141],[560295.8942682012,5446163.6374010313],[560302.87594717019,5446158.6465897597],[560321.83989378449,5446145.553816692],[560343.92049062683,5446133.6022247151],[560364.87180127378,5446123.6977586867],[560388.83849109919,5446112.5589745315],[560409.82968536217,5446103.6043174481],[560424.86510689766,5446092.6848064261],[560435.9159467076,5446087.5809571464],[560478.80190491839,5446058.5984893031],[560493.91813935095,5446049.5795648443],[560515.83975993027,5446037.6277701287],[560532.8620023696,5446028.6305056233],[560556.88323152065,5446012.5842804033],[560575.86602132244,5445998.7003025301],[560599.86567229789,5445979.6460761428],[560620.94806220254,5445961.6676603481],[560641.8940752456,5445946.6970393108],[560665.95619828056,5445931.6015418731],[560686.92480213079,5445919.6398397749],[560706.91878469347,5445904.6583138527],[560721.85770926171,5445897.6973437034],[560732.8858998979,5445889.5844934648],[560747.8064900547,5445884.6816720571],[560757.84605189075,5445880.6752523324],[560780.82309187797,5445873.6447754195],[560793.92053976085,5445870.6218058541],[560817.80964209489,5445862.651363044],[560841.89865167742,5445855.6328279581],[560856.90011237934,5445852.6315950565],[560880.8926572589,5445849.570685531],[560907.84392562404,5445847.6507626949],[560920.94041224045,5445844.628812247],[560944.83049619594,5445836.6582814688],[560954.90998792916,5445833.6026601549],[560975.92281054868,5445827.6597859059],[560996.85845486168,5445823.615345574],[561007.91356772848,5445823.5794894174],[561020.81538551161,5445824.6716624098],[561056.83870360604,5445824.5956078069],[561080.81296098279,5445823.5937907854],[561099.87055259023,5445827.6046684021],[561119.88015514193,5445831.6264122566],[561136.89108687232,5445833.5563360006],[561153.88374330965,5445837.5454141852],[561174.84635884187,5445841.5779711902],[561194.83334564138,5445842.5907518193],[561213.85004961037,5445845.6518156929],[561235.92369591037,5445849.6973565258],[561261.90745263535,5445853.6266949382],[561275.86154035095,5445854.5741073238],[561288.92138875078,5445855.6684094425],[561328.95904016693,5445861.6556359958],[561340.80815489113,5445861.6284274105],[561354.90190624562,5445864.6351576829],[561365.93975637981,5445866.6583655998],[561382.93243608437,5445870.6473937836],[561403.9577015352,5445878.6406611754],[561424.86485944805,5445887.5815780284],[561436.89463063166,5445890.565471719],[561454.8629620634,5445897.5742509924],[561465.89982290729,5445899.5974878119],[561485.93115163373,5445906.6291232742],[561498.95488341688,5445910.5746156089],[561522.91631792625,5445916.7008785242],[561534.82803055213,5445920.6334120063],[561540.86102938827,5445920.7007377138],[561549.87485378934,5445923.6519290432],[561569.88455701747,5445927.6745565413],[561584.85326638096,5445932.5925501389],[561592.83318771981,5445933.6313012121],[561615.85993893002,5445937.68855571],[561629.95376166434,5445940.6962354891],[561650.95643448597,5445945.6804916859],[561660.8042110583,5445949.5911896909],[561681.90768940223,5445955.6858960977],[561702.83225612796,5445962.5696212268],[561726.91458084271,5445971.548260957],[561731.90015248349,5445975.5623053079],[561741.92581180169,5445978.6830113688],[561762.83212947694,5445987.6258762246],[561785.80344293686,5445996.5915040048],[561799.89732825779,5445999.6001523435],[561823.9580275414,5446005.5697763814],[561846.88844666502,5446013.5856009601],[561859.85300867644,5446018.6394033255],[561871.8645629161,5446023.6823847368],[561881.94849063002,5446025.6957432963],[561902.81492839241,5446033.6887409827],[561915.82044964342,5446039.6933175856],[561939.94713243132,5446054.6898108115],[561957.87744289637,5446064.549777355],[561979.95568970777,5446073.6651999224],[561993.95319178456,5446080.6314494265],[562001.81511716091,5446082.6198131759],[562018.87058254669,5446090.5704651279],[562039.83681832009,5446099.6729235779],[562079.84110881435,5446113.5821632892],[562100.94371726864,5446119.6777950032],[562123.82897307677,5446121.6776572559],[562143.9380605371,5446125.545590152],[562167.80235873233,5446135.6323284972],[562180.92598088318,5446140.6882029008],[562212.81401054841,5446156.5654898351],[562235.84437467239,5446165.6926932773],[562249.93831394555,5446168.7012588317],[562265.85917843541,5446173.6309735933],[562279.95416147599,5446176.6404902432],[562292.95878441865,5446182.6460421812],[562315.91106605425,5446193.6727011483],[562331.89556279394,5446202.5621206211],[562344.86361332622,5446212.6839694818],[562364.8797713985,5446225.5776090631],[562384.93749960547,5446240.6890679169],[562388.81113733677,5446244.6911219219],[562411.82607968873,5446259.6775075858],[562431.82401553949,5446274.6302770693],[562453.88695920678,5446289.6057915352],[562458.91155208927,5446294.5706485473],[562473.80399225722,5446302.6569402656],[562490.84031692124,5446312.6666725576],[562511.80958218989,5446325.5720756818],[562527.91561822081,5446338.5809188234],[562544.85657336493,5446352.5482214782],[562561.8963517159,5446367.6260587946],[562581.87266716768,5446379.5698029026],[562600.9331526017,5446388.6534728836],[562613.81882580149,5446395.6086585587],[562631.80824744795,5446405.6301629236],[562655.93092296773,5446415.5623167669],[562674.80977561255,5446421.6359092435],[562683.82275411498,5446424.5880051926],[562694.86326165241,5446431.6811868092],[562716.90266767668,5446443.6487232735],[562729.80764022004,5446448.5456954315],[562739.85077760182,5446449.6101600723],[562762.936225179,5446452.5647454215],[562786.93613561825,5446459.6465156823],[562809.94686081482,5446469.5666837152],[562830.85706869967,5446483.5813551089],[562835.82349755184,5446489.6545052323],[562845.8512012806,5446496.5781825855],[562866.84567252698,5446517.5595620433],[562889.95969787275,5446533.658314269],[562893.81069034757,5446534.6514072828],[562913.8478442257,5446550.5568872597],[562956.94938154193,5446567.6739592468],[562975.90922845271,5446575.6490754029],[563017.90164821106,5446596.5552531146],[563030.90549115615,5446602.5627083983],[563052.84588117467,5446614.6886812504],[563075.90016319253,5446630.6286950167],[563088.92228959524,5446634.5779939871],[563101.86448239977,5446636.62564753],[563134.85251919797,5446638.5862680469],[563148.95014356717,5446646.6647782335],[563165.9293805653,5446661.5858215997],[563171.87056256249,5446670.6787113054],[563176.92667094106,5446692.5887641991],[563179.81609085912,5446709.5644715801],[563179.80576864781,5446751.6845399467],[563183.82450086798,5446766.6150663225],[563191.81676234957,5446786.6580774151],[563197.80420324369,5446805.5699419081],[563206.8101181587,5446829.582569709],[563214.86505502451,5446853.5853002677],[563222.87803189689,5446876.6372910701],[563232.87456291285,5446896.5453783311],[563241.81887098285,5446916.5992021356],[563249.85012994788,5446937.5930359978],[563251.84292916337,5446949.6494676378],[563252.92271847068,5446962.6469124155],[563252.93139118864,5446976.5812005894],[563249.92023553187,5447016.6075084591],[563246.94997302606,5447027.6579262558],[563241.85826136707,5447043.5930266585],[563239.92777158739,5447066.6890518842],[563239.82081965508,5447086.6390978983],[563238.91986103496,5447106.5804623654],[563238.92040211975,5447141.5752886292],[563237.82045451319,5447160.5636972822],[563236.91425372858,5447171.6378709394],[563238.86270242895,5447177.6774166897],[563238.84867350082,5447188.6027638903],[563240.84051913605,5447200.6602024846],[563243.81228535774,5447224.6035573594],[563247.81082199921,5447241.5932159191],[563253.95771007903,5447265.5733087752],[563259.86469020077,5447287.6506824801],[563267.89498383342,5447308.6444682842],[563270.94045822637,5447325.6223064605],[563273.80625684583,5447339.5900292015],[563275.86216568039,5447360.6733135311],[563283.91317057656,5447384.6760641783],[563287.94921489945,5447397.5483930409],[563292.93890688801,5447411.6985501722],[563301.88309308898,5447435.5524181835],[563310.84621551074,5447458.6161798052],[563314.94108166569,5447471.6472104136],[563320.90389403852,5447487.5501110069],[563325.87614342233,5447507.5584974503],[563330.9240859804,5447520.6013226751],[563340.85847928911,5447541.6167388791],[563356.80969001097,5447568.5605448866],[563369.8792574174,5447588.6618827935],[563383.82278272859,5447610.6735116458],[563394.84659152001,5447628.6939409282],[563411.88470356842,5447647.5736571113],[563427.94975010364,5447664.7016138593],[563446.93395368184,5447684.5547293369],[563468.81341661082,5447701.5910671698],[563484.91601512465,5447714.6027214257],[563502.90442175989,5447729.694178666],[563525.81543812901,5447743.5757799353],[563548.92503566865,5447759.6763742743],[563567.92573109886,5447773.6712587792],[563588.87147338211,5447788.6385891354],[563606.91670098132,5447797.5555730527],[563629.9439778924,5447806.6884317361],[563646.81897020864,5447816.7007888928],[563668.87334174837,5447826.6139749642],[563690.88878628018,5447835.5773023702],[563713.85627199919,5447844.5514648994],[563735.93058652501,5447853.6744913505],[563755.82026860223,5447858.6543002995],[563777.93206502637,5447863.6600374347],[563801.83093098993,5447869.6370454933],[563824.81769705308,5447876.5530141396],[563846.9295476824,5447881.5597313624],[563869.83641388023,5447886.575070234],[563872.83432731335,5447888.6687885299],[563881.80563565518,5447890.671997305],[563894.86707487924,5447895.5739828236],[563907.83030786028,5447900.6324667968],[563929.8448505518,5447909.5967671284],[563953.88355646457,5447917.6350127039],[563976.81116787391,5447925.659287028],[563980.90026251308,5447928.5571031952],[564004.84161892324,5447940.5519386083],[564017.84389041341,5447946.5622537117],[564030.80714103207,5447951.6207160074],[564054.92582796246,5447961.5605437979],[564077.91417141503,5447973.5445600329],[564099.82959449862,5447982.6663529221],[564114.85788817587,5447991.5506596714],[564141.93450294889,5448002.6323590381],[564153.80400893488,5448005.6207659841],[564166.9445919916,5448008.6242140764],[564190.80364767811,5448013.6522932136],[564213.90762975672,5448019.6215476468],[564225.81811949087,5448023.5607072162],[564247.87086400134,5448029.675660003],[564256.86253025092,5448029.6226234902],[564278.91279033618,5448030.6704881992],[564317.95336863911,5448030.6506620636],[564330.93245213444,5448028.584878183],[564354.90811705729,5448027.5981447473],[564363.81882389088,5448025.6435249848],[564375.84586744173,5448023.5668991636],[564390.82986467087,5448022.6332047321],[564434.81098215817,5448020.6133655095],[564455.88855247397,5448018.6433800245],[564481.80927567754,5448018.6290359003],[564501.81472898717,5448017.5959315151],[564517.93256880087,5448019.6850480326],[564534.94008524227,5448016.5582421301],[564558.85657335119,5448016.6797959497],[564566.91344473499,5448014.5578185059],[564575.84589248151,5448015.612096549],[564590.88911092025,5448013.5710104089],[564604.80207668978,5448013.576125578],[564630.8626315525,5448015.6230144212],[564641.87745787716,5448014.6439102273],[564657.83377102285,5448011.6637902781],[564664.89857335843,5448008.5791644389],[564687.9004951833,5448004.5735707395],[564711.85445460619,5448000.5787992841],[564735.90825710283,5447997.6944961008],[564758.81037293561,5447992.5794031564],[564782.88340471149,5447987.6369235637],[564796.81560128892,5447985.5838424144],[564829.83931345248,5447979.6374808056],[564852.83874250902,5447970.5657458808],[564873.87635835703,5447967.6458330033],[564886.93356174615,5447963.6825000187],[564900.82576601056,5447960.6785901627],[564922.87467709661,5447956.6631361144],[564936.82609539526,5447952.551865248],[564956.84892236849,5447945.6614079894],[564978.91705503373,5447939.5877733547],[565001.89727805217,5447932.5751484185],[565035.95059090469,5447919.6748842206],[565055.89286601124,5447909.617754125],[565077.8800073032,5447901.6425108444],[565098.93687076017,5447896.665365722],[565110.80395788723,5447894.5885362513],[565143.86774509726,5447889.5958335502],[565167.862738939,5447886.5536723975],[565187.90634962125,5447882.6731188763],[565211.89883659419,5447874.5648459159],[565224.9570125672,5447870.6014034087],[565248.84929256735,5447862.649706048],[565270.89566256106,5447853.5680421954],[565291.89083004429,5447844.6330940984],[565301.93182594352,5447840.6341333156],[565339.8920340467,5447822.5572610386],[565361.85844248685,5447811.574942328],[565381.83874473034,5447798.668438253],[565403.82179752516,5447780.5608297857],[565414.91315274546,5447772.617000985],[565435.86217092979,5447752.597018824],[565440.86096856196,5447745.6895044614],[565452.92356713919,5447735.6983160609],[565479.84004400589,5447701.656330158],[565496.81978090713,5447681.5889953626],[565507.84677203686,5447664.6182746924],[565518.8338064464,5447646.6977353962],[565533.92762117472,5447624.5496083833],[565544.87365098821,5447605.6782851312],[565556.89107923768,5447584.602009655],[565564.81993389502,5447565.6951820264],[565574.85129327269,5447542.6957137808],[565580.85873443983,5447529.6245044582],[565589.8960149769,5447505.6624770956],[565597.86327282363,5447482.6392723555],[565605.94850794366,5447458.6664100634],[565609.89081118465,5447445.5705129327],[565612.94089630339,5447432.6224650815],[565615.89012591611,5447418.5639736401],[565616.95415339153,5447403.6927413614],[565617.8392540823,5447389.6095313188],[565627.82962194434,5447365.6602285551],[565632.88296798954,5447352.5772532821],[565635.89205036743,5447338.6784157446],[565638.94968392188,5447304.6707459902],[565639.95022492995,5447284.5717287669],[565638.89283773617,5447274.5832274621],[565638.86039775773,5447252.5727941813],[565635.92982730397,5447229.5781730982],[565631.86895636423,5447208.627790967],[565631.92262024852,5447198.6522192974],[565633.88143006107,5447188.7002367061],[565640.95530995226,5447169.624023716],[565659.8172490024,5447146.5711738067],[565671.95322329411,5447129.6143281497],[565683.90938318998,5447109.6463494115],[565697.82984173065,5447088.5935840355],[565711.88910783792,5447069.6011619959],[565731.92646747106,5447055.5891341353],[565743.83253632858,5447050.6638276419],[565767.80462071835,5447044.6154874004],[565805.92311117263,5447031.6105470834],[565811.95644775999,5447031.6825466854],[565832.87137921632,5447024.6478848336],[565855.8904252667,5447018.5887421118],[565868.82950951962,5447015.5758235706],[565882.86048259388,5447014.6350267241],[565908.94026275224,5447014.6292754989],[565928.92754986067,5447015.6598947467],[565938.83028673939,5447014.6696801074],[565957.8645478629,5447015.6895221779],[565981.88025581732,5447015.6600430543],[566002.91877669073,5447016.5449065706],[566047.83385022148,5447016.6069930634],[566071.94938146952,5447017.6869762829],[566085.86238114443,5447017.6957984352],[566109.91809659812,5447018.6170999352],[566125.89517321519,5447018.6496139076],[566145.8825135841,5447019.6811769418],[566165.94620845118,5447017.5462610731],[566178.88798603264,5447019.6024468429],[566196.81116636342,5447020.6082999557],[566209.89015648072,5447019.6576329991],[566233.90591762587,5447019.6290749898],[566256.92760695796,5447018.6379664727],[566270.92161685659,5447020.5483533554],[566292.81406495348,5447021.6024526507],[566316.82887504727,5447021.5749118105],[566327.86551555758,5447023.6075001433],[566343.82444925315,5447025.6991165467],[566367.94204140175,5447030.5811270149],[566387.93206357642,5447036.6807870725],[566409.92634823569,5447042.6454633446],[566433.82677976054,5447048.633660146],[566451.94908766786,5447050.5943948459],[566475.90471856052,5447051.6741758343],[566500.87361328932,5447051.6582983276],[566513.87360622617,5447052.6071016323],[566529.8507855027,5447052.6415320691],[566553.84742603195,5447054.6720663738],[566572.80380218429,5447057.5932358569],[566593.92408582731,5447061.6475772057],[566616.85337146604,5447069.684104315],[566628.80410919886,5447074.5787533848],[566648.83417764015,5447081.6291671135],[566669.89833781892,5447090.5929335682],[566693.84150760307,5447102.6000290569],[566714.88649839885,5447113.6219727239],[566738.85150978668,5447128.6380196093],[566762.85654046747,5447144.6048774179],[566783.80437264929,5447159.5844658688],[566801.83223666786,5447170.5709411474],[566821.92518598831,5447181.5810487084],[566837.86975677509,5447194.6010224726],[566839.81587208598,5447195.5743592707],[566867.85206387192,5447215.5492007975],[566875.85607021954,5447224.6715709642],[566884.93053150305,5447231.5910029011],[566891.88163585833,5447239.5921240048],[566910.82989148947,5447263.5739207147],[566925.90509673324,5447283.5508526433],[566942.82722895825,5447304.6576612191],[566970.84999446361,5447335.5588464634],[566984.87295175763,5447355.6805460257],[566995.95707010943,5447372.6002537003],[567009.92121721292,5447392.563229409],[567027.81369122711,5447411.6246567341],[567041.91503496584,5447428.5807808014],[567056.94929066917,5447447.6068824744],[567069.93854949134,5447464.5491206152],[567082.94766347983,5447480.7002058057],[567097.92211776075,5447499.5676216437],[567113.93131660193,5447521.6144097559],[567129.95869781601,5447541.6030519689],[567153.94552128483,5447564.6971366955],[567174.89728880837,5447588.5458428739],[567194.91484054097,5447611.591679655],[567216.83756486059,5447634.6610588999],[567233.95425179962,5447651.654625129],[567245.92868293938,5447664.6262827143],[567265.94627323316,5447687.6720852917],[567277.94160502043,5447703.6537252665],[567303.8810514838,5447741.6564380871],[567318.81463273463,5447759.5739949225],[567352.85079756414,5447797.6762706731],[567356.90113655757,5447799.6260711122],[567377.89916043344,5447799.5658100266],[567388.91686808108,5447803.6584210079],[567404.91888395534,5447815.5719331382],[567438.86806329503,5447836.5721287495],[567456.81422856741,5447845.6588552613],[567460.88442864455,5447850.6176804053],[567459.85604532936,5447857.572510683],[567455.82924024132,5447863.6988213276],[567450.92865290551,5447866.6467999583],[567417.86261141521,5447866.55936014],[567411.80998893501,5447868.5446525328],[567401.94871675968,5447875.5500072828],[567399.86804579222,5447882.6496306192],[567398.90220965876,5447898.6314126635],[567401.80311730108,5447904.6836413601],[567411.82714472327,5447906.5486523593],[567422.84118658467,5447905.5741839269],[567445.86440896709,5447904.5887195272],[567465.81122079818,5447904.6741922507],[567489.86656510073,5447905.6021337193],[567496.91229030513,5447904.5793997524],[567502.92394164728,5447901.6443326408],[567504.80825528363,5447898.6588931568],[567505.85410713428,5447884.5787312044],[567508.88580251625,5447873.689767153],[567511.8223972664,5447870.5595280454],[567515.9107126866,5447869.6590435514],[567518.80893832981,5447870.6441532215],[567523.89579096076,5447884.6416418068],[567529.81668279716,5447899.5985734574],[567535.93930680142,5447920.5755473385],[567547.95727596397,5447944.633254284],[567567.83325269585,5447965.6207181113],[567588.84215920535,5447989.6300244862],[567600.87661949848,5448006.5624252716],[567612.83274366194,5448026.6603525812],[567627.94537033944,5448047.589946595],[567641.88771617028,5448069.612982112],[567653.88387845329,5448090.6617004815],[567665.8992063331,5448109.6522434847],[567676.92147677066,5448127.6812215],[567689.90806276246,5448144.6253785361],[567704.84155173716,5448167.6110268412],[567718.90194021026,5448188.6853742255],[567729.86436703289,5448206.5546639236],[567763.8180676644,5448246.5592774255],[567777.8966437357,5448265.5754757496],[567788.89980100736,5448285.6625753576],[567797.93696478591,5448305.5675056614],[567805.90368551121,5448327.6753523797],[567811.86542981607,5448348.6511788815],[567815.95654016943,5448356.6189323599],[567820.88515651796,5448375.681389234],[567822.83479603147,5448390.5901110126],[567828.91450717102,5448410.6162758917],[567840.94811987714,5448427.5496118022],[567860.8195568705,5448439.669754792],[567873.86167311086,5448446.6392814284],[567879.93524257629,5448447.6639387254],[567892.95649482158,5448451.6244944297],[567897.81986410136,5448456.5939414278],[567900.87885049544,5448462.6482791416],[567904.83353310218,5448478.6899958979],[567900.8885068465,5448495.585170906],[567886.94118152198,5448513.6233175835],[567870.8906626578,5448530.6859516371],[567854.85487711418,5448535.5562162409],[567848.82370046829,5448545.6156517314],[567849.83938743919,5448554.6542909611],[567853.89048828441,5448561.6712196721],[567853.92951227864,5448562.6220677746],[567873.8584497394,5448568.5677178381],[567881.83650013921,5448564.5487490511],[567905.8876945693,5448551.5442344798],[567912.89349604293,5448549.5716726342],[567916.84373299463,5448551.6790251015],[567917.81669434952,5448554.6997796679],[567919.84190355206,5448557.574732882],[567919.82791523449,5448578.6344027333],[567917.9480907995,5448595.5551699335],[567917.95325585618,5448614.5566726439],[567917.81752891943,5448627.6977972575],[567916.81248845358,5448651.5959525909],[567919.93486900441,5448675.5454556681],[567924.95894389693,5448685.5831220746],[567931.3581513596,5448725.2461085785],[567938.83480105596,5448771.5791933248],[567935.95736234996,5448773.6020610677],[567931.87143036199,5448784.6368131898],[567933.80165482068,5448806.6708091423],[567933.90673327725,5448830.5828645127],[567935.9559582792,5448851.6681640884],[567942.82612834289,5448866.6378297703],[567949.23907456128,5448896.6335383952],[567955.86000036984,5448927.603802531],[567954.89196120459,5448948.6526743732],[567957.95246749627,5448968.6423868136],[567958.90801890299,5448982.5884989006],[567962.95890808746,5448994.6735722926],[567968.8161029059,5449005.6716738883],[567976.95567503758,5449015.5891989917],[567993.9089164238,5449032.5834745923],[568005.8787588788,5449045.5570592424],[568014.91302123247,5449061.6618066989],[568024.89941621048,5449081.5784632843],[568028.89216941828,5449098.5709462902],[568026.83189338353,5449122.6149005629],[568027.86547769082,5449134.6625510342],[568030.80700459331,5449155.6009000018],[568035.94911947858,5449164.6898693116],[568054.90576149977,5449181.5501399366],[568078.88554603059,5449204.6489295345],[568102.90288221487,5449218.5632953187],[568125.8689683734,5449232.6234108573],[568143.93168735458,5449244.5644440278],[568163.88046343601,5449258.5871484447],[568175.90850706701,5449266.6532634189],[568199.92592344119,5449280.5685933987],[568221.81994742923,5449295.565609687],[568241.88774854643,5449308.6396092288],[568264.87307822192,5449320.6425340287],[568278.8264915857,5449326.6739774318],[568295.8564096489,5449331.6354657458],[568319.95283911191,5449343.6512771603],[568336.80363952252,5449350.6698232321],[568350.81723527354,5449355.5938655138],[568373.88082794833,5449360.6301591834],[568394.91922499798,5449366.5916402405],[568416.8908417772,5449369.5558782443],[568438.80333217373,5449373.628454065],[568460.91383657174,5449378.6529799197],[568474.84743345191,5449381.6764072571],[568487.82792979432,5449384.6880904604],[568506.84214351536,5449391.5746944984],[568527.84232186119,5449401.6534196455],[568550.88664984156,5449417.6160739232],[568571.92687079858,5449428.6455814494],[568620.93303914811,5449455.6996600954],[568642.88545540895,5449469.5912428042],[568663.90556800575,5449482.6789040081],[568651.81803939654,5449484.5864854958],[568641.93467133155,5449488.5809583664],[568620.89593016601,5449487.6857047603],[568599.8566844567,5449476.6561719663],[568582.88683561538,5449470.5863659428],[568564.94290265907,5449457.6947727129],[568558.92936985916,5449455.5617831238],[568554.86073051707,5449455.669164611],[568531.89619970857,5449446.6752683716],[568512.92021218641,5449435.6713949721],[568491.90088516916,5449427.6508081872],[568476.83630681469,5449421.6055042939],[568452.95867926953,5449413.5496377209],[568432.89225477772,5449410.6089376882],[568409.90860901575,5449403.6731436765],[568385.85286959575,5449397.6742791897],[568362.808368308,5449390.5788503131],[568347.84365961514,5449385.6429813579],[568329.84074231633,5449377.66078291],[568307.88827664999,5449372.638380683],[568288.93326347065,5449364.6443852987],[568269.83837884944,5449354.5901280595],[568257.94918986456,5449348.5843334841],[568244.8887038111,5449343.672019531],[568224.86164912954,5449336.6159421811],[568203.90152220172,5449323.6878186027],[568182.90077219019,5449308.5438823663],[568177.85920765693,5449305.6315186573],[568157.95039975853,5449292.5586208794],[568137.92329037515,5449281.7014058102],[568116.92229013634,5449271.6246143384],[568097.94649456488,5449260.6226293035],[568076.88660599792,5449246.5860028425],[568059.81602354615,5449235.6075429879],[568036.92996765638,5449219.6488886001],[568031.94759151782,5449215.6291685905],[568015.86764017295,5449191.6779134274],[568003.93608545139,5449174.588062779],[567988.86914160801,5449154.6083235163],[567971.93603138323,5449135.5558806909],[567957.82120243169,5449115.5879189679],[567948.86596853111,5449097.584695749],[567939.83268899505,5449077.6797835948],[567936.95281439787,5449069.5684173126],[567926.94557682297,5449046.6428039707],[567917.95061918453,5449022.6215843866],[567906.87129428249,5449000.6328913094],[567900.81264268153,5448978.5476326896],[567898.80338154559,5448954.6120387185],[567894.90883838094,5448933.6628910704],[567889.80499780038,5448916.6564633176],[567890.81307424,5448896.558387557],[567892.85222576768,5448874.5726131648],[567896.91561111726,5448851.6626878278],[567897.84363938775,5448829.6629921049],[567897.85863752931,5448808.6033441825],[567896.84049704985,5448785.6303382479],[567891.87382082175,5448765.6170860371],[567880.81340146356,5448746.6373698693],[567874.85809922346,5448739.5968737435],[567873.86427245906,5448733.5671683112],[567875.86244364094,5448710.6315907026],[567875.86173178069,5448705.5644345526],[567871.91046731535,5448699.6569871791],[567857.954531222,5448688.5593737056],[567843.9568036478,5448667.6426984603],[567830.85310545273,5448651.6472580759],[567815.86234243854,5448633.5691593876],[567809.80619086442,5448621.6190814488],[567810.89640045783,5448618.623030426],[567829.82708885311,5448604.6046388624],[567839.82762286603,5448594.5934110917],[567841.83094417967,5448590.6593020931],[567831.86357924505,5448577.5527119553],[567829.83832984057,5448574.6767577669],[567818.90142489062,5448568.6836515991],[567815.88412660442,5448568.6462448668],[567811.87475665659,5448567.6472410755],[567807.94538600044,5448568.5488467626],[567785.95399663877,5448567.6456421036],[567763.91843169346,5448550.5892202379],[567743.92526608042,5448530.5505290739],[567733.91688797949,5448512.69301135],[567726.82864136051,5448502.629656136],[567719.91928130435,5448495.5774253216],[567708.94137841323,5448488.6335382974],[567704.9303138454,5448482.5674036723],[567703.85476062912,5448469.568942328],[567700.91479128227,5448462.5659113629],[567669.84221384104,5448425.6065412853],[567669.82135472377,5448422.5975739323],[567673.88713932049,5448413.6209943453],[567684.87977571122,5448404.572362652],[567690.86718313186,5448384.6939212251],[567690.92020425701,5448364.584060818],[567690.85762393207,5448355.5571513902],[567693.89031693689,5448344.6681982055],[567702.87516024825,5448325.6182915745],[567702.89060495258,5448314.6929234164],[567696.81088735361,5448294.665731051],[567680.8661719471,5448276.576834878],[567668.94995941594,5448253.6286215167],[567652.88524229999,5448232.6882872758],[567644.82308131352,5448219.6041704491],[567638.92400661926,5448207.6562313624],[567630.84003705007,5448191.5641771881],[567627.95720834541,5448179.6526893238],[567623.82171286806,5448160.5998588176],[567617.92260167224,5448148.650910859],[567611.82824484783,5448144.6182554448],[567589.93613372173,5448143.5574582824],[567574.94968297507,5448140.6827020347],[567554.94193601143,5448136.6374627957],[567543.90596592915,5448134.6020093048],[567533.94377721637,5448136.6967594931],[567509.87563646189,5448155.5624749474],[567495.86677876872,5448164.5746504273],[567486.93670965091,5448168.5828061542],[567477.90575166419,5448167.6803670656],[567466.94712237315,5448158.679260076],[567451.91287050757,5448134.5841400325],[567438.94554832613,5448115.5827800473],[567421.82968092407,5448098.5882919999],[567406.95888331812,5448084.6305185761],[567395.81940426817,5448072.6183414049],[567392.88115709741,5448070.6824187664],[567379.85567709291,5448056.5885191429],[567359.82343615405,5448040.6670215484],[567351.80208429496,5448033.6018563816],[567338.81295483408,5448011.5915244818],[567322.94641020894,5447991.6040514354],[567305.80978898064,5447971.6015370172],[567297.82646788703,5447961.6870902171],[567287.81992912036,5447952.6967396941],[567265.80261895619,5447938.6521993354],[567245.89047524286,5447925.5830910178],[567226.80774990155,5447904.6072264621],[567209.82919352001,5447884.606837404],[567195.90788603807,5447865.593680867],[567179.82061503874,5447841.6462777872],[567163.95414172066,5447821.658741083],[567145.88273079682,5447799.5872732773],[567137.85676443356,5447783.6548617166],[567125.84065406059,5447764.665228867],[567108.90116634348,5447745.6156478906],[567092.8347401151,5447724.6761890873],[567058.85498212418,5447681.6673721354],[567046.85978603456,5447665.6876999605],[567033.92964864813,5447647.6371319843],[567014.88605609629,5447627.6120190807],[566992.82625486259,5447607.5504202554],[566977.91265855578,5447592.6428187601],[566968.91751251533,5447582.5578340814],[566964.92440055148,5447575.700548077],[566948.81910232245,5447557.6123528015],[566934.93592513388,5447539.5499922698],[566928.93782833335,5447531.559658248],[566912.88971138652,5447508.5629819408],[566900.83438212704,5447493.6906698979],[566884.90627037268,5447473.5454282751],[566877.87512707384,5447463.6426939499],[566867.82147058065,5447443.5692430455],[566849.82892053796,5447424.6663826555],[566826.81518406188,5447404.5939846607],[566810.84879208973,5447388.5660784347],[566808.84183152206,5447383.6329244375],[566797.85695350869,5447366.5566478847],[566780.85487420729,5447343.5491915038],[566764.84749553213,5447326.5704923347],[566742.86488539458,5447304.6103385994],[566723.82217933529,5447289.6543247895],[566690.89644706412,5447256.6368522169],[566666.8695783444,5447237.6610286292],[566645.92175265902,5447222.6814227672],[566625.88901210844,5447210.5638648272],[566602.8397062791,5447199.6758910455],[566579.8714635357,5447190.6905045658],[566558.90649142303,5447181.5701724617],[566541.83441466617,5447175.6635603672],[566521.82615533716,5447171.6220890079],[566501.91672659782,5447168.6901444765],[566482.9015085405,5447165.6102454057],[566461.92103918642,5447163.6161836358],[566440.82251328253,5447162.5697725089],[566396.92009520403,5447162.67533853],[566387.87050141464,5447162.5658845678],[566370.94289826078,5447167.5878082672],[566275.45941138756,5447164.3415665785],[566221.80703171284,5447163.5796439117],[566212.81369017996,5447158.5627317997],[566188.91690470849,5447157.6425787536],[566167.81847865146,5447156.5980928252],[566155.85056035221,5447157.5626786454],[566132.9068501126,5447156.6542752916],[566113.86894374015,5447150.5673668301],[566094.9536617886,5447148.5988619793],[566071.94459258683,5447138.6645518439],[566051.83820932475,5447138.5816653315],[566039.83133367263,5447138.596370901],[566016.88667940197,5447137.6889766483],[566006.88406525447,5447137.5687093185],[565991.95886122913,5447138.6574683245],[565977.92786576459,5447139.5982807968],[565964.80794611911,5447139.6001275014],[565941.88604719553,5447141.7006302811],[565921.82330415794,5447147.6366336057],[565903.80647685018,5447155.6554785799],[565880.86834704503,5447163.6152147502],[565858.82312905742,5447172.6951233996],[565835.88403691887,5447180.6558861854],[565822.80506696994,5447181.6074830256],[565799.86045360472,5447180.7010228066],[565777.87179750914,5447183.6053933147],[565763.84342543816,5447189.6143090092],[565739.95483242336,5447202.6303678574],[565729.81661494903,5447210.5850869166],[565712.87998542888,5447231.602298745],[565700.90460472053,5447253.6284336355],[565698.85373037879,5447277.6723405914],[565698.82186191052,5447290.6568595376],[565699.901044767,5447303.6543143513],[565700.92553003435,5447326.6263691755],[565703.87536982377,5447347.5637829406],[565703.8424602634,5447360.5473344149],[565703.90940838133,5447374.6413690234],[565706.95802351623,5447396.6872993959],[565710.91101804387,5447402.5938335331],[565717.9591984998,5447406.6363844238],[565722.88146571338,5447406.6944570374],[565725.91687657381,5447404.6728043351],[565735.84735620406,5447380.5638184855],[565742.82307337783,5447361.6451441888],[565751.94127919315,5447339.5846289201],[565760.95936656184,5447317.6826967699],[565773.83054197964,5447300.5758091658],[565789.93774624751,5447283.6661860822],[565795.83128660731,5447281.6778855193],[565799.86230743804,5447285.6849538721],[565800.89792252146,5447292.6644984288],[565798.91738001513,5447299.6085192291],[565785.87091257016,5447322.5715313731],[565777.90472287044,5447345.5947671095],[565767.85365171335,5447365.5852890955],[565757.93880672567,5447382.5690164007],[565745.88241787232,5447402.6935281707],[565736.82336277503,5447423.6456614751],[565728.91635150695,5447445.561497407],[565725.94535066315,5447456.6110415701],[565725.83149306034,5447467.6939894287],[565731.89115811896,5447479.6421701349],[565740.94361499755,5447483.5497577349],[565740.12285913643,5447506.6588436943],[565738.81038884609,5447540.6879491052],[565711.83774292551,5447579.6365235914],[565700.83155032829,5447599.6152866464],[565695.83640286746,5447611.5909089921],[565687.90915242082,5447635.5649028029],[565683.80683175451,5447648.6586956345],[565678.81167825451,5447660.6343089314],[565671.81570862129,5447681.6111179441],[565659.83824484202,5447703.637201041],[565646.86769960343,5447724.700689394],[565634.80961802299,5447743.5591044817],[565618.82188794005,5447764.5870872932],[565610.84757869446,5447773.6769187674],[565592.85490630695,5447793.5728140622],[565575.85333953798,5447810.630207045],[565554.9225492134,5447828.5920913517],[565535.81430951215,5447839.6078368863],[565512.89739806647,5447855.6455289349],[565491.92654572008,5447872.6555728801],[565473.81036492996,5447884.6339238193],[565467.81952690333,5447890.5797979273],[565451.90567560459,5447899.5750061432],[565440.87416522333,5447907.6784943873],[565419.87899256812,5447916.6134762866],[565395.82920489123,5447929.6292383624],[565375.92690654425,5447940.6362686995],[565359.87579055224,5447952.6382569103],[565351.89788169134,5447956.6609840225],[565329.95064942376,5447965.5851112017],[565315.80213226727,5447972.5435931562],[565303.91577362327,5447976.6776148509],[565282.92061501252,5447985.6135469694],[565259.80214315664,5447995.6331008673],[565241.84337481053,5448002.5463605225],[565230.92731508578,5448004.6340721827],[565207.82900872733,5448012.5944016008],[565194.91056475695,5448018.6171157723],[565182.94420227851,5448024.6516506616],[565169.86777547386,5448030.6731929136],[565146.90825762774,5448040.693826708],[565122.83517599315,5448045.6354181245],[565109.85600852047,5448047.6993380561],[565090.86320428818,5448052.7002014304],[565067.80391011317,5448061.6123306304],[565043.8513899158,5448070.6723373476],[565022.83546589909,5448076.6002139105],[565005.86784593982,5448080.6759337736],[564975.88195217669,5448089.6648422759],[564953.93374268233,5448098.5908796117],[564931.94554104866,5448106.5661023641],[564910.91037417343,5448114.5521015674],[564866.83326421469,5448125.592932296],[564844.94336950814,5448129.6114784861],[564830.85212796915,5448131.6624378869],[564817.91293151968,5448134.6771096783],[564793.83985665184,5448139.6195855606],[564771.89166241256,5448148.5465606041],[564759.88531353336,5448153.6312068785],[564739.87973644957,5448154.662372902],[564719.91418802016,5448156.6453392571],[564706.81600823812,5448159.6588662742],[564680.81609549525,5448161.5707680304],[564656.861090224,5448165.5655583646],[564609.8858749799,5448175.6240153452],[564591.80620779516,5448179.6877210038],[564576.88286681322,5448184.5802153461],[564563.84791553253,5448196.6205530819],[564551.95907953091,5448195.6893654168],[564542.80686399748,5448190.6731946571],[564520.93372460804,5448187.5674141375],[564508.88591381162,5448186.6350955041],[564500.92822935502,5448188.6005155416],[564484.8361028533,5448199.6544973431]]]},"properties":{"WATERBODY_POLY_ID":700004712,"WATERSHED_GROUP_ID":63,"WATERBODY_TYPE":"R","WATERBODY_KEY":328998084,"AREA_HA":204.79815866126401,"GNIS_ID_1":21105,"GNIS_NAME_1":"Nicomen Slough","GNIS_ID_2":null,"GNIS_NAME_2":null,"GNIS_ID_3":null,"GNIS_NAME_3":null,"BLUE_LINE_KEY":355991886,"WATERSHED_KEY":356364114,"FWA_WATERSHED_CODE":"100-000000-000000-000000-000000-000000-000000-000000-000000-000000-000000-000000-000000-000000-000000-000000-000000-000000-000000-000000-000000","LOCAL_WATERSHED_CODE":null,"WATERSHED_GROUP_CODE":"HARR","LEFT_RIGHT_TRIBUTARY":"NONE","WATERBODY_KEY_50K":null,"WATERSHED_GROUP_CODE_50K":null,"WATERBODY_KEY_GROUP_CODE_50K":null,"WATERSHED_CODE_50K":null,"FEATURE_CODE":"GA24850000","OBJECTID":931112,"GEOMETRY.AREA":0,"GEOMETRY.LEN":0,"FEATURE_AREA_SQM":2047982.0399,"FEATURE_LENGTH_M":33552.425499999998}},{"type":"Feature","id":933926,"geometry":{"type":"Polygon","coordinates":[[[565740.94361499755,5447483.5497577349],[565745.82593226933,5447482.6580144595],[565765.84260244598,5447465.6370692644],[565783.87415848114,5447446.6918961005],[565800.81737606553,5447434.5428680889],[565819.80458032747,5447420.6765796989],[565843.84961684537,5447402.5945277205],[565861.8239148967,5447388.5577808693],[565881.94035678601,5447372.6462647477],[565903.88392001786,5447358.6577916788],[565926.86046424834,5447346.5807126444],[565945.88663152815,5447333.6652322393],[565957.87013696367,5447325.5744093107],[565971.8995638726,5447319.5664259717],[565989.9372251092,5447314.556584809],[566013.81126188696,5447308.666700501],[566027.89888505172,5447301.5513822297],[566050.95610615844,5447292.6439223345],[566073.93526204,5447285.6349249287],[566093.87901630346,5447280.6475919345],[566117.85124244727,5447274.6011649258],[566141.94248232956,5447267.606032405],[566162.95736517559,5447261.6827923115],[566181.82745053666,5447252.5661761174],[566193.82978474116,5447243.6841977071],[566203.82718903827,5447233.6701519554],[566215.86429423105,5447215.6046926724],[566225.89609062474,5447197.6732432051],[566229.93814698281,5447185.6877445756],[566227.905806366,5447172.6785004996],[566221.80703171284,5447163.5796439117],[566275.45941138756,5447164.3415665785],[566370.94289826078,5447167.5878082672],[566350.84373881319,5447177.6392137595],[566327.90816546441,5447190.6642366089],[566307.92896671663,5447203.5670826845],[566299.93393025291,5447209.6470621182],[566280.82778778893,5447220.6600253414],[566260.84857526282,5447233.5628523193],[566239.85812722961,5447247.5622286219],[566216.8633652454,5447261.6955683958],[566200.95061859034,5447270.6889872076],[566187.9333976073,5447275.5994203426],[566163.88315811125,5447283.545341148],[566149.93276142876,5447287.6538507426],[566114.94566822622,5447294.676629032],[566094.90204787464,5447298.553479882],[566073.946016022,5447304.6364090173],[566066.92218524928,5447308.6689816331],[566059.91759480489,5447310.6443702755],[566054.9578892563,5447314.7016424676],[566034.91686486115,5447323.6456142627],[566012.95257081639,5447334.6261362638],[565988.90390407515,5447347.6391716534],[565976.93959776382,5447353.6718158275],[565954.83447316452,5447362.5920560732],[565940.92401358904,5447367.6503368896],[565931.89528904716,5447370.5518230135],[565921.83608425222,5447376.6070395159],[565886.86133398081,5447407.7003281228],[565869.89926911145,5447420.6404850865],[565850.87207281531,5447433.5559716066],[565832.89776257204,5447447.5927064978],[565814.90528280823,5447463.6885684663],[565795.9206534595,5447482.621973535],[565775.88477866794,5447501.7011002824],[565757.89320563897,5447521.5970712258],[565738.81038884609,5447540.6879491052],[565740.12285913643,5447506.6588436943],[565740.94361499755,5447483.5497577349]]]},"properties":{"WATERBODY_POLY_ID":700091252,"WATERSHED_GROUP_ID":63,"WATERBODY_TYPE":"R","WATERBODY_KEY":329710483,"AREA_HA":2.2098590005844798,"GNIS_ID_1":null,"GNIS_NAME_1":null,"GNIS_ID_2":null,"GNIS_NAME_2":null,"GNIS_ID_3":null,"GNIS_NAME_3":null,"BLUE_LINE_KEY":355991895,"WATERSHED_KEY":356364114,"FWA_WATERSHED_CODE":"100-000000-000000-000000-000000-000000-000000-000000-000000-000000-000000-000000-000000-000000-000000-000000-000000-000000-000000-000000-000000","LOCAL_WATERSHED_CODE":null,"WATERSHED_GROUP_CODE":"HARR","LEFT_RIGHT_TRIBUTARY":"NONE","WATERBODY_KEY_50K":null,"WATERSHED_GROUP_CODE_50K":null,"WATERBODY_KEY_GROUP_CODE_50K":null,"WATERSHED_CODE_50K":null,"FEATURE_CODE":"GA24850000","OBJECTID":933926,"GEOMETRY.AREA":0,"GEOMETRY.LEN":0,"FEATURE_AREA_SQM":22098.629799999999,"FEATURE_LENGTH_M":1567.6498000000001}},{"type":"Feature","id":931149,"geometry":{"type":"Polygon","coordinates":[[[568041.3501746055,5445374.0042579304],[567702.84513353859,5445357.6988169104],[567694.81999704882,5445350.6336636348],[567684.93444245402,5445349.5620065294],[567663.94170424039,5445354.6886348408],[567651.83305190527,5445353.5902050249],[567639.88035092445,5445348.6927275322],[567629.90909315273,5445340.6532343626],[567616.90726920648,5445318.6428403547],[567608.91339745466,5445303.6602062033],[567601.8584432716,5445294.5476337373],[567591.86903963203,5445288.5663282871],[567571.91780334001,5445284.6799006499],[567529.95731130615,5445280.6834108969],[567506.83494489244,5445280.5585264387],[567486.90761630901,5445279.6820289325],[567464.85060704988,5445273.5530495532],[567443.84753378551,5445268.546283206],[567424.9304015435,5445266.5732074939],[567403.86819966696,5445262.6748274649],[567393.82468906604,5445261.601972728],[567376.90881051263,5445255.6947057042],[567357.8461827666,5445246.5951073347],[567343.88762157701,5445240.5655686008],[567332.92238538642,5445231.5644834926],[567317.9154059171,5445209.6880795732],[567311.93059132365,5445199.6395864394],[567295.81556080421,5445181.5494294446],[567276.84410690702,5445164.6920001879],[567259.86275603832,5445153.5588779338],[567238.93676145619,5445146.6535715209],[567220.85476067057,5445145.6418798715],[567198.90441496565,5445145.6914486717],[567175.91735527664,5445142.5616318053],[567152.95010142343,5445138.6396374973],[567136.93222410104,5445137.65359056],[567113.88798562274,5445135.6310671354],[567089.93075700849,5445134.5486278702],[567073.87187024718,5445132.6117677288],[567061.82417207106,5445131.6738767149],[567038.81995419669,5445130.6021744777],[567015.93378414423,5445128.5827833097],[566991.87740916049,5445127.6578681329],[566969.86725703999,5445127.5486990046],[566948.86901979102,5445127.6109935651],[566932.8101411364,5445125.6741043339],[566919.89042207145,5445126.6260804944],[566907.88274226512,5445126.639008888],[566890.90720594232,5445120.5749604944],[566870.83352650935,5445112.5728377393],[566848.85375246662,5445104.5471990751],[566826.95667957386,5445099.6902253293],[566812.92028531828,5445095.5621130876],[566800.84976657305,5445091.6151831737],[566787.82524542394,5445087.6575384382],[566764.93349169241,5445080.5719196489],[566752.84484460438,5445078.684180364],[566737.85541015095,5445074.5442979774],[566714.86546688946,5445067.6151752528],[566696.81497228146,5445058.6888810117],[566675.84647261142,5445049.5675940225],[566645.94634185405,5445040.656341183],[567016.70009824482,5444827.8906504577],[567281.87573907839,5444684.6439418839],[567283.84565474861,5444688.6262620315],[567301.8791167622,5444699.6136218533],[567320.82561163208,5444709.661876753],[567330.8149247343,5444715.6432466758],[567353.80592939665,5444722.57416353],[567367.94822927925,5444731.6137717571],[567380.91364470182,5444736.6807347462],[567393.89722170774,5444739.68948597],[567416.8472237119,5444745.6695785299],[567424.9085965514,5444748.6183822816],[567445.94208925881,5444761.7012737822],[567461.82483310252,5444765.6961033959],[567482.90981690993,5444772.6044864859],[567503.87274921441,5444776.66040604],[567527.95203666226,5444780.5971630774],[567551.95028826478,5444782.6322598364],[567571.93736170081,5444783.6684010522],[567578.82284508424,5444782.6445068633],[567598.91749877087,5444772.5975492513],[567646.81963746587,5444764.6337613473],[567657.83329721063,5444763.6601588912],[567674.87551681884,5444757.6931597795],[567697.83807915903,5444756.549777477],[567718.89523918845,5444756.6499785902],[567741.95864280243,5444756.6160614602],[567759.92267117498,5444758.5783112757],[567782.8620159378,5444755.6920090318],[567796.91098262591,5444752.6975642461],[567809.82406044437,5444746.6812840132],[567822.89710569137,5444740.6660743076],[567845.84891410149,5444730.6553545324],[567859.93217610451,5444723.5445594201],[567869.95280327857,5444721.6093333019],[567889.87029569061,5444713.6193797439],[567898.9149992601,5444708.6633893484],[567912.87049961521,5444693.6339310231],[568248.70057768887,5444966.2123547383],[568596.84000160289,5445351.6318174507],[568581.81589949876,5445351.6036011847],[568569.80798389646,5445351.6127863629],[568546.90422445536,5445351.6450007427],[568524.85366722255,5445350.5794286318],[568513.82070618181,5445353.6093809595],[568489.91558888438,5445363.6054764669],[568465.80942419334,5445372.6486913012],[568453.88356463297,5445374.5594558828],[568429.80960877158,5445375.686138303],[568417.80173556879,5445375.6962988861],[568404.84176193119,5445375.6936782133],[568391.88178855216,5445375.6910553491],[568385.84841867711,5445375.6162754819],[568368.90586430556,5445382.6908907956],[568349.86220354377,5445392.5891924864],[568339.82335875579,5445396.582651793],[568041.3501746055,5445374.0042579304]]]},"properties":{"WATERBODY_POLY_ID":700091060,"WATERSHED_GROUP_ID":63,"WATERBODY_TYPE":"R","WATERBODY_KEY":329710402,"AREA_HA":77.325799857452509,"GNIS_ID_1":null,"GNIS_NAME_1":null,"GNIS_ID_2":null,"GNIS_NAME_2":null,"GNIS_ID_3":null,"GNIS_NAME_3":null,"BLUE_LINE_KEY":355992485,"WATERSHED_KEY":356364114,"FWA_WATERSHED_CODE":"100-000000-000000-000000-000000-000000-000000-000000-000000-000000-000000-000000-000000-000000-000000-000000-000000-000000-000000-000000-000000","LOCAL_WATERSHED_CODE":null,"WATERSHED_GROUP_CODE":"HARR","LEFT_RIGHT_TRIBUTARY":"NONE","WATERBODY_KEY_50K":null,"WATERSHED_GROUP_CODE_50K":null,"WATERBODY_KEY_GROUP_CODE_50K":null,"WATERSHED_CODE_50K":null,"FEATURE_CODE":"GA24850000","OBJECTID":931149,"GEOMETRY.AREA":0,"GEOMETRY.LEN":0,"FEATURE_AREA_SQM":773258.01049999997,"FEATURE_LENGTH_M":4416.7004999999999}},{"type":"Feature","id":933948,"geometry":{"type":"Polygon","coordinates":[[[567366.8194737857,5448519.5978554804],[567362.86657748616,5448508.6232550154],[567361.85198574956,5448499.5855687922],[567366.89006474172,5448488.5626151934],[567381.92934783536,5448472.5946483091],[567388.8100572573,5448452.5683458494],[567391.84379148495,5448441.679380605],[567394.85840374231,5448436.6497214688],[567397.92874609027,5448416.5763073871],[567397.86792355264,5448412.617534847],[567401.9337355966,5448403.6409728471],[567402.80411127792,5448396.6840297477],[567405.89970874158,5448393.5549365627],[567413.85318268696,5448377.6588484691],[567423.80934858054,5448356.5626268908],[567431.92179333139,5448340.6676472556],[567449.85594718135,5448315.5514760604],[567457.93114210735,5448307.5749219777],[567466.93921704078,5448301.6673255712],[567477.81449705455,5448298.6335364832],[567493.81123658631,5448296.6126373429],[567500.8795381044,5448303.6660185335],[567501.81788885745,5448319.6713128947],[567495.90942984459,5448337.6502534738],[567490.83674025815,5448361.6567611517],[567483.9352120253,5448378.674131684],[567475.86005475395,5448386.65168068],[567460.91722902248,5448393.5939043919],[567446.82396507426,5448390.5712121995],[567441.94055237435,5448387.6619413095],[567432.81073103263,5448385.649979515],[567429.93329655135,5448387.6728380201],[567424.914399656,5448396.6376505932],[567417.91401439125,5448412.5454895422],[567417.93823044479,5448425.6887088409],[567416.93305362866,5448449.5868952647],[567415.92450610723,5448459.5506806271],[567410.94894071389,5448479.5995352874],[567404.81892148301,5448488.5504202303],[567383.80495918402,5448504.6042082459],[567366.8194737857,5448519.5978554804]]]},"properties":{"WATERBODY_POLY_ID":700091393,"WATERSHED_GROUP_ID":63,"WATERBODY_TYPE":"R","WATERBODY_KEY":329710510,"AREA_HA":0.87049777525067307,"GNIS_ID_1":21286,"GNIS_NAME_1":"Deroche Creek","GNIS_ID_2":null,"GNIS_NAME_2":null,"GNIS_ID_3":null,"GNIS_NAME_3":null,"BLUE_LINE_KEY":356311674,"WATERSHED_KEY":356311674,"FWA_WATERSHED_CODE":"100-069516-000000-000000-000000-000000-000000-000000-000000-000000-000000-000000-000000-000000-000000-000000-000000-000000-000000-000000-000000","LOCAL_WATERSHED_CODE":null,"WATERSHED_GROUP_CODE":"HARR","LEFT_RIGHT_TRIBUTARY":"RIGHT","WATERBODY_KEY_50K":null,"WATERSHED_GROUP_CODE_50K":null,"WATERBODY_KEY_GROUP_CODE_50K":null,"WATERSHED_CODE_50K":null,"FEATURE_CODE":"GA24850000","OBJECTID":933948,"GEOMETRY.AREA":0,"GEOMETRY.LEN":0,"FEATURE_AREA_SQM":8705.0236000000004,"FEATURE_LENGTH_M":581.98200000000008}},{"type":"Feature","id":931108,"geometry":{"type":"Polygon","coordinates":[[[567771.88720873534,5445512.6182091394],[567800.93303782574,5445539.6680361424],[567829.9529097816,5445566.694933136],[567820.81669800868,5445580.6757333884],[567818.90217598982,5445591.5776777258],[567818.85179160733,5445601.5533558261],[567824.94340822147,5445642.6404671008],[567826.88485830824,5445659.6074317517],[567827.89612070285,5445679.5716313422],[567827.87799888721,5445702.6896183249],[567827.9086584386,5445714.5669150371],[567826.89173844131,5445731.6551875686],[567825.82075532759,5445753.6529069664],[567822.80263240158,5445774.6763383858],[567822.83796428505,5445791.6197877349],[567819.89409172779,5445805.6764909904],[567818.82206299086,5445827.6732334578],[567817.90909298626,5445849.6730865007],[567816.89523722115,5445870.5624700952],[567816.8153120284,5445914.5815626075],[567815.95272720489,5445926.6057548774],[567815.90134052676,5445936.5814353125],[567814.9062811808,5445956.6786759021],[567814.86735227238,5445980.5887909094],[567814.95113448612,5446008.617374259],[567813.9113772586,5446022.6976144947],[567814.81305097672,5446032.6850278461],[567814.8883989217,5446050.5792572806],[567815.92617889377,5446057.5588160865],[567818.8224560722,5446079.605715516],[567822.94400916062,5446095.6486542635],[567822.91077385191,5446103.5661374042],[567828.90521934628,5446127.5500417342],[567831.89286806085,5446140.5711008934],[567836.82473482634,5446175.6272442052],[567838.88119270676,5446191.6455580974],[567842.84859200264,5446237.61541152],[567843.83498785354,5446254.5705968756],[567847.86046842462,5446274.5721767414],[567849.84367123723,5446297.5571054164],[567850.8670208687,5446311.6619897606],[567851.89244325261,5446329.5680338917],[567854.94670954335,5446351.6160219153],[567858.85320074356,5446372.5662918091],[567859.91657480877,5446387.6219933853],[567862.94797549013,5446406.6610103901],[567863.86011853779,5446430.5828272775],[567865.83558218868,5446444.7004768737],[567867.95394135674,5446464.6785652181],[567869.91056252178,5446479.5873248624],[567876.85511319991,5446503.5829959568],[567890.8403937174,5446547.6176548619],[567891.81136609067,5446571.6981447656],[567891.93987215695,5446584.6849007765],[567892.86238525994,5446597.6802827101],[567892.83187286835,5446610.6649177736],[567891.81501431484,5446631.5542394267],[567888.81568790518,5446655.5855658213],[567879.83809062932,5446674.635612702],[567868.85822194093,5446697.6198180215],[567859.9034388361,5446719.6777959587],[567849.91293523239,5446738.5574076353],[567840.95714403386,5446760.6154141929],[567829.89724908071,5446781.6989356726],[567819.84850977431,5446801.6848614123],[567805.85137050971,5446824.6316190809],[567791.95510728867,5446848.6888169628],[567778.91002535715,5446871.6473437585],[567767.88636691135,5446888.6135097714],[567755.91334037739,5446910.6350596324],[567746.81668285932,5446930.6337292157],[567735.85489478637,5446951.5596779659],[567726.8570719437,5446972.6678692196],[567717.94028404308,5446995.6776554659],[567702.92812294106,5447014.652785209],[567702.8816903031,5447003.5676600626],[567699.81604145397,5446988.6459991708],[567698.89451556734,5446975.6496377708],[567701.82430307183,5446963.6511309529],[567713.81650768756,5446939.5714084618],[567725.88939226908,5446918.6593681257],[567737.90340371104,5446897.587607298],[567749.85827588663,5446877.6242142515],[567760.87822687975,5446855.5909093572],[567770.88692257681,5446834.6531831957],[567784.82425161719,5446811.5477669826],[567790.88925058988,5446798.6379644405],[567803.8324336682,5446774.56900487],[567815.90526842338,5446753.6569012608],[567829.96056781907,5446729.6027844902],[567840.89943148941,5446705.6678130412],[567850.84826449654,5446684.5713627553],[567857.82057695428,5446665.6553849792],[567860.80850255443,5446652.5494852979],[567862.90317933203,5446639.5905079395],[567863.92683202866,5446627.5694500972],[567864.90942031634,5446614.5966066578],[567865.8082876578,5446594.6559493626],[567862.91403169662,5446572.6100990679],[567857.89744423074,5446551.6459305808],[567855.9371078324,5446531.6700233882],[567852.86568402662,5446511.6802062737],[567851.94317693566,5446498.6848112922],[567849.86112769635,5446474.5903961677],[567845.91461357207,5446452.6893224157],[567839.86227966135,5446428.5457539819],[567834.92272323091,5446405.6830932377],[567830.95741410425,5446384.5741178058],[567824.81263163057,5446344.5954947434],[567823.87193186639,5446333.6572451349],[567821.95534288499,5446319.6992901396],[567819.87230419915,5446295.6048667813],[567819.81611116545,5446275.6524749985],[567817.82250353019,5446263.5929696476],[567816.89900325378,5446250.5975793824],[567814.86441897182,5446237.5882819025],[567812.90309541824,5446217.6123429257],[567809.84784438286,5446195.5643628277],[567806.87156631052,5446171.6168292006],[567802.84609856654,5446151.6152242525],[567801.90344921791,5446140.6780356802],[567800.95336768345,5446119.606475113],[567797.85809826595,5446096.6076359795],[567792.85670533171,5446073.5853005173],[567790.83254068834,5446049.6505199885],[567790.95053751883,5446048.7018464617],[567788.8883786659,5446027.6164007569],[567785.91011270566,5446003.6689055376],[567783.92121562804,5445975.6167887431],[567781.92666176718,5445963.5582831679],[567780.84310814482,5445950.559772755],[567779.91861471219,5445937.5643770015],[567779.95755256468,5445913.6542509468],[567780.88873142609,5445889.5972349336],[567783.86684942909,5445867.6230011117],[567787.8370499853,5445846.6113850949],[567789.84399441839,5445826.6845777817],[567789.84964739508,5445810.6909301085],[567790.89311991283,5445801.6778592691],[567790.93412287196,5445781.5688802209],[567791.92511386657,5445757.6704958873],[567792.923846405,5445742.6394164218],[567792.93417265092,5445689.5933318613],[567792.81308531784,5445665.681059204],[567792.84060530318,5445652.6964063859],[567790.8897299919,5445625.5950955031],[567788.85316025594,5445612.585787422],[567787.9276232277,5445599.5893819463],[567783.81818121276,5445577.6871356023],[567778.85587784252,5445555.6165409302],[567773.81149256823,5445531.6433478175],[567771.88720873534,5445512.6182091394]]]},"properties":{"WATERBODY_POLY_ID":700000676,"WATERSHED_GROUP_ID":63,"WATERBODY_TYPE":"R","WATERBODY_KEY":328970818,"AREA_HA":4.2938802084773799,"GNIS_ID_1":27791,"GNIS_NAME_1":"Quaamitch Slough","GNIS_ID_2":null,"GNIS_NAME_2":null,"GNIS_ID_3":null,"GNIS_NAME_3":null,"BLUE_LINE_KEY":356330954,"WATERSHED_KEY":356330954,"FWA_WATERSHED_CODE":"100-067925-000000-000000-000000-000000-000000-000000-000000-000000-000000-000000-000000-000000-000000-000000-000000-000000-000000-000000-000000","LOCAL_WATERSHED_CODE":null,"WATERSHED_GROUP_CODE":"HARR","LEFT_RIGHT_TRIBUTARY":"RIGHT","WATERBODY_KEY_50K":null,"WATERSHED_GROUP_CODE_50K":null,"WATERBODY_KEY_GROUP_CODE_50K":null,"WATERSHED_CODE_50K":null,"FEATURE_CODE":"GA24850000","OBJECTID":931108,"GEOMETRY.AREA":0,"GEOMETRY.LEN":0,"FEATURE_AREA_SQM":42938.746800000001,"FEATURE_LENGTH_M":3135.4499000000001}}]}