{"type":"FeatureCollection","crs":{"type":"name","properties":{"name":"EPSG:32610"}},"features":[{"type":"Feature","id":5374165,"geometry":{"type":"LineString","coordinates":[[568649.88692498556,5449131.6017513452],[568654.94686519669,5449123.5896815388],[568657.92240220623,5449117.6091642659],[568661.87117301603,5449109.5821942994],[568663.91450328869,5449106.5988841457]]},"properties":{"LINEAR_FEATURE_ID":701347844,"WATERSHED_GROUP_ID":63,"EDGE_TYPE":1000,"BLUE_LINE_KEY":356264912,"WATERSHED_KEY":356264912,"FWA_WATERSHED_CODE":"100-070298-000000-000000-000000-000000-000000-000000-000000-000000-000000-000000-000000-000000-000000-000000-000000-000000-000000-000000-000000","LOCAL_WATERSHED_CODE":"100-070298-000000-000000-000000-000000-000000-000000-000000-000000-000000-000000-000000-000000-000000-000000-000000-000000-000000-000000-000000","WATERSHED_GROUP_CODE":"HARR","DOWNSTREAM_ROUTE_MEASURE":72.001811489051903,"LENGTH_METRE":28.7118458985262,"FEATURE_SOURCE":"RiverStream","GNIS_ID":30466,"GNIS_NAME":"Zaitscullachan Slough","LEFT_RIGHT_TRIBUTARY":"RIGHT","STREAM_ORDER":2,"STREAM_MAGNITUDE":3,"WATERBODY_KEY":null,"BLUE_LINE_KEY_50K":535,"WATERSHED_CODE_50K":"100071820000000000000000000000000000000000000","WATERSHED_KEY_50K":535,"WATERSHED_GROUP_CODE_50K":"HARR","GRADIENT":null,"FEATURE_CODE":"GA24850000","OBJECTID":5374165,"GEOMETRY.LEN":0,"FEATURE_LENGTH_M":28.724400000000003}},{"type":"Feature","id":5374456,"geometry":{"type":"LineString","coordinates":[[568590.38497935166,5449168.4922828712],[568639.96578188112,5449146.0467337631],[568649.88692498556,5449131.6017513452]]},"properties":{"LINEAR_FEATURE_ID":701347834,"WATERSHED_GROUP_ID":63,"EDGE_TYPE":1450,"BLUE_LINE_KEY":356264912,"WATERSHED_KEY":356264912,"FWA_WATERSHED_CODE":"100-070298-000000-000000-000000-000000-000000-000000-000000-000000-000000-000000-000000-000000-000000-000000-000000-000000-000000-000000-000000","LOCAL_WATERSHED_CODE":"100-070298-000000-000000-000000-000000-000000-000000-000000-000000-000000-000000-000000-000000-000000-000000-000000-000000-000000-000000-000000","WATERSHED_GROUP_CODE":"HARR","DOWNSTREAM_ROUTE_MEASURE":0,"LENGTH_METRE":72.001811489051903,"FEATURE_SOURCE":"OP","GNIS_ID":30466,"GNIS_NAME":"Zaitscullachan Slough","LEFT_RIGHT_TRIBUTARY":"RIGHT","STREAM_ORDER":2,"STREAM_MAGNITUDE":3,"WATERBODY_KEY":329710468,"BLUE_LINE_KEY_50K":535,"WATERSHED_CODE_50K":"100071820000000000000000000000000000000000000","WATERSHED_KEY_50K":535,"WATERSHED_GROUP_CODE_50K":"HARR","GRADIENT":null,"FEATURE_CODE":"WA24111190","OBJECTID":5374456,"GEOMETRY.LEN":0,"FEATURE_LENGTH_M":72.01230000000001}},{"type":"Feature","id":5370178,"geometry":{"type":"LineString","coordinates":[[568487.27792266849,5449140.5066907313],[568537.9722005903,5449167.4225454321],[568590.38497935166,5449168.4922828712]]},"properties":{"LINEAR_FEATURE_ID":701347828,"WATERSHED_GROUP_ID":63,"EDGE_TYPE":1350,"BLUE_LINE_KEY":355991891,"WATERSHED_KEY":356364114,"FWA_WATERSHED_CODE":"100-000000-000000-000000-000000-000000-000000-000000-000000-000000-000000-000000-000000-000000-000000-000000-000000-000000-000000-000000-000000","LOCAL_WATERSHED_CODE":"100-070298-000000-000000-000000-000000-000000-000000-000000-000000-000000-000000-000000-000000-000000-000000-000000-000000-000000-000000-000000","WATERSHED_GROUP_CODE":"HARR","DOWNSTREAM_ROUTE_MEASURE":751.16376013042111,"LENGTH_METRE":109.94557377531702,"FEATURE_SOURCE":"areal stream sk","GNIS_ID":null,"GNIS_NAME":null,"LEFT_RIGHT_TRIBUTARY":"NONE","STREAM_ORDER":2,"STREAM_MAGNITUDE":3,"WATERBODY_KEY":329710468,"BLUE_LINE_KEY_50K":1049,"WATERSHED_CODE_50K":"100000000000000000000000000000000000000000000","WATERSHED_KEY_50K":571,"WATERSHED_GROUP_CODE_50K":"HARR","GRADIENT":null,"FEATURE_CODE":"WA24111150","OBJECTID":5370178,"GEOMETRY.LEN":0,"FEATURE_LENGTH_M":109.9456}},{"type":"Feature","id":5374212,"geometry":{"type":"LineString","coordinates":[[568479.83822927601,5449158.6240952546],[568487.27792266849,5449140.5066907313]]},"properties":{"LINEAR_FEATURE_ID":701347829,"WATERSHED_GROUP_ID":63,"EDGE_TYPE":1450,"BLUE_LINE_KEY":355991902,"WATERSHED_KEY":356364114,"FWA_WATERSHED_CODE":"100-000000-000000-000000-000000-000000-000000-000000-000000-000000-000000-000000-000000-000000-000000-000000-000000-000000-000000-000000-000000","LOCAL_WATERSHED_CODE":null,"WATERSHED_GROUP_CODE":"HARR","DOWNSTREAM_ROUTE_MEASURE":266.13298472528902,"LENGTH_METRE":19.578020431047097,"FEATURE_SOURCE":"OP","GNIS_ID":null,"GNIS_NAME":null,"LEFT_RIGHT_TRIBUTARY":"NONE","STREAM_ORDER":1,"STREAM_MAGNITUDE":1,"WATERBODY_KEY":329710468,"BLUE_LINE_KEY_50K":null,"WATERSHED_CODE_50K":null,"WATERSHED_KEY_50K":null,"WATERSHED_GROUP_CODE_50K":null,"GRADIENT":null,"FEATURE_CODE":"WA24111190","OBJECTID":5374212,"GEOMETRY.LEN":0,"FEATURE_LENGTH_M":19.5776}},{"type":"Feature","id":5374558,"geometry":{"type":"LineString","coordinates":[[568319.95283911191,5449343.6512771603],[568334.87625771132,5449328.6348356055],[568352.9143771762,5449304.6310349898],[568367.93689504929,5449285.6569147753],[568378.81085335021,5449268.6906812154],[568384.88049122819,5449245.6467171051],[568387.89707711211,5449240.6169771403],[568403.81076570624,5449217.6948781153],[568419.84452871291,5449197.6251627617],[568438.93637929589,5449183.610754176],[568456.89596043178,5449171.6406682851],[568479.83822927601,5449158.6240952546]]},"properties":{"LINEAR_FEATURE_ID":701347814,"WATERSHED_GROUP_ID":63,"EDGE_TYPE":1100,"BLUE_LINE_KEY":355991902,"WATERSHED_KEY":356364114,"FWA_WATERSHED_CODE":"100-000000-000000-000000-000000-000000-000000-000000-000000-000000-000000-000000-000000-000000-000000-000000-000000-000000-000000-000000-000000","LOCAL_WATERSHED_CODE":null,"WATERSHED_GROUP_CODE":"HARR","DOWNSTREAM_ROUTE_MEASURE":15.6047790582855,"LENGTH_METRE":250.52820566700399,"FEATURE_SOURCE":"RiverStream","GNIS_ID":null,"GNIS_NAME":null,"LEFT_RIGHT_TRIBUTARY":"NONE","STREAM_ORDER":1,"STREAM_MAGNITUDE":1,"WATERBODY_KEY":null,"BLUE_LINE_KEY_50K":null,"WATERSHED_CODE_50K":null,"WATERSHED_KEY_50K":null,"WATERSHED_GROUP_CODE_50K":null,"GRADIENT":null,"FEATURE_CODE":"GA24850000","OBJECTID":5374558,"GEOMETRY.LEN":0,"FEATURE_LENGTH_M":250.52860000000001}},{"type":"Feature","id":5369420,"geometry":{"type":"LineString","coordinates":[[568590.38497935166,5449168.4922828712],[568606.90503941337,5449177.6215090305]]},"properties":{"LINEAR_FEATURE_ID":701347809,"WATERSHED_GROUP_ID":63,"EDGE_TYPE":1350,"BLUE_LINE_KEY":355991891,"WATERSHED_KEY":356364114,"FWA_WATERSHED_CODE":"100-000000-000000-000000-000000-000000-000000-000000-000000-000000-000000-000000-000000-000000-000000-000000-000000-000000-000000-000000-000000","LOCAL_WATERSHED_CODE":null,"WATERSHED_GROUP_CODE":"HARR","DOWNSTREAM_ROUTE_MEASURE":861.10933390573803,"LENGTH_METRE":18.892111170554998,"FEATURE_SOURCE":"areal stream sk","GNIS_ID":null,"GNIS_NAME":null,"LEFT_RIGHT_TRIBUTARY":"NONE","STREAM_ORDER":1,"STREAM_MAGNITUDE":1,"WATERBODY_KEY":329710468,"BLUE_LINE_KEY_50K":1049,"WATERSHED_CODE_50K":"100000000000000000000000000000000000000000000","WATERSHED_KEY_50K":571,"WATERSHED_GROUP_CODE_50K":"HARR","GRADIENT":null,"FEATURE_CODE":"WA24111150","OBJECTID":5369420,"GEOMETRY.LEN":0,"FEATURE_LENGTH_M":18.8919}},{"type":"Feature","id":5374453,"geometry":{"type":"LineString","coordinates":[[568606.90503941337,5449177.6215090305],[568616.92729968834,5449175.6883253353],[568638.83900005941,5449174.6937134387],[568660.94880016777,5449174.6530529605],[568677.83987555443,5449177.5551591413],[568694.85146375734,5449189.6428474467],[568715.8124554106,5449207.6389981555],[568735.86138532322,5449226.5741572408],[568741.87677291862,5449237.5753458831],[568749.93649112724,5449245.5931822117],[568766.94715033041,5449257.6818913491],[568777.86365008145,5449255.6007200303]]},"properties":{"LINEAR_FEATURE_ID":701347802,"WATERSHED_GROUP_ID":63,"EDGE_TYPE":1100,"BLUE_LINE_KEY":355991891,"WATERSHED_KEY":356364114,"FWA_WATERSHED_CODE":"100-000000-000000-000000-000000-000000-000000-000000-000000-000000-000000-000000-000000-000000-000000-000000-000000-000000-000000-000000-000000","LOCAL_WATERSHED_CODE":null,"WATERSHED_GROUP_CODE":"HARR","DOWNSTREAM_ROUTE_MEASURE":880.00144507629295,"LENGTH_METRE":203.51800403027801,"FEATURE_SOURCE":"RiverStream","GNIS_ID":null,"GNIS_NAME":null,"LEFT_RIGHT_TRIBUTARY":"NONE","STREAM_ORDER":1,"STREAM_MAGNITUDE":1,"WATERBODY_KEY":null,"BLUE_LINE_KEY_50K":1049,"WATERSHED_CODE_50K":"100000000000000000000000000000000000000000000","WATERSHED_KEY_50K":571,"WATERSHED_GROUP_CODE_50K":"HARR","GRADIENT":null,"FEATURE_CODE":"GA24850000","OBJECTID":5374453,"GEOMETRY.LEN":0,"FEATURE_LENGTH_M":203.5181}},{"type":"Feature","id":5370120,"geometry":{"type":"LineString","coordinates":[[568551.85559285758,5449228.5597723043],[568554.6969998054,5449239.1137133641],[568617.8151147794,5449272.6090259142]]},"properties":{"LINEAR_FEATURE_ID":701347770,"WATERSHED_GROUP_ID":63,"EDGE_TYPE":1400,"BLUE_LINE_KEY":356242998,"WATERSHED_KEY":356242998,"FWA_WATERSHED_CODE":"999-999999-999999-999999-999999-999999-999999-999999-999999-999999-999999-999999-999999-999999-999999-999999-999999-999999-999999-999999-999999","LOCAL_WATERSHED_CODE":null,"WATERSHED_GROUP_CODE":"HARR","DOWNSTREAM_ROUTE_MEASURE":0,"LENGTH_METRE":82.4469088528204,"FEATURE_SOURCE":"OP","GNIS_ID":null,"GNIS_NAME":null,"LEFT_RIGHT_TRIBUTARY":"NONE","STREAM_ORDER":1,"STREAM_MAGNITUDE":1,"WATERBODY_KEY":329178389,"BLUE_LINE_KEY_50K":null,"WATERSHED_CODE_50K":null,"WATERSHED_KEY_50K":null,"WATERSHED_GROUP_CODE_50K":null,"GRADIENT":null,"FEATURE_CODE":"WA24111170","OBJECTID":5370120,"GEOMETRY.LEN":0,"FEATURE_LENGTH_M":82.445999999999998}},{"type":"Feature","id":5377833,"geometry":{"type":"LineString","coordinates":[[569588.83086150186,5446504.1882111235],[569560.03297276073,5446560.6419363497],[569560.5810873803,5446632.0647118576],[569596.26242280402,5446681.2856391901],[569635.93439503247,5446704.9055244429]]},"properties":{"LINEAR_FEATURE_ID":701348679,"WATERSHED_GROUP_ID":63,"EDGE_TYPE":1350,"BLUE_LINE_KEY":355992482,"WATERSHED_KEY":356364114,"FWA_WATERSHED_CODE":"100-000000-000000-000000-000000-000000-000000-000000-000000-000000-000000-000000-000000-000000-000000-000000-000000-000000-000000-000000-000000","LOCAL_WATERSHED_CODE":null,"WATERSHED_GROUP_CODE":"HARR","DOWNSTREAM_ROUTE_MEASURE":534.38905298011696,"LENGTH_METRE":241.73635192242099,"FEATURE_SOURCE":"areal stream sk","GNIS_ID":null,"GNIS_NAME":null,"LEFT_RIGHT_TRIBUTARY":"NONE","STREAM_ORDER":1,"STREAM_MAGNITUDE":1,"WATERBODY_KEY":329710487,"BLUE_LINE_KEY_50K":null,"WATERSHED_CODE_50K":null,"WATERSHED_KEY_50K":null,"WATERSHED_GROUP_CODE_50K":null,"GRADIENT":null,"FEATURE_CODE":"WA24111150","OBJECTID":5377833,"GEOMETRY.LEN":0,"FEATURE_LENGTH_M":241.73670000000001}},{"type":"Feature","id":5370380,"geometry":{"type":"LineString","coordinates":[[569700.44207991601,5446570.6274863118],[569682.30984632391,5446611.1148004122],[569679.36013517575,5446648.7645592121]]},"properties":{"LINEAR_FEATURE_ID":701348663,"WATERSHED_GROUP_ID":63,"EDGE_TYPE":1350,"BLUE_LINE_KEY":355992483,"WATERSHED_KEY":356364114,"FWA_WATERSHED_CODE":"100-000000-000000-000000-000000-000000-000000-000000-000000-000000-000000-000000-000000-000000-000000-000000-000000-000000-000000-000000-000000","LOCAL_WATERSHED_CODE":null,"WATERSHED_GROUP_CODE":"HARR","DOWNSTREAM_ROUTE_MEASURE":477.89543685022801,"LENGTH_METRE":82.084136618211403,"FEATURE_SOURCE":"areal stream sk","GNIS_ID":null,"GNIS_NAME":null,"LEFT_RIGHT_TRIBUTARY":"NONE","STREAM_ORDER":1,"STREAM_MAGNITUDE":1,"WATERBODY_KEY":329178282,"BLUE_LINE_KEY_50K":null,"WATERSHED_CODE_50K":null,"WATERSHED_KEY_50K":null,"WATERSHED_GROUP_CODE_50K":null,"GRADIENT":null,"FEATURE_CODE":"WA24111150","OBJECTID":5370380,"GEOMETRY.LEN":0,"FEATURE_LENGTH_M":82.0839}},{"type":"Feature","id":5377197,"geometry":{"type":"LineString","coordinates":[[569791.26687675086,5446657.8114271536],[569820.05096476141,5446639.6162224067],[570219.56865427108,5446555.2373156818]]},"properties":{"LINEAR_FEATURE_ID":701348661,"WATERSHED_GROUP_ID":63,"EDGE_TYPE":1450,"BLUE_LINE_KEY":355992484,"WATERSHED_KEY":356364114,"FWA_WATERSHED_CODE":"100-000000-000000-000000-000000-000000-000000-000000-000000-000000-000000-000000-000000-000000-000000-000000-000000-000000-000000-000000-000000","LOCAL_WATERSHED_CODE":null,"WATERSHED_GROUP_CODE":"HARR","DOWNSTREAM_ROUTE_MEASURE":3190.15316453283,"LENGTH_METRE":442.93808843573305,"FEATURE_SOURCE":"OP","GNIS_ID":null,"GNIS_NAME":null,"LEFT_RIGHT_TRIBUTARY":"NONE","STREAM_ORDER":1,"STREAM_MAGNITUDE":1,"WATERBODY_KEY":328961584,"BLUE_LINE_KEY_50K":1063,"WATERSHED_CODE_50K":"100000000000000000000000000000000000000000000","WATERSHED_KEY_50K":571,"WATERSHED_GROUP_CODE_50K":"HARR","GRADIENT":null,"FEATURE_CODE":"WA24111190","OBJECTID":5377197,"GEOMETRY.LEN":0,"FEATURE_LENGTH_M":442.94210000000004}},{"type":"Feature","id":5374177,"geometry":{"type":"LineString","coordinates":[[569679.36013517575,5446648.7645592121],[569700.44358829991,5446685.8610286899]]},"properties":{"LINEAR_FEATURE_ID":701348639,"WATERSHED_GROUP_ID":63,"EDGE_TYPE":1450,"BLUE_LINE_KEY":355992483,"WATERSHED_KEY":356364114,"FWA_WATERSHED_CODE":"100-000000-000000-000000-000000-000000-000000-000000-000000-000000-000000-000000-000000-000000-000000-000000-000000-000000-000000-000000-000000","LOCAL_WATERSHED_CODE":null,"WATERSHED_GROUP_CODE":"HARR","DOWNSTREAM_ROUTE_MEASURE":559.97957346843907,"LENGTH_METRE":42.662023451827196,"FEATURE_SOURCE":"OP","GNIS_ID":null,"GNIS_NAME":null,"LEFT_RIGHT_TRIBUTARY":"NONE","STREAM_ORDER":1,"STREAM_MAGNITUDE":1,"WATERBODY_KEY":329710414,"BLUE_LINE_KEY_50K":null,"WATERSHED_CODE_50K":null,"WATERSHED_KEY_50K":null,"WATERSHED_GROUP_CODE_50K":null,"GRADIENT":null,"FEATURE_CODE":"WA24111190","OBJECTID":5374177,"GEOMETRY.LEN":0,"FEATURE_LENGTH_M":42.661799999999999}},{"type":"Feature","id":5377224,"geometry":{"type":"LineString","coordinates":[[569700.44358829991,5446685.8610286899],[569738.26221848291,5446667.6804198669],[569791.26687675086,5446657.8114271536]]},"properties":{"LINEAR_FEATURE_ID":701348635,"WATERSHED_GROUP_ID":63,"EDGE_TYPE":1350,"BLUE_LINE_KEY":355992484,"WATERSHED_KEY":356364114,"FWA_WATERSHED_CODE":"100-000000-000000-000000-000000-000000-000000-000000-000000-000000-000000-000000-000000-000000-000000-000000-000000-000000-000000-000000-000000","LOCAL_WATERSHED_CODE":null,"WATERSHED_GROUP_CODE":"HARR","DOWNSTREAM_ROUTE_MEASURE":3094.1638133014603,"LENGTH_METRE":95.989351231372694,"FEATURE_SOURCE":"areal stream sk","GNIS_ID":null,"GNIS_NAME":null,"LEFT_RIGHT_TRIBUTARY":"NONE","STREAM_ORDER":1,"STREAM_MAGNITUDE":1,"WATERBODY_KEY":329710414,"BLUE_LINE_KEY_50K":1063,"WATERSHED_CODE_50K":"100000000000000000000000000000000000000000000","WATERSHED_KEY_50K":571,"WATERSHED_GROUP_CODE_50K":"HARR","GRADIENT":null,"FEATURE_CODE":"WA24111150","OBJECTID":5377224,"GEOMETRY.LEN":0,"FEATURE_LENGTH_M":95.989100000000008}},{"type":"Feature","id":5373076,"geometry":{"type":"LineString","coordinates":[[569686.4738095873,5446725.1529559391],[569700.44358829991,5446685.8610286899]]},"properties":{"LINEAR_FEATURE_ID":701348630,"WATERSHED_GROUP_ID":63,"EDGE_TYPE":1350,"BLUE_LINE_KEY":355992484,"WATERSHED_KEY":356364114,"FWA_WATERSHED_CODE":"100-000000-000000-000000-000000-000000-000000-000000-000000-000000-000000-000000-000000-000000-000000-000000-000000-000000-000000-000000-000000","LOCAL_WATERSHED_CODE":null,"WATERSHED_GROUP_CODE":"HARR","DOWNSTREAM_ROUTE_MEASURE":3052.48328905278,"LENGTH_METRE":41.680524248679596,"FEATURE_SOURCE":"areal stream sk","GNIS_ID":null,"GNIS_NAME":null,"LEFT_RIGHT_TRIBUTARY":"NONE","STREAM_ORDER":1,"STREAM_MAGNITUDE":1,"WATERBODY_KEY":329710414,"BLUE_LINE_KEY_50K":1063,"WATERSHED_CODE_50K":"100000000000000000000000000000000000000000000","WATERSHED_KEY_50K":571,"WATERSHED_GROUP_CODE_50K":"HARR","GRADIENT":null,"FEATURE_CODE":"WA24111150","OBJECTID":5373076,"GEOMETRY.LEN":0,"FEATURE_LENGTH_M":41.681000000000004}},{"type":"Feature","id":5377732,"geometry":{"type":"LineString","coordinates":[[569635.93439503247,5446704.9055244429],[569686.4738095873,5446725.1529559391]]},"properties":{"LINEAR_FEATURE_ID":701348620,"WATERSHED_GROUP_ID":63,"EDGE_TYPE":1450,"BLUE_LINE_KEY":355992482,"WATERSHED_KEY":356364114,"FWA_WATERSHED_CODE":"100-000000-000000-000000-000000-000000-000000-000000-000000-000000-000000-000000-000000-000000-000000-000000-000000-000000-000000-000000-000000","LOCAL_WATERSHED_CODE":null,"WATERSHED_GROUP_CODE":"HARR","DOWNSTREAM_ROUTE_MEASURE":776.12540490253798,"LENGTH_METRE":54.505422123101496,"FEATURE_SOURCE":"OP","GNIS_ID":null,"GNIS_NAME":null,"LEFT_RIGHT_TRIBUTARY":"NONE","STREAM_ORDER":1,"STREAM_MAGNITUDE":1,"WATERBODY_KEY":329710414,"BLUE_LINE_KEY_50K":null,"WATERSHED_CODE_50K":null,"WATERSHED_KEY_50K":null,"WATERSHED_GROUP_CODE_50K":null,"GRADIENT":null,"FEATURE_CODE":"WA24111190","OBJECTID":5377732,"GEOMETRY.LEN":0,"FEATURE_LENGTH_M":54.505400000000002}},{"type":"Feature","id":5373754,"geometry":{"type":"LineString","coordinates":[[569662.45368610555,5446852.346771623],[569672.22942271281,5446781.0540564489],[569686.4738095873,5446725.1529559391]]},"properties":{"LINEAR_FEATURE_ID":701348614,"WATERSHED_GROUP_ID":63,"EDGE_TYPE":1350,"BLUE_LINE_KEY":355992484,"WATERSHED_KEY":356364114,"FWA_WATERSHED_CODE":"100-000000-000000-000000-000000-000000-000000-000000-000000-000000-000000-000000-000000-000000-000000-000000-000000-000000-000000-000000-000000","LOCAL_WATERSHED_CODE":null,"WATERSHED_GROUP_CODE":"HARR","DOWNSTREAM_ROUTE_MEASURE":2922.9192252891603,"LENGTH_METRE":129.56406376362,"FEATURE_SOURCE":"areal stream sk","GNIS_ID":null,"GNIS_NAME":null,"LEFT_RIGHT_TRIBUTARY":"NONE","STREAM_ORDER":1,"STREAM_MAGNITUDE":1,"WATERBODY_KEY":329710414,"BLUE_LINE_KEY_50K":1063,"WATERSHED_CODE_50K":"100000000000000000000000000000000000000000000","WATERSHED_KEY_50K":571,"WATERSHED_GROUP_CODE_50K":"HARR","GRADIENT":null,"FEATURE_CODE":"WA24111150","OBJECTID":5373754,"GEOMETRY.LEN":0,"FEATURE_LENGTH_M":129.5685}},{"type":"Feature","id":5372257,"geometry":{"type":"LineString","coordinates":[[570023.8285579154,5446815.5903374525],[570363.31187578407,5446761.7617998086]]},"properties":{"LINEAR_FEATURE_ID":701348601,"WATERSHED_GROUP_ID":63,"EDGE_TYPE":1450,"BLUE_LINE_KEY":355992486,"WATERSHED_KEY":356364114,"FWA_WATERSHED_CODE":"100-000000-000000-000000-000000-000000-000000-000000-000000-000000-000000-000000-000000-000000-000000-000000-000000-000000-000000-000000-000000","LOCAL_WATERSHED_CODE":null,"WATERSHED_GROUP_CODE":"HARR","DOWNSTREAM_ROUTE_MEASURE":371.47131246543705,"LENGTH_METRE":344.18161354730199,"FEATURE_SOURCE":"OP","GNIS_ID":null,"GNIS_NAME":null,"LEFT_RIGHT_TRIBUTARY":"NONE","STREAM_ORDER":1,"STREAM_MAGNITUDE":1,"WATERBODY_KEY":328961584,"BLUE_LINE_KEY_50K":1068,"WATERSHED_CODE_50K":"100000000000000000000000000000000000000000000","WATERSHED_KEY_50K":571,"WATERSHED_GROUP_CODE_50K":"HARR","GRADIENT":null,"FEATURE_CODE":"WA24111190","OBJECTID":5372257,"GEOMETRY.LEN":0,"FEATURE_LENGTH_M":344.18639999999999}},{"type":"Feature","id":5373295,"geometry":{"type":"LineString","coordinates":[[569714.91178693972,5446855.7012836933],[569726.84209865856,5446857.5934491828],[569744.94207368616,5446856.5554651581],[569765.92225719674,5446858.5626777476],[569788.92557028984,5446859.6447005626],[569807.85969098343,5446859.5681368094],[569829.91092934541,5446860.6383828716],[569842.87129638635,5446860.6437973063],[569863.86959008919,5446860.5928176194],[569885.82100246428,5446860.5545522766],[569901.91663490213,5446859.6496026423],[569924.9571998216,5446856.616208965],[569945.8534980173,5446851.6555587724],[569964.90274763654,5446845.5630809711],[569983.81279688154,5446838.6773257647],[569990.83565258526,5446834.6493793717],[570011.86516553233,5446821.6146636968],[570023.8285579154,5446815.5903374525]]},"properties":{"LINEAR_FEATURE_ID":701348595,"WATERSHED_GROUP_ID":63,"EDGE_TYPE":1100,"BLUE_LINE_KEY":355992486,"WATERSHED_KEY":356364114,"FWA_WATERSHED_CODE":"100-000000-000000-000000-000000-000000-000000-000000-000000-000000-000000-000000-000000-000000-000000-000000-000000-000000-000000-000000-000000","LOCAL_WATERSHED_CODE":null,"WATERSHED_GROUP_CODE":"HARR","DOWNSTREAM_ROUTE_MEASURE":52.638774690371896,"LENGTH_METRE":318.83253777506502,"FEATURE_SOURCE":"RiverStream","GNIS_ID":null,"GNIS_NAME":null,"LEFT_RIGHT_TRIBUTARY":"NONE","STREAM_ORDER":1,"STREAM_MAGNITUDE":1,"WATERBODY_KEY":null,"BLUE_LINE_KEY_50K":1068,"WATERSHED_CODE_50K":"100000000000000000000000000000000000000000000","WATERSHED_KEY_50K":571,"WATERSHED_GROUP_CODE_50K":"HARR","GRADIENT":null,"FEATURE_CODE":"GA24850000","OBJECTID":5373295,"GEOMETRY.LEN":0,"FEATURE_LENGTH_M":318.83269999999999}},{"type":"Feature","id":5366587,"geometry":{"type":"LineString","coordinates":[[569662.45368610555,5446852.346771623],[569714.91178693972,5446855.7012836933]]},"properties":{"LINEAR_FEATURE_ID":701348585,"WATERSHED_GROUP_ID":63,"EDGE_TYPE":1450,"BLUE_LINE_KEY":355992486,"WATERSHED_KEY":356364114,"FWA_WATERSHED_CODE":"100-000000-000000-000000-000000-000000-000000-000000-000000-000000-000000-000000-000000-000000-000000-000000-000000-000000-000000-000000-000000","LOCAL_WATERSHED_CODE":null,"WATERSHED_GROUP_CODE":"HARR","DOWNSTREAM_ROUTE_MEASURE":0,"LENGTH_METRE":52.638774690371896,"FEATURE_SOURCE":"OP","GNIS_ID":null,"GNIS_NAME":null,"LEFT_RIGHT_TRIBUTARY":"NONE","STREAM_ORDER":1,"STREAM_MAGNITUDE":1,"WATERBODY_KEY":329710414,"BLUE_LINE_KEY_50K":1068,"WATERSHED_CODE_50K":"100000000000000000000000000000000000000000000","WATERSHED_KEY_50K":571,"WATERSHED_GROUP_CODE_50K":"HARR","GRADIENT":null,"FEATURE_CODE":"WA24111190","OBJECTID":5366587,"GEOMETRY.LEN":0,"FEATURE_LENGTH_M":52.638100000000001}},{"type":"Feature","id":5374109,"geometry":{"type":"LineString","coordinates":[[569644.69782595721,5446923.8545446619],[569662.45368610555,5446852.346771623]]},"properties":{"LINEAR_FEATURE_ID":701348586,"WATERSHED_GROUP_ID":63,"EDGE_TYPE":1350,"BLUE_LINE_KEY":355992484,"WATERSHED_KEY":356364114,"FWA_WATERSHED_CODE":"100-000000-000000-000000-000000-000000-000000-000000-000000-000000-000000-000000-000000-000000-000000-000000-000000-000000-000000-000000-000000","LOCAL_WATERSHED_CODE":null,"WATERSHED_GROUP_CODE":"HARR","DOWNSTREAM_ROUTE_MEASURE":2849.2838588528102,"LENGTH_METRE":73.63536643634589,"FEATURE_SOURCE":"areal stream sk","GNIS_ID":null,"GNIS_NAME":null,"LEFT_RIGHT_TRIBUTARY":"NONE","STREAM_ORDER":1,"STREAM_MAGNITUDE":1,"WATERBODY_KEY":329710414,"BLUE_LINE_KEY_50K":1063,"WATERSHED_CODE_50K":"100000000000000000000000000000000000000000000","WATERSHED_KEY_50K":571,"WATERSHED_GROUP_CODE_50K":"HARR","GRADIENT":null,"FEATURE_CODE":"WA24111150","OBJECTID":5374109,"GEOMETRY.LEN":0,"FEATURE_LENGTH_M":73.635100000000008}},{"type":"Feature","id":5372460,"geometry":{"type":"LineString","coordinates":[[569644.69782595721,5446923.8545446619],[569688.81818547088,5446952.5980241522]]},"properties":{"LINEAR_FEATURE_ID":701348571,"WATERSHED_GROUP_ID":63,"EDGE_TYPE":1450,"BLUE_LINE_KEY":356291466,"WATERSHED_KEY":356291466,"FWA_WATERSHED_CODE":"100-069460-000000-000000-000000-000000-000000-000000-000000-000000-000000-000000-000000-000000-000000-000000-000000-000000-000000-000000-000000","LOCAL_WATERSHED_CODE":"100-069460-000000-000000-000000-000000-000000-000000-000000-000000-000000-000000-000000-000000-000000-000000-000000-000000-000000-000000-000000","WATERSHED_GROUP_CODE":"HARR","DOWNSTREAM_ROUTE_MEASURE":0,"LENGTH_METRE":52.698235471930595,"FEATURE_SOURCE":"OP","GNIS_ID":null,"GNIS_NAME":null,"LEFT_RIGHT_TRIBUTARY":"RIGHT","STREAM_ORDER":2,"STREAM_MAGNITUDE":2,"WATERBODY_KEY":329710414,"BLUE_LINE_KEY_50K":1064,"WATERSHED_CODE_50K":"100000000000000000000000000000000000000000000","WATERSHED_KEY_50K":571,"WATERSHED_GROUP_CODE_50K":"HARR","GRADIENT":null,"FEATURE_CODE":"WA24111190","OBJECTID":5372460,"GEOMETRY.LEN":0,"FEATURE_LENGTH_M":52.701000000000001}},{"type":"Feature","id":5371446,"geometry":{"type":"LineString","coordinates":[[569688.81818547088,5446952.5980241522],[569702.88032575371,5446968.6099980529],[569706.92978498142,5446970.5617394317],[569708.83597981022,5446970.5861845994],[569719.8501223661,5446969.6163518187],[569733.80362495081,5446970.5843352973],[569736.86096225306,5446971.5734840399],[569738.94707359956,5446974.608073188],[569742.92526628601,5446988.5936505059]]},"properties":{"LINEAR_FEATURE_ID":701348550,"WATERSHED_GROUP_ID":63,"EDGE_TYPE":1000,"BLUE_LINE_KEY":356291466,"WATERSHED_KEY":356291466,"FWA_WATERSHED_CODE":"100-069460-000000-000000-000000-000000-000000-000000-000000-000000-000000-000000-000000-000000-000000-000000-000000-000000-000000-000000-000000","LOCAL_WATERSHED_CODE":"100-069460-000000-000000-000000-000000-000000-000000-000000-000000-000000-000000-000000-000000-000000-000000-000000-000000-000000-000000-000000","WATERSHED_GROUP_CODE":"HARR","DOWNSTREAM_ROUTE_MEASURE":52.698235471930595,"LENGTH_METRE":74.234502232823786,"FEATURE_SOURCE":"RiverStream","GNIS_ID":null,"GNIS_NAME":null,"LEFT_RIGHT_TRIBUTARY":"RIGHT","STREAM_ORDER":2,"STREAM_MAGNITUDE":2,"WATERBODY_KEY":null,"BLUE_LINE_KEY_50K":1064,"WATERSHED_CODE_50K":"100000000000000000000000000000000000000000000","WATERSHED_KEY_50K":571,"WATERSHED_GROUP_CODE_50K":"HARR","GRADIENT":null,"FEATURE_CODE":"GA24850000","OBJECTID":5371446,"GEOMETRY.LEN":0,"FEATURE_LENGTH_M":74.240499999999997}},{"type":"Feature","id":5374060,"geometry":{"type":"LineString","coordinates":[[569742.92526628601,5446988.5936505059],[569774.27810407418,5447010.6833708948],[569824.35898197361,5447019.0760966567],[569831.90703713684,5447028.6727775345]]},"properties":{"LINEAR_FEATURE_ID":701348534,"WATERSHED_GROUP_ID":63,"EDGE_TYPE":1200,"BLUE_LINE_KEY":356291466,"WATERSHED_KEY":356291466,"FWA_WATERSHED_CODE":"100-069460-000000-000000-000000-000000-000000-000000-000000-000000-000000-000000-000000-000000-000000-000000-000000-000000-000000-000000-000000","LOCAL_WATERSHED_CODE":"100-069460-000000-000000-000000-000000-000000-000000-000000-000000-000000-000000-000000-000000-000000-000000-000000-000000-000000-000000-000000","WATERSHED_GROUP_CODE":"HARR","DOWNSTREAM_ROUTE_MEASURE":126.93273770475402,"LENGTH_METRE":101.43868479615901,"FEATURE_SOURCE":"lake-def skelet","GNIS_ID":null,"GNIS_NAME":null,"LEFT_RIGHT_TRIBUTARY":"RIGHT","STREAM_ORDER":2,"STREAM_MAGNITUDE":2,"WATERBODY_KEY":329178294,"BLUE_LINE_KEY_50K":1064,"WATERSHED_CODE_50K":"100000000000000000000000000000000000000000000","WATERSHED_KEY_50K":571,"WATERSHED_GROUP_CODE_50K":"HARR","GRADIENT":null,"FEATURE_CODE":"WA24111110","OBJECTID":5374060,"GEOMETRY.LEN":0,"FEATURE_LENGTH_M":101.4388}},{"type":"Feature","id":5374383,"geometry":{"type":"LineString","coordinates":[[569831.90703713684,5447028.6727775345],[569850.86309667537,5447031.6041960772],[569871.84333065234,5447033.6113826614],[569880.95521132101,5447037.6862349035],[569889.87114531361,5447044.6082484014],[569896.84183468611,5447050.5549517516],[569911.83809807897,5447068.6388012953],[569925.86531005625,5447092.5692266617],[569937.90623689967,5447114.5735557238],[569952.82355185738,5447134.5559215024],[569961.93644609989,5447138.6307181427]]},"properties":{"LINEAR_FEATURE_ID":701348514,"WATERSHED_GROUP_ID":63,"EDGE_TYPE":1000,"BLUE_LINE_KEY":356291466,"WATERSHED_KEY":356291466,"FWA_WATERSHED_CODE":"100-069460-000000-000000-000000-000000-000000-000000-000000-000000-000000-000000-000000-000000-000000-000000-000000-000000-000000-000000-000000","LOCAL_WATERSHED_CODE":"100-069460-000000-000000-000000-000000-000000-000000-000000-000000-000000-000000-000000-000000-000000-000000-000000-000000-000000-000000-000000","WATERSHED_GROUP_CODE":"HARR","DOWNSTREAM_ROUTE_MEASURE":228.37142250091301,"LENGTH_METRE":182.007038177715,"FEATURE_SOURCE":"RiverStream","GNIS_ID":null,"GNIS_NAME":null,"LEFT_RIGHT_TRIBUTARY":"RIGHT","STREAM_ORDER":2,"STREAM_MAGNITUDE":2,"WATERBODY_KEY":null,"BLUE_LINE_KEY_50K":1064,"WATERSHED_CODE_50K":"100000000000000000000000000000000000000000000","WATERSHED_KEY_50K":571,"WATERSHED_GROUP_CODE_50K":"HARR","GRADIENT":null,"FEATURE_CODE":"GA24850000","OBJECTID":5374383,"GEOMETRY.LEN":0,"FEATURE_LENGTH_M":182.00720000000001}},{"type":"Feature","id":5374975,"geometry":{"type":"LineString","coordinates":[[569961.93644609989,5447138.6307181427],[569980.20052170311,5447146.4631289402],[570076.0623526444,5447210.3859094083]]},"properties":{"LINEAR_FEATURE_ID":701348485,"WATERSHED_GROUP_ID":63,"EDGE_TYPE":1250,"BLUE_LINE_KEY":356291466,"WATERSHED_KEY":356291466,"FWA_WATERSHED_CODE":"100-069460-000000-000000-000000-000000-000000-000000-000000-000000-000000-000000-000000-000000-000000-000000-000000-000000-000000-000000-000000","LOCAL_WATERSHED_CODE":"100-069460-000000-000000-000000-000000-000000-000000-000000-000000-000000-000000-000000-000000-000000-000000-000000-000000-000000-000000-000000","WATERSHED_GROUP_CODE":"HARR","DOWNSTREAM_ROUTE_MEASURE":410.37846067862802,"LENGTH_METRE":135.20278799566299,"FEATURE_SOURCE":"areal stream sk","GNIS_ID":null,"GNIS_NAME":null,"LEFT_RIGHT_TRIBUTARY":"RIGHT","STREAM_ORDER":2,"STREAM_MAGNITUDE":2,"WATERBODY_KEY":329710531,"BLUE_LINE_KEY_50K":1064,"WATERSHED_CODE_50K":"100000000000000000000000000000000000000000000","WATERSHED_KEY_50K":571,"WATERSHED_GROUP_CODE_50K":"HARR","GRADIENT":null,"FEATURE_CODE":"WA24111120","OBJECTID":5374975,"GEOMETRY.LEN":0,"FEATURE_LENGTH_M":135.20240000000001}},{"type":"Feature","id":5370993,"geometry":{"type":"LineString","coordinates":[[570092.85300860461,5447209.6490944522],[570101.84409451485,5447209.605401135],[570124.90671015577,5447209.5809558341],[570133.93567127013,5447206.686944779],[570149.94964045612,5447202.6153073739],[570164.81245731493,5447197.5789697804],[570173.86237151804,5447197.6939786952],[570180.9262999997,5447194.6168159824],[570195.92904038797,5447191.6407859633]]},"properties":{"LINEAR_FEATURE_ID":701348465,"WATERSHED_GROUP_ID":63,"EDGE_TYPE":1000,"BLUE_LINE_KEY":356291466,"WATERSHED_KEY":356291466,"FWA_WATERSHED_CODE":"100-069460-000000-000000-000000-000000-000000-000000-000000-000000-000000-000000-000000-000000-000000-000000-000000-000000-000000-000000-000000","LOCAL_WATERSHED_CODE":"100-069460-715142-000000-000000-000000-000000-000000-000000-000000-000000-000000-000000-000000-000000-000000-000000-000000-000000-000000-000000","WATERSHED_GROUP_CODE":"HARR","DOWNSTREAM_ROUTE_MEASURE":562.81226038615205,"LENGTH_METRE":105.93770266433501,"FEATURE_SOURCE":"RiverStream","GNIS_ID":null,"GNIS_NAME":null,"LEFT_RIGHT_TRIBUTARY":"RIGHT","STREAM_ORDER":1,"STREAM_MAGNITUDE":1,"WATERBODY_KEY":null,"BLUE_LINE_KEY_50K":null,"WATERSHED_CODE_50K":null,"WATERSHED_KEY_50K":null,"WATERSHED_GROUP_CODE_50K":null,"GRADIENT":null,"FEATURE_CODE":"GA24850000","OBJECTID":5370993,"GEOMETRY.LEN":0,"FEATURE_LENGTH_M":105.9414}},{"type":"Feature","id":5376443,"geometry":{"type":"LineString","coordinates":[[570076.0623526444,5447210.3859094083],[570081.52147225023,5447211.8807944516],[570092.85300860461,5447209.6490944522]]},"properties":{"LINEAR_FEATURE_ID":701348462,"WATERSHED_GROUP_ID":63,"EDGE_TYPE":1250,"BLUE_LINE_KEY":356291466,"WATERSHED_KEY":356291466,"FWA_WATERSHED_CODE":"100-069460-000000-000000-000000-000000-000000-000000-000000-000000-000000-000000-000000-000000-000000-000000-000000-000000-000000-000000-000000","LOCAL_WATERSHED_CODE":"100-069460-715142-000000-000000-000000-000000-000000-000000-000000-000000-000000-000000-000000-000000-000000-000000-000000-000000-000000-000000","WATERSHED_GROUP_CODE":"HARR","DOWNSTREAM_ROUTE_MEASURE":545.58124867429103,"LENGTH_METRE":17.231011711860198,"FEATURE_SOURCE":"areal stream sk","GNIS_ID":null,"GNIS_NAME":null,"LEFT_RIGHT_TRIBUTARY":"RIGHT","STREAM_ORDER":1,"STREAM_MAGNITUDE":1,"WATERBODY_KEY":329710531,"BLUE_LINE_KEY_50K":null,"WATERSHED_CODE_50K":null,"WATERSHED_KEY_50K":null,"WATERSHED_GROUP_CODE_50K":null,"GRADIENT":null,"FEATURE_CODE":"WA24111120","OBJECTID":5376443,"GEOMETRY.LEN":0,"FEATURE_LENGTH_M":17.231400000000001}},{"type":"Feature","id":5366921,"geometry":{"type":"LineString","coordinates":[[570076.0623526444,5447210.3859094083],[570074.91690733761,5447219.5555763757]]},"properties":{"LINEAR_FEATURE_ID":701348459,"WATERSHED_GROUP_ID":63,"EDGE_TYPE":1450,"BLUE_LINE_KEY":356348966,"WATERSHED_KEY":356348966,"FWA_WATERSHED_CODE":"100-069460-715142-000000-000000-000000-000000-000000-000000-000000-000000-000000-000000-000000-000000-000000-000000-000000-000000-000000-000000","LOCAL_WATERSHED_CODE":"100-069460-715142-000000-000000-000000-000000-000000-000000-000000-000000-000000-000000-000000-000000-000000-000000-000000-000000-000000-000000","WATERSHED_GROUP_CODE":"HARR","DOWNSTREAM_ROUTE_MEASURE":0,"LENGTH_METRE":9.2347835302093308,"FEATURE_SOURCE":"OP","GNIS_ID":null,"GNIS_NAME":null,"LEFT_RIGHT_TRIBUTARY":"RIGHT","STREAM_ORDER":1,"STREAM_MAGNITUDE":1,"WATERBODY_KEY":329710531,"BLUE_LINE_KEY_50K":1064,"WATERSHED_CODE_50K":"100000000000000000000000000000000000000000000","WATERSHED_KEY_50K":571,"WATERSHED_GROUP_CODE_50K":"HARR","GRADIENT":null,"FEATURE_CODE":"WA24111190","OBJECTID":5366921,"GEOMETRY.LEN":0,"FEATURE_LENGTH_M":9.2347000000000001}},{"type":"Feature","id":5376009,"geometry":{"type":"LineString","coordinates":[[570074.91690733761,5447219.5555763757],[570080.91549270379,5447227.5497367922],[570096.80191269948,5447241.6854813378],[570107.95923196431,5447246.5780058894]]},"properties":{"LINEAR_FEATURE_ID":701348456,"WATERSHED_GROUP_ID":63,"EDGE_TYPE":1000,"BLUE_LINE_KEY":356348966,"WATERSHED_KEY":356348966,"FWA_WATERSHED_CODE":"100-069460-715142-000000-000000-000000-000000-000000-000000-000000-000000-000000-000000-000000-000000-000000-000000-000000-000000-000000-000000","LOCAL_WATERSHED_CODE":"100-069460-715142-000000-000000-000000-000000-000000-000000-000000-000000-000000-000000-000000-000000-000000-000000-000000-000000-000000-000000","WATERSHED_GROUP_CODE":"HARR","DOWNSTREAM_ROUTE_MEASURE":9.2347835302093308,"LENGTH_METRE":43.466279439093803,"FEATURE_SOURCE":"RiverStream","GNIS_ID":null,"GNIS_NAME":null,"LEFT_RIGHT_TRIBUTARY":"RIGHT","STREAM_ORDER":1,"STREAM_MAGNITUDE":1,"WATERBODY_KEY":null,"BLUE_LINE_KEY_50K":1064,"WATERSHED_CODE_50K":"100000000000000000000000000000000000000000000","WATERSHED_KEY_50K":571,"WATERSHED_GROUP_CODE_50K":"HARR","GRADIENT":null,"FEATURE_CODE":"GA24850000","OBJECTID":5376009,"GEOMETRY.LEN":0,"FEATURE_LENGTH_M":43.4664}},{"type":"Feature","id":5376394,"geometry":{"type":"LineString","coordinates":[[570107.95923196431,5447246.5780058894],[570110.69854534941,5447247.562913795],[570152.95079236536,5447242.2412086185],[570179.86315328488,5447241.9494823813],[570199.8029227783,5447230.6438538563],[570206.84875759401,5447229.6248483891]]},"properties":{"LINEAR_FEATURE_ID":701348448,"WATERSHED_GROUP_ID":63,"EDGE_TYPE":1200,"BLUE_LINE_KEY":356348966,"WATERSHED_KEY":356348966,"FWA_WATERSHED_CODE":"100-069460-715142-000000-000000-000000-000000-000000-000000-000000-000000-000000-000000-000000-000000-000000-000000-000000-000000-000000-000000","LOCAL_WATERSHED_CODE":"100-069460-715142-000000-000000-000000-000000-000000-000000-000000-000000-000000-000000-000000-000000-000000-000000-000000-000000-000000-000000","WATERSHED_GROUP_CODE":"HARR","DOWNSTREAM_ROUTE_MEASURE":52.701062969303102,"LENGTH_METRE":102.57912357768701,"FEATURE_SOURCE":"lake-def skelet","GNIS_ID":null,"GNIS_NAME":null,"LEFT_RIGHT_TRIBUTARY":"RIGHT","STREAM_ORDER":1,"STREAM_MAGNITUDE":1,"WATERBODY_KEY":329178417,"BLUE_LINE_KEY_50K":1064,"WATERSHED_CODE_50K":"100000000000000000000000000000000000000000000","WATERSHED_KEY_50K":571,"WATERSHED_GROUP_CODE_50K":"HARR","GRADIENT":null,"FEATURE_CODE":"WA24111110","OBJECTID":5376394,"GEOMETRY.LEN":0,"FEATURE_LENGTH_M":102.57910000000001}},{"type":"Feature","id":5368335,"geometry":{"type":"LineString","coordinates":[[569566.8544549346,5447676.6165656541],[569600.43344855052,5447712.6685482329],[569634.82918311155,5447753.0061112819],[569671.33450209058,5447765.6600838052],[569713.35315340769,5447769.8333226843],[569760.85976039094,5447763.3173138443],[569797.81461311644,5447750.6324050603]]},"properties":{"LINEAR_FEATURE_ID":701348327,"WATERSHED_GROUP_ID":63,"EDGE_TYPE":1200,"BLUE_LINE_KEY":356261090,"WATERSHED_KEY":356261090,"FWA_WATERSHED_CODE":"100-069033-000000-000000-000000-000000-000000-000000-000000-000000-000000-000000-000000-000000-000000-000000-000000-000000-000000-000000-000000","LOCAL_WATERSHED_CODE":"100-069033-000000-000000-000000-000000-000000-000000-000000-000000-000000-000000-000000-000000-000000-000000-000000-000000-000000-000000-000000","WATERSHED_GROUP_CODE":"HARR","DOWNSTREAM_ROUTE_MEASURE":1102.5773877962201,"LENGTH_METRE":270.40113156932097,"FEATURE_SOURCE":"lake-def skelet","GNIS_ID":null,"GNIS_NAME":null,"LEFT_RIGHT_TRIBUTARY":"RIGHT","STREAM_ORDER":1,"STREAM_MAGNITUDE":1,"WATERBODY_KEY":329178191,"BLUE_LINE_KEY_50K":null,"WATERSHED_CODE_50K":null,"WATERSHED_KEY_50K":null,"WATERSHED_GROUP_CODE_50K":null,"GRADIENT":null,"FEATURE_CODE":"WA24111110","OBJECTID":5368335,"GEOMETRY.LEN":0,"FEATURE_LENGTH_M":270.40010000000001}},{"type":"Feature","id":5368334,"geometry":{"type":"LineString","coordinates":[[569922.92762684345,5447739.54818244],[569973.23874250078,5447750.1143986946],[570043.85435796145,5447774.6525536571]]},"properties":{"LINEAR_FEATURE_ID":701348304,"WATERSHED_GROUP_ID":63,"EDGE_TYPE":1400,"BLUE_LINE_KEY":356151507,"WATERSHED_KEY":356151507,"FWA_WATERSHED_CODE":"999-999999-999999-999999-999999-999999-999999-999999-999999-999999-999999-999999-999999-999999-999999-999999-999999-999999-999999-999999-999999","LOCAL_WATERSHED_CODE":null,"WATERSHED_GROUP_CODE":"HARR","DOWNSTREAM_ROUTE_MEASURE":0,"LENGTH_METRE":126.32111653092301,"FEATURE_SOURCE":"OP","GNIS_ID":null,"GNIS_NAME":null,"LEFT_RIGHT_TRIBUTARY":"RIGHT","STREAM_ORDER":1,"STREAM_MAGNITUDE":1,"WATERBODY_KEY":329178323,"BLUE_LINE_KEY_50K":null,"WATERSHED_CODE_50K":null,"WATERSHED_KEY_50K":null,"WATERSHED_GROUP_CODE_50K":null,"GRADIENT":null,"FEATURE_CODE":"WA24111170","OBJECTID":5368334,"GEOMETRY.LEN":0,"FEATURE_LENGTH_M":126.32080000000001}},{"type":"Feature","id":5377016,"geometry":{"type":"LineString","coordinates":[[570141.84232602431,5448608.6596851638],[570140.80643172236,5448596.6120266514],[570151.81615550327,5448576.6415552758],[570161.81661145482,5448566.6339784581],[570182.88767578977,5448545.683926424],[570194.91047926433,5448529.6849814923],[570203.89411777188,5448505.571550413],[570209.86112379411,5448482.6868242053],[570212.90992835083,5448459.606226],[570213.85446920258,5448435.5492182551],[570214.87978830677,5448414.6598498207],[570219.87572426139,5448397.6216758201],[570225.86565917498,5448386.6132240836],[570237.82746868569,5448366.6554434737],[570249.8492349853,5448350.6564927222],[570262.84322759951,5448332.6120802015],[570271.87045372953,5448324.6509521296],[570288.89488218189,5448310.6163944947],[570306.81815632316,5448311.6363630248],[570327.91584637261,5448312.697833145]]},"properties":{"LINEAR_FEATURE_ID":701348086,"WATERSHED_GROUP_ID":63,"EDGE_TYPE":1000,"BLUE_LINE_KEY":356034382,"WATERSHED_KEY":356034382,"FWA_WATERSHED_CODE":"100-070298-700174-000000-000000-000000-000000-000000-000000-000000-000000-000000-000000-000000-000000-000000-000000-000000-000000-000000-000000","LOCAL_WATERSHED_CODE":"100-070298-700174-000000-000000-000000-000000-000000-000000-000000-000000-000000-000000-000000-000000-000000-000000-000000-000000-000000-000000","WATERSHED_GROUP_CODE":"HARR","DOWNSTREAM_ROUTE_MEASURE":0,"LENGTH_METRE":385.38800615974804,"FEATURE_SOURCE":"RiverStream","GNIS_ID":null,"GNIS_NAME":null,"LEFT_RIGHT_TRIBUTARY":"LEFT","STREAM_ORDER":1,"STREAM_MAGNITUDE":1,"WATERBODY_KEY":null,"BLUE_LINE_KEY_50K":535,"WATERSHED_CODE_50K":"100071820000000000000000000000000000000000000","WATERSHED_KEY_50K":535,"WATERSHED_GROUP_CODE_50K":"HARR","GRADIENT":null,"FEATURE_CODE":"GA24850000","OBJECTID":5377016,"GEOMETRY.LEN":0,"FEATURE_LENGTH_M":385.38830000000002}},{"type":"Feature","id":5369983,"geometry":{"type":"LineString","coordinates":[[570049.87879902183,5448644.5447424334],[570061.8054579047,5448637.5706475936],[570079.90390386584,5448627.6663706154],[570103.93429260957,5448611.661154639],[570126.91544347408,5448604.6700148899],[570141.84232602431,5448608.6596851638]]},"properties":{"LINEAR_FEATURE_ID":701348001,"WATERSHED_GROUP_ID":63,"EDGE_TYPE":1000,"BLUE_LINE_KEY":356264912,"WATERSHED_KEY":356264912,"FWA_WATERSHED_CODE":"100-070298-000000-000000-000000-000000-000000-000000-000000-000000-000000-000000-000000-000000-000000-000000-000000-000000-000000-000000-000000","LOCAL_WATERSHED_CODE":"100-070298-535310-000000-000000-000000-000000-000000-000000-000000-000000-000000-000000-000000-000000-000000-000000-000000-000000-000000-000000","WATERSHED_GROUP_CODE":"HARR","DOWNSTREAM_ROUTE_MEASURE":1643.1614464113502,"LENGTH_METRE":102.88902474079701,"FEATURE_SOURCE":"RiverStream","GNIS_ID":30466,"GNIS_NAME":"Zaitscullachan Slough","LEFT_RIGHT_TRIBUTARY":"RIGHT","STREAM_ORDER":2,"STREAM_MAGNITUDE":2,"WATERBODY_KEY":null,"BLUE_LINE_KEY_50K":535,"WATERSHED_CODE_50K":"100071820000000000000000000000000000000000000","WATERSHED_KEY_50K":535,"WATERSHED_GROUP_CODE_50K":"HARR","GRADIENT":null,"FEATURE_CODE":"GA24850000","OBJECTID":5369983,"GEOMETRY.LEN":0,"FEATURE_LENGTH_M":102.88930000000001}},{"type":"Feature","id":5370060,"geometry":{"type":"LineString","coordinates":[[570141.84232602431,5448608.6596851638],[570144.89873152273,5448609.6488513211],[570154.90491827088,5448618.6438596975],[570163.95796829381,5448627.6261466164]]},"properties":{"LINEAR_FEATURE_ID":701347997,"WATERSHED_GROUP_ID":63,"EDGE_TYPE":1000,"BLUE_LINE_KEY":356264912,"WATERSHED_KEY":356264912,"FWA_WATERSHED_CODE":"100-070298-000000-000000-000000-000000-000000-000000-000000-000000-000000-000000-000000-000000-000000-000000-000000-000000-000000-000000-000000","LOCAL_WATERSHED_CODE":"100-070298-700174-000000-000000-000000-000000-000000-000000-000000-000000-000000-000000-000000-000000-000000-000000-000000-000000-000000-000000","WATERSHED_GROUP_CODE":"HARR","DOWNSTREAM_ROUTE_MEASURE":1746.0504711521501,"LENGTH_METRE":29.4355575688854,"FEATURE_SOURCE":"RiverStream","GNIS_ID":null,"GNIS_NAME":null,"LEFT_RIGHT_TRIBUTARY":"RIGHT","STREAM_ORDER":1,"STREAM_MAGNITUDE":1,"WATERBODY_KEY":null,"BLUE_LINE_KEY_50K":534,"WATERSHED_CODE_50K":"100071820500000000000000000000000000000000000","WATERSHED_KEY_50K":534,"WATERSHED_GROUP_CODE_50K":"HARR","GRADIENT":null,"FEATURE_CODE":"GA24850000","OBJECTID":5370060,"GEOMETRY.LEN":0,"FEATURE_LENGTH_M":29.4405}},{"type":"Feature","id":5376288,"geometry":{"type":"LineString","coordinates":[[569794.2467061982,5448806.3049569586],[569965.28961522493,5448717.4210897926],[570049.86198622151,5448654.2041340647],[570049.87879902183,5448644.5447424334]]},"properties":{"LINEAR_FEATURE_ID":701347976,"WATERSHED_GROUP_ID":63,"EDGE_TYPE":1200,"BLUE_LINE_KEY":356264912,"WATERSHED_KEY":356264912,"FWA_WATERSHED_CODE":"100-070298-000000-000000-000000-000000-000000-000000-000000-000000-000000-000000-000000-000000-000000-000000-000000-000000-000000-000000-000000","LOCAL_WATERSHED_CODE":"100-070298-535310-000000-000000-000000-000000-000000-000000-000000-000000-000000-000000-000000-000000-000000-000000-000000-000000-000000-000000","WATERSHED_GROUP_CODE":"HARR","DOWNSTREAM_ROUTE_MEASURE":1334.9220187461101,"LENGTH_METRE":308.23942766524499,"FEATURE_SOURCE":"lake-def skelet","GNIS_ID":30466,"GNIS_NAME":"Zaitscullachan Slough","LEFT_RIGHT_TRIBUTARY":"RIGHT","STREAM_ORDER":2,"STREAM_MAGNITUDE":2,"WATERBODY_KEY":328970808,"BLUE_LINE_KEY_50K":535,"WATERSHED_CODE_50K":"100071820000000000000000000000000000000000000","WATERSHED_KEY_50K":535,"WATERSHED_GROUP_CODE_50K":"HARR","GRADIENT":null,"FEATURE_CODE":"WA24111110","OBJECTID":5376288,"GEOMETRY.LEN":0,"FEATURE_LENGTH_M":308.23939999999999}},{"type":"Feature","id":5369908,"geometry":{"type":"LineString","coordinates":[[569794.2467061982,5448806.3049569586],[569803.91539277218,5448818.619983674]]},"properties":{"LINEAR_FEATURE_ID":701347933,"WATERSHED_GROUP_ID":63,"EDGE_TYPE":1450,"BLUE_LINE_KEY":356236642,"WATERSHED_KEY":356236642,"FWA_WATERSHED_CODE":"100-070298-535310-000000-000000-000000-000000-000000-000000-000000-000000-000000-000000-000000-000000-000000-000000-000000-000000-000000-000000","LOCAL_WATERSHED_CODE":"100-070298-535310-000000-000000-000000-000000-000000-000000-000000-000000-000000-000000-000000-000000-000000-000000-000000-000000-000000-000000","WATERSHED_GROUP_CODE":"HARR","DOWNSTREAM_ROUTE_MEASURE":0,"LENGTH_METRE":15.659201475416999,"FEATURE_SOURCE":"OP","GNIS_ID":null,"GNIS_NAME":null,"LEFT_RIGHT_TRIBUTARY":"RIGHT","STREAM_ORDER":1,"STREAM_MAGNITUDE":1,"WATERBODY_KEY":328970808,"BLUE_LINE_KEY_50K":1030,"WATERSHED_CODE_50K":"100071820000000000000000000000000000000000000","WATERSHED_KEY_50K":535,"WATERSHED_GROUP_CODE_50K":"HARR","GRADIENT":null,"FEATURE_CODE":"WA24111190","OBJECTID":5369908,"GEOMETRY.LEN":0,"FEATURE_LENGTH_M":15.659000000000001}},{"type":"Feature","id":5367164,"geometry":{"type":"LineString","coordinates":[[569803.91539277218,5448818.619983674],[569823.88481506053,5448830.591153861],[569845.89752711519,5448839.5789593374],[569865.80697625491,5448847.5903067188],[569876.88240066334,5448850.5812789621],[569899.82732732687,5448856.5728288153],[569923.80428827973,5448860.6766004348],[569934.91892533505,5448859.5512025962],[569945.9134247785,5448855.5733910678],[569966.83034587407,5448848.5547306649],[569980.82126307196,5448841.606272826],[570001.85631307587,5448828.571741187],[570024.89647151658,5448816.6711566253]]},"properties":{"LINEAR_FEATURE_ID":701347920,"WATERSHED_GROUP_ID":63,"EDGE_TYPE":1000,"BLUE_LINE_KEY":356236642,"WATERSHED_KEY":356236642,"FWA_WATERSHED_CODE":"100-070298-535310-000000-000000-000000-000000-000000-000000-000000-000000-000000-000000-000000-000000-000000-000000-000000-000000-000000-000000","LOCAL_WATERSHED_CODE":"100-070298-535310-000000-000000-000000-000000-000000-000000-000000-000000-000000-000000-000000-000000-000000-000000-000000-000000-000000-000000","WATERSHED_GROUP_CODE":"HARR","DOWNSTREAM_ROUTE_MEASURE":15.659201475416999,"LENGTH_METRE":239.51440312104901,"FEATURE_SOURCE":"RiverStream","GNIS_ID":null,"GNIS_NAME":null,"LEFT_RIGHT_TRIBUTARY":"RIGHT","STREAM_ORDER":1,"STREAM_MAGNITUDE":1,"WATERBODY_KEY":null,"BLUE_LINE_KEY_50K":1030,"WATERSHED_CODE_50K":"100071820000000000000000000000000000000000000","WATERSHED_KEY_50K":535,"WATERSHED_GROUP_CODE_50K":"HARR","GRADIENT":null,"FEATURE_CODE":"GA24850000","OBJECTID":5367164,"GEOMETRY.LEN":0,"FEATURE_LENGTH_M":239.5163}},{"type":"Feature","id":5374817,"geometry":{"type":"LineString","coordinates":[[569016.36685525952,5446859.7337793466],[569202.80490200641,5446936.8233573455],[569319.75503949216,5447012.7150861165],[569478.93291041441,5447015.3499208512],[569599.44622695842,5446984.406617688],[569644.69782595721,5446923.8545446619]]},"properties":{"LINEAR_FEATURE_ID":701348592,"WATERSHED_GROUP_ID":63,"EDGE_TYPE":1350,"BLUE_LINE_KEY":355992484,"WATERSHED_KEY":356364114,"FWA_WATERSHED_CODE":"100-000000-000000-000000-000000-000000-000000-000000-000000-000000-000000-000000-000000-000000-000000-000000-000000-000000-000000-000000-000000","LOCAL_WATERSHED_CODE":"100-069460-000000-000000-000000-000000-000000-000000-000000-000000-000000-000000-000000-000000-000000-000000-000000-000000-000000-000000-000000","WATERSHED_GROUP_CODE":"HARR","DOWNSTREAM_ROUTE_MEASURE":2148.1941368523403,"LENGTH_METRE":701.08972200047594,"FEATURE_SOURCE":"areal stream sk","GNIS_ID":null,"GNIS_NAME":null,"LEFT_RIGHT_TRIBUTARY":"NONE","STREAM_ORDER":2,"STREAM_MAGNITUDE":2,"WATERBODY_KEY":329710414,"BLUE_LINE_KEY_50K":1063,"WATERSHED_CODE_50K":"100000000000000000000000000000000000000000000","WATERSHED_KEY_50K":571,"WATERSHED_GROUP_CODE_50K":"HARR","GRADIENT":null,"FEATURE_CODE":"WA24111150","OBJECTID":5374817,"GEOMETRY.LEN":0,"FEATURE_LENGTH_M":701.08950000000004}},{"type":"Feature","id":5367468,"geometry":{"type":"LineString","coordinates":[[569016.36685525952,5446859.7337793466],[568995.83147269674,5446898.6031635189]]},"properties":{"LINEAR_FEATURE_ID":701348593,"WATERSHED_GROUP_ID":63,"EDGE_TYPE":1450,"BLUE_LINE_KEY":356261090,"WATERSHED_KEY":356261090,"FWA_WATERSHED_CODE":"100-069033-000000-000000-000000-000000-000000-000000-000000-000000-000000-000000-000000-000000-000000-000000-000000-000000-000000-000000-000000","LOCAL_WATERSHED_CODE":"100-069033-000000-000000-000000-000000-000000-000000-000000-000000-000000-000000-000000-000000-000000-000000-000000-000000-000000-000000-000000","WATERSHED_GROUP_CODE":"HARR","DOWNSTREAM_ROUTE_MEASURE":0,"LENGTH_METRE":43.948660787304,"FEATURE_SOURCE":"OP","GNIS_ID":null,"GNIS_NAME":null,"LEFT_RIGHT_TRIBUTARY":"RIGHT","STREAM_ORDER":1,"STREAM_MAGNITUDE":1,"WATERBODY_KEY":329710414,"BLUE_LINE_KEY_50K":null,"WATERSHED_CODE_50K":null,"WATERSHED_KEY_50K":null,"WATERSHED_GROUP_CODE_50K":null,"GRADIENT":null,"FEATURE_CODE":"WA24111190","OBJECTID":5367468,"GEOMETRY.LEN":0,"FEATURE_LENGTH_M":43.959299999999999}},{"type":"Feature","id":5367326,"geometry":{"type":"LineString","coordinates":[[568995.83147269674,5446898.6031635189],[568998.86402103794,5447015.0276965983]]},"properties":{"LINEAR_FEATURE_ID":701348580,"WATERSHED_GROUP_ID":63,"EDGE_TYPE":1410,"BLUE_LINE_KEY":356261090,"WATERSHED_KEY":356261090,"FWA_WATERSHED_CODE":"100-069033-000000-000000-000000-000000-000000-000000-000000-000000-000000-000000-000000-000000-000000-000000-000000-000000-000000-000000-000000","LOCAL_WATERSHED_CODE":"100-069033-000000-000000-000000-000000-000000-000000-000000-000000-000000-000000-000000-000000-000000-000000-000000-000000-000000-000000-000000","WATERSHED_GROUP_CODE":"HARR","DOWNSTREAM_ROUTE_MEASURE":43.948660787304,"LENGTH_METRE":116.381957400063,"FEATURE_SOURCE":"OP","GNIS_ID":null,"GNIS_NAME":null,"LEFT_RIGHT_TRIBUTARY":"RIGHT","STREAM_ORDER":1,"STREAM_MAGNITUDE":1,"WATERBODY_KEY":null,"BLUE_LINE_KEY_50K":null,"WATERSHED_CODE_50K":null,"WATERSHED_KEY_50K":null,"WATERSHED_GROUP_CODE_50K":null,"GRADIENT":null,"FEATURE_CODE":"WA11410000","OBJECTID":5367326,"GEOMETRY.LEN":0,"FEATURE_LENGTH_M":116.4859}},{"type":"Feature","id":5369184,"geometry":{"type":"LineString","coordinates":[[567702.92812294106,5447014.652785209],[567702.85655507876,5447026.6865705755],[567697.94634238572,5447045.628183743],[567692.83979314554,5447068.6840219321],[567688.88264865906,5447087.6373719424],[567685.93946096732,5447110.5623020846],[567681.94399856438,5447133.6320288712],[567679.95383761416,5447156.5676937085],[567676.80588366918,5447169.6724243239],[567673.91510508687,5447182.6217621816],[567669.93608725083,5447198.5661144769],[567665.95030878182,5447205.6422696486],[567664.90379640402,5447214.6553093996],[567663.84388697846,5447234.5947740367],[567661.94143653358,5447239.6383923348],[567659.8457061454,5447252.5973056136],[567657.90799667488,5447265.5583774727],[567655.93022301793,5447277.5676279962],[567653.93337704719,5447291.637065718],[567651.89106272091,5447294.6203730116],[567640.94905820198,5447318.555255549],[567626.89063923992,5447342.6102712965],[567618.86027778662,5447356.6048361789],[567604.85998324968,5447379.5515093375],[567590.89872828766,5447399.6498359069],[567576.89941565553,5447422.596446408],[567572.85653524392,5447434.5820515947],[567567.86692202534,5447456.6891503679],[567566.82514300302,5447474.5704095569],[567567.86360779323,5447486.6170788417],[567566.83793661813,5447498.6390850283]]},"properties":{"LINEAR_FEATURE_ID":701348565,"WATERSHED_GROUP_ID":63,"EDGE_TYPE":1000,"BLUE_LINE_KEY":356330954,"WATERSHED_KEY":356330954,"FWA_WATERSHED_CODE":"100-067925-000000-000000-000000-000000-000000-000000-000000-000000-000000-000000-000000-000000-000000-000000-000000-000000-000000-000000-000000","LOCAL_WATERSHED_CODE":"100-067925-106660-000000-000000-000000-000000-000000-000000-000000-000000-000000-000000-000000-000000-000000-000000-000000-000000-000000-000000","WATERSHED_GROUP_CODE":"HARR","DOWNSTREAM_ROUTE_MEASURE":1785.33566947293,"LENGTH_METRE":511.75917757083903,"FEATURE_SOURCE":"RiverStream","GNIS_ID":null,"GNIS_NAME":null,"LEFT_RIGHT_TRIBUTARY":"RIGHT","STREAM_ORDER":2,"STREAM_MAGNITUDE":4,"WATERBODY_KEY":null,"BLUE_LINE_KEY_50K":633,"WATERSHED_CODE_50K":"100068800000000000000000000000000000000000000","WATERSHED_KEY_50K":633,"WATERSHED_GROUP_CODE_50K":"HARR","GRADIENT":null,"FEATURE_CODE":"GA24850000","OBJECTID":5369184,"GEOMETRY.LEN":0,"FEATURE_LENGTH_M":511.75999999999999}},{"type":"Feature","id":5375997,"geometry":{"type":"LineString","coordinates":[[568998.86402103794,5447015.0276965983],[569007.82234721188,5447121.5501425667]]},"properties":{"LINEAR_FEATURE_ID":701348536,"WATERSHED_GROUP_ID":63,"EDGE_TYPE":1410,"BLUE_LINE_KEY":356261090,"WATERSHED_KEY":356261090,"FWA_WATERSHED_CODE":"100-069033-000000-000000-000000-000000-000000-000000-000000-000000-000000-000000-000000-000000-000000-000000-000000-000000-000000-000000-000000","LOCAL_WATERSHED_CODE":"100-069033-000000-000000-000000-000000-000000-000000-000000-000000-000000-000000-000000-000000-000000-000000-000000-000000-000000-000000-000000","WATERSHED_GROUP_CODE":"HARR","DOWNSTREAM_ROUTE_MEASURE":160.33061818736701,"LENGTH_METRE":106.82523490357902,"FEATURE_SOURCE":"OP","GNIS_ID":null,"GNIS_NAME":null,"LEFT_RIGHT_TRIBUTARY":"RIGHT","STREAM_ORDER":1,"STREAM_MAGNITUDE":1,"WATERBODY_KEY":null,"BLUE_LINE_KEY_50K":null,"WATERSHED_CODE_50K":null,"WATERSHED_KEY_50K":null,"WATERSHED_GROUP_CODE_50K":null,"GRADIENT":null,"FEATURE_CODE":"WA11410000","OBJECTID":5375997,"GEOMETRY.LEN":0,"FEATURE_LENGTH_M":106.84690000000001}},{"type":"Feature","id":5374489,"geometry":{"type":"LineString","coordinates":[[569079.83813998732,5447104.5575260995],[569120.62094483187,5447092.0562699707],[569151.81291826069,5447086.6150537431]]},"properties":{"LINEAR_FEATURE_ID":701348505,"WATERSHED_GROUP_ID":63,"EDGE_TYPE":1400,"BLUE_LINE_KEY":356007284,"WATERSHED_KEY":356007284,"FWA_WATERSHED_CODE":"999-999999-999999-999999-999999-999999-999999-999999-999999-999999-999999-999999-999999-999999-999999-999999-999999-999999-999999-999999-999999","LOCAL_WATERSHED_CODE":null,"WATERSHED_GROUP_CODE":"HARR","DOWNSTREAM_ROUTE_MEASURE":0,"LENGTH_METRE":74.412009684240402,"FEATURE_SOURCE":"OP","GNIS_ID":null,"GNIS_NAME":null,"LEFT_RIGHT_TRIBUTARY":"RIGHT","STREAM_ORDER":1,"STREAM_MAGNITUDE":1,"WATERBODY_KEY":329178359,"BLUE_LINE_KEY_50K":null,"WATERSHED_CODE_50K":null,"WATERSHED_KEY_50K":null,"WATERSHED_GROUP_CODE_50K":null,"GRADIENT":null,"FEATURE_CODE":"WA24111170","OBJECTID":5374489,"GEOMETRY.LEN":0,"FEATURE_LENGTH_M":74.411500000000004}},{"type":"Feature","id":5369471,"geometry":{"type":"LineString","coordinates":[[569007.82234721188,5447121.5501425667],[569024.21295272768,5447148.8327725399],[569059.58486269705,5447254.5775276236],[569099.31223303603,5447345.8087333879],[569112.68323237589,5447370.5198922921],[569117.82567094802,5447374.5436946154]]},"properties":{"LINEAR_FEATURE_ID":701348498,"WATERSHED_GROUP_ID":63,"EDGE_TYPE":1200,"BLUE_LINE_KEY":356261090,"WATERSHED_KEY":356261090,"FWA_WATERSHED_CODE":"100-069033-000000-000000-000000-000000-000000-000000-000000-000000-000000-000000-000000-000000-000000-000000-000000-000000-000000-000000-000000","LOCAL_WATERSHED_CODE":"100-069033-000000-000000-000000-000000-000000-000000-000000-000000-000000-000000-000000-000000-000000-000000-000000-000000-000000-000000-000000","WATERSHED_GROUP_CODE":"HARR","DOWNSTREAM_ROUTE_MEASURE":267.15585309094598,"LENGTH_METRE":277.37012808176803,"FEATURE_SOURCE":"lake-def skelet","GNIS_ID":null,"GNIS_NAME":null,"LEFT_RIGHT_TRIBUTARY":"RIGHT","STREAM_ORDER":1,"STREAM_MAGNITUDE":1,"WATERBODY_KEY":329178044,"BLUE_LINE_KEY_50K":null,"WATERSHED_CODE_50K":null,"WATERSHED_KEY_50K":null,"WATERSHED_GROUP_CODE_50K":null,"GRADIENT":null,"FEATURE_CODE":"WA24111110","OBJECTID":5369471,"GEOMETRY.LEN":0,"FEATURE_LENGTH_M":277.3698}},{"type":"Feature","id":5376005,"geometry":{"type":"LineString","coordinates":[[569464.84452157526,5447214.6930267531],[569492.59993110038,5447245.0722379433],[569534.97739401681,5447283.0373251298],[569594.3612325869,5447372.8253397616],[569645.8919142019,5447421.5623638285]]},"properties":{"LINEAR_FEATURE_ID":701348469,"WATERSHED_GROUP_ID":63,"EDGE_TYPE":1400,"BLUE_LINE_KEY":356317491,"WATERSHED_KEY":356317491,"FWA_WATERSHED_CODE":"999-999999-999999-999999-999999-999999-999999-999999-999999-999999-999999-999999-999999-999999-999999-999999-999999-999999-999999-999999-999999","LOCAL_WATERSHED_CODE":null,"WATERSHED_GROUP_CODE":"HARR","DOWNSTREAM_ROUTE_MEASURE":0,"LENGTH_METRE":276.68680322447898,"FEATURE_SOURCE":"OP","GNIS_ID":null,"GNIS_NAME":null,"LEFT_RIGHT_TRIBUTARY":"NONE","STREAM_ORDER":1,"STREAM_MAGNITUDE":1,"WATERBODY_KEY":329178149,"BLUE_LINE_KEY_50K":null,"WATERSHED_CODE_50K":null,"WATERSHED_KEY_50K":null,"WATERSHED_GROUP_CODE_50K":null,"GRADIENT":null,"FEATURE_CODE":"WA24111170","OBJECTID":5376005,"GEOMETRY.LEN":0,"FEATURE_LENGTH_M":276.68650000000002}},{"type":"Feature","id":5366663,"geometry":{"type":"LineString","coordinates":[[569117.82567094802,5447374.5436946154],[569127.81817066402,5447390.662158181],[569133.88132374652,5447407.6813147571],[569144.8088762929,5447429.6698569786],[569151.84048785514,5447439.5764273331],[569168.9206059,5447460.6919949288],[569181.92872618616,5447475.5817895792],[569194.95384134946,5447484.6122716088],[569201.86435150064,5447491.6664193226],[569225.82853560569,5447506.6937891021],[569243.91432980285,5447516.579418161],[569246.95256002527,5447519.6267722137],[569257.93162487017,5447526.5734778885],[569278.81760263979,5447537.6036561169],[569297.93448052625,5447545.6025203941],[569320.90277544968,5447554.6001548143],[569338.86856105388,5447561.6353041632],[569362.80806655111,5447568.5865078056],[569383.83017219824,5447576.6098489761],[569401.8760503761,5447585.5466192244],[569425.95547667623,5447594.5581060862],[569438.9587598244,5447600.5805769498],[569451.84306544752,5447607.5517493384],[569460.83695507387,5447612.5742901852],[569478.86373833253,5447623.569229451],[569502.80613600346,5447635.5885395445],[569525.85638653906,5447651.5549384756],[569545.92930805753,5447664.6346128397],[569562.84401129396,5447675.6156893326],[569566.8544549346,5447676.6165656541]]},"properties":{"LINEAR_FEATURE_ID":701348422,"WATERSHED_GROUP_ID":63,"EDGE_TYPE":1000,"BLUE_LINE_KEY":356261090,"WATERSHED_KEY":356261090,"FWA_WATERSHED_CODE":"100-069033-000000-000000-000000-000000-000000-000000-000000-000000-000000-000000-000000-000000-000000-000000-000000-000000-000000-000000-000000","LOCAL_WATERSHED_CODE":"100-069033-000000-000000-000000-000000-000000-000000-000000-000000-000000-000000-000000-000000-000000-000000-000000-000000-000000-000000-000000","WATERSHED_GROUP_CODE":"HARR","DOWNSTREAM_ROUTE_MEASURE":544.52598117271395,"LENGTH_METRE":558.05140662350902,"FEATURE_SOURCE":"RiverStream","GNIS_ID":null,"GNIS_NAME":null,"LEFT_RIGHT_TRIBUTARY":"RIGHT","STREAM_ORDER":1,"STREAM_MAGNITUDE":1,"WATERBODY_KEY":null,"BLUE_LINE_KEY_50K":null,"WATERSHED_CODE_50K":null,"WATERSHED_KEY_50K":null,"WATERSHED_GROUP_CODE_50K":null,"GRADIENT":null,"FEATURE_CODE":"GA24850000","OBJECTID":5366663,"GEOMETRY.LEN":0,"FEATURE_LENGTH_M":558.05219999999997}},{"type":"Feature","id":5373749,"geometry":{"type":"LineString","coordinates":[[567566.83793661813,5447498.6390850283],[567572.81159009691,5447498.5542824259],[567586.84283525764,5447497.6171882031],[567600.87512121536,5447496.6810478522],[567613.83528518549,5447496.6808548151],[567633.84122500487,5447495.6599020669],[567657.83727946016,5447497.6951457066],[567670.85666608578,5447496.588575284],[567684.90981552447,5447498.6614208072],[567691.95550493198,5447497.6386583736]]},"properties":{"LINEAR_FEATURE_ID":701348410,"WATERSHED_GROUP_ID":63,"EDGE_TYPE":1000,"BLUE_LINE_KEY":356330954,"WATERSHED_KEY":356330954,"FWA_WATERSHED_CODE":"100-067925-000000-000000-000000-000000-000000-000000-000000-000000-000000-000000-000000-000000-000000-000000-000000-000000-000000-000000-000000","LOCAL_WATERSHED_CODE":"100-067925-572736-000000-000000-000000-000000-000000-000000-000000-000000-000000-000000-000000-000000-000000-000000-000000-000000-000000-000000","WATERSHED_GROUP_CODE":"HARR","DOWNSTREAM_ROUTE_MEASURE":2297.0948470437702,"LENGTH_METRE":125.73791490810501,"FEATURE_SOURCE":"RiverStream","GNIS_ID":null,"GNIS_NAME":null,"LEFT_RIGHT_TRIBUTARY":"RIGHT","STREAM_ORDER":2,"STREAM_MAGNITUDE":3,"WATERBODY_KEY":null,"BLUE_LINE_KEY_50K":null,"WATERSHED_CODE_50K":null,"WATERSHED_KEY_50K":null,"WATERSHED_GROUP_CODE_50K":null,"GRADIENT":null,"FEATURE_CODE":"GA24850000","OBJECTID":5373749,"GEOMETRY.LEN":0,"FEATURE_LENGTH_M":125.76440000000001}},{"type":"Feature","id":5367396,"geometry":{"type":"LineString","coordinates":[[567566.83793661813,5447498.6390850283],[567563.88794467528,5447512.6957295788],[567563.89265065838,5447521.5629751245],[567560.80453831307,5447538.6274967017],[567558.92763603001,5447555.5473325402],[567558.85773564712,5447572.648215414],[567555.85330591933,5447596.6804494588],[567553.82011720061,5447618.6662888704],[567550.87382232666,5447641.590187015],[567546.89445047488,5447662.6016979795],[567541.82587064896,5447686.6092415294],[567539.88877997349,5447704.6364529561],[567536.89610476035,5447712.6761171855],[567533.92798821395,5447732.5920383157],[567530.86166832631,5447752.6644609459],[567528.88290304376,5447764.6746754115],[567527.93621471419,5447778.5973094273]]},"properties":{"LINEAR_FEATURE_ID":701348409,"WATERSHED_GROUP_ID":63,"EDGE_TYPE":1000,"BLUE_LINE_KEY":356039503,"WATERSHED_KEY":356039503,"FWA_WATERSHED_CODE":"100-067925-572736-000000-000000-000000-000000-000000-000000-000000-000000-000000-000000-000000-000000-000000-000000-000000-000000-000000-000000","LOCAL_WATERSHED_CODE":"100-067925-572736-000000-000000-000000-000000-000000-000000-000000-000000-000000-000000-000000-000000-000000-000000-000000-000000-000000-000000","WATERSHED_GROUP_CODE":"HARR","DOWNSTREAM_ROUTE_MEASURE":0,"LENGTH_METRE":283.12238741894299,"FEATURE_SOURCE":"RiverStream","GNIS_ID":null,"GNIS_NAME":null,"LEFT_RIGHT_TRIBUTARY":"RIGHT","STREAM_ORDER":1,"STREAM_MAGNITUDE":1,"WATERBODY_KEY":null,"BLUE_LINE_KEY_50K":633,"WATERSHED_CODE_50K":"100068800000000000000000000000000000000000000","WATERSHED_KEY_50K":633,"WATERSHED_GROUP_CODE_50K":"HARR","GRADIENT":null,"FEATURE_CODE":"GA24850000","OBJECTID":5367396,"GEOMETRY.LEN":0,"FEATURE_LENGTH_M":283.12209999999999}},{"type":"Feature","id":5369942,"geometry":{"type":"LineString","coordinates":[[567691.95550493198,5447497.6386583736],[567704.8756933104,5447496.6886328468],[567717.87592328573,5447497.6402389696],[567737.86270892993,5447498.6774436953],[567761.87796947057,5447498.6554703219],[567785.93425017642,5447499.5842631655],[567807.94419977476,5447499.6963313511],[567822.90976755088,5447499.5640461156],[567836.92290238873,5447500.6860473808],[567851.84745089361,5447499.6029827399],[567875.84360615106,5447501.640158725]]},"properties":{"LINEAR_FEATURE_ID":701348407,"WATERSHED_GROUP_ID":63,"EDGE_TYPE":1000,"BLUE_LINE_KEY":356330954,"WATERSHED_KEY":356330954,"FWA_WATERSHED_CODE":"100-067925-000000-000000-000000-000000-000000-000000-000000-000000-000000-000000-000000-000000-000000-000000-000000-000000-000000-000000-000000","LOCAL_WATERSHED_CODE":"100-067925-604087-000000-000000-000000-000000-000000-000000-000000-000000-000000-000000-000000-000000-000000-000000-000000-000000-000000-000000","WATERSHED_GROUP_CODE":"HARR","DOWNSTREAM_ROUTE_MEASURE":2422.83276195188,"LENGTH_METRE":184.42860881288601,"FEATURE_SOURCE":"RiverStream","GNIS_ID":null,"GNIS_NAME":null,"LEFT_RIGHT_TRIBUTARY":"RIGHT","STREAM_ORDER":2,"STREAM_MAGNITUDE":2,"WATERBODY_KEY":null,"BLUE_LINE_KEY_50K":null,"WATERSHED_CODE_50K":null,"WATERSHED_KEY_50K":null,"WATERSHED_GROUP_CODE_50K":null,"GRADIENT":null,"FEATURE_CODE":"GA24850000","OBJECTID":5369942,"GEOMETRY.LEN":0,"FEATURE_LENGTH_M":184.4282}},{"type":"Feature","id":5367462,"geometry":{"type":"LineString","coordinates":[[567691.95550493198,5447497.6386583736],[567696.88434938516,5447511.6340393396],[567693.87996348972,5447535.6663029641],[567687.91849037609,5447558.553742419],[567683.92099876318,5447581.6234266534],[567679.80450446426,5447605.6418019468],[567677.81132526242,5447628.5774627253],[567675.87800893362,5447651.6727845799],[567671.82068536396,5447674.5837729191],[567670.9557476216,5447691.6750463368],[567670.8458668961,5447711.6252735397],[567669.88378670462,5447732.6741852006],[567670.94042723812,5447742.6626829244],[567673.90223347454,5447752.6747210147],[567689.82905101019,5447771.555778292],[567703.89037527773,5447792.6301762434],[567707.84528964199,5447803.6047700224],[567708.94636253908,5447824.67836178],[567710.82169647317,5447846.55372479],[567709.89317620033,5447854.6180422651],[567710.81166364416,5447867.6133959899],[567709.92216571176,5447876.6285671918]]},"properties":{"LINEAR_FEATURE_ID":701348405,"WATERSHED_GROUP_ID":63,"EDGE_TYPE":1000,"BLUE_LINE_KEY":356048938,"WATERSHED_KEY":356048938,"FWA_WATERSHED_CODE":"100-067925-604087-000000-000000-000000-000000-000000-000000-000000-000000-000000-000000-000000-000000-000000-000000-000000-000000-000000-000000","LOCAL_WATERSHED_CODE":"100-067925-604087-000000-000000-000000-000000-000000-000000-000000-000000-000000-000000-000000-000000-000000-000000-000000-000000-000000-000000","WATERSHED_GROUP_CODE":"HARR","DOWNSTREAM_ROUTE_MEASURE":0,"LENGTH_METRE":393.32296220105098,"FEATURE_SOURCE":"RiverStream","GNIS_ID":null,"GNIS_NAME":null,"LEFT_RIGHT_TRIBUTARY":"RIGHT","STREAM_ORDER":1,"STREAM_MAGNITUDE":1,"WATERBODY_KEY":null,"BLUE_LINE_KEY_50K":null,"WATERSHED_CODE_50K":null,"WATERSHED_KEY_50K":null,"WATERSHED_GROUP_CODE_50K":null,"GRADIENT":null,"FEATURE_CODE":"GA24850000","OBJECTID":5367462,"GEOMETRY.LEN":0,"FEATURE_LENGTH_M":393.32750000000004}},{"type":"Feature","id":5377643,"geometry":{"type":"LineString","coordinates":[[567875.84360615106,5447501.640158725],[567877.89337376179,5447512.5912482142],[567886.85443914961,5447530.5945396004],[567892.84102834645,5447554.5793853737],[567898.80570917332,5447575.5542681385],[567905.86338370468,5447598.602191247],[567912.88099548686,5447620.6982923215],[567921.88110389432,5447639.6524176095],[567926.9289925613,5447652.6990683507],[567931.87703744264,5447664.6362338727],[567940.83617645758,5447682.6405761279],[567943.85818808887,5447691.5452067666],[567952.83915873046,5447712.5574944438],[567966.8824372394,5447735.691004117],[567973.93370487099,5447748.6046653334],[567982.87466468674,5447768.6661228416],[567989.83153125062,5447790.6045518117],[567995.91424795636,5447810.6307195155],[568001.85886300763,5447833.6647558482],[568006.84695159318,5447846.5527067166],[568017.89114459301,5447867.5906458749],[568032.88382912544,5447885.6687731864]]},"properties":{"LINEAR_FEATURE_ID":701348399,"WATERSHED_GROUP_ID":63,"EDGE_TYPE":1000,"BLUE_LINE_KEY":356330954,"WATERSHED_KEY":356330954,"FWA_WATERSHED_CODE":"100-067925-000000-000000-000000-000000-000000-000000-000000-000000-000000-000000-000000-000000-000000-000000-000000-000000-000000-000000-000000","LOCAL_WATERSHED_CODE":"100-067925-650071-000000-000000-000000-000000-000000-000000-000000-000000-000000-000000-000000-000000-000000-000000-000000-000000-000000-000000","WATERSHED_GROUP_CODE":"HARR","DOWNSTREAM_ROUTE_MEASURE":2607.2613707647602,"LENGTH_METRE":417.71446155119503,"FEATURE_SOURCE":"RiverStream","GNIS_ID":null,"GNIS_NAME":null,"LEFT_RIGHT_TRIBUTARY":"RIGHT","STREAM_ORDER":1,"STREAM_MAGNITUDE":1,"WATERBODY_KEY":null,"BLUE_LINE_KEY_50K":null,"WATERSHED_CODE_50K":null,"WATERSHED_KEY_50K":null,"WATERSHED_GROUP_CODE_50K":null,"GRADIENT":null,"FEATURE_CODE":"GA24850000","OBJECTID":5377643,"GEOMETRY.LEN":0,"FEATURE_LENGTH_M":417.71480000000003}},{"type":"Feature","id":5368252,"geometry":{"type":"LineString","coordinates":[[567875.84360615106,5447501.640158725],[567882.92931823118,5447501.5681955982],[567905.93341466878,5447502.6437555673],[567928.83662649977,5447502.6088670306],[567942.90894017403,5447502.623480997],[567956.82227729238,5447502.6369752027],[567980.83759010257,5447502.6159333522],[567993.95582798566,5447502.6188363107],[568005.92398119019,5447501.6579715433],[568016.82005937106,5447501.6340607908],[568040.83537407662,5447501.6130001498],[568058.87707511149,5447501.6777726468],[568077.8510180068,5447502.5454774499],[568099.90204471792,5447503.6092360346],[568121.85322490276,5447503.5635030298],[568144.85733344662,5447504.6389920237],[568157.81759572262,5447504.6407069815],[568171.88995786058,5447504.6562788524],[568185.80230256054,5447504.6697749468],[568197.81048374716,5447504.659697474],[568219.960714204,5447505.566870397],[568243.9169531985,5447506.6551150186],[568262.85087741388,5447506.5719570881],[568283.94987492787,5447507.6248783618]]},"properties":{"LINEAR_FEATURE_ID":701348398,"WATERSHED_GROUP_ID":63,"EDGE_TYPE":1000,"BLUE_LINE_KEY":356028750,"WATERSHED_KEY":356028750,"FWA_WATERSHED_CODE":"100-067925-650071-000000-000000-000000-000000-000000-000000-000000-000000-000000-000000-000000-000000-000000-000000-000000-000000-000000-000000","LOCAL_WATERSHED_CODE":"100-067925-650071-000000-000000-000000-000000-000000-000000-000000-000000-000000-000000-000000-000000-000000-000000-000000-000000-000000-000000","WATERSHED_GROUP_CODE":"HARR","DOWNSTREAM_ROUTE_MEASURE":0,"LENGTH_METRE":408.87560322781502,"FEATURE_SOURCE":"RiverStream","GNIS_ID":null,"GNIS_NAME":null,"LEFT_RIGHT_TRIBUTARY":"LEFT","STREAM_ORDER":1,"STREAM_MAGNITUDE":1,"WATERBODY_KEY":null,"BLUE_LINE_KEY_50K":null,"WATERSHED_CODE_50K":null,"WATERSHED_KEY_50K":null,"WATERSHED_GROUP_CODE_50K":null,"GRADIENT":null,"FEATURE_CODE":"GA24850000","OBJECTID":5368252,"GEOMETRY.LEN":0,"FEATURE_LENGTH_M":408.94140000000004}},{"type":"Feature","id":5373538,"geometry":{"type":"LineString","coordinates":[[568427.90661480883,5448021.667089547],[568436.85586060607,5448015.6026333356],[568445.92309962283,5448008.5895228833],[568464.94699189207,5447985.5481171869],[568477.91992453113,5447969.5572400577],[568483.951734512,5447964.5648746807],[568501.80537243071,5447942.617909262],[568519.89704059332,5447922.5737178409],[568538.88266037591,5447903.649618838],[568553.9388948601,5447885.6261670738],[568574.82791156392,5447861.6583969574],[568580.87784641283,5447854.6078795679],[568590.95525002456,5447842.6990093114],[568611.94240139413,5447818.5737053687],[568625.94640934002,5447800.6970295208],[568640.82268786896,5447779.6624208363],[568655.85978595819,5447763.6980965631],[568677.95804698637,5447739.5876410576],[568692.81521089072,5447720.6121856673],[568706.89920535428,5447704.6361003239],[568729.89035583998,5447681.6447554054],[568747.90093382937,5447659.7008398157],[568761.86691719305,5447644.6733872201],[568774.85791340773,5447626.6252342872],[568783.8840510681,5447618.6612664377]]},"properties":{"LINEAR_FEATURE_ID":701348356,"WATERSHED_GROUP_ID":63,"EDGE_TYPE":1000,"BLUE_LINE_KEY":356330954,"WATERSHED_KEY":356330954,"FWA_WATERSHED_CODE":"100-067925-000000-000000-000000-000000-000000-000000-000000-000000-000000-000000-000000-000000-000000-000000-000000-000000-000000-000000-000000","LOCAL_WATERSHED_CODE":"100-067925-650071-000000-000000-000000-000000-000000-000000-000000-000000-000000-000000-000000-000000-000000-000000-000000-000000-000000-000000","WATERSHED_GROUP_CODE":"HARR","DOWNSTREAM_ROUTE_MEASURE":3471.6122384705,"LENGTH_METRE":539.12117536202106,"FEATURE_SOURCE":"RiverStream","GNIS_ID":null,"GNIS_NAME":null,"LEFT_RIGHT_TRIBUTARY":"RIGHT","STREAM_ORDER":1,"STREAM_MAGNITUDE":1,"WATERBODY_KEY":null,"BLUE_LINE_KEY_50K":null,"WATERSHED_CODE_50K":null,"WATERSHED_KEY_50K":null,"WATERSHED_GROUP_CODE_50K":null,"GRADIENT":null,"FEATURE_CODE":"GA24850000","OBJECTID":5373538,"GEOMETRY.LEN":0,"FEATURE_LENGTH_M":539.14970000000005}},{"type":"Feature","id":5371036,"geometry":{"type":"LineString","coordinates":[[568032.88382912544,5447885.6687731864],[568077.72550959326,5447944.1779759713],[568089.89687785273,5447955.5703948289]]},"properties":{"LINEAR_FEATURE_ID":701348290,"WATERSHED_GROUP_ID":63,"EDGE_TYPE":1200,"BLUE_LINE_KEY":356330954,"WATERSHED_KEY":356330954,"FWA_WATERSHED_CODE":"100-067925-000000-000000-000000-000000-000000-000000-000000-000000-000000-000000-000000-000000-000000-000000-000000-000000-000000-000000-000000","LOCAL_WATERSHED_CODE":"100-067925-650071-000000-000000-000000-000000-000000-000000-000000-000000-000000-000000-000000-000000-000000-000000-000000-000000-000000-000000","WATERSHED_GROUP_CODE":"HARR","DOWNSTREAM_ROUTE_MEASURE":3024.9758323159604,"LENGTH_METRE":90.401892044572392,"FEATURE_SOURCE":"lake-def skelet","GNIS_ID":null,"GNIS_NAME":null,"LEFT_RIGHT_TRIBUTARY":"RIGHT","STREAM_ORDER":1,"STREAM_MAGNITUDE":1,"WATERBODY_KEY":329178385,"BLUE_LINE_KEY_50K":null,"WATERSHED_CODE_50K":null,"WATERSHED_KEY_50K":null,"WATERSHED_GROUP_CODE_50K":null,"GRADIENT":null,"FEATURE_CODE":"WA24111110","OBJECTID":5371036,"GEOMETRY.LEN":0,"FEATURE_LENGTH_M":90.402200000000008}},{"type":"Feature","id":5366724,"geometry":{"type":"LineString","coordinates":[[568089.89687785273,5447955.5703948289],[568101.80873202346,5447964.585185186],[568120.94626028801,5447975.5892852321],[568130.87116831192,5447977.6117548021],[568133.80947622447,5447979.5486533092],[568144.94534164178,5447982.6945038587],[568164.91424133524,5447989.5919143483],[568185.81808146473,5447998.5591934081],[568209.95432032528,5448002.6575659607],[568230.81718900532,5448010.6750639956],[568251.83908342663,5448018.6946726767],[568270.81762700051,5448029.6966165882],[568281.95285485906,5448031.5764182489],[568303.80502736662,5448031.6882049507],[568327.9006491719,5448033.5707004517],[568337.80373280961,5448032.585201649],[568354.85244518344,5448031.6873688204],[568375.81070417748,5448030.6800316917],[568392.95865786297,5448029.6266393438],[568405.8981205445,5448026.6193391932],[568418.95562047209,5448022.6643840699],[568427.90661480883,5448021.667089547]]},"properties":{"LINEAR_FEATURE_ID":701348261,"WATERSHED_GROUP_ID":63,"EDGE_TYPE":1000,"BLUE_LINE_KEY":356330954,"WATERSHED_KEY":356330954,"FWA_WATERSHED_CODE":"100-067925-000000-000000-000000-000000-000000-000000-000000-000000-000000-000000-000000-000000-000000-000000-000000-000000-000000-000000-000000","LOCAL_WATERSHED_CODE":"100-067925-650071-000000-000000-000000-000000-000000-000000-000000-000000-000000-000000-000000-000000-000000-000000-000000-000000-000000-000000","WATERSHED_GROUP_CODE":"HARR","DOWNSTREAM_ROUTE_MEASURE":3115.37772436053,"LENGTH_METRE":356.23451410997302,"FEATURE_SOURCE":"RiverStream","GNIS_ID":null,"GNIS_NAME":null,"LEFT_RIGHT_TRIBUTARY":"RIGHT","STREAM_ORDER":1,"STREAM_MAGNITUDE":1,"WATERBODY_KEY":null,"BLUE_LINE_KEY_50K":null,"WATERSHED_CODE_50K":null,"WATERSHED_KEY_50K":null,"WATERSHED_GROUP_CODE_50K":null,"GRADIENT":null,"FEATURE_CODE":"GA24850150","OBJECTID":5366724,"GEOMETRY.LEN":0,"FEATURE_LENGTH_M":356.23470000000003}},{"type":"Feature","id":5368245,"geometry":{"type":"LineString","coordinates":[[569585.90594946139,5448022.6923085693],[569642.32343364879,5448037.8656667955],[569775.32643174322,5448063.2984258318],[569790.84860558785,5448065.6597235575]]},"properties":{"LINEAR_FEATURE_ID":701348220,"WATERSHED_GROUP_ID":63,"EDGE_TYPE":1400,"BLUE_LINE_KEY":356122802,"WATERSHED_KEY":356122802,"FWA_WATERSHED_CODE":"999-999999-999999-999999-999999-999999-999999-999999-999999-999999-999999-999999-999999-999999-999999-999999-999999-999999-999999-999999-999999","LOCAL_WATERSHED_CODE":null,"WATERSHED_GROUP_CODE":"HARR","DOWNSTREAM_ROUTE_MEASURE":0,"LENGTH_METRE":209.80774669660502,"FEATURE_SOURCE":"OP","GNIS_ID":null,"GNIS_NAME":null,"LEFT_RIGHT_TRIBUTARY":"RIGHT","STREAM_ORDER":1,"STREAM_MAGNITUDE":1,"WATERBODY_KEY":329178311,"BLUE_LINE_KEY_50K":null,"WATERSHED_CODE_50K":null,"WATERSHED_KEY_50K":null,"WATERSHED_GROUP_CODE_50K":null,"GRADIENT":null,"FEATURE_CODE":"WA24111170","OBJECTID":5368245,"GEOMETRY.LEN":0,"FEATURE_LENGTH_M":209.80760000000001}},{"type":"Feature","id":5375652,"geometry":{"type":"LineString","coordinates":[[567673.53161094745,5448190.3456423897],[567638.92400661926,5448207.6562313624]]},"properties":{"LINEAR_FEATURE_ID":701348186,"WATERSHED_GROUP_ID":63,"EDGE_TYPE":1450,"BLUE_LINE_KEY":356311674,"WATERSHED_KEY":356311674,"FWA_WATERSHED_CODE":"100-069516-000000-000000-000000-000000-000000-000000-000000-000000-000000-000000-000000-000000-000000-000000-000000-000000-000000-000000-000000","LOCAL_WATERSHED_CODE":"100-069516-000000-000000-000000-000000-000000-000000-000000-000000-000000-000000-000000-000000-000000-000000-000000-000000-000000-000000-000000","WATERSHED_GROUP_CODE":"HARR","DOWNSTREAM_ROUTE_MEASURE":0,"LENGTH_METRE":38.732048177283801,"FEATURE_SOURCE":"OP","GNIS_ID":21286,"GNIS_NAME":"Deroche Creek","LEFT_RIGHT_TRIBUTARY":"RIGHT","STREAM_ORDER":4,"STREAM_MAGNITUDE":19,"WATERBODY_KEY":328998084,"BLUE_LINE_KEY_50K":635,"WATERSHED_CODE_50K":"100070200000000000000000000000000000000000000","WATERSHED_KEY_50K":635,"WATERSHED_GROUP_CODE_50K":"HARR","GRADIENT":null,"FEATURE_CODE":"WA24111190","OBJECTID":5375652,"GEOMETRY.LEN":0,"FEATURE_LENGTH_M":38.761099999999999}},{"type":"Feature","id":5369861,"geometry":{"type":"LineString","coordinates":[[567673.53161094745,5448190.3456423897],[567730.18537636078,5448270.6897322806],[567753.84719500504,5448336.378583679],[567833.24752822146,5448557.6175432112],[567855.9205556151,5448581.0155995255],[567909.7014934445,5448723.8546488499]]},"properties":{"LINEAR_FEATURE_ID":701348185,"WATERSHED_GROUP_ID":63,"EDGE_TYPE":1350,"BLUE_LINE_KEY":355991886,"WATERSHED_KEY":356364114,"FWA_WATERSHED_CODE":"100-000000-000000-000000-000000-000000-000000-000000-000000-000000-000000-000000-000000-000000-000000-000000-000000-000000-000000-000000-000000","LOCAL_WATERSHED_CODE":"100-070298-000000-000000-000000-000000-000000-000000-000000-000000-000000-000000-000000-000000-000000-000000-000000-000000-000000-000000-000000","WATERSHED_GROUP_CODE":"HARR","DOWNSTREAM_ROUTE_MEASURE":14605.9372549369,"LENGTH_METRE":588.21362526604707,"FEATURE_SOURCE":"areal stream sk","GNIS_ID":21105,"GNIS_NAME":"Nicomen Slough","LEFT_RIGHT_TRIBUTARY":"NONE","STREAM_ORDER":3,"STREAM_MAGNITUDE":17,"WATERBODY_KEY":328998084,"BLUE_LINE_KEY_50K":1054,"WATERSHED_CODE_50K":"100000000000000000000000000000000000000000000","WATERSHED_KEY_50K":571,"WATERSHED_GROUP_CODE_50K":"HARR","GRADIENT":null,"FEATURE_CODE":"WA24111150","OBJECTID":5369861,"GEOMETRY.LEN":0,"FEATURE_LENGTH_M":588.21310000000005}},{"type":"Feature","id":5377579,"geometry":{"type":"LineString","coordinates":[[568333.93877232133,5448552.5548980422],[568331.25694306532,5448545.4896067968],[568265.88023218897,5448507.9571722178],[568260.86183627602,5448491.6350785382]]},"properties":{"LINEAR_FEATURE_ID":701348061,"WATERSHED_GROUP_ID":63,"EDGE_TYPE":1400,"BLUE_LINE_KEY":356080775,"WATERSHED_KEY":356080775,"FWA_WATERSHED_CODE":"999-999999-999999-999999-999999-999999-999999-999999-999999-999999-999999-999999-999999-999999-999999-999999-999999-999999-999999-999999-999999","LOCAL_WATERSHED_CODE":null,"WATERSHED_GROUP_CODE":"HARR","DOWNSTREAM_ROUTE_MEASURE":0,"LENGTH_METRE":100.07187374190902,"FEATURE_SOURCE":"OP","GNIS_ID":null,"GNIS_NAME":null,"LEFT_RIGHT_TRIBUTARY":"NONE","STREAM_ORDER":1,"STREAM_MAGNITUDE":1,"WATERBODY_KEY":329178327,"BLUE_LINE_KEY_50K":null,"WATERSHED_CODE_50K":null,"WATERSHED_KEY_50K":null,"WATERSHED_GROUP_CODE_50K":null,"GRADIENT":null,"FEATURE_CODE":"WA24111170","OBJECTID":5377579,"GEOMETRY.LEN":0,"FEATURE_LENGTH_M":100.0728}},{"type":"Feature","id":5371131,"geometry":{"type":"LineString","coordinates":[[567909.7014934445,5448723.8546488499],[567924.17730183259,5448902.8518049577]]},"properties":{"LINEAR_FEATURE_ID":701347984,"WATERSHED_GROUP_ID":63,"EDGE_TYPE":1350,"BLUE_LINE_KEY":355991886,"WATERSHED_KEY":356364114,"FWA_WATERSHED_CODE":"100-000000-000000-000000-000000-000000-000000-000000-000000-000000-000000-000000-000000-000000-000000-000000-000000-000000-000000-000000-000000","LOCAL_WATERSHED_CODE":"100-070881-000000-000000-000000-000000-000000-000000-000000-000000-000000-000000-000000-000000-000000-000000-000000-000000-000000-000000-000000","WATERSHED_GROUP_CODE":"HARR","DOWNSTREAM_ROUTE_MEASURE":15194.150880203,"LENGTH_METRE":179.46240119177699,"FEATURE_SOURCE":"areal stream sk","GNIS_ID":21105,"GNIS_NAME":"Nicomen Slough","LEFT_RIGHT_TRIBUTARY":"NONE","STREAM_ORDER":3,"STREAM_MAGNITUDE":14,"WATERBODY_KEY":328998084,"BLUE_LINE_KEY_50K":1054,"WATERSHED_CODE_50K":"100000000000000000000000000000000000000000000","WATERSHED_KEY_50K":571,"WATERSHED_GROUP_CODE_50K":"HARR","GRADIENT":null,"FEATURE_CODE":"WA24111150","OBJECTID":5371131,"GEOMETRY.LEN":0,"FEATURE_LENGTH_M":179.4622}},{"type":"Feature","id":5369347,"geometry":{"type":"LineString","coordinates":[[567909.7014934445,5448723.8546488499],[567931.3581513596,5448725.2461085785]]},"properties":{"LINEAR_FEATURE_ID":701347983,"WATERSHED_GROUP_ID":63,"EDGE_TYPE":1450,"BLUE_LINE_KEY":355991891,"WATERSHED_KEY":356364114,"FWA_WATERSHED_CODE":"100-000000-000000-000000-000000-000000-000000-000000-000000-000000-000000-000000-000000-000000-000000-000000-000000-000000-000000-000000-000000","LOCAL_WATERSHED_CODE":"100-070298-000000-000000-000000-000000-000000-000000-000000-000000-000000-000000-000000-000000-000000-000000-000000-000000-000000-000000-000000","WATERSHED_GROUP_CODE":"HARR","DOWNSTREAM_ROUTE_MEASURE":0,"LENGTH_METRE":21.730882174765004,"FEATURE_SOURCE":"OP","GNIS_ID":null,"GNIS_NAME":null,"LEFT_RIGHT_TRIBUTARY":"NONE","STREAM_ORDER":2,"STREAM_MAGNITUDE":3,"WATERBODY_KEY":328998084,"BLUE_LINE_KEY_50K":1049,"WATERSHED_CODE_50K":"100000000000000000000000000000000000000000000","WATERSHED_KEY_50K":571,"WATERSHED_GROUP_CODE_50K":"HARR","GRADIENT":null,"FEATURE_CODE":"WA24111190","OBJECTID":5369347,"GEOMETRY.LEN":0,"FEATURE_LENGTH_M":21.730900000000002}},{"type":"Feature","id":5377173,"geometry":{"type":"LineString","coordinates":[[567931.3581513596,5448725.2461085785],[567986.18694633502,5448755.3775345758],[568045.97600059945,5448874.0851350296],[568078.70906742115,5448932.169397302]]},"properties":{"LINEAR_FEATURE_ID":701347980,"WATERSHED_GROUP_ID":63,"EDGE_TYPE":1350,"BLUE_LINE_KEY":355991891,"WATERSHED_KEY":356364114,"FWA_WATERSHED_CODE":"100-000000-000000-000000-000000-000000-000000-000000-000000-000000-000000-000000-000000-000000-000000-000000-000000-000000-000000-000000-000000","LOCAL_WATERSHED_CODE":"100-070298-000000-000000-000000-000000-000000-000000-000000-000000-000000-000000-000000-000000-000000-000000-000000-000000-000000-000000-000000","WATERSHED_GROUP_CODE":"HARR","DOWNSTREAM_ROUTE_MEASURE":21.730882174765004,"LENGTH_METRE":262.16267332616297,"FEATURE_SOURCE":"areal stream sk","GNIS_ID":null,"GNIS_NAME":null,"LEFT_RIGHT_TRIBUTARY":"NONE","STREAM_ORDER":2,"STREAM_MAGNITUDE":3,"WATERBODY_KEY":329710468,"BLUE_LINE_KEY_50K":1049,"WATERSHED_CODE_50K":"100000000000000000000000000000000000000000000","WATERSHED_KEY_50K":571,"WATERSHED_GROUP_CODE_50K":"HARR","GRADIENT":null,"FEATURE_CODE":"WA24111150","OBJECTID":5377173,"GEOMETRY.LEN":0,"FEATURE_LENGTH_M":262.16329999999999}},{"type":"Feature","id":5372685,"geometry":{"type":"LineString","coordinates":[[568663.91450328869,5449106.5988841457],[569031.40135630954,5448860.6775360508],[569110.36981388228,5448841.5569407549],[569293.88558866538,5448866.9783737417],[569425.89854630339,5448897.9325324073],[569555.70298845356,5448904.0019127699],[569682.91059329151,5448843.2184260152],[569782.28071967815,5448813.5962044112],[569794.2467061982,5448806.3049569586]]},"properties":{"LINEAR_FEATURE_ID":701347934,"WATERSHED_GROUP_ID":63,"EDGE_TYPE":1200,"BLUE_LINE_KEY":356264912,"WATERSHED_KEY":356264912,"FWA_WATERSHED_CODE":"100-070298-000000-000000-000000-000000-000000-000000-000000-000000-000000-000000-000000-000000-000000-000000-000000-000000-000000-000000-000000","LOCAL_WATERSHED_CODE":"100-070298-000000-000000-000000-000000-000000-000000-000000-000000-000000-000000-000000-000000-000000-000000-000000-000000-000000-000000-000000","WATERSHED_GROUP_CODE":"HARR","DOWNSTREAM_ROUTE_MEASURE":100.713657387578,"LENGTH_METRE":1234.2083613585301,"FEATURE_SOURCE":"lake-def skelet","GNIS_ID":30466,"GNIS_NAME":"Zaitscullachan Slough","LEFT_RIGHT_TRIBUTARY":"RIGHT","STREAM_ORDER":2,"STREAM_MAGNITUDE":3,"WATERBODY_KEY":328970808,"BLUE_LINE_KEY_50K":535,"WATERSHED_CODE_50K":"100071820000000000000000000000000000000000000","WATERSHED_KEY_50K":535,"WATERSHED_GROUP_CODE_50K":"HARR","GRADIENT":null,"FEATURE_CODE":"WA24111110","OBJECTID":5372685,"GEOMETRY.LEN":0,"FEATURE_LENGTH_M":1234.2084}},{"type":"Feature","id":5370879,"geometry":{"type":"LineString","coordinates":[[567924.17730183259,5448902.8518049577],[567949.23907456128,5448896.6335383952]]},"properties":{"LINEAR_FEATURE_ID":701347926,"WATERSHED_GROUP_ID":63,"EDGE_TYPE":1450,"BLUE_LINE_KEY":355991890,"WATERSHED_KEY":356364114,"FWA_WATERSHED_CODE":"100-000000-000000-000000-000000-000000-000000-000000-000000-000000-000000-000000-000000-000000-000000-000000-000000-000000-000000-000000-000000","LOCAL_WATERSHED_CODE":null,"WATERSHED_GROUP_CODE":"HARR","DOWNSTREAM_ROUTE_MEASURE":0,"LENGTH_METRE":25.8533012708148,"FEATURE_SOURCE":"OP","GNIS_ID":null,"GNIS_NAME":null,"LEFT_RIGHT_TRIBUTARY":"NONE","STREAM_ORDER":1,"STREAM_MAGNITUDE":1,"WATERBODY_KEY":328998084,"BLUE_LINE_KEY_50K":null,"WATERSHED_CODE_50K":null,"WATERSHED_KEY_50K":null,"WATERSHED_GROUP_CODE_50K":null,"GRADIENT":null,"FEATURE_CODE":"WA24111190","OBJECTID":5370879,"GEOMETRY.LEN":0,"FEATURE_LENGTH_M":25.8537}},{"type":"Feature","id":5378092,"geometry":{"type":"LineString","coordinates":[[567949.23907456128,5448896.6335383952],[567995.39389588148,5448920.4903987693],[568050.21730782045,5448938.5855532624]]},"properties":{"LINEAR_FEATURE_ID":701347924,"WATERSHED_GROUP_ID":63,"EDGE_TYPE":1350,"BLUE_LINE_KEY":355991890,"WATERSHED_KEY":356364114,"FWA_WATERSHED_CODE":"100-000000-000000-000000-000000-000000-000000-000000-000000-000000-000000-000000-000000-000000-000000-000000-000000-000000-000000-000000-000000","LOCAL_WATERSHED_CODE":null,"WATERSHED_GROUP_CODE":"HARR","DOWNSTREAM_ROUTE_MEASURE":25.8533012708148,"LENGTH_METRE":109.80620667186101,"FEATURE_SOURCE":"areal stream sk","GNIS_ID":null,"GNIS_NAME":null,"LEFT_RIGHT_TRIBUTARY":"NONE","STREAM_ORDER":1,"STREAM_MAGNITUDE":1,"WATERBODY_KEY":329710528,"BLUE_LINE_KEY_50K":null,"WATERSHED_CODE_50K":null,"WATERSHED_KEY_50K":null,"WATERSHED_GROUP_CODE_50K":null,"GRADIENT":null,"FEATURE_CODE":"WA24111150","OBJECTID":5378092,"GEOMETRY.LEN":0,"FEATURE_LENGTH_M":109.80640000000001}},{"type":"Feature","id":5373901,"geometry":{"type":"LineString","coordinates":[[567924.17730183259,5448902.8518049577],[567933.04768415226,5448991.612861081],[568026.18625048688,5449177.8708567731],[568233.47435614758,5449322.4702084353],[568313.40432858514,5449357.8216666328]]},"properties":{"LINEAR_FEATURE_ID":701347916,"WATERSHED_GROUP_ID":63,"EDGE_TYPE":1350,"BLUE_LINE_KEY":355991886,"WATERSHED_KEY":356364114,"FWA_WATERSHED_CODE":"100-000000-000000-000000-000000-000000-000000-000000-000000-000000-000000-000000-000000-000000-000000-000000-000000-000000-000000-000000-000000","LOCAL_WATERSHED_CODE":"100-070881-000000-000000-000000-000000-000000-000000-000000-000000-000000-000000-000000-000000-000000-000000-000000-000000-000000-000000-000000","WATERSHED_GROUP_CODE":"HARR","DOWNSTREAM_ROUTE_MEASURE":15373.613281394701,"LENGTH_METRE":637.75171051520499,"FEATURE_SOURCE":"areal stream sk","GNIS_ID":21105,"GNIS_NAME":"Nicomen Slough","LEFT_RIGHT_TRIBUTARY":"NONE","STREAM_ORDER":3,"STREAM_MAGNITUDE":14,"WATERBODY_KEY":328998084,"BLUE_LINE_KEY_50K":1054,"WATERSHED_CODE_50K":"100000000000000000000000000000000000000000000","WATERSHED_KEY_50K":571,"WATERSHED_GROUP_CODE_50K":"HARR","GRADIENT":null,"FEATURE_CODE":"WA24111150","OBJECTID":5373901,"GEOMETRY.LEN":0,"FEATURE_LENGTH_M":637.75189999999998}},{"type":"Feature","id":5367044,"geometry":{"type":"LineString","coordinates":[[568050.21730782045,5448938.5855532624],[568078.70906742115,5448932.169397302]]},"properties":{"LINEAR_FEATURE_ID":701347905,"WATERSHED_GROUP_ID":63,"EDGE_TYPE":1450,"BLUE_LINE_KEY":355991890,"WATERSHED_KEY":356364114,"FWA_WATERSHED_CODE":"100-000000-000000-000000-000000-000000-000000-000000-000000-000000-000000-000000-000000-000000-000000-000000-000000-000000-000000-000000-000000","LOCAL_WATERSHED_CODE":null,"WATERSHED_GROUP_CODE":"HARR","DOWNSTREAM_ROUTE_MEASURE":135.65950794267602,"LENGTH_METRE":29.242438147305201,"FEATURE_SOURCE":"OP","GNIS_ID":null,"GNIS_NAME":null,"LEFT_RIGHT_TRIBUTARY":"NONE","STREAM_ORDER":1,"STREAM_MAGNITUDE":1,"WATERBODY_KEY":329710468,"BLUE_LINE_KEY_50K":null,"WATERSHED_CODE_50K":null,"WATERSHED_KEY_50K":null,"WATERSHED_GROUP_CODE_50K":null,"GRADIENT":null,"FEATURE_CODE":"WA24111190","OBJECTID":5367044,"GEOMETRY.LEN":0,"FEATURE_LENGTH_M":29.242000000000001}},{"type":"Feature","id":5377019,"geometry":{"type":"LineString","coordinates":[[568078.70906742115,5448932.169397302],[568151.01668002841,5449006.0192789752],[568228.46956919099,5449046.5645390619],[568427.15379867912,5449109.5156208463],[568487.27792266849,5449140.5066907313]]},"properties":{"LINEAR_FEATURE_ID":701347904,"WATERSHED_GROUP_ID":63,"EDGE_TYPE":1350,"BLUE_LINE_KEY":355991891,"WATERSHED_KEY":356364114,"FWA_WATERSHED_CODE":"100-000000-000000-000000-000000-000000-000000-000000-000000-000000-000000-000000-000000-000000-000000-000000-000000-000000-000000-000000-000000","LOCAL_WATERSHED_CODE":"100-070298-000000-000000-000000-000000-000000-000000-000000-000000-000000-000000-000000-000000-000000-000000-000000-000000-000000-000000-000000","WATERSHED_GROUP_CODE":"HARR","DOWNSTREAM_ROUTE_MEASURE":283.89355550092802,"LENGTH_METRE":467.27020462949304,"FEATURE_SOURCE":"areal stream sk","GNIS_ID":null,"GNIS_NAME":null,"LEFT_RIGHT_TRIBUTARY":"NONE","STREAM_ORDER":2,"STREAM_MAGNITUDE":3,"WATERBODY_KEY":329710468,"BLUE_LINE_KEY_50K":1049,"WATERSHED_CODE_50K":"100000000000000000000000000000000000000000000","WATERSHED_KEY_50K":571,"WATERSHED_GROUP_CODE_50K":"HARR","GRADIENT":null,"FEATURE_CODE":"WA24111150","OBJECTID":5377019,"GEOMETRY.LEN":0,"FEATURE_LENGTH_M":467.27050000000003}},{"type":"Feature","id":5366949,"geometry":{"type":"LineString","coordinates":[[568777.86365008145,5449255.6007200303],[568954.35160205828,5449285.0408523185],[569170.01597728371,5449291.225116347],[569232.31802220072,5449301.0331424642],[569400.55526431964,5449304.4747937107],[569432.83660456853,5449289.1446367484],[569512.35862114187,5449242.7999053933],[569570.33339265187,5449242.7392129535],[569621.79902019328,5449252.7306910455],[569680.9574689219,5449278.6785922805],[569824.33879830013,5449369.9367986079],[569880.75057409657,5449412.1397425383],[569993.71581955068,5449544.2111159619],[570001.87354807998,5449549.5402456205],[570016.89846645179,5449554.6394656571]]},"properties":{"LINEAR_FEATURE_ID":701347757,"WATERSHED_GROUP_ID":63,"EDGE_TYPE":1350,"BLUE_LINE_KEY":355991891,"WATERSHED_KEY":356364114,"FWA_WATERSHED_CODE":"100-000000-000000-000000-000000-000000-000000-000000-000000-000000-000000-000000-000000-000000-000000-000000-000000-000000-000000-000000-000000","LOCAL_WATERSHED_CODE":null,"WATERSHED_GROUP_CODE":"HARR","DOWNSTREAM_ROUTE_MEASURE":1083.5194491065702,"LENGTH_METRE":1370.02548616578,"FEATURE_SOURCE":"areal stream sk","GNIS_ID":null,"GNIS_NAME":null,"LEFT_RIGHT_TRIBUTARY":"NONE","STREAM_ORDER":1,"STREAM_MAGNITUDE":1,"WATERBODY_KEY":329177976,"BLUE_LINE_KEY_50K":556,"WATERSHED_CODE_50K":"100071900000000000000000000000000000000000000","WATERSHED_KEY_50K":556,"WATERSHED_GROUP_CODE_50K":"HARR","GRADIENT":null,"FEATURE_CODE":"WA24111150","OBJECTID":5366949,"GEOMETRY.LEN":0,"FEATURE_LENGTH_M":1370.0244}},{"type":"Feature","id":5375180,"geometry":{"type":"LineString","coordinates":[[567341.88757764956,5446396.6374571389],[567354.83671398915,5446433.6906125639]]},"properties":{"LINEAR_FEATURE_ID":701348721,"WATERSHED_GROUP_ID":63,"EDGE_TYPE":1400,"BLUE_LINE_KEY":356206696,"WATERSHED_KEY":356206696,"FWA_WATERSHED_CODE":"999-999999-999999-999999-999999-999999-999999-999999-999999-999999-999999-999999-999999-999999-999999-999999-999999-999999-999999-999999-999999","LOCAL_WATERSHED_CODE":null,"WATERSHED_GROUP_CODE":"HARR","DOWNSTREAM_ROUTE_MEASURE":0,"LENGTH_METRE":39.232343330692203,"FEATURE_SOURCE":"OP","GNIS_ID":null,"GNIS_NAME":null,"LEFT_RIGHT_TRIBUTARY":"RIGHT","STREAM_ORDER":1,"STREAM_MAGNITUDE":1,"WATERBODY_KEY":329178511,"BLUE_LINE_KEY_50K":null,"WATERSHED_CODE_50K":null,"WATERSHED_KEY_50K":null,"WATERSHED_GROUP_CODE_50K":null,"GRADIENT":null,"FEATURE_CODE":"WA24111170","OBJECTID":5375180,"GEOMETRY.LEN":0,"FEATURE_LENGTH_M":39.232500000000002}},{"type":"Feature","id":5368032,"geometry":{"type":"LineString","coordinates":[[567810.39145924326,5445701.9997904943],[567797.77665502392,5445932.0829515485],[567806.15759292315,5446076.5992429946],[567840.03918633983,5446348.1078550434],[567876.3302297974,5446549.5672500422],[567877.76096089557,5446629.4804745633],[567851.64860615623,5446710.3269475168],[567712.58818704775,5446974.234333015],[567707.48470879416,5447001.091280275],[567702.92812294106,5447014.652785209]]},"properties":{"LINEAR_FEATURE_ID":701348822,"WATERSHED_GROUP_ID":63,"EDGE_TYPE":1250,"BLUE_LINE_KEY":356330954,"WATERSHED_KEY":356330954,"FWA_WATERSHED_CODE":"100-067925-000000-000000-000000-000000-000000-000000-000000-000000-000000-000000-000000-000000-000000-000000-000000-000000-000000-000000-000000","LOCAL_WATERSHED_CODE":"100-067925-106660-000000-000000-000000-000000-000000-000000-000000-000000-000000-000000-000000-000000-000000-000000-000000-000000-000000-000000","WATERSHED_GROUP_CODE":"HARR","DOWNSTREAM_ROUTE_MEASURE":427.78674312295402,"LENGTH_METRE":1357.5489263499801,"FEATURE_SOURCE":"areal stream sk","GNIS_ID":27791,"GNIS_NAME":"Quaamitch Slough","LEFT_RIGHT_TRIBUTARY":"RIGHT","STREAM_ORDER":2,"STREAM_MAGNITUDE":4,"WATERBODY_KEY":328970818,"BLUE_LINE_KEY_50K":633,"WATERSHED_CODE_50K":"100068800000000000000000000000000000000000000","WATERSHED_KEY_50K":633,"WATERSHED_GROUP_CODE_50K":"HARR","GRADIENT":null,"FEATURE_CODE":"WA24111120","OBJECTID":5368032,"GEOMETRY.LEN":0,"FEATURE_LENGTH_M":1357.5488}},{"type":"Feature","id":5372203,"geometry":{"type":"LineString","coordinates":[[567800.93303782574,5445539.6680361424],[567810.39145924326,5445701.9997904943]]},"properties":{"LINEAR_FEATURE_ID":701348836,"WATERSHED_GROUP_ID":63,"EDGE_TYPE":1250,"BLUE_LINE_KEY":356330954,"WATERSHED_KEY":356330954,"FWA_WATERSHED_CODE":"100-067925-000000-000000-000000-000000-000000-000000-000000-000000-000000-000000-000000-000000-000000-000000-000000-000000-000000-000000-000000","LOCAL_WATERSHED_CODE":"100-067925-000000-000000-000000-000000-000000-000000-000000-000000-000000-000000-000000-000000-000000-000000-000000-000000-000000-000000-000000","WATERSHED_GROUP_CODE":"HARR","DOWNSTREAM_ROUTE_MEASURE":265.294876795486,"LENGTH_METRE":162.49186632746802,"FEATURE_SOURCE":"areal stream sk","GNIS_ID":27791,"GNIS_NAME":"Quaamitch Slough","LEFT_RIGHT_TRIBUTARY":"RIGHT","STREAM_ORDER":2,"STREAM_MAGNITUDE":5,"WATERBODY_KEY":328970818,"BLUE_LINE_KEY_50K":633,"WATERSHED_CODE_50K":"100068800000000000000000000000000000000000000","WATERSHED_KEY_50K":633,"WATERSHED_GROUP_CODE_50K":"HARR","GRADIENT":null,"FEATURE_CODE":"WA24111120","OBJECTID":5372203,"GEOMETRY.LEN":0,"FEATURE_LENGTH_M":162.49160000000001}},{"type":"Feature","id":5372490,"geometry":{"type":"LineString","coordinates":[[568036.89971781196,5445428.8478655927],[567834.29882000899,5445503.7255397514],[567800.93303782574,5445539.6680361424]]},"properties":{"LINEAR_FEATURE_ID":701348845,"WATERSHED_GROUP_ID":63,"EDGE_TYPE":1450,"BLUE_LINE_KEY":356330954,"WATERSHED_KEY":356330954,"FWA_WATERSHED_CODE":"100-067925-000000-000000-000000-000000-000000-000000-000000-000000-000000-000000-000000-000000-000000-000000-000000-000000-000000-000000-000000","LOCAL_WATERSHED_CODE":"100-067925-000000-000000-000000-000000-000000-000000-000000-000000-000000-000000-000000-000000-000000-000000-000000-000000-000000-000000-000000","WATERSHED_GROUP_CODE":"HARR","DOWNSTREAM_ROUTE_MEASURE":0,"LENGTH_METRE":265.294876795486,"FEATURE_SOURCE":"OP","GNIS_ID":27791,"GNIS_NAME":"Quaamitch Slough","LEFT_RIGHT_TRIBUTARY":"RIGHT","STREAM_ORDER":2,"STREAM_MAGNITUDE":5,"WATERBODY_KEY":329710414,"BLUE_LINE_KEY_50K":633,"WATERSHED_CODE_50K":"100068800000000000000000000000000000000000000","WATERSHED_KEY_50K":633,"WATERSHED_GROUP_CODE_50K":"HARR","GRADIENT":null,"FEATURE_CODE":"WA24111190","OBJECTID":5372490,"GEOMETRY.LEN":0,"FEATURE_LENGTH_M":265.29450000000003}},{"type":"Feature","id":5369122,"geometry":{"type":"LineString","coordinates":[[567810.39145924326,5445701.9997904943],[567827.87799888721,5445702.6896183249]]},"properties":{"LINEAR_FEATURE_ID":701348821,"WATERSHED_GROUP_ID":63,"EDGE_TYPE":1450,"BLUE_LINE_KEY":356303884,"WATERSHED_KEY":356303884,"FWA_WATERSHED_CODE":"100-067925-106660-000000-000000-000000-000000-000000-000000-000000-000000-000000-000000-000000-000000-000000-000000-000000-000000-000000-000000","LOCAL_WATERSHED_CODE":"100-067925-106660-000000-000000-000000-000000-000000-000000-000000-000000-000000-000000-000000-000000-000000-000000-000000-000000-000000-000000","WATERSHED_GROUP_CODE":"HARR","DOWNSTREAM_ROUTE_MEASURE":0,"LENGTH_METRE":17.524359308181701,"FEATURE_SOURCE":"OP","GNIS_ID":null,"GNIS_NAME":null,"LEFT_RIGHT_TRIBUTARY":"LEFT","STREAM_ORDER":1,"STREAM_MAGNITUDE":1,"WATERBODY_KEY":328970818,"BLUE_LINE_KEY_50K":null,"WATERSHED_CODE_50K":null,"WATERSHED_KEY_50K":null,"WATERSHED_GROUP_CODE_50K":null,"GRADIENT":null,"FEATURE_CODE":"WA24111190","OBJECTID":5369122,"GEOMETRY.LEN":0,"FEATURE_LENGTH_M":17.524800000000003}},{"type":"Feature","id":5374864,"geometry":{"type":"LineString","coordinates":[[567827.87799888721,5445702.6896183249],[567842.85942713916,5445721.5589724183],[567849.95446642896,5445731.6223219568],[567861.84342566936,5445753.62076669],[567874.80340193235,5445774.6812713211],[567885.93363367359,5445792.5537493303],[567899.9418475522,5445809.6693302654],[567915.83534895792,5445827.5996009018],[567931.80682759488,5445843.6303526908],[567947.86412707053,5445866.6308870763],[567961.83437827602,5445886.5957928607],[567976.91675682086,5445906.5755509809],[567996.87567572482,5445920.5972685982],[568018.82077470713,5445936.5441342331],[568033.91724528233,5445950.6645966964],[568049.86593790189,5445963.687333595]]},"properties":{"LINEAR_FEATURE_ID":701348818,"WATERSHED_GROUP_ID":63,"EDGE_TYPE":1000,"BLUE_LINE_KEY":356303884,"WATERSHED_KEY":356303884,"FWA_WATERSHED_CODE":"100-067925-106660-000000-000000-000000-000000-000000-000000-000000-000000-000000-000000-000000-000000-000000-000000-000000-000000-000000-000000","LOCAL_WATERSHED_CODE":"100-067925-106660-000000-000000-000000-000000-000000-000000-000000-000000-000000-000000-000000-000000-000000-000000-000000-000000-000000-000000","WATERSHED_GROUP_CODE":"HARR","DOWNSTREAM_ROUTE_MEASURE":17.524359308181701,"LENGTH_METRE":346.20453427429601,"FEATURE_SOURCE":"RiverStream","GNIS_ID":null,"GNIS_NAME":null,"LEFT_RIGHT_TRIBUTARY":"LEFT","STREAM_ORDER":1,"STREAM_MAGNITUDE":1,"WATERBODY_KEY":null,"BLUE_LINE_KEY_50K":null,"WATERSHED_CODE_50K":null,"WATERSHED_KEY_50K":null,"WATERSHED_GROUP_CODE_50K":null,"GRADIENT":null,"FEATURE_CODE":"GA24850150","OBJECTID":5374864,"GEOMETRY.LEN":0,"FEATURE_LENGTH_M":346.2527}},{"type":"Feature","id":5366986,"geometry":{"type":"LineString","coordinates":[[568036.89971781196,5445428.8478655927],[568409.52162481775,5445723.0089726187],[568556.73140096827,5445969.6418190487],[568621.66708558763,5446190.0996218314]]},"properties":{"LINEAR_FEATURE_ID":701348844,"WATERSHED_GROUP_ID":63,"EDGE_TYPE":1350,"BLUE_LINE_KEY":355992484,"WATERSHED_KEY":356364114,"FWA_WATERSHED_CODE":"100-000000-000000-000000-000000-000000-000000-000000-000000-000000-000000-000000-000000-000000-000000-000000-000000-000000-000000-000000-000000","LOCAL_WATERSHED_CODE":"100-069033-000000-000000-000000-000000-000000-000000-000000-000000-000000-000000-000000-000000-000000-000000-000000-000000-000000-000000-000000","WATERSHED_GROUP_CODE":"HARR","DOWNSTREAM_ROUTE_MEASURE":327.86918686824799,"LENGTH_METRE":991.91798619124108,"FEATURE_SOURCE":"areal stream sk","GNIS_ID":null,"GNIS_NAME":null,"LEFT_RIGHT_TRIBUTARY":"NONE","STREAM_ORDER":2,"STREAM_MAGNITUDE":3,"WATERBODY_KEY":329710414,"BLUE_LINE_KEY_50K":1063,"WATERSHED_CODE_50K":"100000000000000000000000000000000000000000000","WATERSHED_KEY_50K":571,"WATERSHED_GROUP_CODE_50K":"HARR","GRADIENT":null,"FEATURE_CODE":"WA24111150","OBJECTID":5366986,"GEOMETRY.LEN":0,"FEATURE_LENGTH_M":991.91849999999999}},{"type":"Feature","id":5377873,"geometry":{"type":"LineString","coordinates":[[568621.66708558763,5446190.0996218314],[568652.41880772531,5446333.4496854115]]},"properties":{"LINEAR_FEATURE_ID":701348750,"WATERSHED_GROUP_ID":63,"EDGE_TYPE":1350,"BLUE_LINE_KEY":355992484,"WATERSHED_KEY":356364114,"FWA_WATERSHED_CODE":"100-000000-000000-000000-000000-000000-000000-000000-000000-000000-000000-000000-000000-000000-000000-000000-000000-000000-000000-000000-000000","LOCAL_WATERSHED_CODE":"100-069033-000000-000000-000000-000000-000000-000000-000000-000000-000000-000000-000000-000000-000000-000000-000000-000000-000000-000000-000000","WATERSHED_GROUP_CODE":"HARR","DOWNSTREAM_ROUTE_MEASURE":1319.78717305949,"LENGTH_METRE":146.52188130821202,"FEATURE_SOURCE":"areal stream sk","GNIS_ID":null,"GNIS_NAME":null,"LEFT_RIGHT_TRIBUTARY":"NONE","STREAM_ORDER":2,"STREAM_MAGNITUDE":3,"WATERBODY_KEY":329710414,"BLUE_LINE_KEY_50K":1063,"WATERSHED_CODE_50K":"100000000000000000000000000000000000000000000","WATERSHED_KEY_50K":571,"WATERSHED_GROUP_CODE_50K":"HARR","GRADIENT":null,"FEATURE_CODE":"WA24111150","OBJECTID":5377873,"GEOMETRY.LEN":0,"FEATURE_LENGTH_M":146.52200000000002}},{"type":"Feature","id":5370382,"geometry":{"type":"LineString","coordinates":[[568621.66708558763,5446190.0996218314],[568699.6262344881,5446198.4904148681]]},"properties":{"LINEAR_FEATURE_ID":701348749,"WATERSHED_GROUP_ID":63,"EDGE_TYPE":1450,"BLUE_LINE_KEY":355992480,"WATERSHED_KEY":356364114,"FWA_WATERSHED_CODE":"100-000000-000000-000000-000000-000000-000000-000000-000000-000000-000000-000000-000000-000000-000000-000000-000000-000000-000000-000000-000000","LOCAL_WATERSHED_CODE":null,"WATERSHED_GROUP_CODE":"HARR","DOWNSTREAM_ROUTE_MEASURE":0,"LENGTH_METRE":78.518371836012406,"FEATURE_SOURCE":"OP","GNIS_ID":null,"GNIS_NAME":null,"LEFT_RIGHT_TRIBUTARY":"NONE","STREAM_ORDER":1,"STREAM_MAGNITUDE":1,"WATERBODY_KEY":329710414,"BLUE_LINE_KEY_50K":1067,"WATERSHED_CODE_50K":"100000000000000000000000000000000000000000000","WATERSHED_KEY_50K":571,"WATERSHED_GROUP_CODE_50K":"HARR","GRADIENT":null,"FEATURE_CODE":"WA24111190","OBJECTID":5370382,"GEOMETRY.LEN":0,"FEATURE_LENGTH_M":78.517800000000008}},{"type":"Feature","id":5372188,"geometry":{"type":"LineString","coordinates":[[568652.41880772531,5446333.4496854115],[568702.37805499951,5446348.3961649342]]},"properties":{"LINEAR_FEATURE_ID":701348727,"WATERSHED_GROUP_ID":63,"EDGE_TYPE":1450,"BLUE_LINE_KEY":355992481,"WATERSHED_KEY":356364114,"FWA_WATERSHED_CODE":"100-000000-000000-000000-000000-000000-000000-000000-000000-000000-000000-000000-000000-000000-000000-000000-000000-000000-000000-000000-000000","LOCAL_WATERSHED_CODE":null,"WATERSHED_GROUP_CODE":"HARR","DOWNSTREAM_ROUTE_MEASURE":0,"LENGTH_METRE":52.211546128582597,"FEATURE_SOURCE":"OP","GNIS_ID":null,"GNIS_NAME":null,"LEFT_RIGHT_TRIBUTARY":"NONE","STREAM_ORDER":1,"STREAM_MAGNITUDE":1,"WATERBODY_KEY":329710414,"BLUE_LINE_KEY_50K":1066,"WATERSHED_CODE_50K":"100000000000000000000000000000000000000000000","WATERSHED_KEY_50K":571,"WATERSHED_GROUP_CODE_50K":"HARR","GRADIENT":null,"FEATURE_CODE":"WA24111190","OBJECTID":5372188,"GEOMETRY.LEN":0,"FEATURE_LENGTH_M":52.211800000000004}},{"type":"Feature","id":5370025,"geometry":{"type":"LineString","coordinates":[[568652.41880772531,5446333.4496854115],[568662.7960721954,5446458.0402188618],[568719.50060453382,5446618.5197628643],[568837.56664738304,5446750.471066108],[569016.36685525952,5446859.7337793466]]},"properties":{"LINEAR_FEATURE_ID":701348728,"WATERSHED_GROUP_ID":63,"EDGE_TYPE":1350,"BLUE_LINE_KEY":355992484,"WATERSHED_KEY":356364114,"FWA_WATERSHED_CODE":"100-000000-000000-000000-000000-000000-000000-000000-000000-000000-000000-000000-000000-000000-000000-000000-000000-000000-000000-000000-000000","LOCAL_WATERSHED_CODE":"100-069033-000000-000000-000000-000000-000000-000000-000000-000000-000000-000000-000000-000000-000000-000000-000000-000000-000000-000000-000000","WATERSHED_GROUP_CODE":"HARR","DOWNSTREAM_ROUTE_MEASURE":1466.3090543676999,"LENGTH_METRE":681.885082484637,"FEATURE_SOURCE":"areal stream sk","GNIS_ID":null,"GNIS_NAME":null,"LEFT_RIGHT_TRIBUTARY":"NONE","STREAM_ORDER":2,"STREAM_MAGNITUDE":3,"WATERBODY_KEY":329710414,"BLUE_LINE_KEY_50K":1063,"WATERSHED_CODE_50K":"100000000000000000000000000000000000000000000","WATERSHED_KEY_50K":571,"WATERSHED_GROUP_CODE_50K":"HARR","GRADIENT":null,"FEATURE_CODE":"WA24111150","OBJECTID":5370025,"GEOMETRY.LEN":0,"FEATURE_LENGTH_M":681.88520000000005}},{"type":"Feature","id":5377537,"geometry":{"type":"LineString","coordinates":[[568624.25073407101,5444758.9582883017],[568926.58934268646,5444906.3445862466]]},"properties":{"LINEAR_FEATURE_ID":701348873,"WATERSHED_GROUP_ID":63,"EDGE_TYPE":1250,"BLUE_LINE_KEY":356364114,"WATERSHED_KEY":356364114,"FWA_WATERSHED_CODE":"100-000000-000000-000000-000000-000000-000000-000000-000000-000000-000000-000000-000000-000000-000000-000000-000000-000000-000000-000000-000000","LOCAL_WATERSHED_CODE":"100-068189-000000-000000-000000-000000-000000-000000-000000-000000-000000-000000-000000-000000-000000-000000-000000-000000-000000-000000-000000","WATERSHED_GROUP_CODE":"HARR","DOWNSTREAM_ROUTE_MEASURE":95972.539175142199,"LENGTH_METRE":336.69605773810201,"FEATURE_SOURCE":"areal stream sk","GNIS_ID":39325,"GNIS_NAME":"Fraser River","LEFT_RIGHT_TRIBUTARY":"NONE","STREAM_ORDER":10,"STREAM_MAGNITUDE":288388,"WATERBODY_KEY":328961584,"BLUE_LINE_KEY_50K":571,"WATERSHED_CODE_50K":"100000000000000000000000000000000000000000000","WATERSHED_KEY_50K":571,"WATERSHED_GROUP_CODE_50K":"HARR","GRADIENT":null,"FEATURE_CODE":"WA24111120","OBJECTID":5377537,"GEOMETRY.LEN":0,"FEATURE_LENGTH_M":336.69640000000004}},{"type":"Feature","id":5370381,"geometry":{"type":"LineString","coordinates":[[568702.37805499951,5446348.3961649342],[568741.86666598113,5446378.1084969388],[568819.83100085845,5446461.2630103482],[568872.98673571344,5446493.4372503189],[568952.85552112095,5446496.9680959461],[568982.6802480747,5446489.2653761497],[569126.46629464778,5446401.1221031854],[569267.40439836902,5446328.1477971366],[569324.47396221675,5446285.8114141719]]},"properties":{"LINEAR_FEATURE_ID":701348733,"WATERSHED_GROUP_ID":63,"EDGE_TYPE":1350,"BLUE_LINE_KEY":355992481,"WATERSHED_KEY":356364114,"FWA_WATERSHED_CODE":"100-000000-000000-000000-000000-000000-000000-000000-000000-000000-000000-000000-000000-000000-000000-000000-000000-000000-000000-000000-000000","LOCAL_WATERSHED_CODE":null,"WATERSHED_GROUP_CODE":"HARR","DOWNSTREAM_ROUTE_MEASURE":52.211546128582597,"LENGTH_METRE":735.30833524676007,"FEATURE_SOURCE":"areal stream sk","GNIS_ID":null,"GNIS_NAME":null,"LEFT_RIGHT_TRIBUTARY":"NONE","STREAM_ORDER":1,"STREAM_MAGNITUDE":1,"WATERBODY_KEY":329710478,"BLUE_LINE_KEY_50K":1066,"WATERSHED_CODE_50K":"100000000000000000000000000000000000000000000","WATERSHED_KEY_50K":571,"WATERSHED_GROUP_CODE_50K":"HARR","GRADIENT":null,"FEATURE_CODE":"WA24111150","OBJECTID":5370381,"GEOMETRY.LEN":0,"FEATURE_LENGTH_M":735.30860000000007}},{"type":"Feature","id":5377275,"geometry":{"type":"LineString","coordinates":[[568699.6262344881,5446198.4904148681],[568848.29464594985,5446212.6935893912],[568900.94225612283,5446203.0579686305],[568984.41875855566,5446153.4287770232],[569106.23254185729,5446001.6709091179]]},"properties":{"LINEAR_FEATURE_ID":701348784,"WATERSHED_GROUP_ID":63,"EDGE_TYPE":1350,"BLUE_LINE_KEY":355992480,"WATERSHED_KEY":356364114,"FWA_WATERSHED_CODE":"100-000000-000000-000000-000000-000000-000000-000000-000000-000000-000000-000000-000000-000000-000000-000000-000000-000000-000000-000000-000000","LOCAL_WATERSHED_CODE":null,"WATERSHED_GROUP_CODE":"HARR","DOWNSTREAM_ROUTE_MEASURE":78.518371836012406,"LENGTH_METRE":494.95693632745002,"FEATURE_SOURCE":"areal stream sk","GNIS_ID":null,"GNIS_NAME":null,"LEFT_RIGHT_TRIBUTARY":"NONE","STREAM_ORDER":1,"STREAM_MAGNITUDE":1,"WATERBODY_KEY":329710440,"BLUE_LINE_KEY_50K":1067,"WATERSHED_CODE_50K":"100000000000000000000000000000000000000000000","WATERSHED_KEY_50K":571,"WATERSHED_GROUP_CODE_50K":"HARR","GRADIENT":null,"FEATURE_CODE":"WA24111150","OBJECTID":5377275,"GEOMETRY.LEN":0,"FEATURE_LENGTH_M":494.95740000000001}},{"type":"Feature","id":5377378,"geometry":{"type":"LineString","coordinates":[[569106.23254185729,5446001.6709091179],[569586.92196694738,5445746.898402987]]},"properties":{"LINEAR_FEATURE_ID":701348811,"WATERSHED_GROUP_ID":63,"EDGE_TYPE":1450,"BLUE_LINE_KEY":355992480,"WATERSHED_KEY":356364114,"FWA_WATERSHED_CODE":"100-000000-000000-000000-000000-000000-000000-000000-000000-000000-000000-000000-000000-000000-000000-000000-000000-000000-000000-000000-000000","LOCAL_WATERSHED_CODE":null,"WATERSHED_GROUP_CODE":"HARR","DOWNSTREAM_ROUTE_MEASURE":573.47530816346205,"LENGTH_METRE":544.53073142964001,"FEATURE_SOURCE":"OP","GNIS_ID":null,"GNIS_NAME":null,"LEFT_RIGHT_TRIBUTARY":"NONE","STREAM_ORDER":1,"STREAM_MAGNITUDE":1,"WATERBODY_KEY":328961584,"BLUE_LINE_KEY_50K":1067,"WATERSHED_CODE_50K":"100000000000000000000000000000000000000000000","WATERSHED_KEY_50K":571,"WATERSHED_GROUP_CODE_50K":"HARR","GRADIENT":null,"FEATURE_CODE":"WA24111190","OBJECTID":5377378,"GEOMETRY.LEN":0,"FEATURE_LENGTH_M":544.53160000000003}},{"type":"Feature","id":5373728,"geometry":{"type":"LineString","coordinates":[[569324.47396221675,5446285.8114141719],[569332.65814871772,5446272.9115526946],[569838.51209968445,5446011.9339285856]]},"properties":{"LINEAR_FEATURE_ID":701348776,"WATERSHED_GROUP_ID":63,"EDGE_TYPE":1450,"BLUE_LINE_KEY":355992481,"WATERSHED_KEY":356364114,"FWA_WATERSHED_CODE":"100-000000-000000-000000-000000-000000-000000-000000-000000-000000-000000-000000-000000-000000-000000-000000-000000-000000-000000-000000-000000","LOCAL_WATERSHED_CODE":null,"WATERSHED_GROUP_CODE":"HARR","DOWNSTREAM_ROUTE_MEASURE":787.51988137534204,"LENGTH_METRE":585.01324437544599,"FEATURE_SOURCE":"OP","GNIS_ID":null,"GNIS_NAME":null,"LEFT_RIGHT_TRIBUTARY":"NONE","STREAM_ORDER":1,"STREAM_MAGNITUDE":1,"WATERBODY_KEY":328961584,"BLUE_LINE_KEY_50K":1066,"WATERSHED_CODE_50K":"100000000000000000000000000000000000000000000","WATERSHED_KEY_50K":571,"WATERSHED_GROUP_CODE_50K":"HARR","GRADIENT":null,"FEATURE_CODE":"WA24111190","OBJECTID":5373728,"GEOMETRY.LEN":0,"FEATURE_LENGTH_M":585.03219999999999}},{"type":"Feature","id":5366926,"geometry":{"type":"LineString","coordinates":[[569931.73300954956,5446094.5247864323],[569602.21126713406,5446485.1661200104],[569588.83086150186,5446504.1882111235]]},"properties":{"LINEAR_FEATURE_ID":701348761,"WATERSHED_GROUP_ID":63,"EDGE_TYPE":1450,"BLUE_LINE_KEY":355992482,"WATERSHED_KEY":356364114,"FWA_WATERSHED_CODE":"100-000000-000000-000000-000000-000000-000000-000000-000000-000000-000000-000000-000000-000000-000000-000000-000000-000000-000000-000000-000000","LOCAL_WATERSHED_CODE":null,"WATERSHED_GROUP_CODE":"HARR","DOWNSTREAM_ROUTE_MEASURE":0,"LENGTH_METRE":534.38905298011696,"FEATURE_SOURCE":"OP","GNIS_ID":null,"GNIS_NAME":null,"LEFT_RIGHT_TRIBUTARY":"NONE","STREAM_ORDER":1,"STREAM_MAGNITUDE":1,"WATERBODY_KEY":328961584,"BLUE_LINE_KEY_50K":null,"WATERSHED_CODE_50K":null,"WATERSHED_KEY_50K":null,"WATERSHED_GROUP_CODE_50K":null,"GRADIENT":null,"FEATURE_CODE":"WA24111190","OBJECTID":5366926,"GEOMETRY.LEN":0,"FEATURE_LENGTH_M":534.3886}},{"type":"Feature","id":5367198,"geometry":{"type":"LineString","coordinates":[[569586.92196694738,5445746.898402987],[569799.52019690559,5445970.8586671427]]},"properties":{"LINEAR_FEATURE_ID":701348810,"WATERSHED_GROUP_ID":63,"EDGE_TYPE":1250,"BLUE_LINE_KEY":356364114,"WATERSHED_KEY":356364114,"FWA_WATERSHED_CODE":"100-000000-000000-000000-000000-000000-000000-000000-000000-000000-000000-000000-000000-000000-000000-000000-000000-000000-000000-000000-000000","LOCAL_WATERSHED_CODE":"100-068189-000000-000000-000000-000000-000000-000000-000000-000000-000000-000000-000000-000000-000000-000000-000000-000000-000000-000000-000000","WATERSHED_GROUP_CODE":"HARR","DOWNSTREAM_ROUTE_MEASURE":97382.5273775604,"LENGTH_METRE":308.89538302877099,"FEATURE_SOURCE":"areal stream sk","GNIS_ID":39325,"GNIS_NAME":"Fraser River","LEFT_RIGHT_TRIBUTARY":"NONE","STREAM_ORDER":10,"STREAM_MAGNITUDE":288388,"WATERBODY_KEY":328961584,"BLUE_LINE_KEY_50K":571,"WATERSHED_CODE_50K":"100000000000000000000000000000000000000000000","WATERSHED_KEY_50K":571,"WATERSHED_GROUP_CODE_50K":"HARR","GRADIENT":null,"FEATURE_CODE":"WA24111120","OBJECTID":5367198,"GEOMETRY.LEN":0,"FEATURE_LENGTH_M":308.8947}},{"type":"Feature","id":5372434,"geometry":{"type":"LineString","coordinates":[[570013.55363034434,5446209.6983342981],[569700.44207991601,5446570.6274863118]]},"properties":{"LINEAR_FEATURE_ID":701348742,"WATERSHED_GROUP_ID":63,"EDGE_TYPE":1450,"BLUE_LINE_KEY":355992483,"WATERSHED_KEY":356364114,"FWA_WATERSHED_CODE":"100-000000-000000-000000-000000-000000-000000-000000-000000-000000-000000-000000-000000-000000-000000-000000-000000-000000-000000-000000-000000","LOCAL_WATERSHED_CODE":null,"WATERSHED_GROUP_CODE":"HARR","DOWNSTREAM_ROUTE_MEASURE":0,"LENGTH_METRE":477.89543685022801,"FEATURE_SOURCE":"OP","GNIS_ID":null,"GNIS_NAME":null,"LEFT_RIGHT_TRIBUTARY":"NONE","STREAM_ORDER":1,"STREAM_MAGNITUDE":1,"WATERBODY_KEY":328961584,"BLUE_LINE_KEY_50K":null,"WATERSHED_CODE_50K":null,"WATERSHED_KEY_50K":null,"WATERSHED_GROUP_CODE_50K":null,"GRADIENT":null,"FEATURE_CODE":"WA24111190","OBJECTID":5372434,"GEOMETRY.LEN":0,"FEATURE_LENGTH_M":477.89580000000001}},{"type":"Feature","id":5369479,"geometry":{"type":"LineString","coordinates":[[569799.52019690559,5445970.8586671427],[569838.51209968445,5446011.9339285856]]},"properties":{"LINEAR_FEATURE_ID":701348786,"WATERSHED_GROUP_ID":63,"EDGE_TYPE":1250,"BLUE_LINE_KEY":356364114,"WATERSHED_KEY":356364114,"FWA_WATERSHED_CODE":"100-000000-000000-000000-000000-000000-000000-000000-000000-000000-000000-000000-000000-000000-000000-000000-000000-000000-000000-000000-000000","LOCAL_WATERSHED_CODE":"100-070889-000000-000000-000000-000000-000000-000000-000000-000000-000000-000000-000000-000000-000000-000000-000000-000000-000000-000000-000000","WATERSHED_GROUP_CODE":"HARR","DOWNSTREAM_ROUTE_MEASURE":97691.422760589194,"LENGTH_METRE":56.652724237229002,"FEATURE_SOURCE":"areal stream sk","GNIS_ID":39325,"GNIS_NAME":"Fraser River","LEFT_RIGHT_TRIBUTARY":"NONE","STREAM_ORDER":10,"STREAM_MAGNITUDE":288321,"WATERBODY_KEY":328961584,"BLUE_LINE_KEY_50K":571,"WATERSHED_CODE_50K":"100000000000000000000000000000000000000000000","WATERSHED_KEY_50K":571,"WATERSHED_GROUP_CODE_50K":"HARR","GRADIENT":null,"FEATURE_CODE":"WA24111120","OBJECTID":5369479,"GEOMETRY.LEN":0,"FEATURE_LENGTH_M":56.653000000000006}},{"type":"Feature","id":5376332,"geometry":{"type":"LineString","coordinates":[[569799.52019690559,5445970.8586671427],[570563.99792863696,5446051.7083281633]]},"properties":{"LINEAR_FEATURE_ID":701348785,"WATERSHED_GROUP_ID":63,"EDGE_TYPE":1450,"BLUE_LINE_KEY":355992255,"WATERSHED_KEY":356364114,"FWA_WATERSHED_CODE":"100-000000-000000-000000-000000-000000-000000-000000-000000-000000-000000-000000-000000-000000-000000-000000-000000-000000-000000-000000-000000","LOCAL_WATERSHED_CODE":"100-070889-000000-000000-000000-000000-000000-000000-000000-000000-000000-000000-000000-000000-000000-000000-000000-000000-000000-000000-000000","WATERSHED_GROUP_CODE":"HARR","DOWNSTREAM_ROUTE_MEASURE":0,"LENGTH_METRE":769.80422162724108,"FEATURE_SOURCE":"OP","GNIS_ID":null,"GNIS_NAME":null,"LEFT_RIGHT_TRIBUTARY":"NONE","STREAM_ORDER":5,"STREAM_MAGNITUDE":67,"WATERBODY_KEY":328961584,"BLUE_LINE_KEY_50K":1055,"WATERSHED_CODE_50K":"100000000000000000000000000000000000000000000","WATERSHED_KEY_50K":571,"WATERSHED_GROUP_CODE_50K":"HARR","GRADIENT":null,"FEATURE_CODE":"WA24111190","OBJECTID":5376332,"GEOMETRY.LEN":0,"FEATURE_LENGTH_M":769.80400000000009}},{"type":"Feature","id":5371059,"geometry":{"type":"LineString","coordinates":[[569838.51209968445,5446011.9339285856],[569931.73300954956,5446094.5247864323]]},"properties":{"LINEAR_FEATURE_ID":701348775,"WATERSHED_GROUP_ID":63,"EDGE_TYPE":1250,"BLUE_LINE_KEY":356364114,"WATERSHED_KEY":356364114,"FWA_WATERSHED_CODE":"100-000000-000000-000000-000000-000000-000000-000000-000000-000000-000000-000000-000000-000000-000000-000000-000000-000000-000000-000000-000000","LOCAL_WATERSHED_CODE":"100-070889-000000-000000-000000-000000-000000-000000-000000-000000-000000-000000-000000-000000-000000-000000-000000-000000-000000-000000-000000","WATERSHED_GROUP_CODE":"HARR","DOWNSTREAM_ROUTE_MEASURE":97748.075484826404,"LENGTH_METRE":124.60686771512201,"FEATURE_SOURCE":"areal stream sk","GNIS_ID":39325,"GNIS_NAME":"Fraser River","LEFT_RIGHT_TRIBUTARY":"NONE","STREAM_ORDER":10,"STREAM_MAGNITUDE":288321,"WATERBODY_KEY":328961584,"BLUE_LINE_KEY_50K":571,"WATERSHED_CODE_50K":"100000000000000000000000000000000000000000000","WATERSHED_KEY_50K":571,"WATERSHED_GROUP_CODE_50K":"HARR","GRADIENT":null,"FEATURE_CODE":"WA24111120","OBJECTID":5371059,"GEOMETRY.LEN":0,"FEATURE_LENGTH_M":124.60640000000001}},{"type":"Feature","id":5376984,"geometry":{"type":"LineString","coordinates":[[569931.73300954956,5446094.5247864323],[570013.55363034434,5446209.6983342981]]},"properties":{"LINEAR_FEATURE_ID":701348760,"WATERSHED_GROUP_ID":63,"EDGE_TYPE":1250,"BLUE_LINE_KEY":356364114,"WATERSHED_KEY":356364114,"FWA_WATERSHED_CODE":"100-000000-000000-000000-000000-000000-000000-000000-000000-000000-000000-000000-000000-000000-000000-000000-000000-000000-000000-000000-000000","LOCAL_WATERSHED_CODE":"100-070889-000000-000000-000000-000000-000000-000000-000000-000000-000000-000000-000000-000000-000000-000000-000000-000000-000000-000000-000000","WATERSHED_GROUP_CODE":"HARR","DOWNSTREAM_ROUTE_MEASURE":97872.682352541509,"LENGTH_METRE":141.28052974184902,"FEATURE_SOURCE":"areal stream sk","GNIS_ID":39325,"GNIS_NAME":"Fraser River","LEFT_RIGHT_TRIBUTARY":"NONE","STREAM_ORDER":10,"STREAM_MAGNITUDE":288321,"WATERBODY_KEY":328961584,"BLUE_LINE_KEY_50K":571,"WATERSHED_CODE_50K":"100000000000000000000000000000000000000000000","WATERSHED_KEY_50K":571,"WATERSHED_GROUP_CODE_50K":"HARR","GRADIENT":null,"FEATURE_CODE":"WA24111120","OBJECTID":5376984,"GEOMETRY.LEN":0,"FEATURE_LENGTH_M":141.2808}},{"type":"Feature","id":5372382,"geometry":{"type":"LineString","coordinates":[[570013.55363034434,5446209.6983342981],[570158.02120905323,5446458.1245532976]]},"properties":{"LINEAR_FEATURE_ID":701348741,"WATERSHED_GROUP_ID":63,"EDGE_TYPE":1250,"BLUE_LINE_KEY":356364114,"WATERSHED_KEY":356364114,"FWA_WATERSHED_CODE":"100-000000-000000-000000-000000-000000-000000-000000-000000-000000-000000-000000-000000-000000-000000-000000-000000-000000-000000-000000-000000","LOCAL_WATERSHED_CODE":"100-070889-000000-000000-000000-000000-000000-000000-000000-000000-000000-000000-000000-000000-000000-000000-000000-000000-000000-000000-000000","WATERSHED_GROUP_CODE":"HARR","DOWNSTREAM_ROUTE_MEASURE":98013.962882283406,"LENGTH_METRE":287.33349264187302,"FEATURE_SOURCE":"areal stream sk","GNIS_ID":39325,"GNIS_NAME":"Fraser River","LEFT_RIGHT_TRIBUTARY":"NONE","STREAM_ORDER":10,"STREAM_MAGNITUDE":288321,"WATERBODY_KEY":328961584,"BLUE_LINE_KEY_50K":571,"WATERSHED_CODE_50K":"100000000000000000000000000000000000000000000","WATERSHED_KEY_50K":571,"WATERSHED_GROUP_CODE_50K":"HARR","GRADIENT":null,"FEATURE_CODE":"WA24111120","OBJECTID":5372382,"GEOMETRY.LEN":0,"FEATURE_LENGTH_M":287.3331}},{"type":"Feature","id":5369593,"geometry":{"type":"LineString","coordinates":[[566297.86794162635,5447817.6765317433],[566319.3411634675,5447812.5507690851],[566527.50114753237,5447856.3846471682],[566657.36147345894,5447898.806179666],[566775.63914649561,5447960.0925130509],[566785.88056721259,5447959.5823382726]]},"properties":{"LINEAR_FEATURE_ID":701348335,"WATERSHED_GROUP_ID":63,"EDGE_TYPE":1200,"BLUE_LINE_KEY":356361323,"WATERSHED_KEY":356361323,"FWA_WATERSHED_CODE":"100-067883-571091-000000-000000-000000-000000-000000-000000-000000-000000-000000-000000-000000-000000-000000-000000-000000-000000-000000-000000","LOCAL_WATERSHED_CODE":"100-067883-571091-000000-000000-000000-000000-000000-000000-000000-000000-000000-000000-000000-000000-000000-000000-000000-000000-000000-000000","WATERSHED_GROUP_CODE":"HARR","DOWNSTREAM_ROUTE_MEASURE":71.190936861794,"LENGTH_METRE":515.493276594093,"FEATURE_SOURCE":"lake-def skelet","GNIS_ID":null,"GNIS_NAME":null,"LEFT_RIGHT_TRIBUTARY":"LEFT","STREAM_ORDER":1,"STREAM_MAGNITUDE":1,"WATERBODY_KEY":329178049,"BLUE_LINE_KEY_50K":null,"WATERSHED_CODE_50K":null,"WATERSHED_KEY_50K":null,"WATERSHED_GROUP_CODE_50K":null,"GRADIENT":null,"FEATURE_CODE":"WA24111110","OBJECTID":5369593,"GEOMETRY.LEN":0,"FEATURE_LENGTH_M":515.4941}},{"type":"Feature","id":5373631,"geometry":{"type":"LineString","coordinates":[[566291.95517305541,5447109.9498219546],[566557.21994309896,5447116.7854721742],[566816.30119069456,5447271.1376194758],[567375.17129584413,5447959.305441102],[567616.73477209755,5448105.4081961531],[567673.53161094745,5448190.3456423897]]},"properties":{"LINEAR_FEATURE_ID":701348544,"WATERSHED_GROUP_ID":63,"EDGE_TYPE":1350,"BLUE_LINE_KEY":355991886,"WATERSHED_KEY":356364114,"FWA_WATERSHED_CODE":"100-000000-000000-000000-000000-000000-000000-000000-000000-000000-000000-000000-000000-000000-000000-000000-000000-000000-000000-000000-000000","LOCAL_WATERSHED_CODE":"100-069516-000000-000000-000000-000000-000000-000000-000000-000000-000000-000000-000000-000000-000000-000000-000000-000000-000000-000000-000000","WATERSHED_GROUP_CODE":"HARR","DOWNSTREAM_ROUTE_MEASURE":12766.999059382801,"LENGTH_METRE":1838.9381955541201,"FEATURE_SOURCE":"areal stream sk","GNIS_ID":21105,"GNIS_NAME":"Nicomen Slough","LEFT_RIGHT_TRIBUTARY":"NONE","STREAM_ORDER":4,"STREAM_MAGNITUDE":36,"WATERBODY_KEY":328998084,"BLUE_LINE_KEY_50K":1054,"WATERSHED_CODE_50K":"100000000000000000000000000000000000000000000","WATERSHED_KEY_50K":571,"WATERSHED_GROUP_CODE_50K":"HARR","GRADIENT":null,"FEATURE_CODE":"WA24111150","OBJECTID":5373631,"GEOMETRY.LEN":0,"FEATURE_LENGTH_M":1838.9386000000002}},{"type":"Feature","id":5370989,"geometry":{"type":"LineString","coordinates":[[566785.88056721259,5447959.5823382726],[566792.94877417677,5447966.6358002443],[566801.86324184935,5447973.5521143796],[566816.81550848915,5447990.6766092228],[566826.94723042916,5448012.6516473116],[566839.9553498351,5448032.602877764],[566851.9303708045,5448050.6407232909],[566867.95573398576,5448070.6283837538],[566884.91136233462,5448087.6189074991],[566906.94677003403,5448099.6044048751],[566924.95201986399,5448107.5818694131],[566937.87386795005,5448111.697137028],[566948.81254555576,5448117.6882972019],[566959.88845716254,5448120.6736430321],[566983.94636680523,5448126.665846956],[566996.84841353819,5448131.5732459519],[567015.82760240836,5448142.5714209042],[567036.85077415861,5448155.6524769729],[567057.93318403349,5448167.6271691993],[567077.9044484169,5448179.5869356878],[567085.8639371912,5448182.6923773382],[567097.95209455967,5448184.5811036583],[567113.9312605497,5448189.6845820816]]},"properties":{"LINEAR_FEATURE_ID":701348286,"WATERSHED_GROUP_ID":63,"EDGE_TYPE":1000,"BLUE_LINE_KEY":356361323,"WATERSHED_KEY":356361323,"FWA_WATERSHED_CODE":"100-067883-571091-000000-000000-000000-000000-000000-000000-000000-000000-000000-000000-000000-000000-000000-000000-000000-000000-000000-000000","LOCAL_WATERSHED_CODE":"100-067883-571091-000000-000000-000000-000000-000000-000000-000000-000000-000000-000000-000000-000000-000000-000000-000000-000000-000000-000000","WATERSHED_GROUP_CODE":"HARR","DOWNSTREAM_ROUTE_MEASURE":586.68421345588706,"LENGTH_METRE":416.22383576663901,"FEATURE_SOURCE":"RiverStream","GNIS_ID":null,"GNIS_NAME":null,"LEFT_RIGHT_TRIBUTARY":"LEFT","STREAM_ORDER":1,"STREAM_MAGNITUDE":1,"WATERBODY_KEY":null,"BLUE_LINE_KEY_50K":null,"WATERSHED_CODE_50K":null,"WATERSHED_KEY_50K":null,"WATERSHED_GROUP_CODE_50K":null,"GRADIENT":null,"FEATURE_CODE":"GA24850150","OBJECTID":5370989,"GEOMETRY.LEN":0,"FEATURE_LENGTH_M":416.26030000000003}},{"type":"Feature","id":5369725,"geometry":{"type":"LineString","coordinates":[[567638.92400661926,5448207.6562313624],[567628.9036423777,5448214.6584655475],[567615.90605426568,5448222.5750929713],[567591.83515315712,5448232.5725588808],[567570.84310257959,5448251.6343932403],[567564.81295890315,5448261.6947956914],[567553.86578490154,5448285.6295772316],[567551.94144426007,5448287.6641951688],[567544.95655905968,5448292.6467038319],[567541.8212668089,5448293.5579340383],[567527.86787264573,5448292.5955370264],[567506.94971045665,5448294.5564353494],[567493.81123658631,5448296.6126373429]]},"properties":{"LINEAR_FEATURE_ID":701348171,"WATERSHED_GROUP_ID":63,"EDGE_TYPE":1000,"BLUE_LINE_KEY":356311674,"WATERSHED_KEY":356311674,"FWA_WATERSHED_CODE":"100-069516-000000-000000-000000-000000-000000-000000-000000-000000-000000-000000-000000-000000-000000-000000-000000-000000-000000-000000-000000","LOCAL_WATERSHED_CODE":"100-069516-000000-000000-000000-000000-000000-000000-000000-000000-000000-000000-000000-000000-000000-000000-000000-000000-000000-000000-000000","WATERSHED_GROUP_CODE":"HARR","DOWNSTREAM_ROUTE_MEASURE":38.732048177283801,"LENGTH_METRE":182.97588728116202,"FEATURE_SOURCE":"RiverStream","GNIS_ID":21286,"GNIS_NAME":"Deroche Creek","LEFT_RIGHT_TRIBUTARY":"RIGHT","STREAM_ORDER":4,"STREAM_MAGNITUDE":19,"WATERBODY_KEY":null,"BLUE_LINE_KEY_50K":635,"WATERSHED_CODE_50K":"100070200000000000000000000000000000000000000","WATERSHED_KEY_50K":635,"WATERSHED_GROUP_CODE_50K":"HARR","GRADIENT":null,"FEATURE_CODE":"GA24850000","OBJECTID":5369725,"GEOMETRY.LEN":0,"FEATURE_LENGTH_M":182.976}},{"type":"Feature","id":5371399,"geometry":{"type":"LineString","coordinates":[[565970.95275204093,5448548.6474393681],[565987.82658089534,5448558.6673394442],[565993.86256133765,5448567.6065339968],[565994.8187762741,5448581.5526456991],[565993.8683227055,5448586.6089345766],[565992.83940071077,5448598.63085273],[565990.81743244978,5448609.6911954563],[565990.84075837396,5448621.5673359148],[565988.83898984699,5448630.5694827624],[565988.86038252886,5448638.645577509],[565988.92113611125,5448642.6043303804],[565988.8053014013,5448653.6872098483],[565989.85974014096,5448663.6756769083],[565989.88053685008,5448666.6846268969],[565989.82231167832,5448671.5930582481],[565988.87081541994,5448676.6483848263],[565989.80782567256,5448692.6526260106],[565989.82862228528,5448695.6615749337],[565990.80151113251,5448698.6823384101],[565991.91511027631,5448707.5624538492],[565992.90979366517,5448713.5921219271],[565993.92263961735,5448717.5626858687],[565994.8965264986,5448720.5834052963],[565995.89016936719,5448726.612115941],[565996.90301556862,5448730.5826792559],[565997.91586184944,5448734.5532423789],[566000.83648275328,5448743.6144419564],[566002.82381282316,5448755.6728592264],[566004.86970724922,5448761.5557934809],[566004.89050418523,5448764.564739963],[566004.87130106485,5448766.6228860347],[566005.92414807458,5448771.5442476887],[566006.85863196501,5448778.6812999882],[566007.81325425499,5448787.5602853941],[566007.93540128286,5448800.5459103435],[566007.95619820117,5448803.5548554147],[566007.95838798245,5448813.6890783291],[566006.88791143429,5448819.694074451],[566007.94235256687,5448829.6825217009],[566006.93103586894,5448834.5791720655],[566006.85360734758,5448841.5457377266],[566005.94111143565,5448847.5518965572],[566004.87158865226,5448853.5558470944],[566004.89138758392,5448856.5648334585],[566003.80170654412,5448864.6279698964],[566002.95096103766,5448874.5928254919],[566002.89333057811,5448884.5683730347],[566002.91472227755,5448892.6444430184],[566001.86499703676,5448901.657374803],[566001.92479562294,5448905.6171581],[566001.94618703017,5448913.6932260022],[566002.84101036645,5448918.6124145398],[566005.82039426011,5448931.6324202279],[566007.826335205,5448936.5655438639],[566009.8120751977,5448943.5568520846],[566010.9439460194,5448946.5787283164],[566013.90512610227,5448961.6568275606],[566014.91801810218,5448965.6283795703],[566014.83954824146,5448972.5939777158],[566015.93458601111,5448988.600326743],[566017.86329283891,5449010.6342845932],[566017.90329288028,5449011.5850821044],[566017.9240463532,5449014.5930197611],[566019.85003259091,5449017.6255433913],[566030.80745776684,5449026.6237996668],[566031.89933005197,5449028.6948754964],[566039.88113231258,5449043.6755233016],[566060.90274622443,5449065.6210285239],[566060.88354370103,5449067.6791672623],[566062.93068678235,5449083.6973129474],[566064.95579351566,5449086.5712890355],[566072.83620889438,5449091.5742808422],[566080.83569027076,5449095.6295960452],[566092.86425153317,5449103.6909762956],[566102.94860345789,5449114.5790377976],[566115.87264506286,5449132.6277034432],[566131.89287890145,5449152.6124753775],[566139.9121724118,5449159.676758687],[566146.96011098963,5449172.5874695359],[566154.82248772483,5449193.5829131166],[566154.82309049508,5449198.6500236178],[566158.89601200656,5449222.6102231946],[566164.95206641627,5449244.6925742859],[566175.91073128814,5449267.6261066562],[566188.8338133872,5449285.6747755324],[566194.86830392911,5449289.5478242002],[566197.86538002291,5449291.6424749754]]},"properties":{"LINEAR_FEATURE_ID":701348075,"WATERSHED_GROUP_ID":63,"EDGE_TYPE":1000,"BLUE_LINE_KEY":356358095,"WATERSHED_KEY":356358095,"FWA_WATERSHED_CODE":"100-067243-284920-000000-000000-000000-000000-000000-000000-000000-000000-000000-000000-000000-000000-000000-000000-000000-000000-000000-000000","LOCAL_WATERSHED_CODE":"100-067243-284920-454940-000000-000000-000000-000000-000000-000000-000000-000000-000000-000000-000000-000000-000000-000000-000000-000000-000000","WATERSHED_GROUP_CODE":"HARR","DOWNSTREAM_ROUTE_MEASURE":876.99107246910796,"LENGTH_METRE":825.56571305598004,"FEATURE_SOURCE":"RiverStream","GNIS_ID":null,"GNIS_NAME":null,"LEFT_RIGHT_TRIBUTARY":"RIGHT","STREAM_ORDER":1,"STREAM_MAGNITUDE":1,"WATERBODY_KEY":null,"BLUE_LINE_KEY_50K":null,"WATERSHED_CODE_50K":null,"WATERSHED_KEY_50K":null,"WATERSHED_GROUP_CODE_50K":null,"GRADIENT":null,"FEATURE_CODE":"GA24850150","OBJECTID":5371399,"GEOMETRY.LEN":0,"FEATURE_LENGTH_M":869.7718000000001}},{"type":"Feature","id":5368471,"geometry":{"type":"LineString","coordinates":[[566467.88969382341,5448172.6786827901],[566469.85564398114,5448176.66103369],[566476.94298392301,5448181.6553425062],[566487.82764543244,5448202.6882448671],[566489.87523635488,5448213.6393396445],[566490.95121441095,5448224.102700186],[566491.86821470293,5448234.5649390006],[566491.95148083312,5448246.6008112403],[566484.83096555434,5448259.657149557],[566468.88124379423,5448281.6340870894],[566460.80605384964,5448289.6125257742],[566439.93132540514,5448302.6621863618],[566423.91652182175,5448310.5451248456],[566417.88628611166,5448320.6064087767],[566414.91329334909,5448331.6549572898],[566413.92544195417,5448344.6276901616],[566413.95045423415,5448361.5709988642],[566414.82777279848,5448373.6164962407],[566415.82082160236,5448374.5780674461],[566418.8988811411,5448378.5742962016],[566419.91174578283,5448382.5448731231],[566422.9498006436,5448385.5902962303],[566424.83574222517,5448387.6710280897],[566440.83657338633,5448399.5816960726],[566442.90072826878,5448399.6063906299],[566452.88631064945,5448405.5858351998],[566461.88042576064,5448415.6698264703],[566465.87315555033,5448427.5942723099],[566470.93961429026,5448443.6489137392],[566475.80542284087,5448453.6835116008],[566478.90426037507,5448460.6876952052],[566479.85893402447,5448469.5667159948],[566485.84106360236,5448493.5495199775],[566489.81623466383,5448512.5992213255],[566494.9424826426,5448532.6126505611],[566498.85520957632,5448542.6354723461],[566504.91373421485,5448559.6517027123],[566507.8178041646,5448579.6382635962],[566507.88350839715,5448602.6004796065],[566507.82852294005,5448617.6421326995],[566507.8317787688,5448631.5774771003],[566507.93644243036,5448651.688392506],[566509.9472477769,5448675.6229640311],[566512.8903286109,5448696.560342242],[566515.81422022707,5448719.5558644589],[566522.84466980631,5448739.5928606689],[566531.82126846234,5448760.6031827526],[566541.86898118071,5448780.6766265202],[566554.89490982634,5448803.6358040031],[566566.92674880603,5448825.6324524293],[566580.90478573903,5448848.6034227842],[566591.80574281339,5448867.5781403892],[566601.83266319963,5448884.6426092545],[566613.88375669741,5448904.5820870483],[566628.9329300957,5448926.6161587099],[566642.86936065066,5448943.5692086443],[566645.92726561381,5448949.6235925909],[566651.90319867025,5448959.6710955156],[566661.8309494342,5448980.693204687],[566668.82240941899,5449003.5794077152],[566672.81546450371,5449025.6380612114],[566678.91274394048,5449048.6731969165],[566682.90453057177,5449060.5975919589],[566687.89065093047,5449083.6177914971],[566694.89934790914,5449100.6457995949],[566695.95223964844,5449105.5671384474],[566707.94419031241,5449126.6138987653],[566717.81118544587,5449143.677229939]]},"properties":{"LINEAR_FEATURE_ID":701348213,"WATERSHED_GROUP_ID":63,"EDGE_TYPE":1000,"BLUE_LINE_KEY":356335567,"WATERSHED_KEY":356335567,"FWA_WATERSHED_CODE":"100-067243-000000-000000-000000-000000-000000-000000-000000-000000-000000-000000-000000-000000-000000-000000-000000-000000-000000-000000-000000","LOCAL_WATERSHED_CODE":"100-067243-664813-000000-000000-000000-000000-000000-000000-000000-000000-000000-000000-000000-000000-000000-000000-000000-000000-000000-000000","WATERSHED_GROUP_CODE":"HARR","DOWNSTREAM_ROUTE_MEASURE":2165.5520838679499,"LENGTH_METRE":1091.83474440698,"FEATURE_SOURCE":"RiverStream","GNIS_ID":null,"GNIS_NAME":null,"LEFT_RIGHT_TRIBUTARY":"RIGHT","STREAM_ORDER":1,"STREAM_MAGNITUDE":1,"WATERBODY_KEY":null,"BLUE_LINE_KEY_50K":null,"WATERSHED_CODE_50K":null,"WATERSHED_KEY_50K":null,"WATERSHED_GROUP_CODE_50K":null,"GRADIENT":null,"FEATURE_CODE":"GA24850150","OBJECTID":5368471,"GEOMETRY.LEN":0,"FEATURE_LENGTH_M":1105.4041}},{"type":"Feature","id":5376633,"geometry":{"type":"LineString","coordinates":[[566467.88969382341,5448172.6786827901],[566475.92749385315,5448172.6176667418],[566492.95871772768,5448177.572487005],[566500.89736011706,5448177.6690155976],[566519.85294769821,5448180.5892391028],[566538.9275514551,5448182.5607704511],[566549.80437902722,5448184.592244585],[566563.8766506773,5448184.6041285973],[566575.82453754207,5448185.6977185141],[566595.91042676405,5448186.5736874184],[566618.87438639579,5448186.6928428225],[566641.93750505184,5448186.6544440007],[566645.94683552533,5448187.6535085039],[566659.86008876353,5448187.6632552156],[566679.90597362071,5448187.5883946232],[566699.89270948246,5448188.6218840592],[566722.95487687434,5448188.5845040483],[566742.90160580305,5448188.6671746001],[566762.88934230164,5448189.7006045599],[566773.8061893686,5448192.6828556266],[566794.84686282219,5448198.6386684692],[566806.87742278539,5448206.7009296156],[566815.93080106378,5448215.6785514485],[566821.80722980283,5448219.5494315829],[566838.88188617153,5448235.5912498385],[566847.95575364737,5448245.0437478619],[566856.93046534504,5448254.6537916195],[566862.92660501879,5448262.6441540644],[566869.89496920828,5448268.5871136887],[566874.85900142323,5448274.6640570797],[566886.91412511771,5448294.604463568],[566888.82090880233,5448299.694155748],[566900.8141994878,5448315.6748244353],[566917.82907114259,5448331.5579444896],[566934.86375874525,5448346.6489195051],[566952.94974360429,5448361.5951433983],[566968.89316864149,5448379.6811943846],[566977.86924190645,5448395.625400139],[566980.93079251121,5448410.5469953297],[566979.86370573961,5448426.6862903787],[566976.89341815212,5448446.6020796085],[566972.84834999416,5448458.5865701623],[566965.94675281225,5448475.6048569558],[566956.90360550128,5448499.56406576],[566950.8324051979,5448508.6746146558],[566946.92556197802,5448517.6532526519],[566934.80431101378,5448537.6162408106],[566924.86622526962,5448556.655219119],[566923.83678491425,5448563.6100177076],[566925.90592495911,5448582.6371759418],[566930.91331744334,5448603.6002589008],[566938.89795377513,5448623.648975186],[566946.80355072243,5448645.5961728534],[566950.89523883129,5448658.6310842149],[566951.94979607826,5448668.6195545355],[566955.86262943398,5448678.6433453476],[566957.81107027153,5448693.5510554407],[566958.86732453061,5448708.6076260312],[566957.82099436899,5448731.5549454428],[566957.92415641213,5448746.599749607],[566958.86201121775,5448767.6711372472],[566957.91324634047,5448781.5946645048]]},"properties":{"LINEAR_FEATURE_ID":701348211,"WATERSHED_GROUP_ID":63,"EDGE_TYPE":1000,"BLUE_LINE_KEY":356295420,"WATERSHED_KEY":356295420,"FWA_WATERSHED_CODE":"100-067243-664813-000000-000000-000000-000000-000000-000000-000000-000000-000000-000000-000000-000000-000000-000000-000000-000000-000000-000000","LOCAL_WATERSHED_CODE":"100-067243-664813-000000-000000-000000-000000-000000-000000-000000-000000-000000-000000-000000-000000-000000-000000-000000-000000-000000-000000","WATERSHED_GROUP_CODE":"HARR","DOWNSTREAM_ROUTE_MEASURE":0,"LENGTH_METRE":1005.56100998746,"FEATURE_SOURCE":"RiverStream","GNIS_ID":null,"GNIS_NAME":null,"LEFT_RIGHT_TRIBUTARY":"LEFT","STREAM_ORDER":1,"STREAM_MAGNITUDE":1,"WATERBODY_KEY":null,"BLUE_LINE_KEY_50K":null,"WATERSHED_CODE_50K":null,"WATERSHED_KEY_50K":null,"WATERSHED_GROUP_CODE_50K":null,"GRADIENT":null,"FEATURE_CODE":"GA24850150","OBJECTID":5376633,"GEOMETRY.LEN":0,"FEATURE_LENGTH_M":1005.6461}},{"type":"Feature","id":5367708,"geometry":{"type":"LineString","coordinates":[[567366.8194737857,5448519.5978554804],[567358.82595887512,5448534.5431033177],[567353.85041673901,5448554.5929330057],[567351.35256130318,5448565.6469455762],[567348.8547050514,5448576.7009564722],[567347.84446853749,5448581.5976083605],[567346.93307128293,5448587.6037735315],[567346.85639531584,5448599.6365365237],[567346.89808865567,5448605.654454845],[567358.85054510925,5448620.6852517724],[567363.91383651504,5448626.6055981806],[567366.95602107223,5448648.6535004545],[567359.91526558076,5448668.677674721],[567354.85632555012,5448676.6916454863],[567344.95832652028,5448696.6814602492],[567332.95510009793,5448715.6948374808],[567329.92134460702,5448726.5837614378],[567328.95415122237,5448747.6326102586],[567324.86814312381,5448758.667321817],[567322.92628860788,5448771.6273076413],[567306.95540577092,5448795.6605374292],[567291.93489296816,5448814.6374537209],[567277.90743834875,5448834.5759186801],[567259.94963963504,5448851.6168620624],[567256.89403285272,5448855.696729322],[567251.8949293202,5448867.6704648454],[567251.85829271446,5448880.6549848327],[567255.93086167122,5448899.5481250463],[567264.84653223737,5448921.6667842297],[567264.88821738877,5448927.6846781457],[567258.93601480918,5448939.6466471069],[567253.95774731692,5448954.6293156818],[567249.9490409923,5448958.6974207247],[567235.88157791481,5448977.6860384028],[567223.85577228258,5448988.6232901989],[567199.94238593394,5449003.6918370789],[567181.84301949304,5449013.6053686133],[567166.85913142283,5449019.5987058664],[567144.83108059491,5449031.6817995301],[567123.93496954557,5449050.5878642136],[567116.95061324327,5449060.6364023304],[567104.86732455785,5449081.5501640998],[567101.93135986454,5449093.5485741189],[567098.93724576256,5449106.6552827507],[567099.81266745517,5449118.7007654384],[567098.88105452911,5449130.5651834914],[567101.939662277,5449141.6866640402],[567109.80237824668,5449162.6840528147],[567120.88145089592,5449184.6717890035],[567123.94005024701,5449199.5933731198],[567122.92945400521,5449209.5571436333],[567117.84928223817,5449219.6292633694],[567101.83557556325,5449237.6444721622],[567081.87132413615,5449258.6204519393],[567067.84178427537,5449278.5598386033],[567053.91211356362,5449299.6096772775],[567035.83381265553,5449322.6663234653],[567020.93019457511,5449340.6954526389],[567002.91110929684,5449362.6457362734],[567002.81258498295,5449371.6704917066],[567003.88533128705,5449379.6007856438],[567003.92665045545,5449390.6857929537],[567003.94711883808,5449402.5619713673],[567003.90974653361,5449425.6806960506],[567004.84495466272,5449441.6848955844]]},"properties":{"LINEAR_FEATURE_ID":701348069,"WATERSHED_GROUP_ID":63,"EDGE_TYPE":1000,"BLUE_LINE_KEY":356311674,"WATERSHED_KEY":356311674,"FWA_WATERSHED_CODE":"100-069516-000000-000000-000000-000000-000000-000000-000000-000000-000000-000000-000000-000000-000000-000000-000000-000000-000000-000000-000000","LOCAL_WATERSHED_CODE":"100-069516-000000-000000-000000-000000-000000-000000-000000-000000-000000-000000-000000-000000-000000-000000-000000-000000-000000-000000-000000","WATERSHED_GROUP_CODE":"HARR","DOWNSTREAM_ROUTE_MEASURE":483.69772766412501,"LENGTH_METRE":1090.9421883592499,"FEATURE_SOURCE":"RiverStream","GNIS_ID":21286,"GNIS_NAME":"Deroche Creek","LEFT_RIGHT_TRIBUTARY":"RIGHT","STREAM_ORDER":4,"STREAM_MAGNITUDE":19,"WATERBODY_KEY":null,"BLUE_LINE_KEY_50K":635,"WATERSHED_CODE_50K":"100070200000000000000000000000000000000000000","WATERSHED_KEY_50K":635,"WATERSHED_GROUP_CODE_50K":"HARR","GRADIENT":null,"FEATURE_CODE":"GA24850000","OBJECTID":5367708,"GEOMETRY.LEN":0,"FEATURE_LENGTH_M":1092.9593}},{"type":"Feature","id":5369724,"geometry":{"type":"LineString","coordinates":[[567493.81123658631,5448296.6126373429],[567489.56789345865,5448308.9112862954],[567428.90392831282,5448374.3768851208],[567411.73761806288,5448402.8111545146],[567405.22098414088,5448442.7929970575],[567375.48636605707,5448496.7436597198],[567366.8194737857,5448519.5978554804]]},"properties":{"LINEAR_FEATURE_ID":701348146,"WATERSHED_GROUP_ID":63,"EDGE_TYPE":1250,"BLUE_LINE_KEY":356311674,"WATERSHED_KEY":356311674,"FWA_WATERSHED_CODE":"100-069516-000000-000000-000000-000000-000000-000000-000000-000000-000000-000000-000000-000000-000000-000000-000000-000000-000000-000000-000000","LOCAL_WATERSHED_CODE":"100-069516-000000-000000-000000-000000-000000-000000-000000-000000-000000-000000-000000-000000-000000-000000-000000-000000-000000-000000-000000","WATERSHED_GROUP_CODE":"HARR","DOWNSTREAM_ROUTE_MEASURE":221.70793545844603,"LENGTH_METRE":261.98979220567901,"FEATURE_SOURCE":"areal stream sk","GNIS_ID":21286,"GNIS_NAME":"Deroche Creek","LEFT_RIGHT_TRIBUTARY":"RIGHT","STREAM_ORDER":4,"STREAM_MAGNITUDE":19,"WATERBODY_KEY":329710510,"BLUE_LINE_KEY_50K":635,"WATERSHED_CODE_50K":"100070200000000000000000000000000000000000000","WATERSHED_KEY_50K":635,"WATERSHED_GROUP_CODE_50K":"HARR","GRADIENT":null,"FEATURE_CODE":"WA24111120","OBJECTID":5369724,"GEOMETRY.LEN":0,"FEATURE_LENGTH_M":262.04239999999999}},{"type":"Feature","id":5366633,"geometry":{"type":"LineString","coordinates":[[570163.95796829381,5448627.6261466164],[570191.20539485931,5448618.9473862173],[570215.41605501063,5448604.6871489296],[570264.94035963598,5448554.6459135311],[570300.82878219092,5448503.6389307994]]},"properties":{"LINEAR_FEATURE_ID":701348042,"WATERSHED_GROUP_ID":63,"EDGE_TYPE":1200,"BLUE_LINE_KEY":356264912,"WATERSHED_KEY":356264912,"FWA_WATERSHED_CODE":"100-070298-000000-000000-000000-000000-000000-000000-000000-000000-000000-000000-000000-000000-000000-000000-000000-000000-000000-000000-000000","LOCAL_WATERSHED_CODE":"100-070298-700174-000000-000000-000000-000000-000000-000000-000000-000000-000000-000000-000000-000000-000000-000000-000000-000000-000000-000000","WATERSHED_GROUP_CODE":"HARR","DOWNSTREAM_ROUTE_MEASURE":1775.4860287210402,"LENGTH_METRE":189.54168896441402,"FEATURE_SOURCE":"lake-def skelet","GNIS_ID":null,"GNIS_NAME":null,"LEFT_RIGHT_TRIBUTARY":"RIGHT","STREAM_ORDER":1,"STREAM_MAGNITUDE":1,"WATERBODY_KEY":329178117,"BLUE_LINE_KEY_50K":534,"WATERSHED_CODE_50K":"100071820500000000000000000000000000000000000","WATERSHED_KEY_50K":534,"WATERSHED_GROUP_CODE_50K":"HARR","GRADIENT":null,"FEATURE_CODE":"WA24111110","OBJECTID":5366633,"GEOMETRY.LEN":0,"FEATURE_LENGTH_M":189.54179999999999}},{"type":"Feature","id":5368260,"geometry":{"type":"LineString","coordinates":[[565815.13844524731,5447106.7763078241],[566009.92287227116,5447076.9583327845],[566223.27087624767,5447089.4904282168],[566291.95517305541,5447109.9498219546]]},"properties":{"LINEAR_FEATURE_ID":701348572,"WATERSHED_GROUP_ID":63,"EDGE_TYPE":1350,"BLUE_LINE_KEY":355991886,"WATERSHED_KEY":356364114,"FWA_WATERSHED_CODE":"100-000000-000000-000000-000000-000000-000000-000000-000000-000000-000000-000000-000000-000000-000000-000000-000000-000000-000000-000000-000000","LOCAL_WATERSHED_CODE":"100-069516-000000-000000-000000-000000-000000-000000-000000-000000-000000-000000-000000-000000-000000-000000-000000-000000-000000-000000-000000","WATERSHED_GROUP_CODE":"HARR","DOWNSTREAM_ROUTE_MEASURE":12283.9138098081,"LENGTH_METRE":483.08524957467802,"FEATURE_SOURCE":"areal stream sk","GNIS_ID":21105,"GNIS_NAME":"Nicomen Slough","LEFT_RIGHT_TRIBUTARY":"NONE","STREAM_ORDER":4,"STREAM_MAGNITUDE":36,"WATERBODY_KEY":328998084,"BLUE_LINE_KEY_50K":1054,"WATERSHED_CODE_50K":"100000000000000000000000000000000000000000000","WATERSHED_KEY_50K":571,"WATERSHED_GROUP_CODE_50K":"HARR","GRADIENT":null,"FEATURE_CODE":"WA24111150","OBJECTID":5368260,"GEOMETRY.LEN":0,"FEATURE_LENGTH_M":483.08550000000002}},{"type":"Feature","id":5377207,"geometry":{"type":"LineString","coordinates":[[565822.80506696994,5447181.6074830256],[565815.13844524731,5447106.7763078241]]},"properties":{"LINEAR_FEATURE_ID":701348562,"WATERSHED_GROUP_ID":63,"EDGE_TYPE":1450,"BLUE_LINE_KEY":355991899,"WATERSHED_KEY":356364114,"FWA_WATERSHED_CODE":"100-000000-000000-000000-000000-000000-000000-000000-000000-000000-000000-000000-000000-000000-000000-000000-000000-000000-000000-000000-000000","LOCAL_WATERSHED_CODE":null,"WATERSHED_GROUP_CODE":"HARR","DOWNSTREAM_ROUTE_MEASURE":320.60205564647504,"LENGTH_METRE":75.172437688992304,"FEATURE_SOURCE":"OP","GNIS_ID":null,"GNIS_NAME":null,"LEFT_RIGHT_TRIBUTARY":"NONE","STREAM_ORDER":1,"STREAM_MAGNITUDE":1,"WATERBODY_KEY":328998084,"BLUE_LINE_KEY_50K":null,"WATERSHED_CODE_50K":null,"WATERSHED_KEY_50K":null,"WATERSHED_GROUP_CODE_50K":null,"GRADIENT":null,"FEATURE_CODE":"WA24111190","OBJECTID":5377207,"GEOMETRY.LEN":0,"FEATURE_LENGTH_M":75.172600000000003}},{"type":"Feature","id":5375739,"geometry":{"type":"LineString","coordinates":[[565669.82872701611,5447443.1166464873],[565678.06967872102,5447201.5768863242],[565755.50568344258,5447121.4250179753],[565815.13844524731,5447106.7763078241]]},"properties":{"LINEAR_FEATURE_ID":701348563,"WATERSHED_GROUP_ID":63,"EDGE_TYPE":1350,"BLUE_LINE_KEY":355991886,"WATERSHED_KEY":356364114,"FWA_WATERSHED_CODE":"100-000000-000000-000000-000000-000000-000000-000000-000000-000000-000000-000000-000000-000000-000000-000000-000000-000000-000000-000000-000000","LOCAL_WATERSHED_CODE":"100-069516-000000-000000-000000-000000-000000-000000-000000-000000-000000-000000-000000-000000-000000-000000-000000-000000-000000-000000-000000","WATERSHED_GROUP_CODE":"HARR","DOWNSTREAM_ROUTE_MEASURE":11869.4384375506,"LENGTH_METRE":414.475372257549,"FEATURE_SOURCE":"areal stream sk","GNIS_ID":21105,"GNIS_NAME":"Nicomen Slough","LEFT_RIGHT_TRIBUTARY":"NONE","STREAM_ORDER":4,"STREAM_MAGNITUDE":36,"WATERBODY_KEY":328998084,"BLUE_LINE_KEY_50K":1054,"WATERSHED_CODE_50K":"100000000000000000000000000000000000000000000","WATERSHED_KEY_50K":571,"WATERSHED_GROUP_CODE_50K":"HARR","GRADIENT":null,"FEATURE_CODE":"WA24111150","OBJECTID":5375739,"GEOMETRY.LEN":0,"FEATURE_LENGTH_M":414.47720000000004}},{"type":"Feature","id":5378152,"geometry":{"type":"LineString","coordinates":[[566275.45941138756,5447164.3415665785],[566291.95517305541,5447109.9498219546]]},"properties":{"LINEAR_FEATURE_ID":701348545,"WATERSHED_GROUP_ID":63,"EDGE_TYPE":1450,"BLUE_LINE_KEY":355991895,"WATERSHED_KEY":356364114,"FWA_WATERSHED_CODE":"100-000000-000000-000000-000000-000000-000000-000000-000000-000000-000000-000000-000000-000000-000000-000000-000000-000000-000000-000000-000000","LOCAL_WATERSHED_CODE":null,"WATERSHED_GROUP_CODE":"HARR","DOWNSTREAM_ROUTE_MEASURE":723.24083913976301,"LENGTH_METRE":56.807355422667797,"FEATURE_SOURCE":"OP","GNIS_ID":null,"GNIS_NAME":null,"LEFT_RIGHT_TRIBUTARY":"NONE","STREAM_ORDER":1,"STREAM_MAGNITUDE":1,"WATERBODY_KEY":328998084,"BLUE_LINE_KEY_50K":1047,"WATERSHED_CODE_50K":"100000000000000000000000000000000000000000000","WATERSHED_KEY_50K":571,"WATERSHED_GROUP_CODE_50K":"HARR","GRADIENT":null,"FEATURE_CODE":"WA24111190","OBJECTID":5378152,"GEOMETRY.LEN":0,"FEATURE_LENGTH_M":56.807600000000001}},{"type":"Feature","id":5376115,"geometry":{"type":"LineString","coordinates":[[565795.83128660731,5447281.6778855193],[565797.83007854305,5447272.6767235333],[565804.84313785715,5447249.6406921921],[565814.83243517368,5447225.691357187],[565821.86632307409,5447205.6653122567],[565822.91303498438,5447196.6523261461],[565823.91974762641,5447186.6885207072],[565822.80506696994,5447181.6074830256]]},"properties":{"LINEAR_FEATURE_ID":701348522,"WATERSHED_GROUP_ID":63,"EDGE_TYPE":1100,"BLUE_LINE_KEY":355991899,"WATERSHED_KEY":356364114,"FWA_WATERSHED_CODE":"100-000000-000000-000000-000000-000000-000000-000000-000000-000000-000000-000000-000000-000000-000000-000000-000000-000000-000000-000000-000000","LOCAL_WATERSHED_CODE":null,"WATERSHED_GROUP_CODE":"HARR","DOWNSTREAM_ROUTE_MEASURE":215.89255239785001,"LENGTH_METRE":104.70950324862501,"FEATURE_SOURCE":"RiverStream","GNIS_ID":null,"GNIS_NAME":null,"LEFT_RIGHT_TRIBUTARY":"NONE","STREAM_ORDER":1,"STREAM_MAGNITUDE":1,"WATERBODY_KEY":null,"BLUE_LINE_KEY_50K":null,"WATERSHED_CODE_50K":null,"WATERSHED_KEY_50K":null,"WATERSHED_GROUP_CODE_50K":null,"GRADIENT":null,"FEATURE_CODE":"GA24850000","OBJECTID":5376115,"GEOMETRY.LEN":0,"FEATURE_LENGTH_M":104.72210000000001}},{"type":"Feature","id":5368685,"geometry":{"type":"LineString","coordinates":[[565740.12285913643,5447506.6588436943],[565918.15752067172,5447364.686846802],[566013.44092671131,5447321.1720930263],[566084.63697084773,5447292.2545151608],[566184.91035440273,5447264.1626336183],[566236.3111242234,5447223.7669741763],[566275.45941138756,5447164.3415665785]]},"properties":{"LINEAR_FEATURE_ID":701348520,"WATERSHED_GROUP_ID":63,"EDGE_TYPE":1350,"BLUE_LINE_KEY":355991895,"WATERSHED_KEY":356364114,"FWA_WATERSHED_CODE":"100-000000-000000-000000-000000-000000-000000-000000-000000-000000-000000-000000-000000-000000-000000-000000-000000-000000-000000-000000-000000","LOCAL_WATERSHED_CODE":null,"WATERSHED_GROUP_CODE":"HARR","DOWNSTREAM_ROUTE_MEASURE":72.790912944487488,"LENGTH_METRE":650.44992619527602,"FEATURE_SOURCE":"areal stream sk","GNIS_ID":null,"GNIS_NAME":null,"LEFT_RIGHT_TRIBUTARY":"NONE","STREAM_ORDER":1,"STREAM_MAGNITUDE":1,"WATERBODY_KEY":329710483,"BLUE_LINE_KEY_50K":1047,"WATERSHED_CODE_50K":"100000000000000000000000000000000000000000000","WATERSHED_KEY_50K":571,"WATERSHED_GROUP_CODE_50K":"HARR","GRADIENT":null,"FEATURE_CODE":"WA24111150","OBJECTID":5368685,"GEOMETRY.LEN":0,"FEATURE_LENGTH_M":650.45000000000005}},{"type":"Feature","id":5367743,"geometry":{"type":"LineString","coordinates":[[565669.82872701611,5447443.1166464873],[565717.03665548796,5447424.8349094922],[565728.40397950599,5447415.944503841],[565730.82417416631,5447413.1231753621],[565760.06572385761,5447352.8245682931],[565774.07958445349,5447320.2140005846],[565793.59322420484,5447290.044368227],[565795.83128660731,5447281.6778855193]]},"properties":{"LINEAR_FEATURE_ID":701348494,"WATERSHED_GROUP_ID":63,"EDGE_TYPE":1450,"BLUE_LINE_KEY":355991899,"WATERSHED_KEY":356364114,"FWA_WATERSHED_CODE":"100-000000-000000-000000-000000-000000-000000-000000-000000-000000-000000-000000-000000-000000-000000-000000-000000-000000-000000-000000-000000","LOCAL_WATERSHED_CODE":null,"WATERSHED_GROUP_CODE":"HARR","DOWNSTREAM_ROUTE_MEASURE":0,"LENGTH_METRE":215.89255239785001,"FEATURE_SOURCE":"OP","GNIS_ID":null,"GNIS_NAME":null,"LEFT_RIGHT_TRIBUTARY":"NONE","STREAM_ORDER":1,"STREAM_MAGNITUDE":1,"WATERBODY_KEY":328998084,"BLUE_LINE_KEY_50K":null,"WATERSHED_CODE_50K":null,"WATERSHED_KEY_50K":null,"WATERSHED_GROUP_CODE_50K":null,"GRADIENT":null,"FEATURE_CODE":"WA24111190","OBJECTID":5367743,"GEOMETRY.LEN":0,"FEATURE_LENGTH_M":215.89340000000001}},{"type":"Feature","id":5367593,"geometry":{"type":"LineString","coordinates":[[566414.91044797678,5447277.6931330813],[566426.60115300445,5447287.7524773097],[566492.83606290084,5447321.5444348287]]},"properties":{"LINEAR_FEATURE_ID":701348489,"WATERSHED_GROUP_ID":63,"EDGE_TYPE":1400,"BLUE_LINE_KEY":356144442,"WATERSHED_KEY":356144442,"FWA_WATERSHED_CODE":"999-999999-999999-999999-999999-999999-999999-999999-999999-999999-999999-999999-999999-999999-999999-999999-999999-999999-999999-999999-999999","LOCAL_WATERSHED_CODE":null,"WATERSHED_GROUP_CODE":"HARR","DOWNSTREAM_ROUTE_MEASURE":0,"LENGTH_METRE":89.860668899778688,"FEATURE_SOURCE":"OP","GNIS_ID":null,"GNIS_NAME":null,"LEFT_RIGHT_TRIBUTARY":"NONE","STREAM_ORDER":1,"STREAM_MAGNITUDE":1,"WATERBODY_KEY":329178363,"BLUE_LINE_KEY_50K":null,"WATERSHED_CODE_50K":null,"WATERSHED_KEY_50K":null,"WATERSHED_GROUP_CODE_50K":null,"GRADIENT":null,"FEATURE_CODE":"WA24111170","OBJECTID":5367593,"GEOMETRY.LEN":0,"FEATURE_LENGTH_M":89.860799999999998}},{"type":"Feature","id":5368613,"geometry":{"type":"LineString","coordinates":[[565667.58254379267,5447511.3367548296],[565740.12285913643,5447506.6588436943]]},"properties":{"LINEAR_FEATURE_ID":701348429,"WATERSHED_GROUP_ID":63,"EDGE_TYPE":1450,"BLUE_LINE_KEY":355991895,"WATERSHED_KEY":356364114,"FWA_WATERSHED_CODE":"100-000000-000000-000000-000000-000000-000000-000000-000000-000000-000000-000000-000000-000000-000000-000000-000000-000000-000000-000000-000000","LOCAL_WATERSHED_CODE":null,"WATERSHED_GROUP_CODE":"HARR","DOWNSTREAM_ROUTE_MEASURE":0,"LENGTH_METRE":72.790912944487488,"FEATURE_SOURCE":"OP","GNIS_ID":null,"GNIS_NAME":null,"LEFT_RIGHT_TRIBUTARY":"NONE","STREAM_ORDER":1,"STREAM_MAGNITUDE":1,"WATERBODY_KEY":328998084,"BLUE_LINE_KEY_50K":1047,"WATERSHED_CODE_50K":"100000000000000000000000000000000000000000000","WATERSHED_KEY_50K":571,"WATERSHED_GROUP_CODE_50K":"HARR","GRADIENT":null,"FEATURE_CODE":"WA24111190","OBJECTID":5368613,"GEOMETRY.LEN":0,"FEATURE_LENGTH_M":72.794499999999999}},{"type":"Feature","id":5377543,"geometry":{"type":"LineString","coordinates":[[565776.93889254541,5447705.6647882974],[565785.43374964292,5447706.3993462129],[565848.91630594351,5447685.1464624759],[565975.21279125765,5447699.4817503821],[566171.92492630158,5447751.5583972856]]},"properties":{"LINEAR_FEATURE_ID":701348376,"WATERSHED_GROUP_ID":63,"EDGE_TYPE":1200,"BLUE_LINE_KEY":356363481,"WATERSHED_KEY":356363481,"FWA_WATERSHED_CODE":"100-067883-000000-000000-000000-000000-000000-000000-000000-000000-000000-000000-000000-000000-000000-000000-000000-000000-000000-000000-000000","LOCAL_WATERSHED_CODE":"100-067883-000000-000000-000000-000000-000000-000000-000000-000000-000000-000000-000000-000000-000000-000000-000000-000000-000000-000000-000000","WATERSHED_GROUP_CODE":"HARR","DOWNSTREAM_ROUTE_MEASURE":205.66570449975302,"LENGTH_METRE":406.58851586380302,"FEATURE_SOURCE":"lake-def skelet","GNIS_ID":null,"GNIS_NAME":null,"LEFT_RIGHT_TRIBUTARY":"RIGHT","STREAM_ORDER":2,"STREAM_MAGNITUDE":2,"WATERBODY_KEY":329178017,"BLUE_LINE_KEY_50K":null,"WATERSHED_CODE_50K":null,"WATERSHED_KEY_50K":null,"WATERSHED_GROUP_CODE_50K":null,"GRADIENT":null,"FEATURE_CODE":"WA24111110","OBJECTID":5377543,"GEOMETRY.LEN":0,"FEATURE_LENGTH_M":406.5883}},{"type":"Feature","id":5368552,"geometry":{"type":"LineString","coordinates":[[565690.13057223032,5447715.7148730345],[565776.93889254541,5447705.6647882974]]},"properties":{"LINEAR_FEATURE_ID":701348369,"WATERSHED_GROUP_ID":63,"EDGE_TYPE":1410,"BLUE_LINE_KEY":356363481,"WATERSHED_KEY":356363481,"FWA_WATERSHED_CODE":"100-067883-000000-000000-000000-000000-000000-000000-000000-000000-000000-000000-000000-000000-000000-000000-000000-000000-000000-000000-000000","LOCAL_WATERSHED_CODE":"100-067883-000000-000000-000000-000000-000000-000000-000000-000000-000000-000000-000000-000000-000000-000000-000000-000000-000000-000000-000000","WATERSHED_GROUP_CODE":"HARR","DOWNSTREAM_ROUTE_MEASURE":118.159483134346,"LENGTH_METRE":87.506221365406503,"FEATURE_SOURCE":"OP","GNIS_ID":null,"GNIS_NAME":null,"LEFT_RIGHT_TRIBUTARY":"RIGHT","STREAM_ORDER":2,"STREAM_MAGNITUDE":2,"WATERBODY_KEY":null,"BLUE_LINE_KEY_50K":null,"WATERSHED_CODE_50K":null,"WATERSHED_KEY_50K":null,"WATERSHED_GROUP_CODE_50K":null,"GRADIENT":null,"FEATURE_CODE":"WA11410000","OBJECTID":5368552,"GEOMETRY.LEN":0,"FEATURE_LENGTH_M":87.668900000000008}},{"type":"Feature","id":5367891,"geometry":{"type":"LineString","coordinates":[[566171.92492630158,5447751.5583972856],[566191.95666971675,5447763.6750465222],[566208.81512580405,5447779.5531438449],[566223.80813868623,5447797.6265402501],[566226.9069342548,5447804.6307832738],[566227.90262845613,5447810.6604722962],[566226.89495158172,5447820.6242564404]]},"properties":{"LINEAR_FEATURE_ID":701348347,"WATERSHED_GROUP_ID":63,"EDGE_TYPE":1000,"BLUE_LINE_KEY":356363481,"WATERSHED_KEY":356363481,"FWA_WATERSHED_CODE":"100-067883-000000-000000-000000-000000-000000-000000-000000-000000-000000-000000-000000-000000-000000-000000-000000-000000-000000-000000-000000","LOCAL_WATERSHED_CODE":"100-067883-000000-000000-000000-000000-000000-000000-000000-000000-000000-000000-000000-000000-000000-000000-000000-000000-000000-000000-000000","WATERSHED_GROUP_CODE":"HARR","DOWNSTREAM_ROUTE_MEASURE":612.2542203635561,"LENGTH_METRE":93.858213467703692,"FEATURE_SOURCE":"RiverStream","GNIS_ID":null,"GNIS_NAME":null,"LEFT_RIGHT_TRIBUTARY":"RIGHT","STREAM_ORDER":2,"STREAM_MAGNITUDE":2,"WATERBODY_KEY":null,"BLUE_LINE_KEY_50K":null,"WATERSHED_CODE_50K":null,"WATERSHED_KEY_50K":null,"WATERSHED_GROUP_CODE_50K":null,"GRADIENT":null,"FEATURE_CODE":"GA24850150","OBJECTID":5367891,"GEOMETRY.LEN":0,"FEATURE_LENGTH_M":93.858699999999999}},{"type":"Feature","id":5373158,"geometry":{"type":"LineString","coordinates":[[566226.89495158172,5447820.6242564404],[566217.91032161459,5447834.6088272668],[566210.88644848962,5447838.6413814416],[566188.8981847351,5447846.6120173363],[566164.80677228607,5447853.6070911819],[566142.8403040804,5447864.586648101],[566132.87826340401,5447866.6842226321],[566114.87683981343,5447867.5767961042],[566108.80343698058,5447866.5540013313],[566084.88725213567,5447867.6919631995],[566071.8273689379,5447866.5854101889],[566058.86635135731,5447866.5893770913],[566045.90628859785,5447866.5922988057],[566030.8628859095,5447868.628683296],[566021.81486305443,5447873.5873235604],[566016.83336426492,5447874.6366242534],[565994.84767416958,5447887.6743005291],[565975.96019725536,5447902.650020441],[565960.82473344682,5447922.5793773169],[565947.85162672901,5447938.5757667562],[565929.85601324891,5447954.6706770109],[565909.85640796262,5447969.6324722311]]},"properties":{"LINEAR_FEATURE_ID":701348333,"WATERSHED_GROUP_ID":63,"EDGE_TYPE":1000,"BLUE_LINE_KEY":356363481,"WATERSHED_KEY":356363481,"FWA_WATERSHED_CODE":"100-067883-000000-000000-000000-000000-000000-000000-000000-000000-000000-000000-000000-000000-000000-000000-000000-000000-000000-000000-000000","LOCAL_WATERSHED_CODE":"100-067883-571091-000000-000000-000000-000000-000000-000000-000000-000000-000000-000000-000000-000000-000000-000000-000000-000000-000000-000000","WATERSHED_GROUP_CODE":"HARR","DOWNSTREAM_ROUTE_MEASURE":706.11243383125998,"LENGTH_METRE":370.40062729033002,"FEATURE_SOURCE":"RiverStream","GNIS_ID":null,"GNIS_NAME":null,"LEFT_RIGHT_TRIBUTARY":"RIGHT","STREAM_ORDER":1,"STREAM_MAGNITUDE":1,"WATERBODY_KEY":null,"BLUE_LINE_KEY_50K":null,"WATERSHED_CODE_50K":null,"WATERSHED_KEY_50K":null,"WATERSHED_GROUP_CODE_50K":null,"GRADIENT":null,"FEATURE_CODE":"GA24850150","OBJECTID":5373158,"GEOMETRY.LEN":0,"FEATURE_LENGTH_M":370.41730000000001}},{"type":"Feature","id":5372346,"geometry":{"type":"LineString","coordinates":[[566226.89495158172,5447820.6242564404],[566262.75895015209,5447820.5798825677]]},"properties":{"LINEAR_FEATURE_ID":701348332,"WATERSHED_GROUP_ID":63,"EDGE_TYPE":1410,"BLUE_LINE_KEY":356361323,"WATERSHED_KEY":356361323,"FWA_WATERSHED_CODE":"100-067883-571091-000000-000000-000000-000000-000000-000000-000000-000000-000000-000000-000000-000000-000000-000000-000000-000000-000000-000000","LOCAL_WATERSHED_CODE":"100-067883-571091-000000-000000-000000-000000-000000-000000-000000-000000-000000-000000-000000-000000-000000-000000-000000-000000-000000-000000","WATERSHED_GROUP_CODE":"HARR","DOWNSTREAM_ROUTE_MEASURE":0,"LENGTH_METRE":35.914069557348498,"FEATURE_SOURCE":"OP","GNIS_ID":null,"GNIS_NAME":null,"LEFT_RIGHT_TRIBUTARY":"LEFT","STREAM_ORDER":1,"STREAM_MAGNITUDE":1,"WATERBODY_KEY":null,"BLUE_LINE_KEY_50K":null,"WATERSHED_CODE_50K":null,"WATERSHED_KEY_50K":null,"WATERSHED_GROUP_CODE_50K":null,"GRADIENT":null,"FEATURE_CODE":"WA11410000","OBJECTID":5372346,"GEOMETRY.LEN":0,"FEATURE_LENGTH_M":35.920200000000001}},{"type":"Feature","id":5375890,"geometry":{"type":"LineString","coordinates":[[566262.75895015209,5447820.5798825677],[566297.86794162635,5447817.6765317433]]},"properties":{"LINEAR_FEATURE_ID":701348331,"WATERSHED_GROUP_ID":63,"EDGE_TYPE":1410,"BLUE_LINE_KEY":356361323,"WATERSHED_KEY":356361323,"FWA_WATERSHED_CODE":"100-067883-571091-000000-000000-000000-000000-000000-000000-000000-000000-000000-000000-000000-000000-000000-000000-000000-000000-000000-000000","LOCAL_WATERSHED_CODE":"100-067883-571091-000000-000000-000000-000000-000000-000000-000000-000000-000000-000000-000000-000000-000000-000000-000000-000000-000000-000000","WATERSHED_GROUP_CODE":"HARR","DOWNSTREAM_ROUTE_MEASURE":35.914069557348498,"LENGTH_METRE":35.276867304445496,"FEATURE_SOURCE":"OP","GNIS_ID":null,"GNIS_NAME":null,"LEFT_RIGHT_TRIBUTARY":"LEFT","STREAM_ORDER":1,"STREAM_MAGNITUDE":1,"WATERBODY_KEY":null,"BLUE_LINE_KEY_50K":null,"WATERSHED_CODE_50K":null,"WATERSHED_KEY_50K":null,"WATERSHED_GROUP_CODE_50K":null,"GRADIENT":null,"FEATURE_CODE":"WA11410000","OBJECTID":5375890,"GEOMETRY.LEN":0,"FEATURE_LENGTH_M":35.278400000000005}},{"type":"Feature","id":5368019,"geometry":{"type":"LineString","coordinates":[[565909.85640796262,5447969.6324722311],[565869.24038555461,5447997.4913848955],[565821.76870302053,5448005.7922823457],[565765.09859581664,5447994.1909929896],[565760.87176445953,5447995.5651404783]]},"properties":{"LINEAR_FEATURE_ID":701348294,"WATERSHED_GROUP_ID":63,"EDGE_TYPE":1200,"BLUE_LINE_KEY":356363481,"WATERSHED_KEY":356363481,"FWA_WATERSHED_CODE":"100-067883-000000-000000-000000-000000-000000-000000-000000-000000-000000-000000-000000-000000-000000-000000-000000-000000-000000-000000-000000","LOCAL_WATERSHED_CODE":"100-067883-571091-000000-000000-000000-000000-000000-000000-000000-000000-000000-000000-000000-000000-000000-000000-000000-000000-000000-000000","WATERSHED_GROUP_CODE":"HARR","DOWNSTREAM_ROUTE_MEASURE":1076.5130611215902,"LENGTH_METRE":159.912815548955,"FEATURE_SOURCE":"lake-def skelet","GNIS_ID":null,"GNIS_NAME":null,"LEFT_RIGHT_TRIBUTARY":"RIGHT","STREAM_ORDER":1,"STREAM_MAGNITUDE":1,"WATERBODY_KEY":329178273,"BLUE_LINE_KEY_50K":null,"WATERSHED_CODE_50K":null,"WATERSHED_KEY_50K":null,"WATERSHED_GROUP_CODE_50K":null,"GRADIENT":null,"FEATURE_CODE":"WA24111110","OBJECTID":5368019,"GEOMETRY.LEN":0,"FEATURE_LENGTH_M":159.9128}},{"type":"Feature","id":5376615,"geometry":{"type":"LineString","coordinates":[[565439.87121618108,5448290.5491979225],[565444.91160658095,5448289.6596554583],[565468.92497894051,5448284.5603173329],[565488.81174401077,5448280.6795068514],[565504.84817413229,5448279.6028341847],[565524.81236207124,5448272.5565493377],[565545.8476163639,5448264.5723945284],[565560.83023007878,5448258.5743590593],[565581.86547826964,5448250.590192032],[565605.93873914506,5448245.6514733015],[565626.87673859217,5448241.6248960812],[565646.84248497616,5448239.6456953967],[565670.89495454298,5448231.6979904696],[565694.8283962186,5448224.6989609692],[565707.8268838994,5448220.5787896868],[565720.88518834801,5448216.6172836944],[565732.83238476375,5448212.6418363107],[565745.9306845743,5448209.6311317645],[565759.86304431933,5448207.5808830429],[565773.89417850808,5448206.6391495159],[565785.86220565811,5448205.6736584343],[565804.91490134748,5448204.6344472105],[565823.84952918754,5448204.5428732252],[565846.81333696132,5448204.6592602115],[565867.94938643137,5448201.5865833722],[565887.93432883255,5448197.5491571175],[565910.95729708881,5448196.5571717583],[565922.92536668445,5448195.5926585579],[565939.87391446368,5448193.5778985992],[565952.91304800834,5448191.6755097685],[565974.94137963362,5448184.654798707],[565988.83373385505,5448181.6536994688],[566001.93206730508,5448178.643947918],[566025.90552037884,5448172.5966116181],[566047.87468461366,5448166.6842301618],[566061.82523806102,5448162.5758054387],[566074.8835658913,5448158.6152325636],[566095.91883978155,5448150.632903982],[566105.84191210032,5448147.5844958173],[566127.81110943365,5448141.6730877031],[566143.80660549435,5448139.6475100825],[566167.86269463133,5448140.5698282374],[566180.82280300453,5448140.5668922476],[566203.94562634861,5448140.6852910668],[566224.9435295047,5448140.6213587066],[566248.94042411866,5448142.6510065626],[566271.86526268581,5448145.618566907],[566294.94908137759,5448148.5872413572],[566306.93795630569,5448150.6316367052],[566329.90280537831,5448154.5499878479],[566342.84372605965,5448156.6051875865],[566355.94371159375,5448158.6635053726],[566378.90956458612,5448162.5817989232],[566402.94548226462,5448165.5622506645],[566426.88328482432,5448168.7011986375],[566448.91425455932,5448170.5495870672],[566467.88969382341,5448172.6786827901]]},"properties":{"LINEAR_FEATURE_ID":701348232,"WATERSHED_GROUP_ID":63,"EDGE_TYPE":1000,"BLUE_LINE_KEY":356335567,"WATERSHED_KEY":356335567,"FWA_WATERSHED_CODE":"100-067243-000000-000000-000000-000000-000000-000000-000000-000000-000000-000000-000000-000000-000000-000000-000000-000000-000000-000000-000000","LOCAL_WATERSHED_CODE":"100-067243-284920-000000-000000-000000-000000-000000-000000-000000-000000-000000-000000-000000-000000-000000-000000-000000-000000-000000-000000","WATERSHED_GROUP_CODE":"HARR","DOWNSTREAM_ROUTE_MEASURE":1113.6694441998002,"LENGTH_METRE":1051.8826396681502,"FEATURE_SOURCE":"RiverStream","GNIS_ID":null,"GNIS_NAME":null,"LEFT_RIGHT_TRIBUTARY":"RIGHT","STREAM_ORDER":2,"STREAM_MAGNITUDE":2,"WATERBODY_KEY":null,"BLUE_LINE_KEY_50K":null,"WATERSHED_CODE_50K":null,"WATERSHED_KEY_50K":null,"WATERSHED_GROUP_CODE_50K":null,"GRADIENT":null,"FEATURE_CODE":"GA24850150","OBJECTID":5376615,"GEOMETRY.LEN":0,"FEATURE_LENGTH_M":1051.8855000000001}},{"type":"Feature","id":5369801,"geometry":{"type":"LineString","coordinates":[[565876.90487160918,5448513.6370887067],[565887.87931067927,5448506.6428652806],[565905.81685653888,5448491.6553976517],[565926.8880719872,5448470.6886539571],[565942.89971739717,5448452.6706240783],[565957.95667603728,5448429.5737018874],[565964.8200174201,5448416.6708353842],[565977.83360678889,5448396.5581498286],[565992.83034433809,5448374.5685964124],[566005.80551571003,5448358.5722065372],[566019.85179075727,5448341.6389403418],[566021.91434535244,5448336.5965270521]]},"properties":{"LINEAR_FEATURE_ID":701348159,"WATERSHED_GROUP_ID":63,"EDGE_TYPE":1000,"BLUE_LINE_KEY":356086302,"WATERSHED_KEY":356086302,"FWA_WATERSHED_CODE":"100-067243-284920-454940-000000-000000-000000-000000-000000-000000-000000-000000-000000-000000-000000-000000-000000-000000-000000-000000-000000","LOCAL_WATERSHED_CODE":"100-067243-284920-454940-000000-000000-000000-000000-000000-000000-000000-000000-000000-000000-000000-000000-000000-000000-000000-000000-000000","WATERSHED_GROUP_CODE":"HARR","DOWNSTREAM_ROUTE_MEASURE":0,"LENGTH_METRE":231.051794414,"FEATURE_SOURCE":"RiverStream","GNIS_ID":null,"GNIS_NAME":null,"LEFT_RIGHT_TRIBUTARY":"LEFT","STREAM_ORDER":1,"STREAM_MAGNITUDE":1,"WATERBODY_KEY":null,"BLUE_LINE_KEY_50K":548,"WATERSHED_CODE_50K":"100066500000000000000000000000000000000000000","WATERSHED_KEY_50K":548,"WATERSHED_GROUP_CODE_50K":"HARR","GRADIENT":null,"FEATURE_CODE":"GA24850000","OBJECTID":5369801,"GEOMETRY.LEN":0,"FEATURE_LENGTH_M":231.14060000000001}},{"type":"Feature","id":5374382,"geometry":{"type":"LineString","coordinates":[[565678.88679838681,5448514.6009554863],[565701.92906133248,5448511.5508983564],[565725.84337593301,5448506.6100459313],[565738.82369726757,5448504.5479981238],[565750.94974852121,5448503.5836875588],[565763.86986566812,5448502.6290272092],[565776.83097801823,5448502.6251244778],[565797.92869051255,5448503.6687932052],[565815.87038794241,5448502.6166543197],[565837.9221441811,5448503.6710424321],[565856.85588731151,5448503.5805135854],[565862.8113059632,5448505.5519650159],[565876.90487160918,5448513.6370887067]]},"properties":{"LINEAR_FEATURE_ID":701348088,"WATERSHED_GROUP_ID":63,"EDGE_TYPE":1000,"BLUE_LINE_KEY":356358095,"WATERSHED_KEY":356358095,"FWA_WATERSHED_CODE":"100-067243-284920-000000-000000-000000-000000-000000-000000-000000-000000-000000-000000-000000-000000-000000-000000-000000-000000-000000-000000","LOCAL_WATERSHED_CODE":"100-067243-284920-139964-000000-000000-000000-000000-000000-000000-000000-000000-000000-000000-000000-000000-000000-000000-000000-000000-000000","WATERSHED_GROUP_CODE":"HARR","DOWNSTREAM_ROUTE_MEASURE":572.78302159759301,"LENGTH_METRE":201.77885709268301,"FEATURE_SOURCE":"RiverStream","GNIS_ID":null,"GNIS_NAME":null,"LEFT_RIGHT_TRIBUTARY":"RIGHT","STREAM_ORDER":2,"STREAM_MAGNITUDE":2,"WATERBODY_KEY":null,"BLUE_LINE_KEY_50K":548,"WATERSHED_CODE_50K":"100066500000000000000000000000000000000000000","WATERSHED_KEY_50K":548,"WATERSHED_GROUP_CODE_50K":"HARR","GRADIENT":null,"FEATURE_CODE":"GA24850000","OBJECTID":5374382,"GEOMETRY.LEN":0,"FEATURE_LENGTH_M":201.7783}},{"type":"Feature","id":5370340,"geometry":{"type":"LineString","coordinates":[[565876.90487160918,5448513.6370887067],[565888.95453033294,5448519.6403044248],[565898.82101230253,5448526.5674900794],[565921.94700590603,5448540.6193346232],[565929.92658671923,5448541.6646867059],[565951.87917780736,5448546.6777220331],[565970.95275204093,5448548.6474393681]]},"properties":{"LINEAR_FEATURE_ID":701348082,"WATERSHED_GROUP_ID":63,"EDGE_TYPE":1000,"BLUE_LINE_KEY":356358095,"WATERSHED_KEY":356358095,"FWA_WATERSHED_CODE":"100-067243-284920-000000-000000-000000-000000-000000-000000-000000-000000-000000-000000-000000-000000-000000-000000-000000-000000-000000-000000","LOCAL_WATERSHED_CODE":"100-067243-284920-454940-000000-000000-000000-000000-000000-000000-000000-000000-000000-000000-000000-000000-000000-000000-000000-000000-000000","WATERSHED_GROUP_CODE":"HARR","DOWNSTREAM_ROUTE_MEASURE":774.5618786902761,"LENGTH_METRE":102.429193778832,"FEATURE_SOURCE":"RiverStream","GNIS_ID":null,"GNIS_NAME":null,"LEFT_RIGHT_TRIBUTARY":"RIGHT","STREAM_ORDER":1,"STREAM_MAGNITUDE":1,"WATERBODY_KEY":null,"BLUE_LINE_KEY_50K":null,"WATERSHED_CODE_50K":null,"WATERSHED_KEY_50K":null,"WATERSHED_GROUP_CODE_50K":null,"GRADIENT":null,"FEATURE_CODE":"GA24850000","OBJECTID":5370340,"GEOMETRY.LEN":0,"FEATURE_LENGTH_M":102.42920000000001}},{"type":"Feature","id":5374540,"geometry":{"type":"LineString","coordinates":[[564544.8387586762,5448103.2901776396],[564554.19893286808,5448188.5900074923],[564551.95907953091,5448195.6893654168]]},"properties":{"LINEAR_FEATURE_ID":701348264,"WATERSHED_GROUP_ID":63,"EDGE_TYPE":1450,"BLUE_LINE_KEY":356335567,"WATERSHED_KEY":356335567,"FWA_WATERSHED_CODE":"100-067243-000000-000000-000000-000000-000000-000000-000000-000000-000000-000000-000000-000000-000000-000000-000000-000000-000000-000000-000000","LOCAL_WATERSHED_CODE":"100-067243-000000-000000-000000-000000-000000-000000-000000-000000-000000-000000-000000-000000-000000-000000-000000-000000-000000-000000-000000","WATERSHED_GROUP_CODE":"HARR","DOWNSTREAM_ROUTE_MEASURE":0,"LENGTH_METRE":93.196530718461702,"FEATURE_SOURCE":"OP","GNIS_ID":null,"GNIS_NAME":null,"LEFT_RIGHT_TRIBUTARY":"RIGHT","STREAM_ORDER":3,"STREAM_MAGNITUDE":8,"WATERBODY_KEY":328998084,"BLUE_LINE_KEY_50K":548,"WATERSHED_CODE_50K":"100066500000000000000000000000000000000000000","WATERSHED_KEY_50K":548,"WATERSHED_GROUP_CODE_50K":"HARR","GRADIENT":null,"FEATURE_CODE":"WA24111190","OBJECTID":5374540,"GEOMETRY.LEN":0,"FEATURE_LENGTH_M":93.200900000000004}},{"type":"Feature","id":5373184,"geometry":{"type":"LineString","coordinates":[[564544.8387586762,5448103.2901776396],[564938.38468246511,5448027.1511129085],[565281.22436969576,5447917.821190225]]},"properties":{"LINEAR_FEATURE_ID":701348311,"WATERSHED_GROUP_ID":63,"EDGE_TYPE":1350,"BLUE_LINE_KEY":355991886,"WATERSHED_KEY":356364114,"FWA_WATERSHED_CODE":"100-000000-000000-000000-000000-000000-000000-000000-000000-000000-000000-000000-000000-000000-000000-000000-000000-000000-000000-000000-000000","LOCAL_WATERSHED_CODE":"100-067660-000000-000000-000000-000000-000000-000000-000000-000000-000000-000000-000000-000000-000000-000000-000000-000000-000000-000000-000000","WATERSHED_GROUP_CODE":"HARR","DOWNSTREAM_ROUTE_MEASURE":10462.025879360201,"LENGTH_METRE":761.63958291977997,"FEATURE_SOURCE":"areal stream sk","GNIS_ID":21105,"GNIS_NAME":"Nicomen Slough","LEFT_RIGHT_TRIBUTARY":"NONE","STREAM_ORDER":4,"STREAM_MAGNITUDE":39,"WATERBODY_KEY":328998084,"BLUE_LINE_KEY_50K":1054,"WATERSHED_CODE_50K":"100000000000000000000000000000000000000000000","WATERSHED_KEY_50K":571,"WATERSHED_GROUP_CODE_50K":"HARR","GRADIENT":null,"FEATURE_CODE":"WA24111150","OBJECTID":5373184,"GEOMETRY.LEN":0,"FEATURE_LENGTH_M":761.63900000000001}},{"type":"Feature","id":5374224,"geometry":{"type":"LineString","coordinates":[[564551.95907953091,5448195.6893654168],[564563.85280063003,5448210.5548355021],[564578.80178088113,5448222.6055864887],[564588.86606008967,5448226.6817784179],[564595.83263718267,5448227.5558097437],[564616.91277121683,5448230.6528622685],[564634.85568963969,5448234.663103235],[564647.89809136,5448241.6251079794],[564660.91974613187,5448245.5781515464],[564665.80202735029,5448244.684493728],[564671.83388420823,5448239.6884815218],[564672.92419675621,5448236.6924768407],[564669.88474811532,5448228.5808753259],[564657.95345126861,5448221.6328275567],[564655.82861597813,5448217.6493208222],[564655.90515556617,5448210.6827631257],[564658.88084006787,5448204.7003719555],[564666.87699440843,5448198.6186254192],[564688.82521061331,5448189.6916892678],[564698.88702179585,5448188.7017952334],[564718.91431279026,5448190.6785596516],[564739.83634766482,5448197.574553404],[564747.85728580831,5448204.6359474873],[564758.89780931501,5448220.6000782857]]},"properties":{"LINEAR_FEATURE_ID":701348240,"WATERSHED_GROUP_ID":63,"EDGE_TYPE":1000,"BLUE_LINE_KEY":356335567,"WATERSHED_KEY":356335567,"FWA_WATERSHED_CODE":"100-067243-000000-000000-000000-000000-000000-000000-000000-000000-000000-000000-000000-000000-000000-000000-000000-000000-000000-000000-000000","LOCAL_WATERSHED_CODE":"100-067243-000000-000000-000000-000000-000000-000000-000000-000000-000000-000000-000000-000000-000000-000000-000000-000000-000000-000000-000000","WATERSHED_GROUP_CODE":"HARR","DOWNSTREAM_ROUTE_MEASURE":93.196530718461702,"LENGTH_METRE":297.15388315080497,"FEATURE_SOURCE":"RiverStream","GNIS_ID":null,"GNIS_NAME":null,"LEFT_RIGHT_TRIBUTARY":"RIGHT","STREAM_ORDER":3,"STREAM_MAGNITUDE":8,"WATERBODY_KEY":null,"BLUE_LINE_KEY_50K":548,"WATERSHED_CODE_50K":"100066500000000000000000000000000000000000000","WATERSHED_KEY_50K":548,"WATERSHED_GROUP_CODE_50K":"HARR","GRADIENT":null,"FEATURE_CODE":"GA24850000","OBJECTID":5374224,"GEOMETRY.LEN":0,"FEATURE_LENGTH_M":297.15430000000003}},{"type":"Feature","id":5375369,"geometry":{"type":"LineString","coordinates":[[564758.89780931501,5448220.6000782857],[564750.94312073686,5448232.6987532042],[564742.81061974098,5448245.588394477],[564730.86990475538,5448268.5670681177],[564728.87052979926,5448282.6362703443],[564729.94803716498,5448300.6998015903],[564734.87869982608,5448323.5603709975],[564736.90433660953,5448327.7004157091],[564737.81983140495,5448335.628598161],[564736.94923453126,5448342.5854837717],[564730.80141599232,5448358.6653872272],[564723.87720533786,5448367.6093676658]]},"properties":{"LINEAR_FEATURE_ID":701348225,"WATERSHED_GROUP_ID":63,"EDGE_TYPE":1000,"BLUE_LINE_KEY":356230182,"WATERSHED_KEY":356230182,"FWA_WATERSHED_CODE":"100-067243-119835-000000-000000-000000-000000-000000-000000-000000-000000-000000-000000-000000-000000-000000-000000-000000-000000-000000-000000","LOCAL_WATERSHED_CODE":"100-067243-119835-000000-000000-000000-000000-000000-000000-000000-000000-000000-000000-000000-000000-000000-000000-000000-000000-000000-000000","WATERSHED_GROUP_CODE":"HARR","DOWNSTREAM_ROUTE_MEASURE":0,"LENGTH_METRE":159.373260432374,"FEATURE_SOURCE":"RiverStream","GNIS_ID":null,"GNIS_NAME":null,"LEFT_RIGHT_TRIBUTARY":"RIGHT","STREAM_ORDER":1,"STREAM_MAGNITUDE":1,"WATERBODY_KEY":null,"BLUE_LINE_KEY_50K":null,"WATERSHED_CODE_50K":null,"WATERSHED_KEY_50K":null,"WATERSHED_GROUP_CODE_50K":null,"GRADIENT":null,"FEATURE_CODE":"GA24850000","OBJECTID":5375369,"GEOMETRY.LEN":0,"FEATURE_LENGTH_M":159.41230000000002}},{"type":"Feature","id":5377452,"geometry":{"type":"LineString","coordinates":[[564758.89780931501,5448220.6000782857],[564765.82844226854,5448230.6574758012],[564782.94228836801,5448247.6424972452],[564793.89985057921,5448251.5717803435],[564805.90773574659,5448251.5542503297],[564825.87335100234,5448249.5722666886],[564834.8033514549,5448245.5604446568],[564851.82930083759,5448236.5763302241],[564871.87395884981,5448232.6948468471],[564882.85075461701,5448234.565963259],[564891.84298178914,5448239.5800143136],[564899.86393854814,5448246.6413913853],[564908.89872585726,5448257.6743158363],[564915.82685412606,5448262.6646278556],[564923.86551407247,5448262.6007328583],[564947.84034968272,5448261.615868954],[564962.90545696195,5448262.5856372425],[564983.84487706516,5448263.6233561644],[564993.94921886036,5448268.6513013141],[565014.83036105672,5448274.5974580273],[565038.86853239371,5448282.6404010551]]},"properties":{"LINEAR_FEATURE_ID":701348223,"WATERSHED_GROUP_ID":63,"EDGE_TYPE":1000,"BLUE_LINE_KEY":356335567,"WATERSHED_KEY":356335567,"FWA_WATERSHED_CODE":"100-067243-000000-000000-000000-000000-000000-000000-000000-000000-000000-000000-000000-000000-000000-000000-000000-000000-000000-000000-000000","LOCAL_WATERSHED_CODE":"100-067243-119835-000000-000000-000000-000000-000000-000000-000000-000000-000000-000000-000000-000000-000000-000000-000000-000000-000000-000000","WATERSHED_GROUP_CODE":"HARR","DOWNSTREAM_ROUTE_MEASURE":390.35041386926702,"LENGTH_METRE":311.17308772557999,"FEATURE_SOURCE":"RiverStream","GNIS_ID":null,"GNIS_NAME":null,"LEFT_RIGHT_TRIBUTARY":"RIGHT","STREAM_ORDER":3,"STREAM_MAGNITUDE":7,"WATERBODY_KEY":null,"BLUE_LINE_KEY_50K":548,"WATERSHED_CODE_50K":"100066500000000000000000000000000000000000000","WATERSHED_KEY_50K":548,"WATERSHED_GROUP_CODE_50K":"HARR","GRADIENT":null,"FEATURE_CODE":"GA24850000","OBJECTID":5377452,"GEOMETRY.LEN":0,"FEATURE_LENGTH_M":311.173}},{"type":"Feature","id":5370099,"geometry":{"type":"LineString","coordinates":[[564876.80873268365,5447414.5753044086],[564809.89206046669,5447394.62910516]]},"properties":{"LINEAR_FEATURE_ID":701348476,"WATERSHED_GROUP_ID":63,"EDGE_TYPE":1400,"BLUE_LINE_KEY":356066027,"WATERSHED_KEY":356066027,"FWA_WATERSHED_CODE":"999-999999-999999-999999-999999-999999-999999-999999-999999-999999-999999-999999-999999-999999-999999-999999-999999-999999-999999-999999-999999","LOCAL_WATERSHED_CODE":null,"WATERSHED_GROUP_CODE":"HARR","DOWNSTREAM_ROUTE_MEASURE":0,"LENGTH_METRE":69.912326484323799,"FEATURE_SOURCE":"OP","GNIS_ID":null,"GNIS_NAME":null,"LEFT_RIGHT_TRIBUTARY":"NONE","STREAM_ORDER":1,"STREAM_MAGNITUDE":1,"WATERBODY_KEY":329178391,"BLUE_LINE_KEY_50K":null,"WATERSHED_CODE_50K":null,"WATERSHED_KEY_50K":null,"WATERSHED_GROUP_CODE_50K":null,"GRADIENT":null,"FEATURE_CODE":"WA24111170","OBJECTID":5370099,"GEOMETRY.LEN":0,"FEATURE_LENGTH_M":69.912400000000005}},{"type":"Feature","id":5366729,"geometry":{"type":"LineString","coordinates":[[565045.90533511783,5447521.5497056535],[564980.73880595772,5447493.7221327927],[564969.87024272047,5447483.6009507431]]},"properties":{"LINEAR_FEATURE_ID":701348441,"WATERSHED_GROUP_ID":63,"EDGE_TYPE":1400,"BLUE_LINE_KEY":356042942,"WATERSHED_KEY":356042942,"FWA_WATERSHED_CODE":"999-999999-999999-999999-999999-999999-999999-999999-999999-999999-999999-999999-999999-999999-999999-999999-999999-999999-999999-999999-999999","LOCAL_WATERSHED_CODE":null,"WATERSHED_GROUP_CODE":"HARR","DOWNSTREAM_ROUTE_MEASURE":0,"LENGTH_METRE":85.794690012371007,"FEATURE_SOURCE":"OP","GNIS_ID":null,"GNIS_NAME":null,"LEFT_RIGHT_TRIBUTARY":"NONE","STREAM_ORDER":1,"STREAM_MAGNITUDE":1,"WATERBODY_KEY":329178335,"BLUE_LINE_KEY_50K":null,"WATERSHED_CODE_50K":null,"WATERSHED_KEY_50K":null,"WATERSHED_GROUP_CODE_50K":null,"GRADIENT":null,"FEATURE_CODE":"WA24111170","OBJECTID":5366729,"GEOMETRY.LEN":0,"FEATURE_LENGTH_M":85.79440000000001}},{"type":"Feature","id":5366386,"geometry":{"type":"LineString","coordinates":[[564993.88899577048,5447647.614920944],[565061.01709714811,5447624.2785845026],[565099.080572134,5447597.0985326665],[565190.4635371482,5447553.821200096],[565195.92120049114,5447537.5716618523]]},"properties":{"LINEAR_FEATURE_ID":701348425,"WATERSHED_GROUP_ID":63,"EDGE_TYPE":1400,"BLUE_LINE_KEY":356268664,"WATERSHED_KEY":356268664,"FWA_WATERSHED_CODE":"999-999999-999999-999999-999999-999999-999999-999999-999999-999999-999999-999999-999999-999999-999999-999999-999999-999999-999999-999999-999999","LOCAL_WATERSHED_CODE":null,"WATERSHED_GROUP_CODE":"HARR","DOWNSTREAM_ROUTE_MEASURE":0,"LENGTH_METRE":236.29855071914301,"FEATURE_SOURCE":"OP","GNIS_ID":null,"GNIS_NAME":null,"LEFT_RIGHT_TRIBUTARY":"NONE","STREAM_ORDER":1,"STREAM_MAGNITUDE":1,"WATERBODY_KEY":329178203,"BLUE_LINE_KEY_50K":null,"WATERSHED_CODE_50K":null,"WATERSHED_KEY_50K":null,"WATERSHED_GROUP_CODE_50K":null,"GRADIENT":null,"FEATURE_CODE":"WA24111170","OBJECTID":5366386,"GEOMETRY.LEN":0,"FEATURE_LENGTH_M":236.2988}},{"type":"Feature","id":5373478,"geometry":{"type":"LineString","coordinates":[[565256.82250652753,5448306.59068505],[565256.86904938042,5448326.5428831298],[565256.89292077173,5448339.6860666722],[565257.87022670917,5448351.5739678424],[565263.87021510536,5448369.6966024609],[565267.84694961214,5448392.5454035774],[565268.82636038761,5448414.5675563533],[565270.81608267024,5448431.6920879744],[565272.94099735282,5448435.6765721263],[565282.84731463413,5448443.552638568],[565298.88843100274,5448457.6773329098],[565308.93300235609,5448462.5465633543],[565317.84534340946,5448465.6599518014],[565338.86645609315,5448473.66828987]]},"properties":{"LINEAR_FEATURE_ID":701348175,"WATERSHED_GROUP_ID":63,"EDGE_TYPE":1000,"BLUE_LINE_KEY":356358095,"WATERSHED_KEY":356358095,"FWA_WATERSHED_CODE":"100-067243-284920-000000-000000-000000-000000-000000-000000-000000-000000-000000-000000-000000-000000-000000-000000-000000-000000-000000-000000","LOCAL_WATERSHED_CODE":"100-067243-284920-000000-000000-000000-000000-000000-000000-000000-000000-000000-000000-000000-000000-000000-000000-000000-000000-000000-000000","WATERSHED_GROUP_CODE":"HARR","DOWNSTREAM_ROUTE_MEASURE":0,"LENGTH_METRE":208.217091141222,"FEATURE_SOURCE":"RiverStream","GNIS_ID":null,"GNIS_NAME":null,"LEFT_RIGHT_TRIBUTARY":"RIGHT","STREAM_ORDER":2,"STREAM_MAGNITUDE":3,"WATERBODY_KEY":null,"BLUE_LINE_KEY_50K":548,"WATERSHED_CODE_50K":"100066500000000000000000000000000000000000000","WATERSHED_KEY_50K":548,"WATERSHED_GROUP_CODE_50K":"HARR","GRADIENT":null,"FEATURE_CODE":"GA24850000","OBJECTID":5373478,"GEOMETRY.LEN":0,"FEATURE_LENGTH_M":208.21970000000002}},{"type":"Feature","id":5372748,"geometry":{"type":"LineString","coordinates":[[565256.82250652753,5448306.59068505],[565273.95178112714,5448307.5851195864],[565293.8982790343,5448307.6631706236],[565316.84209976764,5448308.5678574238],[565339.80578940967,5448308.6814002972],[565360.80453462689,5448308.6136677852],[565373.90281343868,5448305.6020344477],[565392.91648743604,5448303.6110825865],[565406.92681511468,5448299.6594598331],[565418.91402719636,5448296.6348741492],[565439.87121618108,5448290.5491979225]]},"properties":{"LINEAR_FEATURE_ID":701348183,"WATERSHED_GROUP_ID":63,"EDGE_TYPE":1000,"BLUE_LINE_KEY":356335567,"WATERSHED_KEY":356335567,"FWA_WATERSHED_CODE":"100-067243-000000-000000-000000-000000-000000-000000-000000-000000-000000-000000-000000-000000-000000-000000-000000-000000-000000-000000-000000","LOCAL_WATERSHED_CODE":"100-067243-284920-000000-000000-000000-000000-000000-000000-000000-000000-000000-000000-000000-000000-000000-000000-000000-000000-000000-000000","WATERSHED_GROUP_CODE":"HARR","DOWNSTREAM_ROUTE_MEASURE":928.09479662304602,"LENGTH_METRE":185.57464757675001,"FEATURE_SOURCE":"RiverStream","GNIS_ID":null,"GNIS_NAME":null,"LEFT_RIGHT_TRIBUTARY":"RIGHT","STREAM_ORDER":2,"STREAM_MAGNITUDE":2,"WATERBODY_KEY":null,"BLUE_LINE_KEY_50K":null,"WATERSHED_CODE_50K":null,"WATERSHED_KEY_50K":null,"WATERSHED_GROUP_CODE_50K":null,"GRADIENT":null,"FEATURE_CODE":"GA24850000","OBJECTID":5372748,"GEOMETRY.LEN":0,"FEATURE_LENGTH_M":185.5754}},{"type":"Feature","id":5374505,"geometry":{"type":"LineString","coordinates":[[565281.22436969576,5447917.821190225],[565453.36048634001,5447822.4771182174],[565585.72439337592,5447661.1365196165]]},"properties":{"LINEAR_FEATURE_ID":701348383,"WATERSHED_GROUP_ID":63,"EDGE_TYPE":1350,"BLUE_LINE_KEY":355991886,"WATERSHED_KEY":356364114,"FWA_WATERSHED_CODE":"100-000000-000000-000000-000000-000000-000000-000000-000000-000000-000000-000000-000000-000000-000000-000000-000000-000000-000000-000000-000000","LOCAL_WATERSHED_CODE":"100-067883-000000-000000-000000-000000-000000-000000-000000-000000-000000-000000-000000-000000-000000-000000-000000-000000-000000-000000-000000","WATERSHED_GROUP_CODE":"HARR","DOWNSTREAM_ROUTE_MEASURE":11223.66546228,"LENGTH_METRE":405.66412081464404,"FEATURE_SOURCE":"areal stream sk","GNIS_ID":21105,"GNIS_NAME":"Nicomen Slough","LEFT_RIGHT_TRIBUTARY":"NONE","STREAM_ORDER":4,"STREAM_MAGNITUDE":38,"WATERBODY_KEY":328998084,"BLUE_LINE_KEY_50K":1054,"WATERSHED_CODE_50K":"100000000000000000000000000000000000000000000","WATERSHED_KEY_50K":571,"WATERSHED_GROUP_CODE_50K":"HARR","GRADIENT":null,"FEATURE_CODE":"WA24111150","OBJECTID":5374505,"GEOMETRY.LEN":0,"FEATURE_LENGTH_M":405.66410000000002}},{"type":"Feature","id":5374154,"geometry":{"type":"LineString","coordinates":[[565303.91577362327,5447976.6776148509],[565305.93021772976,5448000.6121886438],[565308.81676089461,5448022.6569614979],[565321.92256432725,5448038.6467391457],[565333.8747647428,5448048.6056725495],[565353.92447526031,5448058.6603716947],[565377.92463054659,5448069.5544826919],[565398.90565981751,5448076.6120217899],[565415.91586518625,5448078.5551060997],[565426.9525652153,5448080.5868150666],[565446.93900661077,5448081.6156263715],[565467.89770272013,5448080.5970485508],[565491.89440495707,5448082.6239294289],[565501.9562481544,5448081.6349256318],[565511.8575033003,5448075.5766678136],[565532.95099774329,5448062.6850268357],[565556.86100156535,5448047.6089610951],[565560.92850934924,5448043.6986165214],[565563.84488041908,5448042.6246762173],[565565.86902798701,5448041.6985849207],[565581.80211029109,5448030.645208017],[565597.85425622808,5448018.6441389723],[565617.91299945407,5448002.5720893461],[565641.88287585881,5447987.6566492654],[565652.87700228591,5447983.670424087],[565671.88802637602,5447976.6122890627],[565691.8329198584,5447971.6240870683]]},"properties":{"LINEAR_FEATURE_ID":701348298,"WATERSHED_GROUP_ID":63,"EDGE_TYPE":1000,"BLUE_LINE_KEY":356163235,"WATERSHED_KEY":356163235,"FWA_WATERSHED_CODE":"100-067660-000000-000000-000000-000000-000000-000000-000000-000000-000000-000000-000000-000000-000000-000000-000000-000000-000000-000000-000000","LOCAL_WATERSHED_CODE":"100-067660-000000-000000-000000-000000-000000-000000-000000-000000-000000-000000-000000-000000-000000-000000-000000-000000-000000-000000-000000","WATERSHED_GROUP_CODE":"HARR","DOWNSTREAM_ROUTE_MEASURE":63.053851209846492,"LENGTH_METRE":478.79178630966504,"FEATURE_SOURCE":"RiverStream","GNIS_ID":null,"GNIS_NAME":null,"LEFT_RIGHT_TRIBUTARY":"RIGHT","STREAM_ORDER":1,"STREAM_MAGNITUDE":1,"WATERBODY_KEY":null,"BLUE_LINE_KEY_50K":null,"WATERSHED_CODE_50K":null,"WATERSHED_KEY_50K":null,"WATERSHED_GROUP_CODE_50K":null,"GRADIENT":null,"FEATURE_CODE":"GA24850150","OBJECTID":5374154,"GEOMETRY.LEN":0,"FEATURE_LENGTH_M":478.7962}},{"type":"Feature","id":5370783,"geometry":{"type":"LineString","coordinates":[[565363.60213715222,5448490.746518787],[565348.81994639698,5448506.5646502478]]},"properties":{"LINEAR_FEATURE_ID":701348102,"WATERSHED_GROUP_ID":63,"EDGE_TYPE":1450,"BLUE_LINE_KEY":356115833,"WATERSHED_KEY":356115833,"FWA_WATERSHED_CODE":"100-067243-284920-139964-000000-000000-000000-000000-000000-000000-000000-000000-000000-000000-000000-000000-000000-000000-000000-000000-000000","LOCAL_WATERSHED_CODE":"100-067243-284920-139964-000000-000000-000000-000000-000000-000000-000000-000000-000000-000000-000000-000000-000000-000000-000000-000000-000000","WATERSHED_GROUP_CODE":"HARR","DOWNSTREAM_ROUTE_MEASURE":0,"LENGTH_METRE":21.655178333628598,"FEATURE_SOURCE":"OP","GNIS_ID":null,"GNIS_NAME":null,"LEFT_RIGHT_TRIBUTARY":"RIGHT","STREAM_ORDER":1,"STREAM_MAGNITUDE":1,"WATERBODY_KEY":329178047,"BLUE_LINE_KEY_50K":null,"WATERSHED_CODE_50K":null,"WATERSHED_KEY_50K":null,"WATERSHED_GROUP_CODE_50K":null,"GRADIENT":null,"FEATURE_CODE":"WA24111190","OBJECTID":5370783,"GEOMETRY.LEN":0,"FEATURE_LENGTH_M":21.6556}},{"type":"Feature","id":5376537,"geometry":{"type":"LineString","coordinates":[[565363.60213715222,5448490.746518787],[565424.50740723126,5448535.1717498824],[565656.89962883433,5448528.9075023169],[565678.88679838681,5448514.6009554863]]},"properties":{"LINEAR_FEATURE_ID":701348101,"WATERSHED_GROUP_ID":63,"EDGE_TYPE":1200,"BLUE_LINE_KEY":356358095,"WATERSHED_KEY":356358095,"FWA_WATERSHED_CODE":"100-067243-284920-000000-000000-000000-000000-000000-000000-000000-000000-000000-000000-000000-000000-000000-000000-000000-000000-000000-000000","LOCAL_WATERSHED_CODE":"100-067243-284920-139964-000000-000000-000000-000000-000000-000000-000000-000000-000000-000000-000000-000000-000000-000000-000000-000000-000000","WATERSHED_GROUP_CODE":"HARR","DOWNSTREAM_ROUTE_MEASURE":238.29718812589601,"LENGTH_METRE":334.48583347169705,"FEATURE_SOURCE":"lake-def skelet","GNIS_ID":null,"GNIS_NAME":null,"LEFT_RIGHT_TRIBUTARY":"RIGHT","STREAM_ORDER":2,"STREAM_MAGNITUDE":2,"WATERBODY_KEY":329178047,"BLUE_LINE_KEY_50K":548,"WATERSHED_CODE_50K":"100066500000000000000000000000000000000000000","WATERSHED_KEY_50K":548,"WATERSHED_GROUP_CODE_50K":"HARR","GRADIENT":null,"FEATURE_CODE":"WA24111110","OBJECTID":5376537,"GEOMETRY.LEN":0,"FEATURE_LENGTH_M":334.48520000000002}},{"type":"Feature","id":5371858,"geometry":{"type":"LineString","coordinates":[[565585.72439337592,5447661.1365196165],[565659.83824484202,5447703.637201041]]},"properties":{"LINEAR_FEATURE_ID":701348382,"WATERSHED_GROUP_ID":63,"EDGE_TYPE":1450,"BLUE_LINE_KEY":356363481,"WATERSHED_KEY":356363481,"FWA_WATERSHED_CODE":"100-067883-000000-000000-000000-000000-000000-000000-000000-000000-000000-000000-000000-000000-000000-000000-000000-000000-000000-000000-000000","LOCAL_WATERSHED_CODE":"100-067883-000000-000000-000000-000000-000000-000000-000000-000000-000000-000000-000000-000000-000000-000000-000000-000000-000000-000000-000000","WATERSHED_GROUP_CODE":"HARR","DOWNSTREAM_ROUTE_MEASURE":0,"LENGTH_METRE":85.510927706532797,"FEATURE_SOURCE":"OP","GNIS_ID":null,"GNIS_NAME":null,"LEFT_RIGHT_TRIBUTARY":"RIGHT","STREAM_ORDER":2,"STREAM_MAGNITUDE":2,"WATERBODY_KEY":328998084,"BLUE_LINE_KEY_50K":null,"WATERSHED_CODE_50K":null,"WATERSHED_KEY_50K":null,"WATERSHED_GROUP_CODE_50K":null,"GRADIENT":null,"FEATURE_CODE":"WA24111190","OBJECTID":5371858,"GEOMETRY.LEN":0,"FEATURE_LENGTH_M":85.517400000000009}},{"type":"Feature","id":5370221,"geometry":{"type":"LineString","coordinates":[[565585.72439337592,5447661.1365196165],[565617.52406934649,5447622.3764588377],[565667.58254379267,5447511.3367548296]]},"properties":{"LINEAR_FEATURE_ID":701348427,"WATERSHED_GROUP_ID":63,"EDGE_TYPE":1350,"BLUE_LINE_KEY":355991886,"WATERSHED_KEY":356364114,"FWA_WATERSHED_CODE":"100-000000-000000-000000-000000-000000-000000-000000-000000-000000-000000-000000-000000-000000-000000-000000-000000-000000-000000-000000-000000","LOCAL_WATERSHED_CODE":"100-069516-000000-000000-000000-000000-000000-000000-000000-000000-000000-000000-000000-000000-000000-000000-000000-000000-000000-000000-000000","WATERSHED_GROUP_CODE":"HARR","DOWNSTREAM_ROUTE_MEASURE":11629.329583094599,"LENGTH_METRE":171.898381275172,"FEATURE_SOURCE":"areal stream sk","GNIS_ID":21105,"GNIS_NAME":"Nicomen Slough","LEFT_RIGHT_TRIBUTARY":"NONE","STREAM_ORDER":4,"STREAM_MAGNITUDE":36,"WATERBODY_KEY":328998084,"BLUE_LINE_KEY_50K":1054,"WATERSHED_CODE_50K":"100000000000000000000000000000000000000000000","WATERSHED_KEY_50K":571,"WATERSHED_GROUP_CODE_50K":"HARR","GRADIENT":null,"FEATURE_CODE":"WA24111150","OBJECTID":5370221,"GEOMETRY.LEN":0,"FEATURE_LENGTH_M":171.89940000000001}},{"type":"Feature","id":5371281,"geometry":{"type":"LineString","coordinates":[[565659.83824484202,5447703.637201041],[565690.13057223032,5447715.7148730345]]},"properties":{"LINEAR_FEATURE_ID":701348370,"WATERSHED_GROUP_ID":63,"EDGE_TYPE":1410,"BLUE_LINE_KEY":356363481,"WATERSHED_KEY":356363481,"FWA_WATERSHED_CODE":"100-067883-000000-000000-000000-000000-000000-000000-000000-000000-000000-000000-000000-000000-000000-000000-000000-000000-000000-000000-000000","LOCAL_WATERSHED_CODE":"100-067883-000000-000000-000000-000000-000000-000000-000000-000000-000000-000000-000000-000000-000000-000000-000000-000000-000000-000000-000000","WATERSHED_GROUP_CODE":"HARR","DOWNSTREAM_ROUTE_MEASURE":85.510927706532797,"LENGTH_METRE":32.648555427813399,"FEATURE_SOURCE":"OP","GNIS_ID":null,"GNIS_NAME":null,"LEFT_RIGHT_TRIBUTARY":"RIGHT","STREAM_ORDER":2,"STREAM_MAGNITUDE":2,"WATERBODY_KEY":null,"BLUE_LINE_KEY_50K":null,"WATERSHED_CODE_50K":null,"WATERSHED_KEY_50K":null,"WATERSHED_GROUP_CODE_50K":null,"GRADIENT":null,"FEATURE_CODE":"WA11410000","OBJECTID":5371281,"GEOMETRY.LEN":0,"FEATURE_LENGTH_M":32.778700000000001}},{"type":"Feature","id":5373789,"geometry":{"type":"LineString","coordinates":[[565667.58254379267,5447511.3367548296],[565669.82872701611,5447443.1166464873]]},"properties":{"LINEAR_FEATURE_ID":701348446,"WATERSHED_GROUP_ID":63,"EDGE_TYPE":1350,"BLUE_LINE_KEY":355991886,"WATERSHED_KEY":356364114,"FWA_WATERSHED_CODE":"100-000000-000000-000000-000000-000000-000000-000000-000000-000000-000000-000000-000000-000000-000000-000000-000000-000000-000000-000000-000000","LOCAL_WATERSHED_CODE":"100-069516-000000-000000-000000-000000-000000-000000-000000-000000-000000-000000-000000-000000-000000-000000-000000-000000-000000-000000-000000","WATERSHED_GROUP_CODE":"HARR","DOWNSTREAM_ROUTE_MEASURE":11801.2279643698,"LENGTH_METRE":68.210473180759791,"FEATURE_SOURCE":"areal stream sk","GNIS_ID":21105,"GNIS_NAME":"Nicomen Slough","LEFT_RIGHT_TRIBUTARY":"NONE","STREAM_ORDER":4,"STREAM_MAGNITUDE":36,"WATERBODY_KEY":328998084,"BLUE_LINE_KEY_50K":1054,"WATERSHED_CODE_50K":"100000000000000000000000000000000000000000000","WATERSHED_KEY_50K":571,"WATERSHED_GROUP_CODE_50K":"HARR","GRADIENT":null,"FEATURE_CODE":"WA24111150","OBJECTID":5373789,"GEOMETRY.LEN":0,"FEATURE_LENGTH_M":68.209699999999998}},{"type":"Feature","id":5372909,"geometry":{"type":"LineString","coordinates":[[566579.81474240532,5443513.5538552105],[566569.9452462903,5443495.6992448289],[566559.85345055605,5443488.6113069858],[566547.82575355284,5443474.6897281772],[566539.83895764605,5443468.5762806693],[566521.895194098,5443453.6341310181],[566511.92037209286,5443445.5965278056],[566495.83046004525,5443435.5853742352],[566487.86152774619,5443428.6808195924],[566468.90593486081,5443413.5681761177],[566459.90797685413,5443408.5513366396],[566436.80214114534,5443391.6463653622],[566412.86534997309,5443377.5831293473],[566392.89960701962,5443363.5670370292],[566370.9524840432,5443352.6939956164],[566365.80657434918,5443348.6730405362],[566352.8557749443,5443341.5507919071],[566332.91287461738,5443330.5437416509],[566315.92984180828,5443320.6804598942]]},"properties":{"LINEAR_FEATURE_ID":701349038,"WATERSHED_GROUP_ID":63,"EDGE_TYPE":1000,"BLUE_LINE_KEY":356331806,"WATERSHED_KEY":356331806,"FWA_WATERSHED_CODE":"100-066573-000000-000000-000000-000000-000000-000000-000000-000000-000000-000000-000000-000000-000000-000000-000000-000000-000000-000000-000000","LOCAL_WATERSHED_CODE":"100-066573-000000-000000-000000-000000-000000-000000-000000-000000-000000-000000-000000-000000-000000-000000-000000-000000-000000-000000-000000","WATERSHED_GROUP_CODE":"HARR","DOWNSTREAM_ROUTE_MEASURE":962.57461447297999,"LENGTH_METRE":330.62514302135503,"FEATURE_SOURCE":"RiverStream","GNIS_ID":null,"GNIS_NAME":null,"LEFT_RIGHT_TRIBUTARY":"LEFT","STREAM_ORDER":1,"STREAM_MAGNITUDE":1,"WATERBODY_KEY":null,"BLUE_LINE_KEY_50K":null,"WATERSHED_CODE_50K":null,"WATERSHED_KEY_50K":null,"WATERSHED_GROUP_CODE_50K":null,"GRADIENT":null,"FEATURE_CODE":"GA24850150","OBJECTID":5372909,"GEOMETRY.LEN":0,"FEATURE_LENGTH_M":330.62540000000001}},{"type":"Feature","id":5371216,"geometry":{"type":"LineString","coordinates":[[566820.8282132562,5443393.5859969612],[566826.87536639092,5443375.6079751812],[566836.9574101707,5443361.6369609525]]},"properties":{"LINEAR_FEATURE_ID":701349030,"WATERSHED_GROUP_ID":63,"EDGE_TYPE":1000,"BLUE_LINE_KEY":356177198,"WATERSHED_KEY":356177198,"FWA_WATERSHED_CODE":"100-066866-000000-000000-000000-000000-000000-000000-000000-000000-000000-000000-000000-000000-000000-000000-000000-000000-000000-000000-000000","LOCAL_WATERSHED_CODE":"100-066866-000000-000000-000000-000000-000000-000000-000000-000000-000000-000000-000000-000000-000000-000000-000000-000000-000000-000000-000000","WATERSHED_GROUP_CODE":"HARR","DOWNSTREAM_ROUTE_MEASURE":994.52912994467704,"LENGTH_METRE":36.186535184879496,"FEATURE_SOURCE":"RiverStream","GNIS_ID":null,"GNIS_NAME":null,"LEFT_RIGHT_TRIBUTARY":"LEFT","STREAM_ORDER":1,"STREAM_MAGNITUDE":1,"WATERBODY_KEY":null,"BLUE_LINE_KEY_50K":null,"WATERSHED_CODE_50K":null,"WATERSHED_KEY_50K":null,"WATERSHED_GROUP_CODE_50K":null,"GRADIENT":null,"FEATURE_CODE":"GA24850000","OBJECTID":5371216,"GEOMETRY.LEN":0,"FEATURE_LENGTH_M":36.186100000000003}},{"type":"Feature","id":3487557,"geometry":{"type":"LineString","coordinates":[[564780.87227802258,5443463.664583086],[564786.90149992576,5443474.6610696018],[564786.95002221502,5443480.6790360101],[564791.91577277752,5443497.6805841839],[564798.88291076233,5443498.5535480371],[564805.82897224848,5443497.6855115741],[564812.93789807474,5443500.6187842432],[564815.90912877955,5443510.6289474601]]},"properties":{"LINEAR_FEATURE_ID":700731239,"WATERSHED_GROUP_ID":28,"EDGE_TYPE":1000,"BLUE_LINE_KEY":356280179,"WATERSHED_KEY":356280179,"FWA_WATERSHED_CODE":"100-064535-019510-000000-000000-000000-000000-000000-000000-000000-000000-000000-000000-000000-000000-000000-000000-000000-000000-000000-000000","LOCAL_WATERSHED_CODE":"100-064535-019510-000000-000000-000000-000000-000000-000000-000000-000000-000000-000000-000000-000000-000000-000000-000000-000000-000000-000000","WATERSHED_GROUP_CODE":"CHWK","DOWNSTREAM_ROUTE_MEASURE":74.295849658326887,"LENGTH_METRE":68.430955630900201,"FEATURE_SOURCE":"RiverStream","GNIS_ID":null,"GNIS_NAME":null,"LEFT_RIGHT_TRIBUTARY":"RIGHT","STREAM_ORDER":1,"STREAM_MAGNITUDE":1,"WATERBODY_KEY":null,"BLUE_LINE_KEY_50K":null,"WATERSHED_CODE_50K":null,"WATERSHED_KEY_50K":null,"WATERSHED_GROUP_CODE_50K":null,"GRADIENT":null,"FEATURE_CODE":"GA24850150","OBJECTID":3487557,"GEOMETRY.LEN":0,"FEATURE_LENGTH_M":68.430500000000009}},{"type":"Feature","id":3397784,"geometry":{"type":"LineString","coordinates":[[564219.62644748576,5443503.0576759279],[564299.80970188195,5443630.641511986]]},"properties":{"LINEAR_FEATURE_ID":700731222,"WATERSHED_GROUP_ID":28,"EDGE_TYPE":1450,"BLUE_LINE_KEY":356001015,"WATERSHED_KEY":356364114,"FWA_WATERSHED_CODE":"100-000000-000000-000000-000000-000000-000000-000000-000000-000000-000000-000000-000000-000000-000000-000000-000000-000000-000000-000000-000000","LOCAL_WATERSHED_CODE":null,"WATERSHED_GROUP_CODE":"CHWK","DOWNSTREAM_ROUTE_MEASURE":0,"LENGTH_METRE":150.672873185789,"FEATURE_SOURCE":"OP","GNIS_ID":null,"GNIS_NAME":null,"LEFT_RIGHT_TRIBUTARY":"NONE","STREAM_ORDER":1,"STREAM_MAGNITUDE":1,"WATERBODY_KEY":329083347,"BLUE_LINE_KEY_50K":null,"WATERSHED_CODE_50K":null,"WATERSHED_KEY_50K":null,"WATERSHED_GROUP_CODE_50K":null,"GRADIENT":null,"FEATURE_CODE":"WA24111190","OBJECTID":3397784,"GEOMETRY.LEN":0,"FEATURE_LENGTH_M":150.67340000000002}},{"type":"Feature","id":5375154,"geometry":{"type":"LineString","coordinates":[[566939.89759062021,5443638.5649827812],[566812.98549751681,5443447.1705067493],[566820.8282132562,5443393.5859969612]]},"properties":{"LINEAR_FEATURE_ID":701349024,"WATERSHED_GROUP_ID":63,"EDGE_TYPE":1200,"BLUE_LINE_KEY":356177198,"WATERSHED_KEY":356177198,"FWA_WATERSHED_CODE":"100-066866-000000-000000-000000-000000-000000-000000-000000-000000-000000-000000-000000-000000-000000-000000-000000-000000-000000-000000-000000","LOCAL_WATERSHED_CODE":"100-066866-000000-000000-000000-000000-000000-000000-000000-000000-000000-000000-000000-000000-000000-000000-000000-000000-000000-000000-000000","WATERSHED_GROUP_CODE":"HARR","DOWNSTREAM_ROUTE_MEASURE":710.77558170740713,"LENGTH_METRE":283.75354823727002,"FEATURE_SOURCE":"lake-def skelet","GNIS_ID":null,"GNIS_NAME":null,"LEFT_RIGHT_TRIBUTARY":"LEFT","STREAM_ORDER":1,"STREAM_MAGNITUDE":1,"WATERBODY_KEY":329178013,"BLUE_LINE_KEY_50K":null,"WATERSHED_CODE_50K":null,"WATERSHED_KEY_50K":null,"WATERSHED_GROUP_CODE_50K":null,"GRADIENT":null,"FEATURE_CODE":"WA24111110","OBJECTID":5375154,"GEOMETRY.LEN":0,"FEATURE_LENGTH_M":283.75350000000003}},{"type":"Feature","id":4223697,"geometry":{"type":"LineString","coordinates":[[564881.8868821396,5443514.570371992],[564894.83301502664,5443504.4301655842],[564961.16505620081,5443520.2530634068],[565005.17703981139,5443542.3052647477],[565039.57509773085,5443580.5686088111],[565063.85406203347,5443591.6083418103]]},"properties":{"LINEAR_FEATURE_ID":700731199,"WATERSHED_GROUP_ID":28,"EDGE_TYPE":1200,"BLUE_LINE_KEY":356280179,"WATERSHED_KEY":356280179,"FWA_WATERSHED_CODE":"100-064535-019510-000000-000000-000000-000000-000000-000000-000000-000000-000000-000000-000000-000000-000000-000000-000000-000000-000000-000000","LOCAL_WATERSHED_CODE":"100-064535-019510-000000-000000-000000-000000-000000-000000-000000-000000-000000-000000-000000-000000-000000-000000-000000-000000-000000-000000","WATERSHED_GROUP_CODE":"CHWK","DOWNSTREAM_ROUTE_MEASURE":230.65038129451301,"LENGTH_METRE":212.18171647484201,"FEATURE_SOURCE":"lake-def skelet","GNIS_ID":null,"GNIS_NAME":null,"LEFT_RIGHT_TRIBUTARY":"RIGHT","STREAM_ORDER":1,"STREAM_MAGNITUDE":1,"WATERBODY_KEY":329083425,"BLUE_LINE_KEY_50K":null,"WATERSHED_CODE_50K":null,"WATERSHED_KEY_50K":null,"WATERSHED_GROUP_CODE_50K":null,"GRADIENT":null,"FEATURE_CODE":"WA24111110","OBJECTID":4223697,"GEOMETRY.LEN":0,"FEATURE_LENGTH_M":212.1815}},{"type":"Feature","id":2340241,"geometry":{"type":"LineString","coordinates":[[564815.90912877955,5443510.6289474601],[564818.92139032751,5443521.5909255315],[564825.9493850912,5443522.6235205056],[564834.89857791644,5443521.6195704322],[564855.87976771744,5443523.6079423781],[564857.83326708991,5443529.6475047516],[564861.88523914409,5443531.595413777],[564870.83447608945,5443530.5924594738],[564881.8868821396,5443514.570371992]]},"properties":{"LINEAR_FEATURE_ID":700731189,"WATERSHED_GROUP_ID":28,"EDGE_TYPE":1050,"BLUE_LINE_KEY":356280179,"WATERSHED_KEY":356280179,"FWA_WATERSHED_CODE":"100-064535-019510-000000-000000-000000-000000-000000-000000-000000-000000-000000-000000-000000-000000-000000-000000-000000-000000-000000-000000","LOCAL_WATERSHED_CODE":"100-064535-019510-000000-000000-000000-000000-000000-000000-000000-000000-000000-000000-000000-000000-000000-000000-000000-000000-000000-000000","WATERSHED_GROUP_CODE":"CHWK","DOWNSTREAM_ROUTE_MEASURE":142.726805289227,"LENGTH_METRE":87.923576005285895,"FEATURE_SOURCE":"RiverStream","GNIS_ID":null,"GNIS_NAME":null,"LEFT_RIGHT_TRIBUTARY":"RIGHT","STREAM_ORDER":1,"STREAM_MAGNITUDE":1,"WATERBODY_KEY":329083369,"BLUE_LINE_KEY_50K":null,"WATERSHED_CODE_50K":null,"WATERSHED_KEY_50K":null,"WATERSHED_GROUP_CODE_50K":null,"GRADIENT":null,"FEATURE_CODE":"GA24850150","OBJECTID":2340241,"GEOMETRY.LEN":0,"FEATURE_LENGTH_M":87.979700000000008}},{"type":"Feature","id":5372124,"geometry":{"type":"LineString","coordinates":[[566616.94677533768,5443568.6304440005],[566604.14656118467,5443555.1751132021],[566579.81474240532,5443513.5538552105]]},"properties":{"LINEAR_FEATURE_ID":701349015,"WATERSHED_GROUP_ID":63,"EDGE_TYPE":1200,"BLUE_LINE_KEY":356331806,"WATERSHED_KEY":356331806,"FWA_WATERSHED_CODE":"100-066573-000000-000000-000000-000000-000000-000000-000000-000000-000000-000000-000000-000000-000000-000000-000000-000000-000000-000000-000000","LOCAL_WATERSHED_CODE":"100-066573-000000-000000-000000-000000-000000-000000-000000-000000-000000-000000-000000-000000-000000-000000-000000-000000-000000-000000-000000","WATERSHED_GROUP_CODE":"HARR","DOWNSTREAM_ROUTE_MEASURE":895.79332564651202,"LENGTH_METRE":66.78128882646881,"FEATURE_SOURCE":"lake-def skelet","GNIS_ID":null,"GNIS_NAME":null,"LEFT_RIGHT_TRIBUTARY":"LEFT","STREAM_ORDER":1,"STREAM_MAGNITUDE":1,"WATERBODY_KEY":329178415,"BLUE_LINE_KEY_50K":null,"WATERSHED_CODE_50K":null,"WATERSHED_KEY_50K":null,"WATERSHED_GROUP_CODE_50K":null,"GRADIENT":null,"FEATURE_CODE":"WA24111110","OBJECTID":5372124,"GEOMETRY.LEN":0,"FEATURE_LENGTH_M":66.780900000000003}},{"type":"Feature","id":1916133,"geometry":{"type":"LineString","coordinates":[[565063.85406203347,5443591.6083418103],[565136.35987044533,5443624.7438490205],[565188.90163609874,5443641.6942544105]]},"properties":{"LINEAR_FEATURE_ID":700731107,"WATERSHED_GROUP_ID":28,"EDGE_TYPE":1200,"BLUE_LINE_KEY":356280179,"WATERSHED_KEY":356280179,"FWA_WATERSHED_CODE":"100-064535-019510-000000-000000-000000-000000-000000-000000-000000-000000-000000-000000-000000-000000-000000-000000-000000-000000-000000-000000","LOCAL_WATERSHED_CODE":"100-064535-019510-000000-000000-000000-000000-000000-000000-000000-000000-000000-000000-000000-000000-000000-000000-000000-000000-000000-000000","WATERSHED_GROUP_CODE":"CHWK","DOWNSTREAM_ROUTE_MEASURE":442.83209776935502,"LENGTH_METRE":135.081507899455,"FEATURE_SOURCE":"OP","GNIS_ID":null,"GNIS_NAME":null,"LEFT_RIGHT_TRIBUTARY":"RIGHT","STREAM_ORDER":1,"STREAM_MAGNITUDE":1,"WATERBODY_KEY":329083369,"BLUE_LINE_KEY_50K":null,"WATERSHED_CODE_50K":null,"WATERSHED_KEY_50K":null,"WATERSHED_GROUP_CODE_50K":null,"GRADIENT":null,"FEATURE_CODE":"WA24111110","OBJECTID":1916133,"GEOMETRY.LEN":0,"FEATURE_LENGTH_M":135.1431}},{"type":"Feature","id":5367693,"geometry":{"type":"LineString","coordinates":[[564299.80970188195,5443630.641511986],[564306.91861541802,5443633.5748261195],[564318.91604017385,5443640.6815942507],[564339.81032463093,5443651.6919308798],[564361.93955762207,5443665.5676111141],[564377.85369196325,5443677.6291719479],[564399.94747211575,5443695.6212441716],[564420.86657214095,5443709.6415057993],[564437.93266465259,5443722.6658138605],[564455.89197986794,5443735.5432229843],[564457.82070510462,5443738.5738261444],[564463.93666295777,5443740.5454841489],[564487.80707393412,5443750.6414750246],[564507.95498307468,5443767.6620838856],[564517.90469297604,5443772.6869463976],[564538.85725763743,5443782.5898527224],[564562.92669052433,5443793.6387971137],[564586.8781029298,5443805.6364230802],[564604.84980980435,5443812.6554832589],[564624.90174229071,5443817.6401319457],[564647.85271547572,5443823.6099735377],[564669.83443078969,5443831.6261633206],[564693.92112757999,5443840.6168857533],[564706.8878828811,5443845.6772287656],[564729.86362915614,5443854.655993063],[564748.86932570091,5443863.5874660285],[564759.94906649832,5443882.560658847]]},"properties":{"LINEAR_FEATURE_ID":701349006,"WATERSHED_GROUP_ID":63,"EDGE_TYPE":1100,"BLUE_LINE_KEY":356001015,"WATERSHED_KEY":356364114,"FWA_WATERSHED_CODE":"100-000000-000000-000000-000000-000000-000000-000000-000000-000000-000000-000000-000000-000000-000000-000000-000000-000000-000000-000000-000000","LOCAL_WATERSHED_CODE":null,"WATERSHED_GROUP_CODE":"HARR","DOWNSTREAM_ROUTE_MEASURE":150.672873185789,"LENGTH_METRE":533.31848516266496,"FEATURE_SOURCE":"RiverStream","GNIS_ID":null,"GNIS_NAME":null,"LEFT_RIGHT_TRIBUTARY":"NONE","STREAM_ORDER":1,"STREAM_MAGNITUDE":1,"WATERBODY_KEY":null,"BLUE_LINE_KEY_50K":null,"WATERSHED_CODE_50K":null,"WATERSHED_KEY_50K":null,"WATERSHED_GROUP_CODE_50K":null,"GRADIENT":null,"FEATURE_CODE":"GA24850000","OBJECTID":5367693,"GEOMETRY.LEN":0,"FEATURE_LENGTH_M":533.32130000000006}},{"type":"Feature","id":5369487,"geometry":{"type":"LineString","coordinates":[[566640.33727015974,5443619.1082626805],[566616.94677533768,5443568.6304440005]]},"properties":{"LINEAR_FEATURE_ID":701349001,"WATERSHED_GROUP_ID":63,"EDGE_TYPE":1410,"BLUE_LINE_KEY":356331806,"WATERSHED_KEY":356331806,"FWA_WATERSHED_CODE":"100-066573-000000-000000-000000-000000-000000-000000-000000-000000-000000-000000-000000-000000-000000-000000-000000-000000-000000-000000-000000","LOCAL_WATERSHED_CODE":"100-066573-000000-000000-000000-000000-000000-000000-000000-000000-000000-000000-000000-000000-000000-000000-000000-000000-000000-000000-000000","WATERSHED_GROUP_CODE":"HARR","DOWNSTREAM_ROUTE_MEASURE":840.17821035929308,"LENGTH_METRE":55.615115287218394,"FEATURE_SOURCE":"OP","GNIS_ID":null,"GNIS_NAME":null,"LEFT_RIGHT_TRIBUTARY":"LEFT","STREAM_ORDER":1,"STREAM_MAGNITUDE":1,"WATERBODY_KEY":null,"BLUE_LINE_KEY_50K":null,"WATERSHED_CODE_50K":null,"WATERSHED_KEY_50K":null,"WATERSHED_GROUP_CODE_50K":null,"GRADIENT":null,"FEATURE_CODE":"WA11410000","OBJECTID":5369487,"GEOMETRY.LEN":0,"FEATURE_LENGTH_M":55.621600000000001}},{"type":"Feature","id":5370848,"geometry":{"type":"LineString","coordinates":[[566631.86907068838,5443681.5534977065],[566640.33727015974,5443619.1082626805]]},"properties":{"LINEAR_FEATURE_ID":701348989,"WATERSHED_GROUP_ID":63,"EDGE_TYPE":1410,"BLUE_LINE_KEY":356331806,"WATERSHED_KEY":356331806,"FWA_WATERSHED_CODE":"100-066573-000000-000000-000000-000000-000000-000000-000000-000000-000000-000000-000000-000000-000000-000000-000000-000000-000000-000000-000000","LOCAL_WATERSHED_CODE":"100-066573-000000-000000-000000-000000-000000-000000-000000-000000-000000-000000-000000-000000-000000-000000-000000-000000-000000-000000-000000","WATERSHED_GROUP_CODE":"HARR","DOWNSTREAM_ROUTE_MEASURE":777.20654038483201,"LENGTH_METRE":62.9716699744612,"FEATURE_SOURCE":"OP","GNIS_ID":null,"GNIS_NAME":null,"LEFT_RIGHT_TRIBUTARY":"LEFT","STREAM_ORDER":1,"STREAM_MAGNITUDE":1,"WATERBODY_KEY":null,"BLUE_LINE_KEY_50K":null,"WATERSHED_CODE_50K":null,"WATERSHED_KEY_50K":null,"WATERSHED_GROUP_CODE_50K":null,"GRADIENT":null,"FEATURE_CODE":"WA11410000","OBJECTID":5370848,"GEOMETRY.LEN":0,"FEATURE_LENGTH_M":62.972000000000001}},{"type":"Feature","id":5367244,"geometry":{"type":"LineString","coordinates":[[566973.80867663561,5443719.5742763486],[566939.89759062021,5443638.5649827812]]},"properties":{"LINEAR_FEATURE_ID":701348988,"WATERSHED_GROUP_ID":63,"EDGE_TYPE":1410,"BLUE_LINE_KEY":356177198,"WATERSHED_KEY":356177198,"FWA_WATERSHED_CODE":"100-066866-000000-000000-000000-000000-000000-000000-000000-000000-000000-000000-000000-000000-000000-000000-000000-000000-000000-000000-000000","LOCAL_WATERSHED_CODE":"100-066866-000000-000000-000000-000000-000000-000000-000000-000000-000000-000000-000000-000000-000000-000000-000000-000000-000000-000000-000000","WATERSHED_GROUP_CODE":"HARR","DOWNSTREAM_ROUTE_MEASURE":622.98993265585102,"LENGTH_METRE":87.785649051555794,"FEATURE_SOURCE":"OP","GNIS_ID":null,"GNIS_NAME":null,"LEFT_RIGHT_TRIBUTARY":"LEFT","STREAM_ORDER":1,"STREAM_MAGNITUDE":1,"WATERBODY_KEY":null,"BLUE_LINE_KEY_50K":null,"WATERSHED_CODE_50K":null,"WATERSHED_KEY_50K":null,"WATERSHED_GROUP_CODE_50K":null,"GRADIENT":null,"FEATURE_CODE":"WA11410000","OBJECTID":5367244,"GEOMETRY.LEN":0,"FEATURE_LENGTH_M":87.790000000000006}},{"type":"Feature","id":5374275,"geometry":{"type":"LineString","coordinates":[[566585.9900698039,5444455.2265969124],[566618.21150799724,5443707.2919263961],[566631.86907068838,5443681.5534977065]]},"properties":{"LINEAR_FEATURE_ID":701348986,"WATERSHED_GROUP_ID":63,"EDGE_TYPE":1450,"BLUE_LINE_KEY":356331806,"WATERSHED_KEY":356331806,"FWA_WATERSHED_CODE":"100-066573-000000-000000-000000-000000-000000-000000-000000-000000-000000-000000-000000-000000-000000-000000-000000-000000-000000-000000-000000","LOCAL_WATERSHED_CODE":"100-066573-000000-000000-000000-000000-000000-000000-000000-000000-000000-000000-000000-000000-000000-000000-000000-000000-000000-000000-000000","WATERSHED_GROUP_CODE":"HARR","DOWNSTREAM_ROUTE_MEASURE":0,"LENGTH_METRE":777.20654038483201,"FEATURE_SOURCE":"OP","GNIS_ID":null,"GNIS_NAME":null,"LEFT_RIGHT_TRIBUTARY":"LEFT","STREAM_ORDER":1,"STREAM_MAGNITUDE":1,"WATERBODY_KEY":328961584,"BLUE_LINE_KEY_50K":null,"WATERSHED_CODE_50K":null,"WATERSHED_KEY_50K":null,"WATERSHED_GROUP_CODE_50K":null,"GRADIENT":null,"FEATURE_CODE":"WA24111190","OBJECTID":5374275,"GEOMETRY.LEN":0,"FEATURE_LENGTH_M":777.20920000000001}},{"type":"Feature","id":5370530,"geometry":{"type":"LineString","coordinates":[[566976.86518291989,5443807.6523814686],[566973.80867663561,5443719.5742763486]]},"properties":{"LINEAR_FEATURE_ID":701348982,"WATERSHED_GROUP_ID":63,"EDGE_TYPE":1410,"BLUE_LINE_KEY":356177198,"WATERSHED_KEY":356177198,"FWA_WATERSHED_CODE":"100-066866-000000-000000-000000-000000-000000-000000-000000-000000-000000-000000-000000-000000-000000-000000-000000-000000-000000-000000-000000","LOCAL_WATERSHED_CODE":"100-066866-000000-000000-000000-000000-000000-000000-000000-000000-000000-000000-000000-000000-000000-000000-000000-000000-000000-000000-000000","WATERSHED_GROUP_CODE":"HARR","DOWNSTREAM_ROUTE_MEASURE":534.92389662235405,"LENGTH_METRE":88.066036033497099,"FEATURE_SOURCE":"OP","GNIS_ID":null,"GNIS_NAME":null,"LEFT_RIGHT_TRIBUTARY":"LEFT","STREAM_ORDER":1,"STREAM_MAGNITUDE":1,"WATERBODY_KEY":null,"BLUE_LINE_KEY_50K":null,"WATERSHED_CODE_50K":null,"WATERSHED_KEY_50K":null,"WATERSHED_GROUP_CODE_50K":null,"GRADIENT":null,"FEATURE_CODE":"WA11410000","OBJECTID":5370530,"GEOMETRY.LEN":0,"FEATURE_LENGTH_M":88.066800000000001}},{"type":"Feature","id":5373956,"geometry":{"type":"LineString","coordinates":[[564759.94906649832,5443882.560658847],[564761.32641574403,5443888.7523826128],[564687.2900976683,5444355.3207212528]]},"properties":{"LINEAR_FEATURE_ID":701348972,"WATERSHED_GROUP_ID":63,"EDGE_TYPE":1450,"BLUE_LINE_KEY":356001015,"WATERSHED_KEY":356364114,"FWA_WATERSHED_CODE":"100-000000-000000-000000-000000-000000-000000-000000-000000-000000-000000-000000-000000-000000-000000-000000-000000-000000-000000-000000-000000","LOCAL_WATERSHED_CODE":null,"WATERSHED_GROUP_CODE":"HARR","DOWNSTREAM_ROUTE_MEASURE":683.99135834845401,"LENGTH_METRE":478.42038187779099,"FEATURE_SOURCE":"OP","GNIS_ID":null,"GNIS_NAME":null,"LEFT_RIGHT_TRIBUTARY":"NONE","STREAM_ORDER":1,"STREAM_MAGNITUDE":1,"WATERBODY_KEY":328961584,"BLUE_LINE_KEY_50K":null,"WATERSHED_CODE_50K":null,"WATERSHED_KEY_50K":null,"WATERSHED_GROUP_CODE_50K":null,"GRADIENT":null,"FEATURE_CODE":"WA24111190","OBJECTID":5373956,"GEOMETRY.LEN":0,"FEATURE_LENGTH_M":478.42000000000002}},{"type":"Feature","id":5377695,"geometry":{"type":"LineString","coordinates":[[564687.2900976683,5444355.3207212528],[565828.11832267698,5444543.4557194868],[565833.79183123098,5444541.3065690435],[565845.02510718745,5444540.4899766641],[566585.9900698039,5444455.2265969124]]},"properties":{"LINEAR_FEATURE_ID":701348927,"WATERSHED_GROUP_ID":63,"EDGE_TYPE":1250,"BLUE_LINE_KEY":356364114,"WATERSHED_KEY":356364114,"FWA_WATERSHED_CODE":"100-000000-000000-000000-000000-000000-000000-000000-000000-000000-000000-000000-000000-000000-000000-000000-000000-000000-000000-000000-000000","LOCAL_WATERSHED_CODE":"100-064535-000000-000000-000000-000000-000000-000000-000000-000000-000000-000000-000000-000000-000000-000000-000000-000000-000000-000000-000000","WATERSHED_GROUP_CODE":"HARR","DOWNSTREAM_ROUTE_MEASURE":91760.932806689205,"LENGTH_METRE":1922.0749825416901,"FEATURE_SOURCE":"areal stream sk","GNIS_ID":39325,"GNIS_NAME":"Fraser River","LEFT_RIGHT_TRIBUTARY":"NONE","STREAM_ORDER":10,"STREAM_MAGNITUDE":288411,"WATERBODY_KEY":328961584,"BLUE_LINE_KEY_50K":571,"WATERSHED_CODE_50K":"100000000000000000000000000000000000000000000","WATERSHED_KEY_50K":571,"WATERSHED_GROUP_CODE_50K":"HARR","GRADIENT":null,"FEATURE_CODE":"WA24111120","OBJECTID":5377695,"GEOMETRY.LEN":0,"FEATURE_LENGTH_M":1922.0751}},{"type":"Feature","id":5366993,"geometry":{"type":"LineString","coordinates":[[566723.52291247749,5444439.399612966],[566979.93796212773,5444342.9624782735]]},"properties":{"LINEAR_FEATURE_ID":701348904,"WATERSHED_GROUP_ID":63,"EDGE_TYPE":1250,"BLUE_LINE_KEY":356364114,"WATERSHED_KEY":356364114,"FWA_WATERSHED_CODE":"100-000000-000000-000000-000000-000000-000000-000000-000000-000000-000000-000000-000000-000000-000000-000000-000000-000000-000000-000000-000000","LOCAL_WATERSHED_CODE":"100-067925-000000-000000-000000-000000-000000-000000-000000-000000-000000-000000-000000-000000-000000-000000-000000-000000-000000-000000-000000","WATERSHED_GROUP_CODE":"HARR","DOWNSTREAM_ROUTE_MEASURE":93821.6409723494,"LENGTH_METRE":274.26281551773002,"FEATURE_SOURCE":"areal stream sk","GNIS_ID":39325,"GNIS_NAME":"Fraser River","LEFT_RIGHT_TRIBUTARY":"NONE","STREAM_ORDER":10,"STREAM_MAGNITUDE":288402,"WATERBODY_KEY":328961584,"BLUE_LINE_KEY_50K":571,"WATERSHED_CODE_50K":"100000000000000000000000000000000000000000000","WATERSHED_KEY_50K":571,"WATERSHED_GROUP_CODE_50K":"HARR","GRADIENT":null,"FEATURE_CODE":"WA24111120","OBJECTID":5366993,"GEOMETRY.LEN":0,"FEATURE_LENGTH_M":274.26339999999999}},{"type":"Feature","id":5372481,"geometry":{"type":"LineString","coordinates":[[566723.52291247749,5444439.399612966],[567016.70009824482,5444827.8906504577]]},"properties":{"LINEAR_FEATURE_ID":701348893,"WATERSHED_GROUP_ID":63,"EDGE_TYPE":1450,"BLUE_LINE_KEY":355992485,"WATERSHED_KEY":356364114,"FWA_WATERSHED_CODE":"100-000000-000000-000000-000000-000000-000000-000000-000000-000000-000000-000000-000000-000000-000000-000000-000000-000000-000000-000000-000000","LOCAL_WATERSHED_CODE":"100-067925-000000-000000-000000-000000-000000-000000-000000-000000-000000-000000-000000-000000-000000-000000-000000-000000-000000-000000-000000","WATERSHED_GROUP_CODE":"HARR","DOWNSTREAM_ROUTE_MEASURE":0,"LENGTH_METRE":486.73838736376706,"FEATURE_SOURCE":"OP","GNIS_ID":null,"GNIS_NAME":null,"LEFT_RIGHT_TRIBUTARY":"NONE","STREAM_ORDER":3,"STREAM_MAGNITUDE":8,"WATERBODY_KEY":328961584,"BLUE_LINE_KEY_50K":1031,"WATERSHED_CODE_50K":"100000000000000000000000000000000000000000000","WATERSHED_KEY_50K":571,"WATERSHED_GROUP_CODE_50K":"HARR","GRADIENT":null,"FEATURE_CODE":"WA24111190","OBJECTID":5372481,"GEOMETRY.LEN":0,"FEATURE_LENGTH_M":486.73830000000004}},{"type":"Feature","id":5370803,"geometry":{"type":"LineString","coordinates":[[566585.9900698039,5444455.2265969124],[566723.52291247749,5444439.399612966]]},"properties":{"LINEAR_FEATURE_ID":701348894,"WATERSHED_GROUP_ID":63,"EDGE_TYPE":1250,"BLUE_LINE_KEY":356364114,"WATERSHED_KEY":356364114,"FWA_WATERSHED_CODE":"100-000000-000000-000000-000000-000000-000000-000000-000000-000000-000000-000000-000000-000000-000000-000000-000000-000000-000000-000000-000000","LOCAL_WATERSHED_CODE":"100-066573-000000-000000-000000-000000-000000-000000-000000-000000-000000-000000-000000-000000-000000-000000-000000-000000-000000-000000-000000","WATERSHED_GROUP_CODE":"HARR","DOWNSTREAM_ROUTE_MEASURE":93683.007789230905,"LENGTH_METRE":138.63318311853902,"FEATURE_SOURCE":"areal stream sk","GNIS_ID":39325,"GNIS_NAME":"Fraser River","LEFT_RIGHT_TRIBUTARY":"NONE","STREAM_ORDER":10,"STREAM_MAGNITUDE":288410,"WATERBODY_KEY":328961584,"BLUE_LINE_KEY_50K":571,"WATERSHED_CODE_50K":"100000000000000000000000000000000000000000000","WATERSHED_KEY_50K":571,"WATERSHED_GROUP_CODE_50K":"HARR","GRADIENT":null,"FEATURE_CODE":"WA24111120","OBJECTID":5370803,"GEOMETRY.LEN":0,"FEATURE_LENGTH_M":138.63320000000002}},{"type":"Feature","id":5371940,"geometry":{"type":"LineString","coordinates":[[566522.95182224212,5445852.6019492839],[566525.80995465408,5445852.6362740127],[566540.9082050072,5445845.6922109155],[566559.9148456133,5445838.6377613889],[566578.84146617074,5445829.681636434],[566597.80809188145,5445821.6763401702],[566614.91064699832,5445814.5992677463],[566631.93582901894,5445810.6877577445],[566645.8486784331,5445810.6974485544],[566654.85744418413,5445808.5889577409],[566669.88232441968,5445808.6115222825],[566693.85686839966,5445807.6349757044],[566706.81765876408,5445807.63285386],[566727.81602011248,5445807.5696518896],[566744.94504624035,5445808.5687148916],[566759.95179306669,5445810.6504416028],[566775.85539139458,5445817.6514463127],[566781.83352519781,5445822.6328375768],[566802.90404287388,5445836.6637247596],[566821.91047614464,5445850.6699290304],[566825.86553233897,5445856.5774313156],[566837.92259790841,5445867.6486656228],[566841.81946768705,5445874.6635102741],[566857.89440014935,5445895.6010431126],[566870.84841883357,5445911.5935432315],[566888.90648120001,5445930.6551119843]]},"properties":{"LINEAR_FEATURE_ID":701348817,"WATERSHED_GROUP_ID":63,"EDGE_TYPE":1000,"BLUE_LINE_KEY":356355311,"WATERSHED_KEY":356355311,"FWA_WATERSHED_CODE":"100-065735-000000-000000-000000-000000-000000-000000-000000-000000-000000-000000-000000-000000-000000-000000-000000-000000-000000-000000-000000","LOCAL_WATERSHED_CODE":"100-065735-783126-000000-000000-000000-000000-000000-000000-000000-000000-000000-000000-000000-000000-000000-000000-000000-000000-000000-000000","WATERSHED_GROUP_CODE":"HARR","DOWNSTREAM_ROUTE_MEASURE":4633.6634802009203,"LENGTH_METRE":424.91259378293302,"FEATURE_SOURCE":"RiverStream","GNIS_ID":null,"GNIS_NAME":null,"LEFT_RIGHT_TRIBUTARY":"RIGHT","STREAM_ORDER":1,"STREAM_MAGNITUDE":1,"WATERBODY_KEY":null,"BLUE_LINE_KEY_50K":null,"WATERSHED_CODE_50K":null,"WATERSHED_KEY_50K":null,"WATERSHED_GROUP_CODE_50K":null,"GRADIENT":null,"FEATURE_CODE":"GA24850150","OBJECTID":5371940,"GEOMETRY.LEN":0,"FEATURE_LENGTH_M":424.91290000000004}},{"type":"Feature","id":5370602,"geometry":{"type":"LineString","coordinates":[[566291.94678538817,5445872.625045944],[566337.90730303701,5445866.2099247379],[566502.9134874494,5445860.2780743241],[566522.95182224212,5445852.6019492839]]},"properties":{"LINEAR_FEATURE_ID":701348814,"WATERSHED_GROUP_ID":63,"EDGE_TYPE":1200,"BLUE_LINE_KEY":356355311,"WATERSHED_KEY":356355311,"FWA_WATERSHED_CODE":"100-065735-000000-000000-000000-000000-000000-000000-000000-000000-000000-000000-000000-000000-000000-000000-000000-000000-000000-000000-000000","LOCAL_WATERSHED_CODE":"100-065735-783126-000000-000000-000000-000000-000000-000000-000000-000000-000000-000000-000000-000000-000000-000000-000000-000000-000000-000000","WATERSHED_GROUP_CODE":"HARR","DOWNSTREAM_ROUTE_MEASURE":4400.36715595855,"LENGTH_METRE":233.296324242369,"FEATURE_SOURCE":"lake-def skelet","GNIS_ID":null,"GNIS_NAME":null,"LEFT_RIGHT_TRIBUTARY":"RIGHT","STREAM_ORDER":1,"STREAM_MAGNITUDE":1,"WATERBODY_KEY":329178129,"BLUE_LINE_KEY_50K":null,"WATERSHED_CODE_50K":null,"WATERSHED_KEY_50K":null,"WATERSHED_GROUP_CODE_50K":null,"GRADIENT":null,"FEATURE_CODE":"WA24111110","OBJECTID":5370602,"GEOMETRY.LEN":0,"FEATURE_LENGTH_M":233.29600000000002}},{"type":"Feature","id":5370682,"geometry":{"type":"LineString","coordinates":[[565969.95070995879,5446113.5722036231],[565974.86834386957,5446108.5641231649],[565979.88219233463,5446099.5983742699],[565988.88440983393,5446088.6216880791],[566001.80659097957,5446066.6071861172],[566013.93376779184,5446044.5840716306],[566024.90985780605,5446021.5961857075],[566030.872148833,5446007.5750560397],[566037.88727261254,5445994.6741942139],[566046.90206342738,5445976.5722194044],[566056.94792216062,5445956.5825035991],[566073.86107842694,5445937.6252280427],[566090.81979340618,5445924.6848726142],[566114.86301954254,5445911.6717329267],[566137.81801203254,5445901.654619067],[566161.88403280731,5445891.6504250038],[566185.87199460005,5445883.5447255978],[566207.95658508874,5445876.6844588425],[566221.84658393182,5445873.6842615362],[566243.89312208293,5445869.6733216271],[566267.90854711435,5445869.6447038278],[566291.94678538817,5445872.625045944]]},"properties":{"LINEAR_FEATURE_ID":701348812,"WATERSHED_GROUP_ID":63,"EDGE_TYPE":1000,"BLUE_LINE_KEY":356355311,"WATERSHED_KEY":356355311,"FWA_WATERSHED_CODE":"100-065735-000000-000000-000000-000000-000000-000000-000000-000000-000000-000000-000000-000000-000000-000000-000000-000000-000000-000000-000000","LOCAL_WATERSHED_CODE":"100-065735-783126-000000-000000-000000-000000-000000-000000-000000-000000-000000-000000-000000-000000-000000-000000-000000-000000-000000-000000","WATERSHED_GROUP_CODE":"HARR","DOWNSTREAM_ROUTE_MEASURE":3961.5059091200401,"LENGTH_METRE":438.86124683851102,"FEATURE_SOURCE":"RiverStream","GNIS_ID":null,"GNIS_NAME":null,"LEFT_RIGHT_TRIBUTARY":"RIGHT","STREAM_ORDER":1,"STREAM_MAGNITUDE":1,"WATERBODY_KEY":null,"BLUE_LINE_KEY_50K":627,"WATERSHED_CODE_50K":"100065400000000000000000000000000000000000000","WATERSHED_KEY_50K":627,"WATERSHED_GROUP_CODE_50K":"HARR","GRADIENT":null,"FEATURE_CODE":"GA24850150","OBJECTID":5370682,"GEOMETRY.LEN":0,"FEATURE_LENGTH_M":438.86100000000005}},{"type":"Feature","id":5377727,"geometry":{"type":"LineString","coordinates":[[565969.95070995879,5446113.5722036231],[565988.92196199927,5446110.6322311666],[566012.95560377114,5446108.5445341812],[566024.8413243274,5446105.6773611922],[566047.95535514189,5446095.6614282317],[566064.89890036779,5446088.580397333],[566085.93063107086,5446080.5979231233],[566095.85249096679,5446077.5504461722],[566117.92184926441,5446076.5475206235],[566140.92507494718,5446077.6145683425],[566163.85128782364,5446080.581065339],[566185.8291003966,5446088.6039202986],[566206.83666226477,5446098.6731314622],[566225.81913995289,5446109.6685181605],[566248.87099685357,5446120.5545690227],[566262.94748327939,5446125.6325855684],[566284.84726812295,5446135.5539096864],[566296.87685587653,5446138.5491018407],[566319.8629576345,5446141.6752244281],[566342.92544750473,5446141.6358311232],[566358.80257796857,5446140.5597696481],[566381.88029802078,5446134.6620762413],[566395.81134276139,5446132.6126501383],[566410.95428938128,5446131.6866059173],[566422.84305444255,5446132.6214886568],[566435.80384791025,5446132.6184203466],[566448.92270402005,5446132.6185126025],[566472.93825663137,5446132.5908415765],[566487.94400825363,5446134.6716644205],[566491.81799446954,5446138.676543124],[566496.88770930213,5446149.6641366612],[566497.83018238796,5446160.6013145568],[566489.86563966505,5446178.5566099128],[566482.90575029468,5446186.5490372004],[566474.95279075112,5446193.5788708292],[566455.85250172112,5446209.6581337266],[566435.8775643215,5446222.5610321788],[566415.92043739825,5446234.6718502128],[566394.91041853616,5446245.661396822],[566375.84652491682,5446257.6252908288],[566357.85465671949,5446268.6512313457],[566334.84333960724,5446283.5758466963],[566315.91925806203,5446297.6000470361],[566294.81405153184,5446312.5481702155],[566280.85316645401,5446327.5811675536],[566265.86586344242,5446349.5700023333],[566262.83416773484,5446356.6598669738]]},"properties":{"LINEAR_FEATURE_ID":701348797,"WATERSHED_GROUP_ID":63,"EDGE_TYPE":1000,"BLUE_LINE_KEY":356041342,"WATERSHED_KEY":356041342,"FWA_WATERSHED_CODE":"100-065735-783126-000000-000000-000000-000000-000000-000000-000000-000000-000000-000000-000000-000000-000000-000000-000000-000000-000000-000000","LOCAL_WATERSHED_CODE":"100-065735-783126-000000-000000-000000-000000-000000-000000-000000-000000-000000-000000-000000-000000-000000-000000-000000-000000-000000-000000","WATERSHED_GROUP_CODE":"HARR","DOWNSTREAM_ROUTE_MEASURE":0,"LENGTH_METRE":879.579329256189,"FEATURE_SOURCE":"RiverStream","GNIS_ID":null,"GNIS_NAME":null,"LEFT_RIGHT_TRIBUTARY":"RIGHT","STREAM_ORDER":1,"STREAM_MAGNITUDE":1,"WATERBODY_KEY":null,"BLUE_LINE_KEY_50K":null,"WATERSHED_CODE_50K":null,"WATERSHED_KEY_50K":null,"WATERSHED_GROUP_CODE_50K":null,"GRADIENT":null,"FEATURE_CODE":"GA24850150","OBJECTID":5377727,"GEOMETRY.LEN":0,"FEATURE_LENGTH_M":879.58100000000002}},{"type":"Feature","id":5374700,"geometry":{"type":"LineString","coordinates":[[564037.85184514883,5446903.6105234362],[564046.92040784121,5446901.6570659038],[564070.81221131328,5446893.6996184504],[564089.84258564305,5446889.6458144775],[564110.87631184887,5446881.6559318006],[564133.85510500323,5446874.6394887315],[564151.87069510843,5446866.6140921721],[564170.9549416774,5446852.5856774887],[564189.95818103151,5446836.6546572512],[564208.90164228843,5446820.5659567406],[564229.81095470116,5446804.6574997185],[564249.88717983814,5446791.5907057719],[564272.82246471627,5446778.5562736103],[564285.95750525442,5446772.6924878107],[564305.91563323955,5446760.5733259209],[564327.83870176994,5446748.6364488117],[564344.86228624673,5446739.650333561],[564355.89513687941,5446736.6120842015],[564379.94497744506,5446728.6586805247],[564391.81185537216,5446726.5809113933],[564410.91777538671,5446715.5613731733],[564432.88075921976,5446704.5742781889],[564450.83469057095,5446692.5919909775],[564458.91026357224,5446689.6778647183],[564476.82603297732,5446680.5438694134],[564497.83701999707,5446669.5469178129],[564507.87689591048,5446665.5480317976],[564523.92918907886,5446658.6092257425],[564539.93702977803,5446645.6535114376],[564551.8374940377,5446635.6593291778],[564559.92877997574,5446625.6198694985],[564573.84980147344,5446609.6314700488],[564596.89955463784,5446590.5821128609],[564613.87767122337,5446575.5800450342],[564633.82940129098,5446554.5955375032],[564653.8991119843,5446532.661360451],[564673.93079336802,5446513.5784781268],[564694.89725256432,5446496.5645239912],[564715.88545810559,5446482.5595398378],[564734.85306723369,5446474.5477744518],[564739.87150469853,5446470.6472632727],[564762.94555382372,5446459.6759750815],[564781.83610684378,5446453.5636358578],[564797.86919890624,5446448.6849446185],[564821.81821054872,5446439.6239019092],[564844.93671620823,5446434.6695049591],[564863.80807698879,5446430.6163421599],[564870.93159234838,5446427.6913321195],[564882.95743906545,5446425.6155945482],[564896.84837968543,5446422.6116353674],[564909.82728726626,5446420.5476747314],[564921.91299096087,5446418.6316019436],[564934.89090007974,5446416.5676800264],[564947.92962175037,5446414.6623841077],[564971.90037613607,5446408.6102714697],[564992.91486546071,5446402.6822712729],[565016.92560453515,5446397.5809692126],[565030.816581205,5446394.5779831419],[565051.87105482095,5446389.6007912867],[565062.86393782496,5446385.6135897981],[565081.87253082125,5446378.5535044484],[565098.85766082944,5446373.6865635654],[565117.86624885467,5446366.6264674356],[565131.93445651594,5446361.5674233222],[565139.9092178276,5446357.5447499091],[565153.91921093885,5446353.5930338129],[565175.89941171964,5446340.5515315365],[565196.90932326042,5446329.5563599952],[565215.87694799155,5446321.5464485399],[565227.80366122315,5446319.6291996008],[565240.90061991184,5446316.6175144846],[565262.86713722243,5446310.7012478216],[565280.94545637688,5446306.6392712286],[565302.83397999336,5446302.623481798],[565325.85627173469,5446301.6285742652],[565344.8274868764,5446298.6867779437],[565363.8760797719,5446292.5784367463],[565387.9431123914,5446282.5705211712],[565406.83076622023,5446272.6598967295],[565425.81661896652,5446262.5927592814],[565447.91482659301,5446248.6034910874],[565470.84806389385,5446235.5746509936],[565488.94165502128,5446225.6543453485],[565505.91867993493,5446210.6550218454],[565516.94694736076,5446202.5514526209],[565539.95823212853,5446187.6240868066],[565558.86306084925,5446175.6552847391],[565566.82061844785,5446173.6916750474],[565571.91903899075,5446171.6937460722],[565591.89786509192,5446162.5881516282],[565601.8795197244,5446159.6984176785],[565621.9211243809,5446154.5525969546],[565643.88667042018,5446148.6382420855],[565665.91141634365,5446141.6164995078],[565682.83774296381,5446136.592687794],[565705.95531319384,5446131.6420356827],[565726.95455238817,5446131.5750779733],[565746.94157427188,5446132.604724681],[565763.91148492589,5446133.5988905979],[565786.95566360443,5446135.6158328075],[565803.92657403951,5446136.6099467352],[565816.86811228923,5446138.6641947823],[565840.86531239678,5446140.6918909112],[565862.93463945028,5446139.6880426705],[565885.8790082722,5446140.5954535315],[565899.95082879264,5446140.6054091444],[565910.84747405327,5446140.5767284194],[565931.88282917673,5446137.661473481],[565941.92267470469,5446133.6643540859],[565950.8686422857,5446127.5951754553],[565960.90848588455,5446123.5980527718],[565969.95070995879,5446113.5722036231]]},"properties":{"LINEAR_FEATURE_ID":701348794,"WATERSHED_GROUP_ID":63,"EDGE_TYPE":1000,"BLUE_LINE_KEY":356355311,"WATERSHED_KEY":356355311,"FWA_WATERSHED_CODE":"100-065735-000000-000000-000000-000000-000000-000000-000000-000000-000000-000000-000000-000000-000000-000000-000000-000000-000000-000000-000000","LOCAL_WATERSHED_CODE":"100-065735-358535-000000-000000-000000-000000-000000-000000-000000-000000-000000-000000-000000-000000-000000-000000-000000-000000-000000-000000","WATERSHED_GROUP_CODE":"HARR","DOWNSTREAM_ROUTE_MEASURE":1813.6762290859301,"LENGTH_METRE":2147.82968003411,"FEATURE_SOURCE":"RiverStream","GNIS_ID":null,"GNIS_NAME":null,"LEFT_RIGHT_TRIBUTARY":"RIGHT","STREAM_ORDER":2,"STREAM_MAGNITUDE":2,"WATERBODY_KEY":null,"BLUE_LINE_KEY_50K":627,"WATERSHED_CODE_50K":"100065400000000000000000000000000000000000000","WATERSHED_KEY_50K":627,"WATERSHED_GROUP_CODE_50K":"HARR","GRADIENT":null,"FEATURE_CODE":"GA24850150","OBJECTID":5374700,"GEOMETRY.LEN":0,"FEATURE_LENGTH_M":2147.8303000000001}},{"type":"Feature","id":5376211,"geometry":{"type":"LineString","coordinates":[[564908.80409019697,5446853.6136648124],[564955.26495760423,5446848.4750002427],[565109.63241791853,5446789.2338828044],[565138.83049745997,5446786.6512393467]]},"properties":{"LINEAR_FEATURE_ID":701348654,"WATERSHED_GROUP_ID":63,"EDGE_TYPE":1400,"BLUE_LINE_KEY":356213813,"WATERSHED_KEY":356213813,"FWA_WATERSHED_CODE":"999-999999-999999-999999-999999-999999-999999-999999-999999-999999-999999-999999-999999-999999-999999-999999-999999-999999-999999-999999-999999","LOCAL_WATERSHED_CODE":null,"WATERSHED_GROUP_CODE":"HARR","DOWNSTREAM_ROUTE_MEASURE":0,"LENGTH_METRE":241.689251133102,"FEATURE_SOURCE":"OP","GNIS_ID":null,"GNIS_NAME":null,"LEFT_RIGHT_TRIBUTARY":"RIGHT","STREAM_ORDER":1,"STREAM_MAGNITUDE":1,"WATERBODY_KEY":329178186,"BLUE_LINE_KEY_50K":null,"WATERSHED_CODE_50K":null,"WATERSHED_KEY_50K":null,"WATERSHED_GROUP_CODE_50K":null,"GRADIENT":null,"FEATURE_CODE":"WA24111170","OBJECTID":5376211,"GEOMETRY.LEN":0,"FEATURE_LENGTH_M":241.68910000000002}},{"type":"Feature","id":5377440,"geometry":{"type":"LineString","coordinates":[[563222.90261571191,5446509.5930363331],[563232.90141908219,5446504.6405358985],[563242.90121902816,5446499.6879904745],[563259.86829034891,5446495.6065491065],[563270.87834490708,5446489.5575182885],[563287.90083608113,5446480.5686616469],[563311.95045053167,5446472.6105729444],[563334.84810013173,5446463.6897238083],[563349.90912780259,5446459.586656752],[563373.83968605369,5446452.5772427572],[563392.9444776898,5446441.5539754601],[563416.86880758568,5446425.678332218],[563434.90252406371,5446415.5929043582],[563456.84713138582,5446406.661208705],[563470.89693679439,5446403.6556408266],[563485.89876012609,5446400.6609125342],[563496.89156677085,5446396.6709476076],[563519.80644408963,5446385.6919193091],[563542.93956392782,5446373.6076359451],[563552.80202848441,5446371.6618905049],[563561.95243471954,5446371.6090351548],[563581.89910674549,5446371.6804242376],[563601.8259403581,5446372.5439610062],[563624.81239411305,5446375.6588367941],[563642.9339389801,5446377.6092226952],[563662.82525830541,5446382.5890083509],[563684.84232423664,5446391.5523549449],[563704.93705760723,5446402.5511692772],[563725.80563132849,5446415.618887662],[563743.85804294085,5446429.6029066769],[563764.94829724613,5446446.6314960634],[563774.95887336752,5446455.6141747031],[563793.9223924696,5446468.6592351031],[563812.8088481857,5446483.6037261933],[563831.85333035502,5446498.5503793135],[563850.87956623244,5446515.5551771466],[563868.89456208493,5446533.6565003674],[563886.91141046886,5446555.5579420356],[563899.86701377924,5446576.6099153124],[563910.87760560308,5446596.689427359],[563921.84907356766,5446619.6182769649],[563932.85863516235,5446639.6968203271],[563944.88049155846,5446658.6797827287],[563956.84497405542,5446682.5702283885],[563967.89452939772,5446703.5995754646],[563976.88002859673,5446724.6051610075],[563984.91251090856,5446745.5999472542],[563991.93374709622,5446767.6912587062],[563995.81290626747,5446780.5624468587],[564000.81006201787,5446803.5808144361],[564006.95919462666,5446827.5619145585],[564009.88596662134,5446841.6893375367],[564016.82815401128,5446865.6801378988],[564023.88590663089,5446883.6551316716],[564037.85184514883,5446903.6105234362]]},"properties":{"LINEAR_FEATURE_ID":701348759,"WATERSHED_GROUP_ID":63,"EDGE_TYPE":1000,"BLUE_LINE_KEY":356355311,"WATERSHED_KEY":356355311,"FWA_WATERSHED_CODE":"100-065735-000000-000000-000000-000000-000000-000000-000000-000000-000000-000000-000000-000000-000000-000000-000000-000000-000000-000000-000000","LOCAL_WATERSHED_CODE":"100-065735-000000-000000-000000-000000-000000-000000-000000-000000-000000-000000-000000-000000-000000-000000-000000-000000-000000-000000-000000","WATERSHED_GROUP_CODE":"HARR","DOWNSTREAM_ROUTE_MEASURE":674.40868846000694,"LENGTH_METRE":1139.2675406259202,"FEATURE_SOURCE":"RiverStream","GNIS_ID":null,"GNIS_NAME":null,"LEFT_RIGHT_TRIBUTARY":"RIGHT","STREAM_ORDER":2,"STREAM_MAGNITUDE":3,"WATERBODY_KEY":null,"BLUE_LINE_KEY_50K":627,"WATERSHED_CODE_50K":"100065400000000000000000000000000000000000000","WATERSHED_KEY_50K":627,"WATERSHED_GROUP_CODE_50K":"HARR","GRADIENT":null,"FEATURE_CODE":"GA24850000","OBJECTID":5377440,"GEOMETRY.LEN":0,"FEATURE_LENGTH_M":1139.2675000000002}},{"type":"Feature","id":5374620,"geometry":{"type":"LineString","coordinates":[[564037.85184514883,5446903.6105234362],[564046.93269567506,5446920.6584860701],[564054.91827374185,5446930.5681969272],[564060.93862426968,5446941.5646854406],[564069.86494340387,5446963.6775711272],[564078.92945209215,5446986.5847662203],[564084.93156057002,5446999.6393862553],[564090.83383499295,5447011.5835149828],[564097.90701290907,5447023.700272969],[564105.89160891576,5447033.6100115599],[564125.89082683763,5447053.6354907807],[564148.80888935737,5447077.6541970298],[564161.91468722455,5447088.5740378574],[564164.93531233922,5447093.6766742337],[564185.92308097484,5447109.5966874091],[564201.868765697,5447122.6080734916],[564204.92584385606,5447123.5934326295],[564208.9567274088,5447127.5995802721],[564212.84879134677,5447129.5443796869],[564233.9503128269,5447135.649491285],[564256.95875168522,5447145.5763223767],[564270.81864619569,5447155.5549882175],[564284.95809703832,5447169.6542589888],[564302.89232201921,5447189.6559642758]]},"properties":{"LINEAR_FEATURE_ID":701348637,"WATERSHED_GROUP_ID":63,"EDGE_TYPE":1000,"BLUE_LINE_KEY":356150651,"WATERSHED_KEY":356150651,"FWA_WATERSHED_CODE":"100-065735-358535-000000-000000-000000-000000-000000-000000-000000-000000-000000-000000-000000-000000-000000-000000-000000-000000-000000-000000","LOCAL_WATERSHED_CODE":"100-065735-358535-000000-000000-000000-000000-000000-000000-000000-000000-000000-000000-000000-000000-000000-000000-000000-000000-000000-000000","WATERSHED_GROUP_CODE":"HARR","DOWNSTREAM_ROUTE_MEASURE":0,"LENGTH_METRE":403.22271360411304,"FEATURE_SOURCE":"RiverStream","GNIS_ID":null,"GNIS_NAME":null,"LEFT_RIGHT_TRIBUTARY":"RIGHT","STREAM_ORDER":1,"STREAM_MAGNITUDE":1,"WATERBODY_KEY":null,"BLUE_LINE_KEY_50K":null,"WATERSHED_CODE_50K":null,"WATERSHED_KEY_50K":null,"WATERSHED_GROUP_CODE_50K":null,"GRADIENT":null,"FEATURE_CODE":"GA24850150","OBJECTID":5374620,"GEOMETRY.LEN":0,"FEATURE_LENGTH_M":403.22640000000001}},{"type":"Feature","id":5376666,"geometry":{"type":"LineString","coordinates":[[564345.81333455222,5447740.5682427231],[564325.52431171841,5447727.8312889626],[564239.73514374369,5447694.688669797],[564228.80582703045,5447685.6838568756]]},"properties":{"LINEAR_FEATURE_ID":701348392,"WATERSHED_GROUP_ID":63,"EDGE_TYPE":1400,"BLUE_LINE_KEY":356119423,"WATERSHED_KEY":356119423,"FWA_WATERSHED_CODE":"999-999999-999999-999999-999999-999999-999999-999999-999999-999999-999999-999999-999999-999999-999999-999999-999999-999999-999999-999999-999999","LOCAL_WATERSHED_CODE":null,"WATERSHED_GROUP_CODE":"HARR","DOWNSTREAM_ROUTE_MEASURE":0,"LENGTH_METRE":130.21705635561602,"FEATURE_SOURCE":"OP","GNIS_ID":null,"GNIS_NAME":null,"LEFT_RIGHT_TRIBUTARY":"NONE","STREAM_ORDER":1,"STREAM_MAGNITUDE":1,"WATERBODY_KEY":329178281,"BLUE_LINE_KEY_50K":null,"WATERSHED_CODE_50K":null,"WATERSHED_KEY_50K":null,"WATERSHED_GROUP_CODE_50K":null,"GRADIENT":null,"FEATURE_CODE":"WA24111170","OBJECTID":5376666,"GEOMETRY.LEN":0,"FEATURE_LENGTH_M":130.2176}},{"type":"Feature","id":5366578,"geometry":{"type":"LineString","coordinates":[[564484.8361028533,5448199.6544973431],[564488.90849285189,5448209.6775060231],[564490.95676576742,5448220.6275718817],[564488.91978343984,5448242.6141717946],[564480.84455813142,5448250.5953788618],[564459.94918922603,5448260.6435060808],[564441.8319257003,5448272.6245664163],[564434.8687964147,5448280.6196789816],[564430.88182801474,5448287.6985677658],[564428.87840536935,5448291.6335797366],[564428.91838737507,5448292.5843837177],[564424.8138782141,5448305.6790575581],[564424.87555525498,5448309.6377736973],[564422.85443211254,5448320.6990415994],[564420.87174843391,5448327.6430062335],[564413.85175010876,5448345.6126519442],[564404.90737986157,5448365.6178182485],[564393.93788415426,5448386.5500745717],[564390.94542521751,5448399.6576456241],[564390.8278822907,5448405.6734244283],[564389.90192854917,5448427.6729265144],[564392.88639075693,5448449.5600861721],[564391.83749938291,5448458.5729770139],[564390.84597236232,5448462.6784810722],[564390.86671110219,5448465.6874304917],[564387.81293655536,5448473.569224122],[564381.90062674636,5448482.6846565669]]},"properties":{"LINEAR_FEATURE_ID":701348237,"WATERSHED_GROUP_ID":63,"EDGE_TYPE":1000,"BLUE_LINE_KEY":356177269,"WATERSHED_KEY":356177269,"FWA_WATERSHED_CODE":"100-067213-000000-000000-000000-000000-000000-000000-000000-000000-000000-000000-000000-000000-000000-000000-000000-000000-000000-000000-000000","LOCAL_WATERSHED_CODE":"100-067213-000000-000000-000000-000000-000000-000000-000000-000000-000000-000000-000000-000000-000000-000000-000000-000000-000000-000000-000000","WATERSHED_GROUP_CODE":"HARR","DOWNSTREAM_ROUTE_MEASURE":100.03715221254701,"LENGTH_METRE":324.48968937121299,"FEATURE_SOURCE":"RiverStream","GNIS_ID":null,"GNIS_NAME":null,"LEFT_RIGHT_TRIBUTARY":"RIGHT","STREAM_ORDER":2,"STREAM_MAGNITUDE":2,"WATERBODY_KEY":null,"BLUE_LINE_KEY_50K":629,"WATERSHED_CODE_50K":"100066400000000000000000000000000000000000000","WATERSHED_KEY_50K":629,"WATERSHED_GROUP_CODE_50K":"HARR","GRADIENT":null,"FEATURE_CODE":"GA24850150","OBJECTID":5366578,"GEOMETRY.LEN":0,"FEATURE_LENGTH_M":325.13940000000002}},{"type":"Feature","id":5375653,"geometry":{"type":"LineString","coordinates":[[564387.88347587781,5447231.6595544014],[564391.46114598995,5447258.4052609224],[564404.82476616418,5447285.6944983006]]},"properties":{"LINEAR_FEATURE_ID":701348530,"WATERSHED_GROUP_ID":63,"EDGE_TYPE":1400,"BLUE_LINE_KEY":356188985,"WATERSHED_KEY":356188985,"FWA_WATERSHED_CODE":"999-999999-999999-999999-999999-999999-999999-999999-999999-999999-999999-999999-999999-999999-999999-999999-999999-999999-999999-999999-999999","LOCAL_WATERSHED_CODE":null,"WATERSHED_GROUP_CODE":"HARR","DOWNSTREAM_ROUTE_MEASURE":0,"LENGTH_METRE":57.344205205193497,"FEATURE_SOURCE":"OP","GNIS_ID":null,"GNIS_NAME":null,"LEFT_RIGHT_TRIBUTARY":"RIGHT","STREAM_ORDER":1,"STREAM_MAGNITUDE":1,"WATERBODY_KEY":329178452,"BLUE_LINE_KEY_50K":null,"WATERSHED_CODE_50K":null,"WATERSHED_KEY_50K":null,"WATERSHED_GROUP_CODE_50K":null,"GRADIENT":null,"FEATURE_CODE":"WA24111170","OBJECTID":5375653,"GEOMETRY.LEN":0,"FEATURE_LENGTH_M":57.343800000000002}},{"type":"Feature","id":5375806,"geometry":{"type":"LineString","coordinates":[[564491.09105048853,5448103.2943142606],[564475.43794011348,5448172.4671677286],[564476.94910312258,5448180.7191177718],[564481.53940252529,5448195.4994036611],[564484.8361028533,5448199.6544973431]]},"properties":{"LINEAR_FEATURE_ID":701348269,"WATERSHED_GROUP_ID":63,"EDGE_TYPE":1450,"BLUE_LINE_KEY":356177269,"WATERSHED_KEY":356177269,"FWA_WATERSHED_CODE":"100-067213-000000-000000-000000-000000-000000-000000-000000-000000-000000-000000-000000-000000-000000-000000-000000-000000-000000-000000-000000","LOCAL_WATERSHED_CODE":"100-067213-000000-000000-000000-000000-000000-000000-000000-000000-000000-000000-000000-000000-000000-000000-000000-000000-000000-000000-000000","WATERSHED_GROUP_CODE":"HARR","DOWNSTREAM_ROUTE_MEASURE":0,"LENGTH_METRE":100.03715221254701,"FEATURE_SOURCE":"OP","GNIS_ID":null,"GNIS_NAME":null,"LEFT_RIGHT_TRIBUTARY":"RIGHT","STREAM_ORDER":2,"STREAM_MAGNITUDE":2,"WATERBODY_KEY":328998084,"BLUE_LINE_KEY_50K":629,"WATERSHED_CODE_50K":"100066400000000000000000000000000000000000000","WATERSHED_KEY_50K":629,"WATERSHED_GROUP_CODE_50K":"HARR","GRADIENT":null,"FEATURE_CODE":"WA24111190","OBJECTID":5375806,"GEOMETRY.LEN":0,"FEATURE_LENGTH_M":100.0813}},{"type":"Feature","id":5373152,"geometry":{"type":"LineString","coordinates":[[564491.09105048853,5448103.2943142606],[564544.8387586762,5448103.2901776396]]},"properties":{"LINEAR_FEATURE_ID":701348268,"WATERSHED_GROUP_ID":63,"EDGE_TYPE":1350,"BLUE_LINE_KEY":355991886,"WATERSHED_KEY":356364114,"FWA_WATERSHED_CODE":"100-000000-000000-000000-000000-000000-000000-000000-000000-000000-000000-000000-000000-000000-000000-000000-000000-000000-000000-000000-000000","LOCAL_WATERSHED_CODE":"100-067243-000000-000000-000000-000000-000000-000000-000000-000000-000000-000000-000000-000000-000000-000000-000000-000000-000000-000000-000000","WATERSHED_GROUP_CODE":"HARR","DOWNSTREAM_ROUTE_MEASURE":10408.2044407874,"LENGTH_METRE":53.821438572809697,"FEATURE_SOURCE":"areal stream sk","GNIS_ID":21105,"GNIS_NAME":"Nicomen Slough","LEFT_RIGHT_TRIBUTARY":"NONE","STREAM_ORDER":4,"STREAM_MAGNITUDE":47,"WATERBODY_KEY":328998084,"BLUE_LINE_KEY_50K":1054,"WATERSHED_CODE_50K":"100000000000000000000000000000000000000000000","WATERSHED_KEY_50K":571,"WATERSHED_GROUP_CODE_50K":"HARR","GRADIENT":null,"FEATURE_CODE":"WA24111150","OBJECTID":5373152,"GEOMETRY.LEN":0,"FEATURE_LENGTH_M":53.822100000000006}},{"type":"Feature","id":5369460,"geometry":{"type":"LineString","coordinates":[[564723.87720533786,5448367.6093676658],[564717.90735613636,5448379.0991637241],[564695.00173974677,5448375.3470538715],[564683.90753339813,5448375.6915633548]]},"properties":{"LINEAR_FEATURE_ID":701348163,"WATERSHED_GROUP_ID":63,"EDGE_TYPE":1200,"BLUE_LINE_KEY":356230182,"WATERSHED_KEY":356230182,"FWA_WATERSHED_CODE":"100-067243-119835-000000-000000-000000-000000-000000-000000-000000-000000-000000-000000-000000-000000-000000-000000-000000-000000-000000-000000","LOCAL_WATERSHED_CODE":"100-067243-119835-000000-000000-000000-000000-000000-000000-000000-000000-000000-000000-000000-000000-000000-000000-000000-000000-000000-000000","WATERSHED_GROUP_CODE":"HARR","DOWNSTREAM_ROUTE_MEASURE":159.373260432374,"LENGTH_METRE":47.301486798286099,"FEATURE_SOURCE":"lake-def skelet","GNIS_ID":null,"GNIS_NAME":null,"LEFT_RIGHT_TRIBUTARY":"RIGHT","STREAM_ORDER":1,"STREAM_MAGNITUDE":1,"WATERBODY_KEY":329178468,"BLUE_LINE_KEY_50K":null,"WATERSHED_CODE_50K":null,"WATERSHED_KEY_50K":null,"WATERSHED_GROUP_CODE_50K":null,"GRADIENT":null,"FEATURE_CODE":"WA24111110","OBJECTID":5369460,"GEOMETRY.LEN":0,"FEATURE_LENGTH_M":47.301400000000001}},{"type":"Feature","id":1684070,"geometry":{"type":"LineString","coordinates":[[564028.72303547442,5443523.2368742842],[564219.62644748576,5443503.0576759279]]},"properties":{"LINEAR_FEATURE_ID":700731223,"WATERSHED_GROUP_ID":28,"EDGE_TYPE":1250,"BLUE_LINE_KEY":356352298,"WATERSHED_KEY":356352298,"FWA_WATERSHED_CODE":"100-064535-000000-000000-000000-000000-000000-000000-000000-000000-000000-000000-000000-000000-000000-000000-000000-000000-000000-000000-000000","LOCAL_WATERSHED_CODE":"100-064535-008216-000000-000000-000000-000000-000000-000000-000000-000000-000000-000000-000000-000000-000000-000000-000000-000000-000000-000000","WATERSHED_GROUP_CODE":"CHWK","DOWNSTREAM_ROUTE_MEASURE":547.78824653747211,"LENGTH_METRE":192.23779321869401,"FEATURE_SOURCE":"areal stream sk","GNIS_ID":26216,"GNIS_NAME":"Sumas River","LEFT_RIGHT_TRIBUTARY":"LEFT","STREAM_ORDER":6,"STREAM_MAGNITUDE":2306,"WATERBODY_KEY":329083347,"BLUE_LINE_KEY_50K":832,"WATERSHED_CODE_50K":"100065700000000000000000000000000000000000000","WATERSHED_KEY_50K":832,"WATERSHED_GROUP_CODE_50K":"CHWK","GRADIENT":null,"FEATURE_CODE":"WA24111120","OBJECTID":1684070,"GEOMETRY.LEN":0,"FEATURE_LENGTH_M":192.23780000000002}},{"type":"Feature","id":679349,"geometry":{"type":"LineString","coordinates":[[563896.59603318956,5443558.007164361],[564028.72303547442,5443523.2368742842]]},"properties":{"LINEAR_FEATURE_ID":700731213,"WATERSHED_GROUP_ID":28,"EDGE_TYPE":1250,"BLUE_LINE_KEY":356352298,"WATERSHED_KEY":356352298,"FWA_WATERSHED_CODE":"100-064535-000000-000000-000000-000000-000000-000000-000000-000000-000000-000000-000000-000000-000000-000000-000000-000000-000000-000000-000000","LOCAL_WATERSHED_CODE":"100-064535-000000-000000-000000-000000-000000-000000-000000-000000-000000-000000-000000-000000-000000-000000-000000-000000-000000-000000-000000","WATERSHED_GROUP_CODE":"CHWK","DOWNSTREAM_ROUTE_MEASURE":410.98647111963101,"LENGTH_METRE":136.80177541784101,"FEATURE_SOURCE":"areal stream sk","GNIS_ID":26216,"GNIS_NAME":"Sumas River","LEFT_RIGHT_TRIBUTARY":"LEFT","STREAM_ORDER":6,"STREAM_MAGNITUDE":2307,"WATERBODY_KEY":329083347,"BLUE_LINE_KEY_50K":832,"WATERSHED_CODE_50K":"100065700000000000000000000000000000000000000","WATERSHED_KEY_50K":832,"WATERSHED_GROUP_CODE_50K":"CHWK","GRADIENT":null,"FEATURE_CODE":"WA24111120","OBJECTID":679349,"GEOMETRY.LEN":0,"FEATURE_LENGTH_M":136.8013}},{"type":"Feature","id":5375791,"geometry":{"type":"LineString","coordinates":[[563827.25272907573,5443963.3868661867],[563896.59603318956,5443558.007164361]]},"properties":{"LINEAR_FEATURE_ID":701349020,"WATERSHED_GROUP_ID":63,"EDGE_TYPE":1450,"BLUE_LINE_KEY":356352298,"WATERSHED_KEY":356352298,"FWA_WATERSHED_CODE":"100-064535-000000-000000-000000-000000-000000-000000-000000-000000-000000-000000-000000-000000-000000-000000-000000-000000-000000-000000-000000","LOCAL_WATERSHED_CODE":"100-064535-000000-000000-000000-000000-000000-000000-000000-000000-000000-000000-000000-000000-000000-000000-000000-000000-000000-000000-000000","WATERSHED_GROUP_CODE":"HARR","DOWNSTREAM_ROUTE_MEASURE":0,"LENGTH_METRE":410.98647111963101,"FEATURE_SOURCE":"OP","GNIS_ID":26216,"GNIS_NAME":"Sumas River","LEFT_RIGHT_TRIBUTARY":"LEFT","STREAM_ORDER":6,"STREAM_MAGNITUDE":2307,"WATERBODY_KEY":328961584,"BLUE_LINE_KEY_50K":null,"WATERSHED_CODE_50K":null,"WATERSHED_KEY_50K":null,"WATERSHED_GROUP_CODE_50K":null,"GRADIENT":null,"FEATURE_CODE":"WA24111190","OBJECTID":5375791,"GEOMETRY.LEN":0,"FEATURE_LENGTH_M":410.98689999999999}},{"type":"Feature","id":5367339,"geometry":{"type":"LineString","coordinates":[[562460.63989044051,5443835.023513075],[563057.33739885408,5443932.6927895332],[563827.25272907573,5443963.3868661867]]},"properties":{"LINEAR_FEATURE_ID":701348987,"WATERSHED_GROUP_ID":63,"EDGE_TYPE":1250,"BLUE_LINE_KEY":356364114,"WATERSHED_KEY":356364114,"FWA_WATERSHED_CODE":"100-000000-000000-000000-000000-000000-000000-000000-000000-000000-000000-000000-000000-000000-000000-000000-000000-000000-000000-000000-000000","LOCAL_WATERSHED_CODE":"100-063556-000000-000000-000000-000000-000000-000000-000000-000000-000000-000000-000000-000000-000000-000000-000000-000000-000000-000000-000000","WATERSHED_GROUP_CODE":"HARR","DOWNSTREAM_ROUTE_MEASURE":89437.669186579209,"LENGTH_METRE":1377.1104678367801,"FEATURE_SOURCE":"areal stream sk","GNIS_ID":39325,"GNIS_NAME":"Fraser River","LEFT_RIGHT_TRIBUTARY":"NONE","STREAM_ORDER":10,"STREAM_MAGNITUDE":290718,"WATERBODY_KEY":328961584,"BLUE_LINE_KEY_50K":571,"WATERSHED_CODE_50K":"100000000000000000000000000000000000000000000","WATERSHED_KEY_50K":571,"WATERSHED_GROUP_CODE_50K":"HARR","GRADIENT":null,"FEATURE_CODE":"WA24111120","OBJECTID":5367339,"GEOMETRY.LEN":0,"FEATURE_LENGTH_M":1377.1101000000001}},{"type":"Feature","id":5368184,"geometry":{"type":"LineString","coordinates":[[563827.25272907573,5443963.3868661867],[564687.2900976683,5444355.3207212528]]},"properties":{"LINEAR_FEATURE_ID":701348964,"WATERSHED_GROUP_ID":63,"EDGE_TYPE":1250,"BLUE_LINE_KEY":356364114,"WATERSHED_KEY":356364114,"FWA_WATERSHED_CODE":"100-000000-000000-000000-000000-000000-000000-000000-000000-000000-000000-000000-000000-000000-000000-000000-000000-000000-000000-000000-000000","LOCAL_WATERSHED_CODE":"100-064535-000000-000000-000000-000000-000000-000000-000000-000000-000000-000000-000000-000000-000000-000000-000000-000000-000000-000000-000000","WATERSHED_GROUP_CODE":"HARR","DOWNSTREAM_ROUTE_MEASURE":90814.779654416008,"LENGTH_METRE":946.15315227316694,"FEATURE_SOURCE":"areal stream sk","GNIS_ID":39325,"GNIS_NAME":"Fraser River","LEFT_RIGHT_TRIBUTARY":"NONE","STREAM_ORDER":10,"STREAM_MAGNITUDE":288411,"WATERBODY_KEY":328961584,"BLUE_LINE_KEY_50K":571,"WATERSHED_CODE_50K":"100000000000000000000000000000000000000000000","WATERSHED_KEY_50K":571,"WATERSHED_GROUP_CODE_50K":"HARR","GRADIENT":null,"FEATURE_CODE":"WA24111120","OBJECTID":5368184,"GEOMETRY.LEN":0,"FEATURE_LENGTH_M":946.15340000000003}},{"type":"Feature","id":5369884,"geometry":{"type":"LineString","coordinates":[[564054.84403390624,5446451.5708638458],[564082.86274085497,5446391.5466928417],[564056.11459803535,5446351.6625347771],[563970.98103055207,5446294.5467595179],[563964.80281182157,5446278.5638567219]]},"properties":{"LINEAR_FEATURE_ID":701348772,"WATERSHED_GROUP_ID":63,"EDGE_TYPE":1400,"BLUE_LINE_KEY":356108673,"WATERSHED_KEY":356108673,"FWA_WATERSHED_CODE":"999-999999-999999-999999-999999-999999-999999-999999-999999-999999-999999-999999-999999-999999-999999-999999-999999-999999-999999-999999-999999","LOCAL_WATERSHED_CODE":null,"WATERSHED_GROUP_CODE":"HARR","DOWNSTREAM_ROUTE_MEASURE":0,"LENGTH_METRE":233.967048459702,"FEATURE_SOURCE":"OP","GNIS_ID":null,"GNIS_NAME":null,"LEFT_RIGHT_TRIBUTARY":"RIGHT","STREAM_ORDER":1,"STREAM_MAGNITUDE":1,"WATERBODY_KEY":329178114,"BLUE_LINE_KEY_50K":null,"WATERSHED_CODE_50K":null,"WATERSHED_KEY_50K":null,"WATERSHED_GROUP_CODE_50K":null,"GRADIENT":null,"FEATURE_CODE":"WA24111170","OBJECTID":5369884,"GEOMETRY.LEN":0,"FEATURE_LENGTH_M":233.96610000000001}},{"type":"Feature","id":5367390,"geometry":{"type":"LineString","coordinates":[[564381.90062674636,5448482.6846565669],[564381.94056499901,5448483.634458554],[564366.86116995511,5448498.6599494144],[564354.87788365583,5448515.621622364],[564348.88601244718,5448521.5693883784],[564340.83148185373,5448532.5594945904],[564337.95406508888,5448534.5842217458],[564330.94992369437,5448541.6285370914],[564327.95346600562,5448544.6019398393],[564323.925002006,5448545.6629052283],[564308.80315968732,5448554.6715220679],[564304.83392055624,5448554.6251421822],[564294.93162114802,5448560.6852313345],[564287.92594189313,5448562.6614501951],[564267.92274522409,5448572.5626401398],[564259.94481860707,5448576.5872071087],[564251.94760169112,5448582.6689171875],[564242.87785389659,5448584.6223767223],[564219.93799927435,5448597.6556145605],[564214.87742639799,5448600.605255086],[564192.90989780356,5448611.5921312887],[564189.83351795562,5448612.6649247855],[564185.88500751648,5448615.6274813507],[564180.94347474421,5448617.6284437357],[564174.84994168533,5448618.6666865423],[564168.81659059727,5448618.596543055],[564165.87845835346,5448616.6615180448],[564161.90926021955,5448616.6161301704],[564151.82571338781,5448614.5980408741],[564142.83502511773,5448614.6520122588],[564134.81563180429,5448612.6586775258],[564126.87715016445,5448612.5658989353],[564120.80386484426,5448611.5459515397],[564102.88067739364,5448610.5455868533],[564094.80205746868,5448609.6595908003],[564071.9383779834,5448610.6611319138],[564067.85009412817,5448611.5634141508],[564049.88844849763,5448614.6803218797],[564032.84027998394,5448615.5911673205],[564030.87596261525,5448616.6768751377],[564023.87031786283,5448618.6540668281],[564015.8923343257,5448622.6776042162],[564009.91868794733,5448626.5672328658],[564007.85457856162,5448626.5434722211],[564001.90176703036,5448629.6409251224],[563995.8482091378,5448631.6299527735],[563981.8383855396,5448640.6514103524],[563977.84989079786,5448642.6631545732],[563971.85651630478,5448643.5437948918],[563962.86629794422,5448648.6648699753],[563955.86064944125,5448650.6420541024],[563949.84802006162,5448653.5808335869],[563942.8231595956,5448657.6171569973],[563930.85571775679,5448663.6534669334],[563927.82030727901,5448665.6770044472],[563919.94152210432,5448669.5439859042],[563914.96004867065,5448670.5951292533],[563905.8902873625,5448672.5485445494],[563900.86883803376,5448672.6488878895],[563891.95805446338,5448674.6034272891],[563889.89394425356,5448674.5796633372],[563883.94017102488,5448677.6781471735],[563877.88756226725,5448679.6661205338],[563874.87040858879,5448679.6315584378],[563866.93243157258,5448684.6068741558],[563863.85604608897,5448685.6796527049],[563857.80343641096,5448687.6676241495],[563852.94184360816,5448691.5701595275],[563847.92039343179,5448691.6704992242],[563840.95471447532,5448694.5984696681],[563837.87832837924,5448695.6712469533],[563826.90347406804,5448697.6030119956],[563820.8498652213,5448699.5910232207],[563814.91630044056,5448700.6303178631],[563803.86153939168,5448700.6614819374],[563783.91425148386,5448700.5890738806],[563779.9050774863,5448699.5928672701],[563774.80451124546,5448701.5916736042],[563769.94208214537,5448701.6941339904],[563748.88518303272,5448706.675825173],[563735.84521828243,5448708.5838518236],[563732.8290619133,5448708.5492408173],[563727.88751552615,5448710.5501695629],[563717.92456132488,5448712.6524286484],[563701.80820742925,5448715.6332209231],[563684.89878502465,5448718.6042925138],[563680.91032383149,5448720.6170176547],[563676.94112371688,5448720.5716041913],[563663.8433716204,5448728.6540323133],[563655.92609014001,5448736.6382568097],[563651.81857891509,5448739.5996516226],[563644.83362858731,5448744.585738739],[563627.92469212494,5448752.6249112934],[563608.93337586406,5448762.6984009882],[563589.8822415059,5448772.6132161794],[563567.81308152271,5448778.692386928],[563553.82105798344,5448780.5895340126],[563550.90368740377,5448781.6644241028],[563546.93448515469,5448781.619003579],[563534.86825783656,5448786.5467276415],[563531.93062411575,5448789.6797961844],[563522.92152229964,5448795.5928908354],[563502.91650835902,5448801.6968136737],[563480.82749369508,5448808.5680844598],[563478.86316573562,5448809.653773996],[563467.90799924568,5448814.5944573246],[563446.85258321953,5448824.6451187367],[563427.93874009338,5448831.553120276],[563405.86960007378,5448837.6332361782],[563392.93043656833,5448840.6516187349],[563369.80846519931,5448845.6114546526],[563362.90261690901,5448848.6990398755],[563351.82838756079,5448854.5883722305],[563339.88123628125,5448858.5683885626],[563334.88047770178,5448861.6776229301],[563326.84271637839,5448865.5444006911],[563304.8926155495,5448870.6758136433],[563291.95244718355,5448873.6942200176],[563270.91484639922,5448876.6196266385],[563259.90003811568,5448877.6015052795],[563255.92983535095,5448877.5561124142],[563249.87728781207,5448879.546026947],[563236.91826902598,5448889.6896599857],[563227.92983285873,5448898.6116364384],[563213.88128236483,5448915.5522683822],[563211.95591871219,5448917.588787525],[563209.85330077447,5448921.6822675699],[563208.92090645223,5448924.6793883974],[563202.89027546637,5448938.5453791786],[563197.85123172088,5448954.6390583403],[563188.84393122187,5448970.6862507025],[563185.86815601715,5448976.6695101922],[563182.87168753915,5448979.643844422],[563166.8963290659,5448993.5539102834],[563161.95479817898,5448995.5557912579],[563158.85911964066,5448998.6866641836],[563139.86900460697,5449017.6291373447],[563129.92795792501,5449031.6083719023],[563128.95563580783,5449033.6556928996],[563123.816374316,5449043.5727909654],[563121.93196943146,5449046.5600546245],[563116.83224539796,5449058.6939891083],[563115.93985513097,5449062.6428965526],[563113.95745694975,5449074.6538385637],[563115.86381228664,5449083.5436350433],[563112.80809478438,5449087.6252954602],[563109.89196759218,5449097.5682987645],[563108.94174704328,5449107.6915839463],[563108.82573516294,5449127.6415178096],[563107.83576477552,5449145.6811808785],[563108.92877489224,5449156.6194150019],[563110.95601486263,5449174.6946657859],[563115.8412042266,5449196.6024643136],[563117.80737449543,5449205.6509153647],[563121.8978636656,5449213.6147767976],[563125.8287497249,5449226.6436355822],[563125.92837453831,5449231.5541776465],[563119.87658595364,5449243.6772324722],[563114.81761219201,5449260.5619660066],[563112.91497049737,5449284.6086617736],[563112.85698451509,5449294.584107765],[563112.91805453319,5449303.6108890418],[563114.90345969738,5449310.6002075365],[563117.84096016688,5449317.6013764255],[563122.82389099197,5449321.6173329903],[563123.9556117442,5449324.6382236825],[563139.95404682995,5449341.6065634182],[563141.83987280016,5449343.6863429621],[563144.93598253757,5449345.6225609398],[563145.90972284251,5449348.6422797749],[563147.89371740352,5449350.5645627389],[563150.81252688379,5449354.5567303468],[563153.82912105601,5449359.6584415054],[563168.93613108818,5449380.5746193277],[563174.93119937857,5449393.6282365499],[563179.85411995766,5449407.618706869],[563180.82686441403,5449410.6384664718],[563190.83208897349,5449424.6872681938],[563192.95587674866,5449428.6707944255],[563195.93289234862,5449431.5546715027],[563198.85070916335,5449435.5468772948],[563199.90254303371,5449436.6671841098],[563202.84105229843,5449443.6682974463],[563204.88570964918,5449449.5502742715],[563207.82421971927,5449456.5513864439],[563210.90106048353,5449460.5457179993],[563212.92564095696,5449464.6857818477],[563213.95758600952,5449466.5972106997],[563216.81620603707,5449471.6977428608],[563217.80822712206,5449472.659382185],[563224.95388926414,5449481.6086823922],[563229.81778001157,5449486.5732878689],[563232.91427517391,5449493.5755670844],[563233.8663293242,5449493.5864171721],[563240.93310083472,5449500.6350930985],[563243.85092216264,5449504.6272944817],[563245.83592041302,5449506.5495289089],[563247.86050366331,5449510.689589926],[563249.84554522845,5449512.6128238728],[563254.88716031366,5449520.5885452703],[563255.8801370603,5449521.5491407355],[563257.8453298636,5449530.5975988843],[563259.88918801188,5449532.6795421373],[563262.84697902342,5449537.622529909],[563262.88694672135,5449538.5733182803],[563265.90455171326,5449543.6749723274],[563267.92852144386,5449546.5480369739],[563272.95086667361,5449556.5818703342],[563274.8959420803,5449557.554314645],[563276.92052789161,5449561.694372708],[563278.86560347187,5449562.6668168828],[563283.9471490389,5449571.5923206322],[563287.85799567425,5449576.5461118659],[563288.90983251284,5449577.666415967],[563296.82931375445,5449588.6835377906],[563298.81431523722,5449590.6057693437],[563305.95999606745,5449599.5550518632],[563306.89282184828,5449601.625015839],[563309.81064977311,5449605.6172107654],[563311.85451107635,5449607.6991511844],[563319.9532481744,5449616.6592370356],[563321.93829395436,5449618.5824672394],[563326.93995369482,5449625.6073880978],[563329.83808498248,5449626.5906364406],[563338.8493400017,5449639.6778392773],[563339.84136452619,5449640.6394755542],[563347.9198813918,5449651.6587124979],[563348.91186308931,5449652.6193488212],[563355.85960373958,5449660.6166639468],[563358.95573069435,5449662.552868234],[563363.89815585455,5449670.685110162],[563368.93936278287,5449673.5937550738],[563375.86679510807,5449683.6482234644],[563375.90576632321,5449684.59905349],[563379.81662374374,5449689.552834779],[563381.92015802918,5449695.5945012402],[563382.87321244366,5449695.6053065751],[563386.94248230068,5449705.6273124665],[563386.8234713471,5449706.5769718457],[563387.85485475289,5449713.555491548],[563387.87555274286,5449716.5643903557],[563388.82803896966,5449721.6422929754],[563388.80848397175,5449737.6356165884],[563388.947195229,5449739.694898746],[563387.81613033672,5449750.6081913495],[563386.92274441593,5449754.5571126705],[563385.89141875261,5449766.5788555872],[563384.91909225076,5449768.6261611907],[563384.81916902214,5449777.65085389],[563383.90708032483,5449778.5907909833],[563381.82234588254,5449794.5593657503],[563380.87014695304,5449804.6826584255],[563379.83800581691,5449806.5712967822],[563378.92530406278,5449812.5773253469],[563377.91305095633,5449813.6748440256],[563375.80918420712,5449821.5673829624],[563374.87582781084,5449824.5655153589],[563374.87625559652,5449829.6325627025],[563373.92319964478,5449829.6217570705],[563373.94332673284,5449837.6977416174],[563373.82427221921,5449838.6463996731],[563372.81178667874,5449843.5429746509],[563373.86367095402,5449844.6642743228],[563372.95096808975,5449850.6702999212],[563373.90402428538,5449850.6811055969],[563373.88403649163,5449861.6073586643],[563373.90373579226,5449864.6162952026],[563373.90316558012,5449869.6833832851],[563373.94309129356,5449870.6331682261],[563373.86343522253,5449877.599698144],[563373.86386263894,5449882.6667422093],[563373.94280248997,5449884.5683544585],[563372.87111857592,5449890.5732498104],[563372.89081774594,5449893.5821852861],[563372.83081744285,5449903.5566486297],[563373.90335620416,5449907.6858396195],[563374.81572779559,5449915.6139995214],[563374.85569656908,5449916.5647836654],[563375.8870799063,5449923.5432859417],[563375.92690549698,5449934.6281952942],[563376.9189337414,5449935.5898282034],[563377.93108852999,5449944.6274351999],[563378.92311691097,5449945.5890679825],[563379.87560390029,5449950.666956869],[563380.90798553405,5449957.645413097],[563380.8283292813,5449964.6119357236],[563380.82775891363,5449969.6790177058],[563381.82078531885,5449970.6406069957],[563382.91183758923,5449981.5788205247],[563385.84938061074,5449988.5799285956],[563388.94495000388,5449995.5832062317],[563388.944379961,5450000.6502863765],[563391.86189357471,5450018.5766255958],[563393.80641124386,5450024.6161418725],[563394.91749545455,5450024.6291177496],[563396.88228280726,5450028.6104858574],[563399.91918338137,5450031.6540035084]]},"properties":{"LINEAR_FEATURE_ID":701348126,"WATERSHED_GROUP_ID":63,"EDGE_TYPE":1000,"BLUE_LINE_KEY":356177269,"WATERSHED_KEY":356177269,"FWA_WATERSHED_CODE":"100-067213-000000-000000-000000-000000-000000-000000-000000-000000-000000-000000-000000-000000-000000-000000-000000-000000-000000-000000-000000","LOCAL_WATERSHED_CODE":"100-067213-142643-000000-000000-000000-000000-000000-000000-000000-000000-000000-000000-000000-000000-000000-000000-000000-000000-000000-000000","WATERSHED_GROUP_CODE":"HARR","DOWNSTREAM_ROUTE_MEASURE":424.52684158376002,"LENGTH_METRE":2551.6136351170303,"FEATURE_SOURCE":"RiverStream","GNIS_ID":null,"GNIS_NAME":null,"LEFT_RIGHT_TRIBUTARY":"RIGHT","STREAM_ORDER":1,"STREAM_MAGNITUDE":1,"WATERBODY_KEY":null,"BLUE_LINE_KEY_50K":630,"WATERSHED_CODE_50K":"100066400118000000000000000000000000000000000","WATERSHED_KEY_50K":630,"WATERSHED_GROUP_CODE_50K":"HARR","GRADIENT":null,"FEATURE_CODE":"GA24850150","OBJECTID":5367390,"GEOMETRY.LEN":0,"FEATURE_LENGTH_M":2803.5653000000002}},{"type":"Feature","id":5368684,"geometry":{"type":"LineString","coordinates":[[563259.77427408379,5447528.177508655],[563338.06952814932,5447683.4629656821],[563461.12814197002,5447778.9335346464],[563620.40485693293,5447870.2337203128],[563983.73916015052,5447978.3107142206],[564196.44060340233,5448064.5466784099],[564302.96882121917,5448081.7804566659],[564403.93003746204,5448074.8829337424],[564491.09105048853,5448103.2943142606]]},"properties":{"LINEAR_FEATURE_ID":701348449,"WATERSHED_GROUP_ID":63,"EDGE_TYPE":1350,"BLUE_LINE_KEY":355991886,"WATERSHED_KEY":356364114,"FWA_WATERSHED_CODE":"100-000000-000000-000000-000000-000000-000000-000000-000000-000000-000000-000000-000000-000000-000000-000000-000000-000000-000000-000000-000000","LOCAL_WATERSHED_CODE":"100-067213-000000-000000-000000-000000-000000-000000-000000-000000-000000-000000-000000-000000-000000-000000-000000-000000-000000-000000-000000","WATERSHED_GROUP_CODE":"HARR","DOWNSTREAM_ROUTE_MEASURE":8984.2523520928498,"LENGTH_METRE":1423.95208869456,"FEATURE_SOURCE":"areal stream sk","GNIS_ID":21105,"GNIS_NAME":"Nicomen Slough","LEFT_RIGHT_TRIBUTARY":"NONE","STREAM_ORDER":4,"STREAM_MAGNITUDE":49,"WATERBODY_KEY":328998084,"BLUE_LINE_KEY_50K":1054,"WATERSHED_CODE_50K":"100000000000000000000000000000000000000000000","WATERSHED_KEY_50K":571,"WATERSHED_GROUP_CODE_50K":"HARR","GRADIENT":null,"FEATURE_CODE":"WA24111150","OBJECTID":5368684,"GEOMETRY.LEN":0,"FEATURE_LENGTH_M":1423.9512}},{"type":"Feature","id":5369459,"geometry":{"type":"LineString","coordinates":[[564381.90062674636,5448482.6846565669],[564388.93084631278,5448497.6506477138],[564395.88454701658,5448519.5841642674],[564396.83808769146,5448524.6620919276],[564402.8763296738,5448538.6674393388],[564403.86935378646,5448539.6290314673],[564404.88211922802,5448543.5996134356],[564407.94074864592,5448549.6520471396],[564409.80825676082,5448557.5910421386],[564411.8985004545,5448579.6260879505],[564412.89152513712,5448580.5876795677],[564413.92652724707,5448592.6342939539],[564413.94726641255,5448595.6432387307],[564415.83701166173,5448611.6582619091],[564416.85077595315,5448615.628797221],[564416.83153348719,5448617.6869409531],[564421.95717860037,5448637.6984116035],[564427.81703297887,5448657.559876034],[564433.8957697103,5448677.5831275694],[564434.9307747992,5448689.6297280546],[564434.817090141,5448709.5797239793],[564434.95686929033,5448711.6399899442],[564434.89900751866,5448721.6145291952],[564433.85301653692,5448744.5626658257],[564436.83463611885,5448762.6497591352],[564437.86959844036,5448774.6953475755],[564434.89677571936,5448794.612949945],[564432.81777258241,5448815.6486790916],[564431.92540451174,5448819.5966228954],[564426.8292371612,5448840.597804076],[564425.93686842639,5448844.545746536],[564424.82629651111,5448849.599904309],[564422.82435303112,5448858.6019602157],[564421.81443928485,5448868.565646885],[564421.83418015169,5448871.5746248318],[564420.88262919534,5448876.6309053926],[564419.91468924808,5448897.6795715531],[564418.86483579793,5448906.6934561757],[564416.86189199914,5448915.695548607],[564414.88104374835,5448936.5737460703],[564414.94226029667,5448945.6005855557],[564415.87610731588,5448947.6705122311],[564415.81774334749,5448952.5779124191],[564415.93728077703,5448956.6963507729],[564415.89820323233,5448959.5466150567],[564415.95937657752,5448968.5724522974],[564416.91296418488,5448973.6513526067],[564416.89507845917,5448984.5766557073],[564416.89657302957,5448989.6437205598],[564416.9370513109,5448995.66162421],[564416.83874875423,5448999.6192254517],[564416.95964347583,5449012.6048267893],[564418.92695584614,5449021.6532410905],[564421.84486759466,5449025.6464265408],[564422.85913236975,5449034.6840478852],[564424.8841758318,5449037.5580603778],[564425.85696466244,5449040.5778236585],[564429.80834313354,5449051.5494947955],[564430.90021587012,5449053.6215866888],[564432.94645274,5449064.5706301779],[564433.84031971474,5449065.6897588111],[564433.93998046836,5449070.5993199451],[564434.93355139182,5449076.6290090205],[564434.83520614181,5449080.5856067585],[564434.91616411589,5449092.621400658],[564433.84606675617,5449103.6934388196],[564431.923080776,5449114.5970986877],[564430.83170432795,5449117.5921085421],[564428.94783827674,5449125.6465076422],[564427.81652315438,5449127.6917223921],[564426.80510927632,5449132.5883203093],[564425.85255637101,5449137.6446277145],[564422.87731195369,5449148.694033104],[564421.80671536387,5449154.6989655774],[564419.94204798026,5449160.6942307614],[564417.91835800291,5449166.687370752],[564416.82702328917,5449169.6833780799],[564412.83986501489,5449180.5622768775],[564409.82368095871,5449190.6619248744],[564408.91156668286,5449191.6008836059],[564406.8093099891,5449204.560577929],[564404.88445998111,5449211.6642171638],[564402.86176504288,5449217.6573094884],[564401.87013017922,5449225.5638659876],[564399.82570029434,5449228.5480789207],[564396.83120344044,5449241.6555981385],[564395.87815275928,5449241.6448059771],[564392.90289935109,5449252.6941951318],[564392.94188264594,5449253.6450312426],[564390.9181878455,5449259.6381631475],[564388.85555256321,5449264.6814582907],[564383.83441751846,5449273.6490072459],[564377.82220169925,5449281.6538835727],[564372.940841506,5449292.6816810789],[564368.87275417638,5449301.6600180557],[564366.84905617638,5449307.6531454148],[564364.92470550456,5449309.6896431008],[564358.89175022044,5449314.6855957191],[564352.91855469078,5449323.6423003403],[564351.80648055114,5449323.6293826662],[564346.92458039499,5449329.5890861107],[564343.88815448526,5449331.612664816],[564339.87938741653,5449335.6825760426],[564337.81525915582,5449335.6588219171],[564333.86571829661,5449338.6213990841],[564331.84152713115,5449339.5474368865],[564325.90840665344,5449345.6538425228],[564318.90215012582,5449352.697164081],[564314.8345629205,5449356.6083629178],[564313.9214910462,5449357.5483611748],[564303.92026967986,5449372.6330880336],[564302.84817484557,5449373.5709609762],[564297.92677559168,5449383.6469482156],[564295.88337855658,5449386.6321080821],[564291.95405500906,5449397.6707208129],[564291.83501204278,5449398.6193869291],[564289.94959629735,5449401.6057144878],[564286.95358940284,5449409.6461609723],[564284.92992535653,5449415.6402768334],[564278.81742510793,5449427.6037944518],[564276.89302632562,5449429.6392865358],[564267.90355659672,5449448.6945770858],[564262.92233237345,5449458.6118853102],[564256.94911527657,5449467.5685638804],[564254.90471679741,5449470.5537623363],[564249.92363636673,5449476.6709877467],[564245.83579288633,5449482.6403403468],[564244.90346974612,5449485.638457357],[564239.90250807116,5449492.5468047056],[564236.84582663118,5449496.6285382109],[564231.8049276931,5449502.5870938227],[564227.83612551168,5449507.6077785892],[564225.9107689301,5449509.6443099398],[564222.95424815,5449513.5684577897],[564218.82542426279,5449518.5870593395],[564215.8486552448,5449524.5693698581],[564211.8798509913,5449529.59005218],[564207.91108934034,5449534.6117336582],[564206.93874234578,5449536.6580588957],[564203.94128640182,5449539.632458047],[564201.89783873246,5449542.6166090043],[564196.85641669179,5449553.6422728831],[564194.85298998991,5449557.5782119641],[564191.87621764815,5449563.5605182815],[564187.92614229559,5449571.5901909443],[564183.81804079749,5449579.617694038],[564183.85801916779,5449580.5684829317],[564181.93365744583,5449582.6049677599],[564177.86453533475,5449591.5833012816],[564177.88526263484,5449594.5922083734],[564175.95985962392,5449596.6277361289],[564172.86408255936,5449603.5597015535],[564171.89173376479,5449605.6060243957],[564170.95840850298,5449608.6041786792],[564163.81386244379,5449618.6552392095],[564157.82037284004,5449629.6700501358],[564153.8915376896,5449635.6415100759],[564150.89403302211,5449638.6149030821],[564148.81064594805,5449640.6492600031],[564138.8473397207,5449656.6847788552],[564132.8341160299,5449664.690634476],[564131.80195001105,5449666.5782890199],[564124.855396981,5449677.5822937973],[564122.81194277527,5449680.5664367741],[564116.81744503265,5449691.5812780447],[564114.89307897945,5449693.6177578541],[564108.85959941545,5449703.6817658748],[564105.86209060543,5449706.6551540922],[564103.8576576811,5449710.5911255749],[564100.86114614282,5449713.5644700704],[564094.94670932344,5449722.6798124257],[564092.9225063026,5449723.6058379291],[564084.86486141244,5449734.5968647245],[564082.9394958457,5449736.6333856415],[564079.80368481786,5449742.6135470597],[564076.92526290857,5449744.639270762],[564074.86155352928,5449749.6815668456],[564073.94847444154,5449750.6215567729],[564066.82362853514,5449763.6815311657],[564064.83840339724,5449765.5583851421],[564061.82167945174,5449770.5908821002],[564060.80939194642,5449771.6874119034],[564054.95517525368,5449779.6953735752],[564053.88302913203,5449780.6322375434],[564049.83413436473,5449787.5523831761],[564047.9087666641,5449789.5889016157],[564045.80512065243,5449793.6814072086],[564043.82089201442,5449795.558216569],[564040.82388950582,5449803.5996525446],[564039.87083285232,5449803.5888551502],[564035.9211983548,5449816.685546726],[564032.84461220447,5449821.5583733916],[564027.94244824036,5449829.5771680148],[564026.81111245556,5449831.6223566225],[564022.88172741048,5449842.6608878775],[564020.95635769982,5449844.6974040102],[564019.86400010227,5449847.6934209457],[564018.93162054755,5449850.6905204589],[564015.81509883981,5449854.6135582887],[564010.87295487255,5449861.6815626463],[564009.84182413109,5449863.5701668104],[564005.85173874407,5449870.6490110084],[564002.89419609122,5449874.5731731383],[564001.80283507332,5449877.5691453638],[563998.80635672074,5449880.5434782207],[563996.92038647027,5449888.5968703553],[563993.80432771205,5449897.5869536204],[563992.87094879581,5449900.5840940122],[563990.946042203,5449907.6876554908],[563990.86697044771,5449909.5870995717],[563986.95583497547,5449918.567551109],[563979.81070455909,5449933.6856391663],[563977.80621632817,5449937.6205951665],[563975.88084318,5449939.6571073532],[563974.94750609784,5449942.6552455612],[563973.87635460205,5449943.5920629213],[563971.95098121534,5449945.6285748333],[563971.83193321968,5449946.5772335082],[563969.88630488329,5449950.6718971292],[563968.93424434692,5449950.661055427],[563966.80970935675,5449955.5447119763],[563965.95644191152,5449956.6433633687],[563961.90753020532,5449963.563487336],[563959.86310785997,5449966.5486567505],[563956.82611420704,5449973.639286614],[563955.85379818408,5449975.6865958925],[563952.89571388077,5449984.6778362133],[563951.84428162291,5449988.623587491],[563949.85855587991,5449995.5685172612],[563948.86598390085,5449999.6739763953],[563945.9291510412,5450006.607020068],[563941.84025961719,5450012.5763545521],[563939.89462800056,5450016.6710137092],[563938.86249574786,5450018.5596560845],[563936.83774738223,5450024.5527562825],[563934.85313769314,5450027.6965879546],[563932.84769010462,5450031.6325806193],[563930.92231355025,5450033.6690888964],[563929.85116033803,5450034.6059043724],[563928.8778451049,5450036.6532548163],[563925.84138300177,5450038.6767945793],[563923.95593809965,5450041.6630860465],[563914.90454337804,5450060.5605936339],[563908.88919194927,5450078.7005884778],[563904.91909770668,5450097.6554210223],[563899.83521950326,5450135.6005993746],[563895.90480207012,5450146.6391221993],[563887.8448415132,5450171.5642989418],[563873.91006169794,5450197.6884399988],[563861.86001409939,5450229.6933987951],[563856.85747462581,5450241.6697602859],[563848.87765331997,5450254.5613300363],[563840.91671597527,5450266.6618239898],[563834.8036266542,5450273.5581411598],[563827.81655112875,5450278.5442216285],[563819.91655686393,5450280.6702416185]]},"properties":{"LINEAR_FEATURE_ID":701348124,"WATERSHED_GROUP_ID":63,"EDGE_TYPE":1000,"BLUE_LINE_KEY":356024303,"WATERSHED_KEY":356024303,"FWA_WATERSHED_CODE":"100-067213-142643-000000-000000-000000-000000-000000-000000-000000-000000-000000-000000-000000-000000-000000-000000-000000-000000-000000-000000","LOCAL_WATERSHED_CODE":"100-067213-142643-000000-000000-000000-000000-000000-000000-000000-000000-000000-000000-000000-000000-000000-000000-000000-000000-000000-000000","WATERSHED_GROUP_CODE":"HARR","DOWNSTREAM_ROUTE_MEASURE":0,"LENGTH_METRE":1992.8211543974501,"FEATURE_SOURCE":"RiverStream","GNIS_ID":null,"GNIS_NAME":null,"LEFT_RIGHT_TRIBUTARY":"LEFT","STREAM_ORDER":1,"STREAM_MAGNITUDE":1,"WATERBODY_KEY":null,"BLUE_LINE_KEY_50K":629,"WATERSHED_CODE_50K":"100066400000000000000000000000000000000000000","WATERSHED_KEY_50K":629,"WATERSHED_GROUP_CODE_50K":"HARR","GRADIENT":null,"FEATURE_CODE":"GA24850150","OBJECTID":5369459,"GEOMETRY.LEN":0,"FEATURE_LENGTH_M":2358.8062}},{"type":"Feature","id":5371975,"geometry":{"type":"LineString","coordinates":[[564960.85363942024,5448700.5483065126],[564959.92235067498,5448703.5464224052],[564958.95003314468,5448705.5927818501],[564956.86821896152,5448712.6942764921],[564956.84987664979,5448718.5524953902],[564953.83477713168,5448728.6521900799],[564948.89868029533,5448749.6535294577],[564945.90276483085,5448757.6940777926],[564945.84447678621,5448762.6024939725],[564945.94669572974,5448772.5791164478],[564945.94722647313,5448777.6462422162],[564941.92116916971,5448787.5743907979],[564934.81773246208,5448798.5754022608],[564926.90252275323,5448816.6919709267],[564926.86499041971,5448824.6093223179],[564926.88574763818,5448827.6182611249],[564930.83818605659,5448838.5898998063],[564936.81678682985,5448862.5707853446],[564938.94169341249,5448866.5552570857],[564938.82418659248,5448872.5710081179],[564937.89238336822,5448880.6352799153],[564936.82182896417,5448886.6402449505],[564934.83916902565,5448893.5841791807],[564932.95378820982,5448896.5705457451],[564925.83058035164,5448904.5625611674],[564922.95311855769,5448906.5863014488],[564913.90458269103,5448916.6148822913],[564908.80397858866,5448918.6127606211],[564905.8075242457,5448921.5861732047],[564893.86228992359,5448935.6966255335],[564891.89885633416,5448940.5824164413],[564889.91571954812,5448952.5935019571],[564888.92661488242,5448965.5661247745],[564888.92866472621,5448975.7003079681],[564888.87089787645,5448985.6758230189],[564888.91088480689,5448986.6266195271],[564889.82539803954,5448994.5547829345],[564888.87230637495,5448994.5429974869],[564889.88662313658,5449003.580623324],[564890.90291744145,5449026.5535294591],[564891.87572396046,5449029.5732896719],[564890.80568907573,5449040.6453514984],[564892.89056702133,5449043.6780206254],[564894.93690978386,5449054.628061601],[564895.88900445413,5449054.6398902964],[564901.86703505879,5449073.5526097165],[564903.95095956093,5449076.5863204794],[564906.83043576998,5449084.6957563376],[564908.81551155075,5449086.6189615764],[564910.94094814593,5449095.6705297139],[564911.9137560043,5449098.6902873516],[564912.86680581432,5449098.7010729294],[564913.91958806745,5449103.6224208465],[564914.95214142045,5449110.6019449653],[564915.92494955577,5449113.6217020527],[564915.80691210378,5449114.5703302519],[564916.93874262949,5449117.5922108274],[564918.88440232887,5449123.6327241072],[564920.81030396512,5449126.6642659726],[564920.90999360278,5449131.5738269649],[564922.83589547628,5449134.605368522],[564922.89559797011,5449138.5641342681],[564924.90200182167,5449148.5643677739],[564923.81116912537,5449156.6264880542],[564919.86317978252,5449164.656164322],[564918.83256246347,5449171.6109023206],[564916.80895013618,5449177.6050594514],[564914.80557866592,5449191.6742851343],[564912.80267781136,5449200.6763659418],[564904.80737001053,5449220.6923447549],[564903.93424961844,5449222.5821467889],[564889.86450575548,5449241.576275574],[564885.874999722,5449243.5880942997],[564875.89355449623,5449251.5466650054],[564870.89173372602,5449254.6540326532],[564862.8154344759,5449262.6352158254],[564856.82149748399,5449268.5820514625],[564852.8926857491,5449274.5525830733],[564848.92393024103,5449279.5733206235],[564843.86380933644,5449287.5890689073],[564840.80816148536,5449291.6707985876],[564834.83492998511,5449300.6255512107],[564817.9075171405,5449324.6543317055],[564814.89081161993,5449329.6858941168],[564814.95154894574,5449333.6456063399],[564814.8724548415,5449335.5440675467],[564814.9119623286,5449341.5619930401],[564815.90552002855,5449347.5906620137],[564814.874454921,5449359.6135132872],[564812.87245518551,5449382.5498335268],[564811.94067229959,5449390.6150509296],[564811.82163525769,5449391.5637187837],[564811.86209676682,5449397.5805971827],[564811.82267287665,5449401.6978913452],[564808.88641065301,5449413.6971171238],[564806.82319476025,5449427.6076300358],[564801.92208247783,5449435.6254832027],[564798.90537132719,5449440.6570374835],[564798.82631961035,5449442.5564958714],[564795.90984927816,5449457.5656728083],[564794.81852286402,5449460.5616762871],[564794.83823237405,5449463.5696346853],[564793.90592878824,5449466.5677618869],[564791.86150513438,5449469.5519776214],[564788.8058473065,5449473.6336948853],[564776.91773130989,5449486.636773915],[564774.8343189389,5449488.6701544868],[564767.90805334772,5449497.6150892703],[564759.95066586602,5449518.5818483867],[564758.8593371755,5449521.5778488312],[564756.93446346628,5449528.6804729784],[564755.84313450276,5449531.6764729787],[564754.83173241839,5449536.5730531923],[564752.82780479605,5449545.5751316445],[564751.89501501911,5449553.6403744658],[564751.9350000046,5449554.5911642937],[564751.83618363633,5449563.6148603698],[564751.87616861309,5449564.5656500813],[564749.83281178738,5449577.6850101128],[564748.95868574874,5449579.574844379],[564748.84016134148,5449585.5905840574],[564746.91623067693,5449606.6284248214],[564746.89738292492,5449617.553693301],[564746.9171332675,5449620.5626454614],[564746.93739705672,5449628.6386690857],[564749.95505137381,5449647.6755320048],[564750.8088192814,5449651.643936093],[564752.8136538167,5449656.5760843828],[564753.86555684055,5449657.6973701138],[564760.8524789369,5449666.6464090906]]},"properties":{"LINEAR_FEATURE_ID":701348051,"WATERSHED_GROUP_ID":63,"EDGE_TYPE":1000,"BLUE_LINE_KEY":356200375,"WATERSHED_KEY":356200375,"FWA_WATERSHED_CODE":"100-067243-215364-000000-000000-000000-000000-000000-000000-000000-000000-000000-000000-000000-000000-000000-000000-000000-000000-000000-000000","LOCAL_WATERSHED_CODE":"100-067243-215364-000000-000000-000000-000000-000000-000000-000000-000000-000000-000000-000000-000000-000000-000000-000000-000000-000000-000000","WATERSHED_GROUP_CODE":"HARR","DOWNSTREAM_ROUTE_MEASURE":430.40385931519904,"LENGTH_METRE":1058.94128706997,"FEATURE_SOURCE":"RiverStream","GNIS_ID":null,"GNIS_NAME":null,"LEFT_RIGHT_TRIBUTARY":"RIGHT","STREAM_ORDER":2,"STREAM_MAGNITUDE":2,"WATERBODY_KEY":null,"BLUE_LINE_KEY_50K":631,"WATERSHED_CODE_50K":"100066400135000000000000000000000000000000000","WATERSHED_KEY_50K":631,"WATERSHED_GROUP_CODE_50K":"HARR","GRADIENT":null,"FEATURE_CODE":"GA24850150","OBJECTID":5371975,"GEOMETRY.LEN":0,"FEATURE_LENGTH_M":1216.4612}},{"type":"Feature","id":5368673,"geometry":{"type":"LineString","coordinates":[[565038.86853239371,5448282.6404010551],[565031.89114792203,5448306.6270065606],[565026.8163094928,5448325.5681455275],[565019.81715689588,5448346.5458228542],[565012.85456531355,5448359.6071399618],[565011.8457318747,5448369.5708626611],[565009.88539114839,5448384.5909081679],[565005.884192887,5448407.6622352228],[565002.95000297378,5448419.661536146],[564998.88898364524,5448442.5741846291],[564998.83223440778,5448452.5497232154],[564997.90644099948,5448474.5492430301],[564997.90950777358,5448484.6834454667],[564997.93575832003,5448506.6937834434],[564998.83600742882,5448530.614379623],[564998.95903911244,5448543.6009803824],[564998.92300627846,5448556.584456021],[564997.9339294266,5448569.5571458936],[564995.95281737705,5448581.5682053864],[564990.9575701264,5448603.6779328203],[564984.94941553695,5448625.6172023844],[564982.92835434643,5448636.6784519972],[564981.85776495468,5448642.6824366637],[564978.82379828359,5448653.5732324999],[564977.87224154267,5448658.628538819],[564976.82345170714,5448667.6424231362],[564975.85113508173,5448669.6887838067],[564973.88824704848,5448679.6417262796],[564972.81716630259,5448680.5795755703],[564969.82225393783,5448688.6200890513],[564967.81884392665,5448692.5550980987],[564960.85363942024,5448700.5483065126]]},"properties":{"LINEAR_FEATURE_ID":701348198,"WATERSHED_GROUP_ID":63,"EDGE_TYPE":1000,"BLUE_LINE_KEY":356200375,"WATERSHED_KEY":356200375,"FWA_WATERSHED_CODE":"100-067243-215364-000000-000000-000000-000000-000000-000000-000000-000000-000000-000000-000000-000000-000000-000000-000000-000000-000000-000000","LOCAL_WATERSHED_CODE":"100-067243-215364-000000-000000-000000-000000-000000-000000-000000-000000-000000-000000-000000-000000-000000-000000-000000-000000-000000-000000","WATERSHED_GROUP_CODE":"HARR","DOWNSTREAM_ROUTE_MEASURE":0,"LENGTH_METRE":430.40385931519904,"FEATURE_SOURCE":"RiverStream","GNIS_ID":null,"GNIS_NAME":null,"LEFT_RIGHT_TRIBUTARY":"RIGHT","STREAM_ORDER":2,"STREAM_MAGNITUDE":2,"WATERBODY_KEY":null,"BLUE_LINE_KEY_50K":631,"WATERSHED_CODE_50K":"100066400135000000000000000000000000000000000","WATERSHED_KEY_50K":631,"WATERSHED_GROUP_CODE_50K":"HARR","GRADIENT":null,"FEATURE_CODE":"GA24850140","OBJECTID":5368673,"GEOMETRY.LEN":0,"FEATURE_LENGTH_M":439.16079999999999}},{"type":"Feature","id":5368470,"geometry":{"type":"LineString","coordinates":[[565038.86853239371,5448282.6404010551],[565062.88436361786,5448282.6062637903],[565076.93722338113,5448284.6725775478],[565090.91099970764,5448288.6373755224],[565108.89658123453,5448298.6673827916],[565116.81625914783,5448299.5531495512],[565138.80604544026,5448296.6450114427],[565161.90543641569,5448288.6846993938],[565170.85619720095,5448287.6817983519],[565178.93485314178,5448288.5686819311],[565191.85743303725,5448292.6801827708],[565212.95842603012,5448302.5891737761],[565221.81092852948,5448305.5439084256],[565234.83177324175,5448305.6977606695],[565256.82250652753,5448306.59068505]]},"properties":{"LINEAR_FEATURE_ID":701348196,"WATERSHED_GROUP_ID":63,"EDGE_TYPE":1000,"BLUE_LINE_KEY":356335567,"WATERSHED_KEY":356335567,"FWA_WATERSHED_CODE":"100-067243-000000-000000-000000-000000-000000-000000-000000-000000-000000-000000-000000-000000-000000-000000-000000-000000-000000-000000-000000","LOCAL_WATERSHED_CODE":"100-067243-215364-000000-000000-000000-000000-000000-000000-000000-000000-000000-000000-000000-000000-000000-000000-000000-000000-000000-000000","WATERSHED_GROUP_CODE":"HARR","DOWNSTREAM_ROUTE_MEASURE":701.52350159484706,"LENGTH_METRE":226.57129502819902,"FEATURE_SOURCE":"RiverStream","GNIS_ID":null,"GNIS_NAME":null,"LEFT_RIGHT_TRIBUTARY":"RIGHT","STREAM_ORDER":3,"STREAM_MAGNITUDE":5,"WATERBODY_KEY":null,"BLUE_LINE_KEY_50K":548,"WATERSHED_CODE_50K":"100066500000000000000000000000000000000000000","WATERSHED_KEY_50K":548,"WATERSHED_GROUP_CODE_50K":"HARR","GRADIENT":null,"FEATURE_CODE":"GA24850000","OBJECTID":5368470,"GEOMETRY.LEN":0,"FEATURE_LENGTH_M":226.57160000000002}},{"type":"Feature","id":5376826,"geometry":{"type":"LineString","coordinates":[[565348.81994639698,5448506.5646502478],[565344.85221449344,5448511.5844268659],[565341.89729405136,5448520.5747800535],[565337.87440591399,5448540.6371905124],[565338.85283581563,5448562.6593488557],[565336.89099221816,5448572.6122769406],[565331.81274366996,5448582.6862440528],[565325.86083536351,5448589.5828926051],[565320.8808411163,5448595.6992286444],[565316.83251335332,5448597.5513810851],[565312.80460805085,5448603.6795386625],[565295.85751752625,5448614.5633574277],[565293.81413245387,5448617.5475797849],[565286.87073215889,5448628.5497350218],[565282.90299021779,5448633.5694996109],[565275.82188793563,5448652.6456120452],[565273.91830151202,5448657.6901010191],[565271.95544916287,5448667.6430577235],[565270.90669093607,5448676.6569496347],[565270.94663940067,5448677.6067503896],[565270.82915843511,5448683.6225192621],[565269.90298238466,5448710.6891664444],[565269.94297391514,5448711.6399665503],[565268.87544755475,5448731.5792497555],[565268.83700464887,5448735.6955378372],[565267.88495619653,5448735.6847139644],[565266.83360671729,5448739.6305542793],[565266.9540887709,5448747.549084248],[565265.92664856056,5448764.6390394587],[565263.90702718834,5448784.56648577],[565261.80446616723,5448788.6590435123],[565259.86078647315,5448796.5528412396],[565257.95619723259,5448801.5973636033],[565257.85948366905,5448810.6220642813],[565256.94638488779,5448811.561082596],[565255.87585468451,5448817.5660605589],[565251.83115772402,5448834.6194920968],[565249.82775616017,5448838.5545028979],[565247.80413442675,5448844.5476978747],[565244.90750219347,5448848.6305939108],[565244.87000017532,5448856.5479467455],[565242.94463962223,5448858.5835255934],[565242.94618587103,5448863.650605429],[565235.92481143272,5448886.686436113],[565234.85423511663,5448892.6904081888],[565230.80798349238,5448904.6767449975],[565224.83641114109,5448918.6996560562],[565217.81447908632,5448936.6683502235],[565215.83025325846,5448938.5442162529],[565213.90493305249,5448940.5807917137],[565212.95338543027,5448945.636084863],[565209.9377161765,5448950.6676481087],[565207.93485518917,5448959.6697684173],[565206.92348966526,5448964.5663934629],[565205.9512173204,5448966.6137496987],[565203.83086696244,5448981.6316142324],[565203.81164322479,5448983.6897517759],[565202.91930859326,5448987.6377014313],[565200.87794017186,5449004.5571984397],[565197.86226772645,5449009.5887571964],[565197.92352653237,5449018.6146005075],[565197.9068766135,5449039.6751362402],[565196.87628498534,5449046.6298921015],[565196.85854507564,5449057.5562001299],[565196.88184126979,5449079.5665218951],[565195.93029019004,5449084.6218059091],[565195.83202451514,5449088.5794091681],[565188.94787085801,5449108.6084044762],[565180.93241576618,5449130.6826221859],[565177.81788398081,5449134.6036670227],[565175.81401544891,5449143.6058084508],[565174.88172998047,5449146.603954413],[565173.87090171967,5449156.5676716845],[565171.94707196055,5449163.6703007901],[565169.80440208293,5449170.6121396469],[565165.87620165804,5449181.6508007431],[565162.90248725726,5449201.5673989868],[565164.86991165439,5449224.5511265369],[565166.93660223135,5449243.5772091905],[565165.86601382925,5449249.581152861],[565164.95403466665,5449260.655360098],[565158.92364135769,5449284.6527271355],[565154.83780076692,5449304.5553935664],[565154.93665327318,5449305.6658958606],[565154.91940173053,5449321.6582629727],[565154.95939154318,5449322.6090559196],[565154.860124812,5449326.5666905856],[565154.9599319183,5449327.6761496132],[565154.88043136999,5449334.6427486604],[565153.88981985452,5449342.548270667],[565153.82960642199,5449343.6556495186],[565152.81877092004,5449353.6193419183],[565151.90570755105,5449354.5593514871],[565150.91415921215,5449358.6638246691],[565150.95414895832,5449359.6146171875],[565147.85895708005,5449371.6127457824],[565147.83973091224,5449373.6708733384],[565146.94638992636,5449377.6188458605],[565145.89614565903,5449391.6998310946],[565144.80478944257,5449394.6948441248],[565141.80933957733,5449411.6035126857],[565141.94809529837,5449413.6628059596],[565139.88593244366,5449427.5732925683],[565137.94132828154,5449431.6669784375],[565135.83763829165,5449439.5596271334],[565132.80171919474,5449446.6493227808],[565130.81859760149,5449458.6603438221],[565128.81417481287,5449462.5953618446],[565127.88142311294,5449470.6606227281],[565127.80237886123,5449472.5600818368],[565125.89829989953,5449482.6716399537],[565122.94232716109,5449505.5972054945],[565121.85096823401,5449508.5922137164],[565121.81198972359,5449521.5766691202],[565121.95178567059,5449523.6369161298],[565121.9127638425,5449536.6203694222],[565121.95275313745,5449537.5711598629],[565121.81403132062,5449545.6450734558],[565120.86151297274,5449550.7013694271],[565121.85455761815,5449551.662943393],[565121.91431118501,5449555.6226900462],[565120.86194294121,5449559.5685297512],[565120.90246907843,5449565.5863986621],[565120.9222332791,5449568.5953545719],[565124.85254753381,5449581.6261448767],[565128.90182010247,5449583.5740689216]]},"properties":{"LINEAR_FEATURE_ID":701348097,"WATERSHED_GROUP_ID":63,"EDGE_TYPE":1000,"BLUE_LINE_KEY":356115833,"WATERSHED_KEY":356115833,"FWA_WATERSHED_CODE":"100-067243-284920-139964-000000-000000-000000-000000-000000-000000-000000-000000-000000-000000-000000-000000-000000-000000-000000-000000-000000","LOCAL_WATERSHED_CODE":"100-067243-284920-139964-000000-000000-000000-000000-000000-000000-000000-000000-000000-000000-000000-000000-000000-000000-000000-000000-000000","WATERSHED_GROUP_CODE":"HARR","DOWNSTREAM_ROUTE_MEASURE":21.655178333628598,"LENGTH_METRE":1132.83379258133,"FEATURE_SOURCE":"RiverStream","GNIS_ID":null,"GNIS_NAME":null,"LEFT_RIGHT_TRIBUTARY":"RIGHT","STREAM_ORDER":1,"STREAM_MAGNITUDE":1,"WATERBODY_KEY":null,"BLUE_LINE_KEY_50K":632,"WATERSHED_CODE_50K":"100066400135004150000000000000000000000000000","WATERSHED_KEY_50K":632,"WATERSHED_GROUP_CODE_50K":"HARR","GRADIENT":null,"FEATURE_CODE":"GA24850150","OBJECTID":5376826,"GEOMETRY.LEN":0,"FEATURE_LENGTH_M":1296.9358}},{"type":"Feature","id":5369110,"geometry":{"type":"LineString","coordinates":[[565281.22436969576,5447917.821190225],[565303.91577362327,5447976.6776148509]]},"properties":{"LINEAR_FEATURE_ID":701348310,"WATERSHED_GROUP_ID":63,"EDGE_TYPE":1450,"BLUE_LINE_KEY":356163235,"WATERSHED_KEY":356163235,"FWA_WATERSHED_CODE":"100-067660-000000-000000-000000-000000-000000-000000-000000-000000-000000-000000-000000-000000-000000-000000-000000-000000-000000-000000-000000","LOCAL_WATERSHED_CODE":"100-067660-000000-000000-000000-000000-000000-000000-000000-000000-000000-000000-000000-000000-000000-000000-000000-000000-000000-000000-000000","WATERSHED_GROUP_CODE":"HARR","DOWNSTREAM_ROUTE_MEASURE":0,"LENGTH_METRE":63.053851209846492,"FEATURE_SOURCE":"OP","GNIS_ID":null,"GNIS_NAME":null,"LEFT_RIGHT_TRIBUTARY":"RIGHT","STREAM_ORDER":1,"STREAM_MAGNITUDE":1,"WATERBODY_KEY":328998084,"BLUE_LINE_KEY_50K":null,"WATERSHED_CODE_50K":null,"WATERSHED_KEY_50K":null,"WATERSHED_GROUP_CODE_50K":null,"GRADIENT":null,"FEATURE_CODE":"WA24111190","OBJECTID":5369110,"GEOMETRY.LEN":0,"FEATURE_LENGTH_M":63.055700000000002}},{"type":"Feature","id":5367813,"geometry":{"type":"LineString","coordinates":[[565338.86645609315,5448473.66828987],[565363.60213715222,5448490.746518787]]},"properties":{"LINEAR_FEATURE_ID":701348108,"WATERSHED_GROUP_ID":63,"EDGE_TYPE":1200,"BLUE_LINE_KEY":356358095,"WATERSHED_KEY":356358095,"FWA_WATERSHED_CODE":"100-067243-284920-000000-000000-000000-000000-000000-000000-000000-000000-000000-000000-000000-000000-000000-000000-000000-000000-000000-000000","LOCAL_WATERSHED_CODE":"100-067243-284920-000000-000000-000000-000000-000000-000000-000000-000000-000000-000000-000000-000000-000000-000000-000000-000000-000000-000000","WATERSHED_GROUP_CODE":"HARR","DOWNSTREAM_ROUTE_MEASURE":208.217091141222,"LENGTH_METRE":30.080096984673698,"FEATURE_SOURCE":"lake-def skelet","GNIS_ID":null,"GNIS_NAME":null,"LEFT_RIGHT_TRIBUTARY":"RIGHT","STREAM_ORDER":2,"STREAM_MAGNITUDE":3,"WATERBODY_KEY":329178047,"BLUE_LINE_KEY_50K":548,"WATERSHED_CODE_50K":"100066500000000000000000000000000000000000000","WATERSHED_KEY_50K":548,"WATERSHED_GROUP_CODE_50K":"HARR","GRADIENT":null,"FEATURE_CODE":"WA24111110","OBJECTID":5367813,"GEOMETRY.LEN":0,"FEATURE_LENGTH_M":30.0807}},{"type":"Feature","id":1453243,"geometry":{"type":"LineString","coordinates":[[568787.95905393932,5443269.6720808297],[568788.94959052955,5443254.6418447522],[568787.90317748697,5443231.668476725],[568787.94063915987,5443216.625505683],[568787.84725615883,5443193.6638550907],[568787.81103151827,5443169.5948548708],[568788.91850215942,5443153.6149325985],[568789.80205816217,5443133.6740298923],[568788.84223973972,5443128.5950517943],[568787.93771393376,5443107.6819755537],[568786.81435511285,5443086.6081041759],[568786.95167182316,5443072.6746515399],[568785.80440132041,5443048.5917304475],[568785.90906458243,5443026.5830598753],[568785.92940040794,5443013.5982663967],[568785.90774756658,5442999.6636870559],[568785.82722773449,5442985.569386269],[568785.80557443609,5442971.6348021366],[568786.93695075228,5442958.6638849163],[568787.91869284445,5442938.5664155716],[568788.91822347115,5442917.676832688],[568789.94874239643,5442903.596402524],[568789.92708700686,5442889.6618042709],[568787.81645469903,5442872.6925873328],[568790.8839158779,5442866.5553134289],[568793.8179431255,5442864.6910394551],[568805.86657434492,5442865.6335924156],[568825.85440513259,5442866.673318197],[568846.85246435646,5442866.6184179299],[568861.87715608533,5442866.6474710628],[568875.94882150495,5442866.664794825],[568888.90840615495,5442866.6672761207],[568908.91244830843,5442865.6508036628],[568917.94494379719,5442866.5549608441],[568941.91806634748,5442865.5865836367],[568953.92566614901,5442865.5782847619],[568974.82558024966,5442865.6808680976],[568995.94066423783,5442864.6782546537],[569008.94228529534,5442865.6315009221],[569022.85498565366,5442865.6476837816],[569036.92665445129,5442865.6649777703],[569052.82744054589,5442867.6052616918],[569074.89555362437,5442866.6143505108],[569091.90738245798,5442868.568507052],[569112.86445592041,5442867.5637044404],[569130.94733034004,5442868.5818601502],[569154.80356989976,5442868.5640875921],[569172.88544861693,5442869.5822767466],[569192.83234391548,5442869.673077709],[569204.83994897699,5442869.6647393489],[569226.94914837729,5442869.625612719],[569246.8362233087,5442869.5577235892],[569267.93524491449,5442870.6142118499],[569289.8282837976,5442871.6803026311],[569302.94697527506,5442871.6868261769],[569314.95458268456,5442871.678470498],[569327.91426330642,5442871.6828768272],[569340.87494181632,5442871.687237652],[569353.87666131544,5442872.6424253462],[569366.83634287759,5442872.6468250798],[569379.95503609511,5442872.6533353804],[569393.90978458722,5442873.6202364452],[569414.87373795453,5442877.6836221013],[569430.94970735162,5442877.5687629525],[569452.88483846292,5442879.5865930011],[569465.94538774271,5442880.7004809808],[569487.93762750458,5442881.6099522449],[569515.84518334689,5442883.5447993474],[569538.89136286872,5442885.5764792794],[569559.8724768369,5442887.5826041717],[569582.87761677639,5442888.6634418527],[569592.80410341476,5442890.6886733379],[569615.90747998923,5442891.6139809303],[569639.90569847915,5442893.6573913265],[569660.92786462675,5442896.6143180495],[569683.81508830423,5442898.6448425194],[569707.81335625972,5442900.6892317254],[569720.81513528316,5442901.645357592],[569742.8313828588,5442905.5648072679],[569762.81948035478,5442906.6092889458],[569810.84927081468,5442906.5826099068],[569822.95784870256,5442907.6856793705],[569842.84403967985,5442907.6196788829],[569866.81534438243,5442917.5825815424],[569886.95835660235,5442929.5547998697],[569909.94345545245,5442943.622374231],[569930.92154658656,5442956.5550098121],[569952.93653936207,5442972.6690765405],[569970.84039946401,5442986.6717532175],[569986.89730039216,5442999.5425634272],[570004.89322748187,5443009.5885503991]]},"properties":{"LINEAR_FEATURE_ID":700731521,"WATERSHED_GROUP_ID":28,"EDGE_TYPE":2000,"BLUE_LINE_KEY":356341130,"WATERSHED_KEY":356341130,"FWA_WATERSHED_CODE":"100-064535-055273-000000-000000-000000-000000-000000-000000-000000-000000-000000-000000-000000-000000-000000-000000-000000-000000-000000-000000","LOCAL_WATERSHED_CODE":"100-064535-055273-696566-000000-000000-000000-000000-000000-000000-000000-000000-000000-000000-000000-000000-000000-000000-000000-000000-000000","WATERSHED_GROUP_CODE":"CHWK","DOWNSTREAM_ROUTE_MEASURE":3794.8566086013302,"LENGTH_METRE":1653.09228619901,"FEATURE_SOURCE":"RiverStream","GNIS_ID":null,"GNIS_NAME":null,"LEFT_RIGHT_TRIBUTARY":"RIGHT","STREAM_ORDER":1,"STREAM_MAGNITUDE":1,"WATERBODY_KEY":null,"BLUE_LINE_KEY_50K":null,"WATERSHED_CODE_50K":null,"WATERSHED_KEY_50K":null,"WATERSHED_GROUP_CODE_50K":null,"GRADIENT":null,"FEATURE_CODE":"GA08800110","OBJECTID":1453243,"GEOMETRY.LEN":0,"FEATURE_LENGTH_M":1653.1133}},{"type":"Feature","id":5366688,"geometry":{"type":"LineString","coordinates":[[566836.9574101707,5443361.6369609525],[566854.2005758197,5443359.1531436928],[566932.31112263456,5443450.5151745444],[566952.80626376299,5443459.6309870463]]},"properties":{"LINEAR_FEATURE_ID":701349031,"WATERSHED_GROUP_ID":63,"EDGE_TYPE":1200,"BLUE_LINE_KEY":356177198,"WATERSHED_KEY":356177198,"FWA_WATERSHED_CODE":"100-066866-000000-000000-000000-000000-000000-000000-000000-000000-000000-000000-000000-000000-000000-000000-000000-000000-000000-000000-000000","LOCAL_WATERSHED_CODE":"100-066866-000000-000000-000000-000000-000000-000000-000000-000000-000000-000000-000000-000000-000000-000000-000000-000000-000000-000000-000000","WATERSHED_GROUP_CODE":"HARR","DOWNSTREAM_ROUTE_MEASURE":1030.71566512956,"LENGTH_METRE":160.12612831450102,"FEATURE_SOURCE":"lake-def skelet","GNIS_ID":null,"GNIS_NAME":null,"LEFT_RIGHT_TRIBUTARY":"LEFT","STREAM_ORDER":1,"STREAM_MAGNITUDE":1,"WATERBODY_KEY":329178197,"BLUE_LINE_KEY_50K":null,"WATERSHED_CODE_50K":null,"WATERSHED_KEY_50K":null,"WATERSHED_GROUP_CODE_50K":null,"GRADIENT":null,"FEATURE_CODE":"WA24111110","OBJECTID":5366688,"GEOMETRY.LEN":0,"FEATURE_LENGTH_M":160.12620000000001}},{"type":"Feature","id":5369189,"geometry":{"type":"LineString","coordinates":[[566979.93796212773,5444342.9624782735],[567441.34351858706,5444169.4263185244],[568072.65583411581,5444322.3750641979],[568504.92678987049,5444756.8428986659]]},"properties":{"LINEAR_FEATURE_ID":701348934,"WATERSHED_GROUP_ID":63,"EDGE_TYPE":1250,"BLUE_LINE_KEY":356364114,"WATERSHED_KEY":356364114,"FWA_WATERSHED_CODE":"100-000000-000000-000000-000000-000000-000000-000000-000000-000000-000000-000000-000000-000000-000000-000000-000000-000000-000000-000000-000000","LOCAL_WATERSHED_CODE":"100-066866-000000-000000-000000-000000-000000-000000-000000-000000-000000-000000-000000-000000-000000-000000-000000-000000-000000-000000-000000","WATERSHED_GROUP_CODE":"HARR","DOWNSTREAM_ROUTE_MEASURE":94095.90378786721,"LENGTH_METRE":1757.0570228474401,"FEATURE_SOURCE":"areal stream sk","GNIS_ID":39325,"GNIS_NAME":"Fraser River","LEFT_RIGHT_TRIBUTARY":"NONE","STREAM_ORDER":10,"STREAM_MAGNITUDE":288401,"WATERBODY_KEY":328961584,"BLUE_LINE_KEY_50K":571,"WATERSHED_CODE_50K":"100000000000000000000000000000000000000000000","WATERSHED_KEY_50K":571,"WATERSHED_GROUP_CODE_50K":"HARR","GRADIENT":null,"FEATURE_CODE":"WA24111120","OBJECTID":5369189,"GEOMETRY.LEN":0,"FEATURE_LENGTH_M":1757.0577000000001}},{"type":"Feature","id":5368036,"geometry":{"type":"LineString","coordinates":[[566979.93796212773,5444342.9624782735],[566976.86518291989,5443807.6523814686]]},"properties":{"LINEAR_FEATURE_ID":701348965,"WATERSHED_GROUP_ID":63,"EDGE_TYPE":1450,"BLUE_LINE_KEY":356177198,"WATERSHED_KEY":356177198,"FWA_WATERSHED_CODE":"100-066866-000000-000000-000000-000000-000000-000000-000000-000000-000000-000000-000000-000000-000000-000000-000000-000000-000000-000000-000000","LOCAL_WATERSHED_CODE":"100-066866-000000-000000-000000-000000-000000-000000-000000-000000-000000-000000-000000-000000-000000-000000-000000-000000-000000-000000-000000","WATERSHED_GROUP_CODE":"HARR","DOWNSTREAM_ROUTE_MEASURE":0,"LENGTH_METRE":534.92389662235405,"FEATURE_SOURCE":"OP","GNIS_ID":null,"GNIS_NAME":null,"LEFT_RIGHT_TRIBUTARY":"LEFT","STREAM_ORDER":1,"STREAM_MAGNITUDE":1,"WATERBODY_KEY":328961584,"BLUE_LINE_KEY_50K":null,"WATERSHED_CODE_50K":null,"WATERSHED_KEY_50K":null,"WATERSHED_GROUP_CODE_50K":null,"GRADIENT":null,"FEATURE_CODE":"WA24111190","OBJECTID":5368036,"GEOMETRY.LEN":0,"FEATURE_LENGTH_M":534.92399999999998}},{"type":"Feature","id":5368108,"geometry":{"type":"LineString","coordinates":[[567016.70009824482,5444827.8906504577],[567485.96490862628,5445024.0970155047],[568043.79528311861,5445100.9324511765]]},"properties":{"LINEAR_FEATURE_ID":701348874,"WATERSHED_GROUP_ID":63,"EDGE_TYPE":1350,"BLUE_LINE_KEY":355992485,"WATERSHED_KEY":356364114,"FWA_WATERSHED_CODE":"100-000000-000000-000000-000000-000000-000000-000000-000000-000000-000000-000000-000000-000000-000000-000000-000000-000000-000000-000000-000000","LOCAL_WATERSHED_CODE":"100-067925-000000-000000-000000-000000-000000-000000-000000-000000-000000-000000-000000-000000-000000-000000-000000-000000-000000-000000-000000","WATERSHED_GROUP_CODE":"HARR","DOWNSTREAM_ROUTE_MEASURE":486.73838736376706,"LENGTH_METRE":1073.0766747972,"FEATURE_SOURCE":"areal stream sk","GNIS_ID":null,"GNIS_NAME":null,"LEFT_RIGHT_TRIBUTARY":"NONE","STREAM_ORDER":3,"STREAM_MAGNITUDE":8,"WATERBODY_KEY":329710402,"BLUE_LINE_KEY_50K":1031,"WATERSHED_CODE_50K":"100000000000000000000000000000000000000000000","WATERSHED_KEY_50K":571,"WATERSHED_GROUP_CODE_50K":"HARR","GRADIENT":null,"FEATURE_CODE":"WA24111150","OBJECTID":5368108,"GEOMETRY.LEN":0,"FEATURE_LENGTH_M":1073.0767000000001}},{"type":"Feature","id":1828349,"geometry":{"type":"LineString","coordinates":[[567719.93661089323,5443291.6313478099],[567714.87990915717,5443349.6829705872]]},"properties":{"LINEAR_FEATURE_ID":700731275,"WATERSHED_GROUP_ID":28,"EDGE_TYPE":1400,"BLUE_LINE_KEY":356114844,"WATERSHED_KEY":356114844,"FWA_WATERSHED_CODE":"999-999999-999999-999999-999999-999999-999999-999999-999999-999999-999999-999999-999999-999999-999999-999999-999999-999999-999999-999999-999999","LOCAL_WATERSHED_CODE":null,"WATERSHED_GROUP_CODE":"CHWK","DOWNSTREAM_ROUTE_MEASURE":0,"LENGTH_METRE":58.2283595095805,"FEATURE_SOURCE":"OP","GNIS_ID":null,"GNIS_NAME":null,"LEFT_RIGHT_TRIBUTARY":"RIGHT","STREAM_ORDER":1,"STREAM_MAGNITUDE":1,"WATERBODY_KEY":329083480,"BLUE_LINE_KEY_50K":null,"WATERSHED_CODE_50K":null,"WATERSHED_KEY_50K":null,"WATERSHED_GROUP_CODE_50K":null,"GRADIENT":null,"FEATURE_CODE":"WA24111170","OBJECTID":1828349,"GEOMETRY.LEN":0,"FEATURE_LENGTH_M":58.228500000000004}},{"type":"Feature","id":5373978,"geometry":{"type":"LineString","coordinates":[[568041.3501746055,5445374.0042579304],[568036.89971781196,5445428.8478655927]]},"properties":{"LINEAR_FEATURE_ID":701348851,"WATERSHED_GROUP_ID":63,"EDGE_TYPE":1350,"BLUE_LINE_KEY":355992484,"WATERSHED_KEY":356364114,"FWA_WATERSHED_CODE":"100-000000-000000-000000-000000-000000-000000-000000-000000-000000-000000-000000-000000-000000-000000-000000-000000-000000-000000-000000-000000","LOCAL_WATERSHED_CODE":"100-067925-000000-000000-000000-000000-000000-000000-000000-000000-000000-000000-000000-000000-000000-000000-000000-000000-000000-000000-000000","WATERSHED_GROUP_CODE":"HARR","DOWNSTREAM_ROUTE_MEASURE":272.88448979705203,"LENGTH_METRE":54.984697071195697,"FEATURE_SOURCE":"areal stream sk","GNIS_ID":null,"GNIS_NAME":null,"LEFT_RIGHT_TRIBUTARY":"NONE","STREAM_ORDER":3,"STREAM_MAGNITUDE":8,"WATERBODY_KEY":329710414,"BLUE_LINE_KEY_50K":1063,"WATERSHED_CODE_50K":"100000000000000000000000000000000000000000000","WATERSHED_KEY_50K":571,"WATERSHED_GROUP_CODE_50K":"HARR","GRADIENT":null,"FEATURE_CODE":"WA24111150","OBJECTID":5373978,"GEOMETRY.LEN":0,"FEATURE_LENGTH_M":54.9846}},{"type":"Feature","id":5376618,"geometry":{"type":"LineString","coordinates":[[568043.79528311861,5445100.9324511765],[568041.3501746055,5445374.0042579304]]},"properties":{"LINEAR_FEATURE_ID":701348859,"WATERSHED_GROUP_ID":63,"EDGE_TYPE":1450,"BLUE_LINE_KEY":355992484,"WATERSHED_KEY":356364114,"FWA_WATERSHED_CODE":"100-000000-000000-000000-000000-000000-000000-000000-000000-000000-000000-000000-000000-000000-000000-000000-000000-000000-000000-000000-000000","LOCAL_WATERSHED_CODE":"100-067925-000000-000000-000000-000000-000000-000000-000000-000000-000000-000000-000000-000000-000000-000000-000000-000000-000000-000000-000000","WATERSHED_GROUP_CODE":"HARR","DOWNSTREAM_ROUTE_MEASURE":0,"LENGTH_METRE":272.88448979705203,"FEATURE_SOURCE":"OP","GNIS_ID":null,"GNIS_NAME":null,"LEFT_RIGHT_TRIBUTARY":"NONE","STREAM_ORDER":3,"STREAM_MAGNITUDE":8,"WATERBODY_KEY":329710402,"BLUE_LINE_KEY_50K":1063,"WATERSHED_CODE_50K":"100000000000000000000000000000000000000000000","WATERSHED_KEY_50K":571,"WATERSHED_GROUP_CODE_50K":"HARR","GRADIENT":null,"FEATURE_CODE":"WA24111190","OBJECTID":5376618,"GEOMETRY.LEN":0,"FEATURE_LENGTH_M":272.88480000000004}},{"type":"Feature","id":5371772,"geometry":{"type":"LineString","coordinates":[[568043.79528311861,5445100.9324511765],[568248.70057768887,5444966.2123547383]]},"properties":{"LINEAR_FEATURE_ID":701348867,"WATERSHED_GROUP_ID":63,"EDGE_TYPE":1350,"BLUE_LINE_KEY":355992485,"WATERSHED_KEY":356364114,"FWA_WATERSHED_CODE":"100-000000-000000-000000-000000-000000-000000-000000-000000-000000-000000-000000-000000-000000-000000-000000-000000-000000-000000-000000-000000","LOCAL_WATERSHED_CODE":null,"WATERSHED_GROUP_CODE":"HARR","DOWNSTREAM_ROUTE_MEASURE":1559.81506216097,"LENGTH_METRE":245.40816611385102,"FEATURE_SOURCE":"areal stream sk","GNIS_ID":null,"GNIS_NAME":null,"LEFT_RIGHT_TRIBUTARY":"NONE","STREAM_ORDER":1,"STREAM_MAGNITUDE":1,"WATERBODY_KEY":329710402,"BLUE_LINE_KEY_50K":1031,"WATERSHED_CODE_50K":"100000000000000000000000000000000000000000000","WATERSHED_KEY_50K":571,"WATERSHED_GROUP_CODE_50K":"HARR","GRADIENT":null,"FEATURE_CODE":"WA24111150","OBJECTID":5371772,"GEOMETRY.LEN":0,"FEATURE_LENGTH_M":245.40860000000001}},{"type":"Feature","id":5376333,"geometry":{"type":"LineString","coordinates":[[568248.70057768887,5444966.2123547383],[568504.92678987049,5444756.8428986659]]},"properties":{"LINEAR_FEATURE_ID":701348878,"WATERSHED_GROUP_ID":63,"EDGE_TYPE":1450,"BLUE_LINE_KEY":355992485,"WATERSHED_KEY":356364114,"FWA_WATERSHED_CODE":"100-000000-000000-000000-000000-000000-000000-000000-000000-000000-000000-000000-000000-000000-000000-000000-000000-000000-000000-000000-000000","LOCAL_WATERSHED_CODE":null,"WATERSHED_GROUP_CODE":"HARR","DOWNSTREAM_ROUTE_MEASURE":1805.22322827482,"LENGTH_METRE":331.06475053018204,"FEATURE_SOURCE":"OP","GNIS_ID":null,"GNIS_NAME":null,"LEFT_RIGHT_TRIBUTARY":"NONE","STREAM_ORDER":1,"STREAM_MAGNITUDE":1,"WATERBODY_KEY":328961584,"BLUE_LINE_KEY_50K":1031,"WATERSHED_CODE_50K":"100000000000000000000000000000000000000000000","WATERSHED_KEY_50K":571,"WATERSHED_GROUP_CODE_50K":"HARR","GRADIENT":null,"FEATURE_CODE":"WA24111190","OBJECTID":5376333,"GEOMETRY.LEN":0,"FEATURE_LENGTH_M":331.06479999999999}},{"type":"Feature","id":5373942,"geometry":{"type":"LineString","coordinates":[[568504.92678987049,5444756.8428986659],[568608.55101248575,5444757.3307023142]]},"properties":{"LINEAR_FEATURE_ID":701348877,"WATERSHED_GROUP_ID":63,"EDGE_TYPE":1250,"BLUE_LINE_KEY":356364114,"WATERSHED_KEY":356364114,"FWA_WATERSHED_CODE":"100-000000-000000-000000-000000-000000-000000-000000-000000-000000-000000-000000-000000-000000-000000-000000-000000-000000-000000-000000-000000","LOCAL_WATERSHED_CODE":"100-066866-000000-000000-000000-000000-000000-000000-000000-000000-000000-000000-000000-000000-000000-000000-000000-000000-000000-000000-000000","WATERSHED_GROUP_CODE":"HARR","DOWNSTREAM_ROUTE_MEASURE":95852.960810714605,"LENGTH_METRE":103.772775344788,"FEATURE_SOURCE":"areal stream sk","GNIS_ID":39325,"GNIS_NAME":"Fraser River","LEFT_RIGHT_TRIBUTARY":"NONE","STREAM_ORDER":10,"STREAM_MAGNITUDE":288401,"WATERBODY_KEY":328961584,"BLUE_LINE_KEY_50K":571,"WATERSHED_CODE_50K":"100000000000000000000000000000000000000000000","WATERSHED_KEY_50K":571,"WATERSHED_GROUP_CODE_50K":"HARR","GRADIENT":null,"FEATURE_CODE":"WA24111120","OBJECTID":5373942,"GEOMETRY.LEN":0,"FEATURE_LENGTH_M":103.7724}},{"type":"Feature","id":5374537,"geometry":{"type":"LineString","coordinates":[[568608.55101248575,5444757.3307023142],[568624.25073407101,5444758.9582883017]]},"properties":{"LINEAR_FEATURE_ID":701348876,"WATERSHED_GROUP_ID":63,"EDGE_TYPE":1250,"BLUE_LINE_KEY":356364114,"WATERSHED_KEY":356364114,"FWA_WATERSHED_CODE":"100-000000-000000-000000-000000-000000-000000-000000-000000-000000-000000-000000-000000-000000-000000-000000-000000-000000-000000-000000-000000","LOCAL_WATERSHED_CODE":"100-068189-000000-000000-000000-000000-000000-000000-000000-000000-000000-000000-000000-000000-000000-000000-000000-000000-000000-000000-000000","WATERSHED_GROUP_CODE":"HARR","DOWNSTREAM_ROUTE_MEASURE":95956.733586059403,"LENGTH_METRE":15.8055890828131,"FEATURE_SOURCE":"areal stream sk","GNIS_ID":39325,"GNIS_NAME":"Fraser River","LEFT_RIGHT_TRIBUTARY":"NONE","STREAM_ORDER":10,"STREAM_MAGNITUDE":288388,"WATERBODY_KEY":328961584,"BLUE_LINE_KEY_50K":571,"WATERSHED_CODE_50K":"100000000000000000000000000000000000000000000","WATERSHED_KEY_50K":571,"WATERSHED_GROUP_CODE_50K":"HARR","GRADIENT":null,"FEATURE_CODE":"WA24111120","OBJECTID":5374537,"GEOMETRY.LEN":0,"FEATURE_LENGTH_M":15.8063}},{"type":"Feature","id":5373407,"geometry":{"type":"LineString","coordinates":[[568608.55101248575,5444757.3307023142],[568939.92603785847,5444152.6155403834]]},"properties":{"LINEAR_FEATURE_ID":701348932,"WATERSHED_GROUP_ID":63,"EDGE_TYPE":1450,"BLUE_LINE_KEY":356344439,"WATERSHED_KEY":356344439,"FWA_WATERSHED_CODE":"100-068189-000000-000000-000000-000000-000000-000000-000000-000000-000000-000000-000000-000000-000000-000000-000000-000000-000000-000000-000000","LOCAL_WATERSHED_CODE":"100-068189-000000-000000-000000-000000-000000-000000-000000-000000-000000-000000-000000-000000-000000-000000-000000-000000-000000-000000-000000","WATERSHED_GROUP_CODE":"HARR","DOWNSTREAM_ROUTE_MEASURE":0,"LENGTH_METRE":689.378423602937,"FEATURE_SOURCE":"OP","GNIS_ID":6519,"GNIS_NAME":"Wilson Slough","LEFT_RIGHT_TRIBUTARY":"LEFT","STREAM_ORDER":3,"STREAM_MAGNITUDE":13,"WATERBODY_KEY":328961584,"BLUE_LINE_KEY_50K":null,"WATERSHED_CODE_50K":null,"WATERSHED_KEY_50K":null,"WATERSHED_GROUP_CODE_50K":null,"GRADIENT":null,"FEATURE_CODE":"WA24111190","OBJECTID":5373407,"GEOMETRY.LEN":0,"FEATURE_LENGTH_M":689.37830000000008}},{"type":"Feature","id":5375016,"geometry":{"type":"LineString","coordinates":[[568624.25073407101,5444758.9582883017],[568963.44644602609,5444201.363070772],[568982.88071118272,5444204.2979577202]]},"properties":{"LINEAR_FEATURE_ID":701348920,"WATERSHED_GROUP_ID":63,"EDGE_TYPE":1450,"BLUE_LINE_KEY":355997431,"WATERSHED_KEY":356364114,"FWA_WATERSHED_CODE":"100-000000-000000-000000-000000-000000-000000-000000-000000-000000-000000-000000-000000-000000-000000-000000-000000-000000-000000-000000-000000","LOCAL_WATERSHED_CODE":null,"WATERSHED_GROUP_CODE":"HARR","DOWNSTREAM_ROUTE_MEASURE":0,"LENGTH_METRE":672.22659551922993,"FEATURE_SOURCE":"OP","GNIS_ID":null,"GNIS_NAME":null,"LEFT_RIGHT_TRIBUTARY":"NONE","STREAM_ORDER":1,"STREAM_MAGNITUDE":1,"WATERBODY_KEY":328961584,"BLUE_LINE_KEY_50K":1032,"WATERSHED_CODE_50K":"100000000000000000000000000000000000000000000","WATERSHED_KEY_50K":571,"WATERSHED_GROUP_CODE_50K":"HARR","GRADIENT":null,"FEATURE_CODE":"WA24111190","OBJECTID":5375016,"GEOMETRY.LEN":0,"FEATURE_LENGTH_M":672.22720000000004}},{"type":"Feature","id":1252669,"geometry":{"type":"LineString","coordinates":[[568787.95905393932,5443269.6720808297],[568799.8326073417,5443272.6706904601],[568818.81447413901,5443278.6072657919],[568841.88450534723,5443283.6451939838],[568854.92722243967,5443285.5492950641],[568867.86979542917,5443287.610998475],[568881.92541064369,5443289.6864973912],[568905.86374839116,5443291.5684691351],[568924.90549512906,5443297.6646936154],[568937.93114192958,5443301.6279893005],[568958.95323388418,5443304.5821075086],[568978.82324552827,5443306.5715135997],[568988.86769049568,5443307.6471091267],[569011.83688804682,5443311.575488043],[569028.93259017286,5443316.6983689871],[569052.8367549323,5443322.6977127455],[569076.94197104685,5443329.6499427687],[569090.91966810171,5443333.6249805791],[569104.85732695344,5443336.6491491497],[569125.86236781883,5443341.6624305621],[569143.85129680857,5443346.638334794],[569165.86752852134,5443350.5559441317],[569187.95970083179,5443352.5740572512],[569211.94186907983,5443356.6747750454],[569235.90421647998,5443361.5666771596],[569256.90931911033,5443366.5809229081],[569277.95641895942,5443372.5449430216],[569298.90337819292,5443378.6665623691],[569320.90256448253,5443384.6433357559],[569344.80782180675,5443390.643545677],[569357.83255745214,5443394.6078134906],[569367.91806461301,5443396.634183309],[569390.82929917041,5443401.6728346385],[569403.81299874932,5443404.6862716945],[569426.92424952961,5443410.6768483557],[569448.80548700085,5443417.6022952599],[569455.83284203149,5443418.6405141642],[569477.92613374419,5443420.6605017288],[569505.83387221058,5443422.595367522],[569520.89876990393,5443423.5761719439],[569532.8894012497,5443425.6270019915],[569555.82459853543,5443433.6746354047],[569566.92817795207,5443439.673551389],[569569.90941238811,5443442.5612190217],[569577.9127919107,5443446.6212190464],[569600.87194118963,5443457.6778684519],[569619.8062225125,5443457.6001853412],[569631.81396533409,5443457.5927926078],[569635.82420867262,5443458.5936857052],[569658.91060293792,5443461.5762059651],[569680.88599292201,5443464.545846249],[569703.87324602366,5443467.6859153146],[569723.80845715944,5443473.6379840923],[569747.87188599783,5443479.6422246369],[569760.91376226512,5443481.5482169474],[569782.83102097583,5443485.62521342],[569804.94734327984,5443490.655181556],[569827.94078124047,5443497.5963484542],[569849.88204227691,5443504.683355459],[569871.93850919977,5443509.5536301108],[569894.80886372144,5443513.6433098149],[569918.88846379088,5443517.5903331116],[569931.83224856388,5443519.6548157269],[569944.87418237084,5443521.5617770655],[569962.92217877007,5443526.6992077129],[569982.89847857133,5443533.6020316891],[569995.89941217995,5443534.5591621194]]},"properties":{"LINEAR_FEATURE_ID":700731266,"WATERSHED_GROUP_ID":28,"EDGE_TYPE":1000,"BLUE_LINE_KEY":356280401,"WATERSHED_KEY":356280401,"FWA_WATERSHED_CODE":"100-064535-055273-696566-000000-000000-000000-000000-000000-000000-000000-000000-000000-000000-000000-000000-000000-000000-000000-000000-000000","LOCAL_WATERSHED_CODE":"100-064535-055273-696566-000000-000000-000000-000000-000000-000000-000000-000000-000000-000000-000000-000000-000000-000000-000000-000000-000000","WATERSHED_GROUP_CODE":"CHWK","DOWNSTREAM_ROUTE_MEASURE":0,"LENGTH_METRE":1244.4061754090201,"FEATURE_SOURCE":"RiverStream","GNIS_ID":null,"GNIS_NAME":null,"LEFT_RIGHT_TRIBUTARY":"RIGHT","STREAM_ORDER":1,"STREAM_MAGNITUDE":1,"WATERBODY_KEY":null,"BLUE_LINE_KEY_50K":834,"WATERSHED_CODE_50K":"100065700093000000000000000000000000000000000","WATERSHED_KEY_50K":834,"WATERSHED_GROUP_CODE_50K":"CHWK","GRADIENT":null,"FEATURE_CODE":"GA24850000","OBJECTID":1252669,"GEOMETRY.LEN":0,"FEATURE_LENGTH_M":1244.4061000000002}},{"type":"Feature","id":4508250,"geometry":{"type":"LineString","coordinates":[[568939.92603785847,5444152.6155403834],[568938.82018347969,5444141.6751384269],[568935.95467400469,5444120.57897091],[568931.80880782625,5444106.5931783151],[568927.89265523863,5444101.6355495537],[568913.81439571723,5444080.5572098494],[568901.80607597856,5444064.5727130994],[568879.81309361965,5444047.6722735241],[568871.80295643047,5444038.5460319296],[568866.88594810956,5444027.558658517],[568865.84509218868,5444020.579060941],[568866.86828915507,5444013.6240771897],[568869.8786367398,5444008.5942234481],[568880.86841738969,5444004.6144117033],[568888.96003811387,5443999.6485118112],[568895.88652954728,5443999.5762920631],[568919.82053855993,5444013.6509022014],[568941.80168871849,5444021.6849939665],[568961.91191579052,5444025.5772010917],[568985.95137363405,5444028.5696523609],[568995.95387338207,5444028.6944788313],[569018.80433906813,5444033.5725958692],[569038.90429817303,5444044.5911692772],[569056.85809264728,5444053.6824975098],[569067.83588827064,5444055.5619972795],[569076.83851182787,5444049.6570337359],[569082.90026569983,5444040.5491251862],[569091.82532377134,5444020.5498988433],[569102.9564131255,5444002.6375788003],[569118.88398136629,5443980.6686238674],[569121.85327591631,5443974.6879396262],[569134.81249531778,5443958.6986153014],[569148.95803406753,5443939.5575961908],[569153.81633147318,5443935.6595499171],[569168.85575040383,5443917.6376656676],[569184.89023755305,5443900.5782713685],[569203.88274397922,5443884.6646187399],[569222.82223181089,5443873.659491241],[569237.8138165304,5443849.6205484327],[569247.83440928929,5443847.6870995276],[569258.9130469521,5443850.676064821],[569265.9284645376,5443857.5736540603],[569266.84112492634,5443872.6283733314],[569271.91199769638,5443894.5434201984],[569270.83068554115,5443902.6058027353],[569265.82119285001,5443911.5689088255],[569246.90562577918,5443925.5830523772],[569234.85843319586,5443940.6333134472],[569231.93695456127,5443952.6310260622],[569231.87364060536,5443964.6649510572],[569234.87780623557,5443970.5616668342],[569237.89559512434,5443986.5927850893],[569236.93385892408,5444009.6991976285],[569237.87553519825,5444031.5630446812],[569241.93260790769,5444038.5810120916],[569256.86417367449,5444058.5625048997],[569262.88038530061,5444060.696393393],[569268.8548420131,5444060.61237376],[569284.92594175017,5444056.6974343462],[569302.90722557425,5444056.6061286526],[569324.81669697457,5444055.614094045],[569325.94586351025,5444053.5697387652],[569326.85790831537,5444052.631645916],[569327.83321113826,5444039.6586388759],[569322.81627304479,5444027.5617530374],[569315.84187635989,5444021.6149961958]]},"properties":{"LINEAR_FEATURE_ID":700730847,"WATERSHED_GROUP_ID":28,"EDGE_TYPE":1000,"BLUE_LINE_KEY":356344439,"WATERSHED_KEY":356344439,"FWA_WATERSHED_CODE":"100-068189-000000-000000-000000-000000-000000-000000-000000-000000-000000-000000-000000-000000-000000-000000-000000-000000-000000-000000-000000","LOCAL_WATERSHED_CODE":"100-068189-000000-000000-000000-000000-000000-000000-000000-000000-000000-000000-000000-000000-000000-000000-000000-000000-000000-000000-000000","WATERSHED_GROUP_CODE":"CHWK","DOWNSTREAM_ROUTE_MEASURE":689.378423602937,"LENGTH_METRE":1016.66615025065,"FEATURE_SOURCE":"RiverStream","GNIS_ID":6519,"GNIS_NAME":"Wilson Slough","LEFT_RIGHT_TRIBUTARY":"LEFT","STREAM_ORDER":3,"STREAM_MAGNITUDE":13,"WATERBODY_KEY":null,"BLUE_LINE_KEY_50K":900,"WATERSHED_CODE_50K":"100069200000000000000000000000000000000000000","WATERSHED_KEY_50K":900,"WATERSHED_GROUP_CODE_50K":"CHWK","GRADIENT":null,"FEATURE_CODE":"GA24850000","OBJECTID":4508250,"GEOMETRY.LEN":0,"FEATURE_LENGTH_M":1016.6667000000001}},{"type":"Feature","id":5368353,"geometry":{"type":"LineString","coordinates":[[568926.58934268646,5444906.3445862466],[569260.19622765481,5445254.136001789],[569586.92196694738,5445746.898402987]]},"properties":{"LINEAR_FEATURE_ID":701348868,"WATERSHED_GROUP_ID":63,"EDGE_TYPE":1250,"BLUE_LINE_KEY":356364114,"WATERSHED_KEY":356364114,"FWA_WATERSHED_CODE":"100-000000-000000-000000-000000-000000-000000-000000-000000-000000-000000-000000-000000-000000-000000-000000-000000-000000-000000-000000-000000","LOCAL_WATERSHED_CODE":"100-068189-000000-000000-000000-000000-000000-000000-000000-000000-000000-000000-000000-000000-000000-000000-000000-000000-000000-000000-000000","WATERSHED_GROUP_CODE":"HARR","DOWNSTREAM_ROUTE_MEASURE":96309.235232880295,"LENGTH_METRE":1073.2921446801201,"FEATURE_SOURCE":"areal stream sk","GNIS_ID":39325,"GNIS_NAME":"Fraser River","LEFT_RIGHT_TRIBUTARY":"NONE","STREAM_ORDER":10,"STREAM_MAGNITUDE":288388,"WATERBODY_KEY":328961584,"BLUE_LINE_KEY_50K":571,"WATERSHED_CODE_50K":"100000000000000000000000000000000000000000000","WATERSHED_KEY_50K":571,"WATERSHED_GROUP_CODE_50K":"HARR","GRADIENT":null,"FEATURE_CODE":"WA24111120","OBJECTID":5368353,"GEOMETRY.LEN":0,"FEATURE_LENGTH_M":1073.2934}},{"type":"Feature","id":5375459,"geometry":{"type":"LineString","coordinates":[[569174.21927979961,5444427.186396976],[568926.58934268646,5444906.3445862466]]},"properties":{"LINEAR_FEATURE_ID":701348890,"WATERSHED_GROUP_ID":63,"EDGE_TYPE":1450,"BLUE_LINE_KEY":355997431,"WATERSHED_KEY":356364114,"FWA_WATERSHED_CODE":"100-000000-000000-000000-000000-000000-000000-000000-000000-000000-000000-000000-000000-000000-000000-000000-000000-000000-000000-000000-000000","LOCAL_WATERSHED_CODE":null,"WATERSHED_GROUP_CODE":"HARR","DOWNSTREAM_ROUTE_MEASURE":975.31597982015808,"LENGTH_METRE":539.20100691117602,"FEATURE_SOURCE":"OP","GNIS_ID":null,"GNIS_NAME":null,"LEFT_RIGHT_TRIBUTARY":"NONE","STREAM_ORDER":1,"STREAM_MAGNITUDE":1,"WATERBODY_KEY":328961584,"BLUE_LINE_KEY_50K":1032,"WATERSHED_CODE_50K":"100000000000000000000000000000000000000000000","WATERSHED_KEY_50K":571,"WATERSHED_GROUP_CODE_50K":"HARR","GRADIENT":null,"FEATURE_CODE":"WA24111190","OBJECTID":5375459,"GEOMETRY.LEN":0,"FEATURE_LENGTH_M":539.20060000000001}},{"type":"Feature","id":5374373,"geometry":{"type":"LineString","coordinates":[[568982.88071118272,5444204.2979577202],[569064.87333838106,5444254.7268103426],[569097.34803597408,5444290.2862308128],[569155.20309263258,5444371.134656379],[569174.21927979961,5444427.186396976]]},"properties":{"LINEAR_FEATURE_ID":701348918,"WATERSHED_GROUP_ID":63,"EDGE_TYPE":1350,"BLUE_LINE_KEY":355997431,"WATERSHED_KEY":356364114,"FWA_WATERSHED_CODE":"100-000000-000000-000000-000000-000000-000000-000000-000000-000000-000000-000000-000000-000000-000000-000000-000000-000000-000000-000000-000000","LOCAL_WATERSHED_CODE":null,"WATERSHED_GROUP_CODE":"HARR","DOWNSTREAM_ROUTE_MEASURE":672.22659551922993,"LENGTH_METRE":303.08938430092803,"FEATURE_SOURCE":"areal stream sk","GNIS_ID":null,"GNIS_NAME":null,"LEFT_RIGHT_TRIBUTARY":"NONE","STREAM_ORDER":1,"STREAM_MAGNITUDE":1,"WATERBODY_KEY":329710500,"BLUE_LINE_KEY_50K":1032,"WATERSHED_CODE_50K":"100000000000000000000000000000000000000000000","WATERSHED_KEY_50K":571,"WATERSHED_GROUP_CODE_50K":"HARR","GRADIENT":null,"FEATURE_CODE":"WA24111150","OBJECTID":5374373,"GEOMETRY.LEN":0,"FEATURE_LENGTH_M":303.09120000000001}},{"type":"Feature","id":3000105,"geometry":{"type":"LineString","coordinates":[[569315.84187635989,5444021.6149961958],[569300.8231119758,5444010.6594158998],[569296.81284839532,5444009.6585084852],[569272.95561063406,5443993.6824880373],[569269.87350817886,5443989.6853369679],[569268.91465208237,5443984.6063689282],[569269.87289251166,5443973.6925459346],[569278.87897895789,5443955.5949495332],[569289.88689223921,5443949.5578350518],[569305.94081415073,5443947.7000764776],[569328.90930413897,5443951.6304013571],[569340.82207189011,5443955.580822492],[569352.93074571202,5443956.6829752075],[569365.89059957268,5443956.6874010079],[569371.84111945727,5443953.5943615809],[569379.86096309475,5443939.6023683669],[569384.91730975953,5443936.6573221749],[569396.88407822012,5443935.6991603216],[569417.90644926904,5443938.6551557174],[569424.86373924348,5443946.660103688],[569428.84489160497,5443955.5775472401],[569436.82437764155,5443956.6285323827],[569454.86550977768,5443956.6968610827],[569462.92120803741,5443954.5812286055],[569466.86649717437,5443951.6223001666],[569473.95717605401,5443940.6265852386],[569476.91966104286,5443929.5796731431],[569475.85477518116,5443919.5900557851],[569468.8735478929,5443908.5760967759],[569450.84442594741,5443902.6494212989],[569438.80686147732,5443894.5805109125],[569435.84272574494,5443889.6346565699],[569443.90872503794,5443865.6668965053],[569447.88653208828,5443842.5977935903],[569450.81479994324,5443835.6672638152],[569451.8960930577,5443827.6048693005],[569455.85683049227,5443806.5949524101],[569459.817522211,5443785.5840297937],[569466.95439751702,5443764.6135315578],[569472.82186224253,5443759.6198795317],[569485.92363681109,5443761.6855921308],[569486.91771660175,5443762.6481312998],[569493.93310599704,5443769.5447089672],[569496.90411383985,5443779.5587845966],[569502.92197697505,5443797.685451556],[569506.92023906123,5443804.5447092839],[569512.93748231768,5443806.6795393676],[569525.91442144848,5443804.6257360969],[569536.92130155058,5443798.5886122743],[569539.89060256886,5443792.6088926047],[569541.94619311311,5443771.5744762383],[569541.80940283497,5443758.5875838706],[569543.86499114137,5443737.5531584704],[569548.93842498469,5443732.5498911133],[569553.81284342345,5443726.5946474634],[569576.82921301783,5443736.5439399853],[569586.80363482621,5443744.5862058727],[569598.81146244879,5443744.579824564],[569612.86623539717,5443746.656234852],[569616.85255241464,5443744.6481080698],[569631.89361594024,5443742.6208760869],[569652.83395323448,5443743.6771684457],[569673.94522091502,5443753.6019526813],[569692.86931266461,5443760.6496819416],[569715.81392635161,5443761.5728744818],[569718.84720377496,5443759.553025079],[569722.85571336595,5443744.5601064395],[569725.80789862527,5443740.6385739874],[569728.92835617345,5443729.5937743615],[569727.82239461609,5443718.6533120321],[569724.83430139709,5443710.6984353065],[569718.87008109142,5443703.6560705854],[569708.93664995581,5443696.5636368729],[569697.93488987943,5443691.6742045032],[569676.90567850939,5443683.6500617051],[569659.95676889224,5443669.6590514677],[569658.82177454559,5443666.6361552803],[569653.83184933814,5443646.621743802],[569653.87799392652,5443636.6459652148],[569653.94538657495,5443613.686423026],[569655.91275370179,5443601.6769586466],[569661.9563105721,5443594.6271868078],[569667.84873490385,5443592.6434876481],[569674.93325785419,5443592.5743469829],[569678.88636065519,5443594.6825770894],[569684.95660116826,5443606.6356196506],[569688.80783972889,5443607.634397001],[569702.87973770744,5443607.6535867844],[569725.89438864833,5443601.6100123217],[569727.95847719628,5443601.6356018381],[569749.95001130295,5443602.5470622145],[569769.84421411133,5443607.5482935468],[569792.87255897082,5443611.6391579648],[569816.95217870118,5443615.5862123556],[569839.86256279727,5443620.6257718308],[569857.86879856861,5443623.5453018229],[569881.86633455928,5443625.5906941621],[569889.82970171701,5443628.6997931274],[569906.88190752279,5443631.607640109],[569918.91367589124,5443634.6102310736],[569922.80596689391,5443636.5598178227],[569927.92827463232,5443637.574521671],[569945.85832850554,5443643.6606618231],[569952.88575769879,5443644.6998357549],[569970.86705506314,5443644.6103579327],[569990.87247975986,5443643.5975938244],[569995.83301610406,5443628.6173879141],[569997.84924083005,5443622.6259182477],[570005.95410028379,5443599.608899341],[570006.84217789082,5443595.6617641961],[570011.86771054484,5443584.6413967544],[570017.93929052784,5443569.6750457622],[570020.90168577665,5443558.6280490914],[570024.89208108105,5443545.694317745],[570036.89302383643,5443540.6206268426],[570054.80933847954,5443536.5722737787],[570064.84606568038,5443532.582536933],[570076.89900797931,5443522.6013180558]]},"properties":{"LINEAR_FEATURE_ID":700731015,"WATERSHED_GROUP_ID":28,"EDGE_TYPE":1000,"BLUE_LINE_KEY":356344439,"WATERSHED_KEY":356344439,"FWA_WATERSHED_CODE":"100-068189-000000-000000-000000-000000-000000-000000-000000-000000-000000-000000-000000-000000-000000-000000-000000-000000-000000-000000-000000","LOCAL_WATERSHED_CODE":"100-068189-216998-000000-000000-000000-000000-000000-000000-000000-000000-000000-000000-000000-000000-000000-000000-000000-000000-000000-000000","WATERSHED_GROUP_CODE":"CHWK","DOWNSTREAM_ROUTE_MEASURE":1706.04457385359,"LENGTH_METRE":1586.7484822447902,"FEATURE_SOURCE":"RiverStream","GNIS_ID":6519,"GNIS_NAME":"Wilson Slough","LEFT_RIGHT_TRIBUTARY":"LEFT","STREAM_ORDER":3,"STREAM_MAGNITUDE":11,"WATERBODY_KEY":null,"BLUE_LINE_KEY_50K":900,"WATERSHED_CODE_50K":"100069200000000000000000000000000000000000000","WATERSHED_KEY_50K":900,"WATERSHED_GROUP_CODE_50K":"CHWK","GRADIENT":null,"FEATURE_CODE":"GA24850000","OBJECTID":3000105,"GEOMETRY.LEN":0,"FEATURE_LENGTH_M":1586.7757000000001}},{"type":"Feature","id":478062,"geometry":{"type":"LineString","coordinates":[[569315.84187635989,5444021.6149961958],[569321.8683826346,5444016.6234889114],[569343.91911663359,5444001.6989643862],[569349.8936128472,5444001.61593749],[569367.8235551297,5444007.6991925081],[569371.85093022452,5444006.6419037506],[569378.88862348185,5444000.5547356764],[569384.85115171911,5443991.603352773],[569389.90849930467,5443988.6582652824],[569397.94609445415,5443988.6008777153],[569418.88644071273,5443989.6562403766],[569421.86768734711,5443992.5438965699],[569424.82054161048,5444004.6151839131],[569438.94101495331,5444026.6452391744],[569450.9016229132,5444036.6126581123],[569455.91180000384,5444043.6433374546],[569457.86475089844,5444049.6848379625]]},"properties":{"LINEAR_FEATURE_ID":700730764,"WATERSHED_GROUP_ID":28,"EDGE_TYPE":1000,"BLUE_LINE_KEY":356179876,"WATERSHED_KEY":356179876,"FWA_WATERSHED_CODE":"100-068189-216998-000000-000000-000000-000000-000000-000000-000000-000000-000000-000000-000000-000000-000000-000000-000000-000000-000000-000000","LOCAL_WATERSHED_CODE":"100-068189-216998-000000-000000-000000-000000-000000-000000-000000-000000-000000-000000-000000-000000-000000-000000-000000-000000-000000-000000","WATERSHED_GROUP_CODE":"CHWK","DOWNSTREAM_ROUTE_MEASURE":0,"LENGTH_METRE":191.84628003088002,"FEATURE_SOURCE":"RiverStream","GNIS_ID":null,"GNIS_NAME":null,"LEFT_RIGHT_TRIBUTARY":"RIGHT","STREAM_ORDER":2,"STREAM_MAGNITUDE":2,"WATERBODY_KEY":null,"BLUE_LINE_KEY_50K":901,"WATERSHED_CODE_50K":"100069200141000000000000000000000000000000000","WATERSHED_KEY_50K":901,"WATERSHED_GROUP_CODE_50K":"CHWK","GRADIENT":null,"FEATURE_CODE":"GA24850150","OBJECTID":478062,"GEOMETRY.LEN":0,"FEATURE_LENGTH_M":191.9042}},{"type":"Feature","id":1453242,"geometry":{"type":"LineString","coordinates":[[569457.86475089844,5444049.6848379625],[569454.8424342277,5444060.5730583593],[569451.90969888237,5444079.6961980499],[569450.84615732636,5444101.6931506749],[569449.86469659489,5444125.5917266384],[569441.91564089002,5444148.610749267],[569428.88529038045,5444171.565843503],[569416.92594860692,5444193.5839489745],[569407.82377770066,5444215.6382979946],[569400.84385539801,5444236.61086623],[569399.82652056543,5444248.6330744121],[569402.95550119283,5444258.648252395],[569409.93574636895,5444269.6622166671]]},"properties":{"LINEAR_FEATURE_ID":700730718,"WATERSHED_GROUP_ID":28,"EDGE_TYPE":1000,"BLUE_LINE_KEY":356179876,"WATERSHED_KEY":356179876,"FWA_WATERSHED_CODE":"100-068189-216998-000000-000000-000000-000000-000000-000000-000000-000000-000000-000000-000000-000000-000000-000000-000000-000000-000000-000000","LOCAL_WATERSHED_CODE":"100-068189-216998-230928-000000-000000-000000-000000-000000-000000-000000-000000-000000-000000-000000-000000-000000-000000-000000-000000-000000","WATERSHED_GROUP_CODE":"CHWK","DOWNSTREAM_ROUTE_MEASURE":191.84628003088002,"LENGTH_METRE":233.83369517515902,"FEATURE_SOURCE":"RiverStream","GNIS_ID":null,"GNIS_NAME":null,"LEFT_RIGHT_TRIBUTARY":"RIGHT","STREAM_ORDER":1,"STREAM_MAGNITUDE":1,"WATERBODY_KEY":null,"BLUE_LINE_KEY_50K":901,"WATERSHED_CODE_50K":"100069200141000000000000000000000000000000000","WATERSHED_KEY_50K":901,"WATERSHED_GROUP_CODE_50K":"CHWK","GRADIENT":null,"FEATURE_CODE":"GA24850150","OBJECTID":1453242,"GEOMETRY.LEN":0,"FEATURE_LENGTH_M":233.83420000000001}},{"type":"Feature","id":342653,"geometry":{"type":"LineString","coordinates":[[569409.93574636895,5444269.6622166671],[569423.88973562291,5444270.6291750846],[569433.80951563083,5444267.5862325747],[569450.8098085121,5444260.6749950573],[569470.86146378983,5444249.6846991284],[569491.94719985104,5444240.6067868974],[569507.91846347041,5444235.5822828161],[569528.8349429206,5444233.6286209272],[569534.84434834879,5444230.6952978233],[569556.9474719452,5444209.5971458321],[569571.80695338757,5444188.5649911435],[569583.94920651685,5444169.5579700554],[569593.92816139653,5444150.6819074834],[569604.93540631945,5444128.6519918805],[569614.89452931704,5444110.5671006879],[569624.91451199015,5444092.641833527],[569640.92510005785,5444072.575362917],[569661.81690720259,5444051.6198587473],[569671.81362420053,5444046.6783523792],[569693.86952004128,5444035.5558753135],[569706.89952188008,5444028.5945224771]]},"properties":{"LINEAR_FEATURE_ID":700730725,"WATERSHED_GROUP_ID":28,"EDGE_TYPE":1000,"BLUE_LINE_KEY":356179876,"WATERSHED_KEY":356179876,"FWA_WATERSHED_CODE":"100-068189-216998-000000-000000-000000-000000-000000-000000-000000-000000-000000-000000-000000-000000-000000-000000-000000-000000-000000-000000","LOCAL_WATERSHED_CODE":"100-068189-216998-230928-000000-000000-000000-000000-000000-000000-000000-000000-000000-000000-000000-000000-000000-000000-000000-000000-000000","WATERSHED_GROUP_CODE":"CHWK","DOWNSTREAM_ROUTE_MEASURE":425.67997520603905,"LENGTH_METRE":405.081095824101,"FEATURE_SOURCE":"RiverStream","GNIS_ID":null,"GNIS_NAME":null,"LEFT_RIGHT_TRIBUTARY":"RIGHT","STREAM_ORDER":1,"STREAM_MAGNITUDE":1,"WATERBODY_KEY":null,"BLUE_LINE_KEY_50K":901,"WATERSHED_CODE_50K":"100069200141000000000000000000000000000000000","WATERSHED_KEY_50K":901,"WATERSHED_GROUP_CODE_50K":"CHWK","GRADIENT":null,"FEATURE_CODE":"GA24850140","OBJECTID":342653,"GEOMETRY.LEN":0,"FEATURE_LENGTH_M":405.08050000000003}},{"type":"Feature","id":2152142,"geometry":{"type":"LineString","coordinates":[[569457.86475089844,5444049.6848379625],[569476.81623021059,5444047.5480199298],[569492.86338832974,5444040.6240263153],[569495.91478617908,5444036.5459594633],[569496.83195628296,5444024.6813201858],[569499.92435177718,5444021.5530683966],[569509.92107217514,5444016.6115823407],[569520.95191874588,5444013.5834901538],[569541.8683408685,5444011.6298107309],[569558.81553663651,5444009.6260473989],[569565.83611289156,5444005.597053675],[569567.87631711178,5444002.6146390615],[569570.80390791479,5443979.6913188472],[569572.94325828715,5443976.5513421483],[569590.85448026599,5443968.7009839825],[569601.92563708627,5443950.6298884097],[569616.92501152609,5443931.6590438271],[569626.82084843807,5443925.6080432506],[569637.95254685637,5443923.6894193301],[569660.89720361854,5443924.6126333894],[569684.91187406541,5443924.5988971069],[569697.87177274295,5443924.6042655623],[569711.94372559735,5443924.6234618826],[569726.84975238168,5443925.6031214278],[569746.95506922074,5443925.6989703421]]},"properties":{"LINEAR_FEATURE_ID":700730787,"WATERSHED_GROUP_ID":28,"EDGE_TYPE":1000,"BLUE_LINE_KEY":356044223,"WATERSHED_KEY":356044223,"FWA_WATERSHED_CODE":"100-068189-216998-230928-000000-000000-000000-000000-000000-000000-000000-000000-000000-000000-000000-000000-000000-000000-000000-000000-000000","LOCAL_WATERSHED_CODE":"100-068189-216998-230928-000000-000000-000000-000000-000000-000000-000000-000000-000000-000000-000000-000000-000000-000000-000000-000000-000000","WATERSHED_GROUP_CODE":"CHWK","DOWNSTREAM_ROUTE_MEASURE":0,"LENGTH_METRE":354.40826187360102,"FEATURE_SOURCE":"RiverStream","GNIS_ID":null,"GNIS_NAME":null,"LEFT_RIGHT_TRIBUTARY":"LEFT","STREAM_ORDER":1,"STREAM_MAGNITUDE":1,"WATERBODY_KEY":null,"BLUE_LINE_KEY_50K":3868,"WATERSHED_CODE_50K":"100069200141002171000000000000000000000000000","WATERSHED_KEY_50K":3868,"WATERSHED_GROUP_CODE_50K":"CHWK","GRADIENT":null,"FEATURE_CODE":"GA24850140","OBJECTID":2152142,"GEOMETRY.LEN":0,"FEATURE_LENGTH_M":354.428}},{"type":"Feature","id":29189,"geometry":{"type":"LineString","coordinates":[[565373.83826209756,5443345.0807130542],[565524.03954207315,5443357.7858597562],[565692.05205105338,5443361.5227123983],[565807.69216007623,5443327.2715979451],[565893.69254282664,5443274.3009473039],[565965.10348434548,5443179.986314957],[566011.29745088459,5443053.0693557076],[565995.0707468671,5442685.6715247966],[565895.4698050291,5442350.5309517486],[565843.59721381043,5442201.2262440417],[565825.79933930328,5442169.0282784076],[565805.66175473342,5442103.7085531484]]},"properties":{"LINEAR_FEATURE_ID":700732043,"WATERSHED_GROUP_ID":28,"EDGE_TYPE":1250,"BLUE_LINE_KEY":356352298,"WATERSHED_KEY":356352298,"FWA_WATERSHED_CODE":"100-064535-000000-000000-000000-000000-000000-000000-000000-000000-000000-000000-000000-000000-000000-000000-000000-000000-000000-000000-000000","LOCAL_WATERSHED_CODE":"100-064535-028657-000000-000000-000000-000000-000000-000000-000000-000000-000000-000000-000000-000000-000000-000000-000000-000000-000000-000000","WATERSHED_GROUP_CODE":"CHWK","DOWNSTREAM_ROUTE_MEASURE":1910.48746020665,"LENGTH_METRE":1774.3797525671,"FEATURE_SOURCE":"areal stream sk","GNIS_ID":26216,"GNIS_NAME":"Sumas River","LEFT_RIGHT_TRIBUTARY":"LEFT","STREAM_ORDER":6,"STREAM_MAGNITUDE":2303,"WATERBODY_KEY":329083347,"BLUE_LINE_KEY_50K":832,"WATERSHED_CODE_50K":"100065700000000000000000000000000000000000000","WATERSHED_KEY_50K":832,"WATERSHED_GROUP_CODE_50K":"CHWK","GRADIENT":null,"FEATURE_CODE":"WA24111120","OBJECTID":29189,"GEOMETRY.LEN":0,"FEATURE_LENGTH_M":1774.3792000000001}},{"type":"Feature","id":3520336,"geometry":{"type":"LineString","coordinates":[[567637.89459597354,5442796.5838243142],[567643.85706079437,5442814.5498914141],[567646.8535889457,5442827.5710744094],[567650.8041398871,5442840.6039537555],[567653.80166735814,5442853.6250893334],[567656.95720887592,5442866.6483825007],[567659.83674780629,5442880.6182245519],[567661.84023171745,5442892.6767853741],[567663.88473692397,5442905.6861711163],[567665.86098878121,5442925.6622577682],[567667.82009077317,5442947.6965522282],[567670.83377597819,5442958.6595019875],[567681.90024402866,5442979.6966417292],[567688.90020261193,5442988.6505442616],[567694.8411795618,5442992.6810157066],[567707.86656522169,5442996.6415209854],[567731.91409134213,5443004.695516631],[567741.92238831054,5443008.6186336474],[567763.92200608528,5443014.5888098739],[567782.82253278967,5443018.6209483044],[567790.82758438028,5443022.677051831],[567806.87007533945,5443026.6749201557],[567829.87990332185,5443031.5494750673],[567847.81126363133,5443037.6280255811],[567870.90583641129,5443045.6712373709],[567892.81236594205,5443055.5990785174],[567910.84966422874,5443066.5882998528],[567922.86487820162,5443071.6443713671],[567935.84931091359,5443074.6550120963],[567947.85679360456,5443074.6438770136],[567960.89935262082,5443076.5461283261],[567981.91610430903,5443075.6963264756],[568005.93111503741,5443075.6750397608],[568025.9360176404,5443074.6547685601],[568037.82551570376,5443075.5923288008],[568054.82106283028,5443079.601882848],[568078.86774831382,5443087.6578123374],[568102.8145480497,5443094.6031899629],[568124.94844022102,5443097.5683858152],[568130.84746939712,5443100.6490403702],[568147.90019608533,5443103.5512315864],[568167.91289923224,5443107.5991268335],[568185.84335571795,5443113.6786413956],[568203.87400438625,5443119.6015476976],[568217.85151872702,5443123.5747445598],[568231.93087990861,5443128.6573963035],[568247.85548281891,5443133.604882136],[568271.82625162217,5443143.5602413695],[568286.91577220848,5443147.5462752432],[568302.91733860807,5443150.5942154247],[568318.93504344486,5443151.5839856239],[568322.86418856157,5443150.6832544087],[568346.92030572449,5443151.6136879399]]},"properties":{"LINEAR_FEATURE_ID":700731604,"WATERSHED_GROUP_ID":28,"EDGE_TYPE":1000,"BLUE_LINE_KEY":356341130,"WATERSHED_KEY":356341130,"FWA_WATERSHED_CODE":"100-064535-055273-000000-000000-000000-000000-000000-000000-000000-000000-000000-000000-000000-000000-000000-000000-000000-000000-000000-000000","LOCAL_WATERSHED_CODE":"100-064535-055273-449207-000000-000000-000000-000000-000000-000000-000000-000000-000000-000000-000000-000000-000000-000000-000000-000000-000000","WATERSHED_GROUP_CODE":"CHWK","DOWNSTREAM_ROUTE_MEASURE":2447.2607200570901,"LENGTH_METRE":887.51907880086299,"FEATURE_SOURCE":"RiverStream","GNIS_ID":8376,"GNIS_NAME":"Miller Slough","LEFT_RIGHT_TRIBUTARY":"RIGHT","STREAM_ORDER":2,"STREAM_MAGNITUDE":3,"WATERBODY_KEY":null,"BLUE_LINE_KEY_50K":834,"WATERSHED_CODE_50K":"100065700093000000000000000000000000000000000","WATERSHED_KEY_50K":834,"WATERSHED_GROUP_CODE_50K":"CHWK","GRADIENT":null,"FEATURE_CODE":"GA24850000","OBJECTID":3520336,"GEOMETRY.LEN":0,"FEATURE_LENGTH_M":887.54700000000003}},{"type":"Feature","id":256388,"geometry":{"type":"LineString","coordinates":[[568346.92030572449,5443151.6136879399],[568345.86036976136,5443146.6923134318],[568340.88593462785,5443124.6196172694],[568333.80549066165,5443101.5725075295],[568321.90369830234,5443079.573022984],[568311.90796797071,5443057.5969991535],[568303.84123727283,5443038.6545184255],[568294.85471115098,5443015.5829159636],[568285.95290066348,5442995.6789797861],[568280.86730539985,5442979.6232090024],[568271.86469657114,5442958.610760292],[568263.94819868833,5442934.6021995991],[568259.8395293334,5442921.5671935482],[568253.91889982496,5442904.5509613724],[568249.87843677902,5442884.5492366739],[568245.83897288144,5442864.547463851],[568243.87033128925,5442849.638576054],[568235.83586603473,5442826.5786962425],[568236.81606766302,5442818.6728830915],[568240.81845715444,5442814.6056289934],[568252.94393335842,5442813.6467266232],[568276.95896303118,5442813.6273425752],[568300.85596785427,5442814.5556646083],[568324.93081976008,5442814.694941978],[568345.8117789519,5442815.5868485635],[568350.85190280073,5442814.6990010832],[568370.89682201063,5442814.6304975562],[568393.87677202944,5442812.6976867896],[568407.83134784549,5442813.6617665598],[568411.89965541358,5442813.5543348845]]},"properties":{"LINEAR_FEATURE_ID":700731583,"WATERSHED_GROUP_ID":28,"EDGE_TYPE":2000,"BLUE_LINE_KEY":356054709,"WATERSHED_KEY":356054709,"FWA_WATERSHED_CODE":"100-064535-055273-612116-000000-000000-000000-000000-000000-000000-000000-000000-000000-000000-000000-000000-000000-000000-000000-000000-000000","LOCAL_WATERSHED_CODE":"100-064535-055273-612116-000000-000000-000000-000000-000000-000000-000000-000000-000000-000000-000000-000000-000000-000000-000000-000000-000000","WATERSHED_GROUP_CODE":"CHWK","DOWNSTREAM_ROUTE_MEASURE":0,"LENGTH_METRE":530.10749129338103,"FEATURE_SOURCE":"RiverStream","GNIS_ID":null,"GNIS_NAME":null,"LEFT_RIGHT_TRIBUTARY":"LEFT","STREAM_ORDER":1,"STREAM_MAGNITUDE":1,"WATERBODY_KEY":null,"BLUE_LINE_KEY_50K":null,"WATERSHED_CODE_50K":null,"WATERSHED_KEY_50K":null,"WATERSHED_GROUP_CODE_50K":null,"GRADIENT":null,"FEATURE_CODE":"GA08800110","OBJECTID":256388,"GEOMETRY.LEN":0,"FEATURE_LENGTH_M":530.10789999999997}},{"type":"Feature","id":478046,"geometry":{"type":"LineString","coordinates":[[567131.90867574501,5442935.6181226661],[567127.93860689527,5442935.5699683521],[567104.87682331924,5442935.6057323981],[567094.95733140362,5442938.6524320552],[567080.87398048653,5442956.6917004939],[567068.83579650428,5442975.5467693917],[567062.81706577144,5442985.6083531547],[567052.83689595025,5443000.6879326757],[567039.94754489965,5443020.6416933862],[567029.95623949659,5443041.580606522],[567023.84434479801,5443055.5998724317],[567013.83586311934,5443078.5969799804],[567005.89239620848,5443101.618697199],[567000.85051928728,5443114.7010374414],[566988.82246720174,5443127.697756839]]},"properties":{"LINEAR_FEATURE_ID":700731529,"WATERSHED_GROUP_ID":28,"EDGE_TYPE":1000,"BLUE_LINE_KEY":356190825,"WATERSHED_KEY":356190825,"FWA_WATERSHED_CODE":"100-064535-055273-449207-257101-000000-000000-000000-000000-000000-000000-000000-000000-000000-000000-000000-000000-000000-000000-000000-000000","LOCAL_WATERSHED_CODE":"100-064535-055273-449207-257101-000000-000000-000000-000000-000000-000000-000000-000000-000000-000000-000000-000000-000000-000000-000000-000000","WATERSHED_GROUP_CODE":"CHWK","DOWNSTREAM_ROUTE_MEASURE":181.03294085966502,"LENGTH_METRE":255.88499411028903,"FEATURE_SOURCE":"RiverStream","GNIS_ID":null,"GNIS_NAME":null,"LEFT_RIGHT_TRIBUTARY":"RIGHT","STREAM_ORDER":1,"STREAM_MAGNITUDE":1,"WATERBODY_KEY":null,"BLUE_LINE_KEY_50K":null,"WATERSHED_CODE_50K":null,"WATERSHED_KEY_50K":null,"WATERSHED_GROUP_CODE_50K":null,"GRADIENT":null,"FEATURE_CODE":"GA24850150","OBJECTID":478046,"GEOMETRY.LEN":0,"FEATURE_LENGTH_M":255.91410000000002}},{"type":"Feature","id":4360641,"geometry":{"type":"LineString","coordinates":[[567478.89590638457,5443026.6181170056],[567488.78169713879,5443064.1692050397],[567481.81214355235,5443091.5762042105]]},"properties":{"LINEAR_FEATURE_ID":700731455,"WATERSHED_GROUP_ID":28,"EDGE_TYPE":1400,"BLUE_LINE_KEY":356280589,"WATERSHED_KEY":356280589,"FWA_WATERSHED_CODE":"999-999999-999999-999999-999999-999999-999999-999999-999999-999999-999999-999999-999999-999999-999999-999999-999999-999999-999999-999999-999999","LOCAL_WATERSHED_CODE":null,"WATERSHED_GROUP_CODE":"CHWK","DOWNSTREAM_ROUTE_MEASURE":0,"LENGTH_METRE":67.068968161767501,"FEATURE_SOURCE":"OP","GNIS_ID":null,"GNIS_NAME":null,"LEFT_RIGHT_TRIBUTARY":"RIGHT","STREAM_ORDER":1,"STREAM_MAGNITUDE":1,"WATERBODY_KEY":329083468,"BLUE_LINE_KEY_50K":null,"WATERSHED_CODE_50K":null,"WATERSHED_KEY_50K":null,"WATERSHED_GROUP_CODE_50K":null,"GRADIENT":null,"FEATURE_CODE":"WA24111170","OBJECTID":4360641,"GEOMETRY.LEN":0,"FEATURE_LENGTH_M":67.068899999999999}},{"type":"Feature","id":2628545,"geometry":{"type":"LineString","coordinates":[[567268.97201509937,5443048.0086694891],[567347.2172664539,5443124.1371904295],[567359.8812349753,5443124.6085295957]]},"properties":{"LINEAR_FEATURE_ID":700731446,"WATERSHED_GROUP_ID":28,"EDGE_TYPE":1200,"BLUE_LINE_KEY":356196958,"WATERSHED_KEY":356196958,"FWA_WATERSHED_CODE":"100-064535-055273-449207-000000-000000-000000-000000-000000-000000-000000-000000-000000-000000-000000-000000-000000-000000-000000-000000-000000","LOCAL_WATERSHED_CODE":"100-064535-055273-449207-257101-000000-000000-000000-000000-000000-000000-000000-000000-000000-000000-000000-000000-000000-000000-000000-000000","WATERSHED_GROUP_CODE":"CHWK","DOWNSTREAM_ROUTE_MEASURE":492.76513191268702,"LENGTH_METRE":121.903394337295,"FEATURE_SOURCE":"lake-def skelet","GNIS_ID":null,"GNIS_NAME":null,"LEFT_RIGHT_TRIBUTARY":"RIGHT","STREAM_ORDER":1,"STREAM_MAGNITUDE":1,"WATERBODY_KEY":329083395,"BLUE_LINE_KEY_50K":null,"WATERSHED_CODE_50K":null,"WATERSHED_KEY_50K":null,"WATERSHED_GROUP_CODE_50K":null,"GRADIENT":null,"FEATURE_CODE":"WA24111110","OBJECTID":2628545,"GEOMETRY.LEN":0,"FEATURE_LENGTH_M":121.90390000000001}},{"type":"Feature","id":1482116,"geometry":{"type":"LineString","coordinates":[[567399.84772059275,5443187.6427007914],[567377.86859381013,5443195.6089850925],[567369.87120631221,5443196.6190375444],[567352.92548443016,5443198.6293069245],[567331.80969392124,5443199.639486758],[567308.80496442493,5443198.5669630123],[567288.91816868889,5443198.6413323963],[567269.9245832247,5443198.5687672812],[567248.94291084248,5443196.5710573299],[567238.8815398406,5443197.5574402707],[567225.83907917596,5443195.6570674321],[567212.8786070277,5443195.6573381703],[567210.81458066753,5443195.6326818774],[567186.85787106969,5443194.5493304543],[567183.90063512896,5443194.6716017546],[567160.93697203312,5443194.5508563248],[567148.88855754607,5443193.613041658],[567135.92908485862,5443193.6132560745],[567124.87371564982,5443193.6380522959],[567105.83912207338,5443192.6146237934],[567091.80866847606,5443193.5527865533],[567069.85685684078,5443193.6024826337],[567056.85645839351,5443192.6538606118],[567033.95261824096,5443192.6917534405],[567013.80607603514,5443191.6564340647],[566993.85947289015,5443191.5720501989],[566969.88569283788,5443192.5488344086],[566947.89391390688,5443191.6486294195],[566935.94370231288,5443190.5542661753],[566921.93209940509,5443190.7012512647],[566907.86063609901,5443190.6885574497],[566893.94722992682,5443190.6790221557],[566869.94961232005,5443188.6467490317],[566847.83983864437,5443188.6952197757],[566824.83526477334,5443187.6255505774],[566802.88454727957,5443187.6771263061],[566781.94400049897,5443186.632111568],[566759.83427336358,5443186.6815566625],[566739.84675572289,5443185.6482838038],[566724.86332300934,5443186.5756248385],[566704.93566711363,5443185.7020193096],[566683.87712309579,5443185.6056816941],[566659.82137756969,5443184.6817234615],[566646.86100446223,5443184.6838977989],[566623.8974929126,5443184.5659904592],[566610.93811814964,5443184.5681154188],[566596.86570801574,5443184.5564074079],[566572.8100100439,5443183.6334216911],[566548.95329157833,5443183.6624128157],[566525.83177023008,5443183.5423139576],[566511.81922191102,5443183.6902667899],[566498.91703934199,5443182.585036004],[566475.85537986353,5443182.6245985702],[566453.80289738544,5443181.567618194],[566433.93344209564,5443179.5865624845],[566412.95199391479,5443177.5926247938],[566392.80552521884,5443176.5581425186],[566371.82408010913,5443174.5641936865],[566351.89648457686,5443173.6914964803],[566336.8721394703,5443173.6699386453],[566314.80352143582,5443174.6720766742],[566297.89031020855,5443172.5687917871],[566288.94102546095,5443173.5699265199],[566266.94841333164,5443172.6725693056],[566245.89097086119,5443172.578067543],[566224.89239070669,5443172.6432799334],[566201.88793721586,5443171.5754239028],[566179.93737347121,5443171.6298201783]]},"properties":{"LINEAR_FEATURE_ID":700731410,"WATERSHED_GROUP_ID":28,"EDGE_TYPE":2000,"BLUE_LINE_KEY":356196958,"WATERSHED_KEY":356196958,"FWA_WATERSHED_CODE":"100-064535-055273-449207-000000-000000-000000-000000-000000-000000-000000-000000-000000-000000-000000-000000-000000-000000-000000-000000-000000","LOCAL_WATERSHED_CODE":"100-064535-055273-449207-257101-000000-000000-000000-000000-000000-000000-000000-000000-000000-000000-000000-000000-000000-000000-000000-000000","WATERSHED_GROUP_CODE":"CHWK","DOWNSTREAM_ROUTE_MEASURE":691.86417148137502,"LENGTH_METRE":1224.7511537401599,"FEATURE_SOURCE":"RiverStream","GNIS_ID":null,"GNIS_NAME":null,"LEFT_RIGHT_TRIBUTARY":"RIGHT","STREAM_ORDER":1,"STREAM_MAGNITUDE":1,"WATERBODY_KEY":null,"BLUE_LINE_KEY_50K":null,"WATERSHED_CODE_50K":null,"WATERSHED_KEY_50K":null,"WATERSHED_GROUP_CODE_50K":null,"GRADIENT":null,"FEATURE_CODE":"GA08800110","OBJECTID":1482116,"GEOMETRY.LEN":0,"FEATURE_LENGTH_M":1224.7512000000002}},{"type":"Feature","id":994155,"geometry":{"type":"LineString","coordinates":[[567359.8812349753,5443124.6085295957],[567365.82120429911,5443128.6390623264],[567384.90880632307,5443151.6741699167],[567392.95042028779,5443167.6067061285],[567398.91529506398,5443174.6472204672],[567399.84772059275,5443187.6427007914]]},"properties":{"LINEAR_FEATURE_ID":700731407,"WATERSHED_GROUP_ID":28,"EDGE_TYPE":1000,"BLUE_LINE_KEY":356196958,"WATERSHED_KEY":356196958,"FWA_WATERSHED_CODE":"100-064535-055273-449207-000000-000000-000000-000000-000000-000000-000000-000000-000000-000000-000000-000000-000000-000000-000000-000000-000000","LOCAL_WATERSHED_CODE":"100-064535-055273-449207-257101-000000-000000-000000-000000-000000-000000-000000-000000-000000-000000-000000-000000-000000-000000-000000-000000","WATERSHED_GROUP_CODE":"CHWK","DOWNSTREAM_ROUTE_MEASURE":614.66852624998205,"LENGTH_METRE":77.195645231393001,"FEATURE_SOURCE":"RiverStream","GNIS_ID":null,"GNIS_NAME":null,"LEFT_RIGHT_TRIBUTARY":"RIGHT","STREAM_ORDER":1,"STREAM_MAGNITUDE":1,"WATERBODY_KEY":null,"BLUE_LINE_KEY_50K":null,"WATERSHED_CODE_50K":null,"WATERSHED_KEY_50K":null,"WATERSHED_GROUP_CODE_50K":null,"GRADIENT":null,"FEATURE_CODE":"GA24850150","OBJECTID":994155,"GEOMETRY.LEN":0,"FEATURE_LENGTH_M":77.195300000000003}},{"type":"Feature","id":2167747,"geometry":{"type":"LineString","coordinates":[[568346.92030572449,5443151.6136879399],[568369.89708022377,5443160.6074584471],[568381.93628374743,5443168.6734921513],[568392.89771393721,5443172.6092562303],[568405.88223223703,5443175.6208178792],[568418.86670860241,5443178.6313775312],[568430.85717000195,5443180.6803779602],[568452.87316967896,5443184.595190011],[568473.81404949329,5443185.6457474912],[568486.9565885606,5443188.6594536332],[568508.91543218703,5443193.6815918917],[568521.91708985984,5443194.6349244285],[568530.93148485781,5443197.5973816579],[568549.87323065905,5443202.5821565371],[568566.85180013173,5443208.6518069683],[568588.83460346353,5443216.6839559563],[568610.87453010527,5443223.6077567106],[568619.87280320749,5443228.6283693006],[568643.91969424929,5443236.6861201525],[568666.91270656267,5443243.6226342302],[568688.95369032782,5443250.5473687034],[568710.89449017809,5443257.6287012864],[568734.81668163266,5443261.5688911099],[568749.82427646278,5443263.6551861716],[568772.91042251664,5443266.6349693248],[568787.95905393932,5443269.6720808297]]},"properties":{"LINEAR_FEATURE_ID":700731348,"WATERSHED_GROUP_ID":28,"EDGE_TYPE":1000,"BLUE_LINE_KEY":356341130,"WATERSHED_KEY":356341130,"FWA_WATERSHED_CODE":"100-064535-055273-000000-000000-000000-000000-000000-000000-000000-000000-000000-000000-000000-000000-000000-000000-000000-000000-000000-000000","LOCAL_WATERSHED_CODE":"100-064535-055273-612116-000000-000000-000000-000000-000000-000000-000000-000000-000000-000000-000000-000000-000000-000000-000000-000000-000000","WATERSHED_GROUP_CODE":"CHWK","DOWNSTREAM_ROUTE_MEASURE":3334.77979885795,"LENGTH_METRE":460.07680974337308,"FEATURE_SOURCE":"RiverStream","GNIS_ID":null,"GNIS_NAME":null,"LEFT_RIGHT_TRIBUTARY":"RIGHT","STREAM_ORDER":2,"STREAM_MAGNITUDE":2,"WATERBODY_KEY":null,"BLUE_LINE_KEY_50K":834,"WATERSHED_CODE_50K":"100065700093000000000000000000000000000000000","WATERSHED_KEY_50K":834,"WATERSHED_GROUP_CODE_50K":"CHWK","GRADIENT":null,"FEATURE_CODE":"GA24850000","OBJECTID":2167747,"GEOMETRY.LEN":0,"FEATURE_LENGTH_M":460.07650000000001}},{"type":"Feature","id":285344,"geometry":{"type":"LineString","coordinates":[[565373.83826209756,5443345.0807130542],[565371.86117128178,5443295.6534480648]]},"properties":{"LINEAR_FEATURE_ID":700731341,"WATERSHED_GROUP_ID":28,"EDGE_TYPE":1450,"BLUE_LINE_KEY":356355859,"WATERSHED_KEY":356355859,"FWA_WATERSHED_CODE":"100-064535-028657-000000-000000-000000-000000-000000-000000-000000-000000-000000-000000-000000-000000-000000-000000-000000-000000-000000-000000","LOCAL_WATERSHED_CODE":"100-064535-028657-000000-000000-000000-000000-000000-000000-000000-000000-000000-000000-000000-000000-000000-000000-000000-000000-000000-000000","WATERSHED_GROUP_CODE":"CHWK","DOWNSTREAM_ROUTE_MEASURE":0,"LENGTH_METRE":49.430241142030397,"FEATURE_SOURCE":"OP","GNIS_ID":null,"GNIS_NAME":null,"LEFT_RIGHT_TRIBUTARY":"LEFT","STREAM_ORDER":1,"STREAM_MAGNITUDE":1,"WATERBODY_KEY":329083347,"BLUE_LINE_KEY_50K":null,"WATERSHED_CODE_50K":null,"WATERSHED_KEY_50K":null,"WATERSHED_GROUP_CODE_50K":null,"GRADIENT":null,"FEATURE_CODE":"WA24111190","OBJECTID":285344,"GEOMETRY.LEN":0,"FEATURE_LENGTH_M":49.440400000000004}},{"type":"Feature","id":2020749,"geometry":{"type":"LineString","coordinates":[[567614.87408586231,5443297.6288931035],[567606.88647368364,5443316.4965672158],[567607.83297685371,5443341.5637104474]]},"properties":{"LINEAR_FEATURE_ID":700731272,"WATERSHED_GROUP_ID":28,"EDGE_TYPE":1400,"BLUE_LINE_KEY":356123814,"WATERSHED_KEY":356123814,"FWA_WATERSHED_CODE":"999-999999-999999-999999-999999-999999-999999-999999-999999-999999-999999-999999-999999-999999-999999-999999-999999-999999-999999-999999-999999","LOCAL_WATERSHED_CODE":null,"WATERSHED_GROUP_CODE":"CHWK","DOWNSTREAM_ROUTE_MEASURE":0,"LENGTH_METRE":45.545992525753896,"FEATURE_SOURCE":"OP","GNIS_ID":null,"GNIS_NAME":null,"LEFT_RIGHT_TRIBUTARY":"RIGHT","STREAM_ORDER":1,"STREAM_MAGNITUDE":1,"WATERBODY_KEY":329083490,"BLUE_LINE_KEY_50K":null,"WATERSHED_CODE_50K":null,"WATERSHED_KEY_50K":null,"WATERSHED_GROUP_CODE_50K":null,"GRADIENT":null,"FEATURE_CODE":"WA24111170","OBJECTID":2020749,"GEOMETRY.LEN":0,"FEATURE_LENGTH_M":45.546199999999999}},{"type":"Feature","id":4214785,"geometry":{"type":"LineString","coordinates":[[563947.83085317165,5443411.6821497036],[563949.8808608189,5443401.5715581477],[563950.9483024464,5443384.6410719436],[563952.92288432759,5443377.6970345974],[563949.8499372626,5443366.5763855372],[563945.81271213782,5443346.5786071019],[563943.87067979155,5443334.6807268439],[563942.81686686818,5443333.5594428517],[563942.88648297661,5443326.5937802158],[563941.84148747392,5443303.6215625089],[563942.94237732119,5443282.5737199914],[563940.87482818763,5443266.5573692629],[563940.8949419742,5443253.5727698207],[563937.94756058336,5443246.5715665603],[563930.83125597949,5443238.572053452],[563923.83198898891,5443229.623887877],[563916.88994833641,5443219.5683916062],[563913.92532428307,5443214.6253764136],[563906.93578158214,5443198.5508564394],[563903.88176645688,5443186.6400413932],[563898.88666695287,5443177.5569366589],[563887.87645886687,5443167.6116185412],[563876.88354318799,5443155.609105031],[563870.87824416917,5443147.6225363621],[563858.9397915114,5443140.6753914673],[563849.85184370552,5443128.6944937613],[563838.83421286568,5443113.6830001716],[563832.80419472326,5443102.6874545934],[563823.9161977889,5443091.6584940907],[563820.8917725191,5443086.5567906797],[563816.81517029635,5443081.6008506091],[563806.93326730642,5443069.6112751653],[563799.8569685563,5443062.5626001116],[563795.92312834028,5443059.6669339733],[563789.84078455158,5443053.5798683213],[563776.8836763365,5443042.662121647],[563766.9494475848,5443035.581026895],[563761.92087136232,5443030.6142476695],[563749.89206810412,5443016.6993113765],[563742.81677666225,5443009.6505845357],[563729.94163137907,5443000.6344681103],[563721.87886600581,5442997.6913397945],[563709.8397071301,5442989.6356636388],[563704.82739022025,5442982.6107254438],[563697.85189336329,5442976.6715355711],[563686.94093707926,5442966.5696171429],[563678.87070743029,5442958.5593114663],[563675.85666571767,5442947.5983231748],[563670.94617973757,5442941.6838368447],[563667.92172631808,5442936.5811202517],[563663.84518403502,5442931.626165011],[563658.87384839286,5442925.5520417672],[563651.92598263663,5442911.6953716492],[563645.95323159534,5442899.592456622],[563638.88837443513,5442886.6854357226],[563635.93256559176,5442874.6170607898],[563633.88776156423,5442861.6086967755],[563627.92543184198,5442843.6474938653],[563624.8847729644,5442840.6039267331],[563621.84311669611,5442837.5604026215],[563619.83050087502,5442832.6281926418],[563615.95785390632,5442817.6996726012],[563612.81836476608,5442802.6211816464],[563609.86156416859,5442790.5528374361],[563609.93016321398,5442783.58617598],[563608.83838164655,5442770.5895897113],[563606.87843683129,5442748.5563862426],[563605.87997328618,5442731.6021118183],[563605.8907137902,5442713.5513339825],[563603.80498602882,5442699.5931199854],[563602.94823692157,5442684.6981641678],[563601.82036691159,5442674.5519119846],[563602.91800373979,5442665.6965511451],[563601.86719649693,5442653.6507713692],[563600.9496393461,5442638.5971712591],[563598.9370717305,5442633.6659493456],[563594.89691839647,5442613.6671192506],[563583.81175579038,5442594.6967823282],[563578.81472918729,5442585.6136870142],[563574.88871172245,5442575.5926818457],[563564.87456636271,5442555.6844257135],[563561.9252433083,5442548.6832423415],[563556.83590039972,5442543.5577895837],[563553.8303907332,5442537.6648992868],[563546.86469332513,5442513.6748928139],[563533.90707871749,5442490.5655702641],[563529.87149470497,5442486.5604119934],[563526.94689328293,5442482.5682143569],[563508.93279450573,5442474.6020978102],[563497.86946671794,5442469.5672219358],[563485.93019172375,5442462.6210218975],[563478.82825941476,5442452.5633257898],[563475.86373047694,5442447.6212543501],[563472.88970384747,5442437.611066266],[563471.80540361558,5442429.6816301895],[563472.92414176499,5442422.568264978],[563473.83618280152,5442421.6292306762],[563474.93970410561,5442416.5749880709],[563477.85676772206,5442404.5736011527],[563478.83641772333,5442396.6679168362],[563480.92738655268,5442376.5826556683],[563480.81127133989,5442366.6048824359],[563480.85420795984,5442356.6302327523],[563479.85180840839,5442350.6014459683],[563480.91532245628,5442333.6709324494]]},"properties":{"LINEAR_FEATURE_ID":700731962,"WATERSHED_GROUP_ID":28,"EDGE_TYPE":1000,"BLUE_LINE_KEY":356066241,"WATERSHED_KEY":356066241,"FWA_WATERSHED_CODE":"100-064535-008216-000000-000000-000000-000000-000000-000000-000000-000000-000000-000000-000000-000000-000000-000000-000000-000000-000000-000000","LOCAL_WATERSHED_CODE":"100-064535-008216-000000-000000-000000-000000-000000-000000-000000-000000-000000-000000-000000-000000-000000-000000-000000-000000-000000-000000","WATERSHED_GROUP_CODE":"CHWK","DOWNSTREAM_ROUTE_MEASURE":137.80247220611301,"LENGTH_METRE":1253.0586839330801,"FEATURE_SOURCE":"RiverStream","GNIS_ID":null,"GNIS_NAME":null,"LEFT_RIGHT_TRIBUTARY":"LEFT","STREAM_ORDER":1,"STREAM_MAGNITUDE":1,"WATERBODY_KEY":null,"BLUE_LINE_KEY_50K":null,"WATERSHED_CODE_50K":null,"WATERSHED_KEY_50K":null,"WATERSHED_GROUP_CODE_50K":null,"GRADIENT":null,"FEATURE_CODE":"GA24850150","OBJECTID":4214785,"GEOMETRY.LEN":0,"FEATURE_LENGTH_M":1396.1172000000001}},{"type":"Feature","id":4782773,"geometry":{"type":"LineString","coordinates":[[564028.72303547442,5443523.2368742842],[563947.83085317165,5443411.6821497036]]},"properties":{"LINEAR_FEATURE_ID":700731303,"WATERSHED_GROUP_ID":28,"EDGE_TYPE":1450,"BLUE_LINE_KEY":356066241,"WATERSHED_KEY":356066241,"FWA_WATERSHED_CODE":"100-064535-008216-000000-000000-000000-000000-000000-000000-000000-000000-000000-000000-000000-000000-000000-000000-000000-000000-000000-000000","LOCAL_WATERSHED_CODE":"100-064535-008216-000000-000000-000000-000000-000000-000000-000000-000000-000000-000000-000000-000000-000000-000000-000000-000000-000000-000000","WATERSHED_GROUP_CODE":"CHWK","DOWNSTREAM_ROUTE_MEASURE":0,"LENGTH_METRE":137.80247220611301,"FEATURE_SOURCE":"OP","GNIS_ID":null,"GNIS_NAME":null,"LEFT_RIGHT_TRIBUTARY":"LEFT","STREAM_ORDER":1,"STREAM_MAGNITUDE":1,"WATERBODY_KEY":329083347,"BLUE_LINE_KEY_50K":null,"WATERSHED_CODE_50K":null,"WATERSHED_KEY_50K":null,"WATERSHED_GROUP_CODE_50K":null,"GRADIENT":null,"FEATURE_CODE":"WA24111190","OBJECTID":4782773,"GEOMETRY.LEN":0,"FEATURE_LENGTH_M":137.81640000000002}},{"type":"Feature","id":3405138,"geometry":{"type":"LineString","coordinates":[[564219.62644748576,5443503.0576759279],[564655.03616867994,5443403.9199529579]]},"properties":{"LINEAR_FEATURE_ID":700731283,"WATERSHED_GROUP_ID":28,"EDGE_TYPE":1250,"BLUE_LINE_KEY":356352298,"WATERSHED_KEY":356352298,"FWA_WATERSHED_CODE":"100-064535-000000-000000-000000-000000-000000-000000-000000-000000-000000-000000-000000-000000-000000-000000-000000-000000-000000-000000-000000","LOCAL_WATERSHED_CODE":"100-064535-008216-000000-000000-000000-000000-000000-000000-000000-000000-000000-000000-000000-000000-000000-000000-000000-000000-000000-000000","WATERSHED_GROUP_CODE":"CHWK","DOWNSTREAM_ROUTE_MEASURE":740.02603975616603,"LENGTH_METRE":447.14346093554707,"FEATURE_SOURCE":"areal stream sk","GNIS_ID":26216,"GNIS_NAME":"Sumas River","LEFT_RIGHT_TRIBUTARY":"LEFT","STREAM_ORDER":6,"STREAM_MAGNITUDE":2306,"WATERBODY_KEY":329083347,"BLUE_LINE_KEY_50K":832,"WATERSHED_CODE_50K":"100065700000000000000000000000000000000000000","WATERSHED_KEY_50K":832,"WATERSHED_GROUP_CODE_50K":"CHWK","GRADIENT":null,"FEATURE_CODE":"WA24111120","OBJECTID":3405138,"GEOMETRY.LEN":0,"FEATURE_LENGTH_M":447.1438}},{"type":"Feature","id":2894886,"geometry":{"type":"LineString","coordinates":[[564655.03616867994,5443403.9199529579],[564648.82964779134,5443338.6092144242]]},"properties":{"LINEAR_FEATURE_ID":700731332,"WATERSHED_GROUP_ID":28,"EDGE_TYPE":1450,"BLUE_LINE_KEY":356195748,"WATERSHED_KEY":356195748,"FWA_WATERSHED_CODE":"100-064535-017807-000000-000000-000000-000000-000000-000000-000000-000000-000000-000000-000000-000000-000000-000000-000000-000000-000000-000000","LOCAL_WATERSHED_CODE":"100-064535-017807-000000-000000-000000-000000-000000-000000-000000-000000-000000-000000-000000-000000-000000-000000-000000-000000-000000-000000","WATERSHED_GROUP_CODE":"CHWK","DOWNSTREAM_ROUTE_MEASURE":0,"LENGTH_METRE":65.558051983607697,"FEATURE_SOURCE":"OP","GNIS_ID":null,"GNIS_NAME":null,"LEFT_RIGHT_TRIBUTARY":"LEFT","STREAM_ORDER":1,"STREAM_MAGNITUDE":1,"WATERBODY_KEY":329083347,"BLUE_LINE_KEY_50K":833,"WATERSHED_CODE_50K":"100065700022000000000000000000000000000000000","WATERSHED_KEY_50K":833,"WATERSHED_GROUP_CODE_50K":"CHWK","GRADIENT":null,"FEATURE_CODE":"WA24111190","OBJECTID":2894886,"GEOMETRY.LEN":0,"FEATURE_LENGTH_M":65.5655}},{"type":"Feature","id":342604,"geometry":{"type":"LineString","coordinates":[[564648.82964779134,5443338.6092144242],[564657.88660067809,5443315.5967686009],[564657.89037139656,5443304.6703095743],[564659.87459099351,5443290.6008862341],[564667.94509649544,5443271.6939870929],[564673.80502897222,5443261.6285508676],[564683.95673026703,5443240.6871740567],[564685.85420778033,5443235.6426125225],[564688.81516045344,5443224.5929688225],[564688.88847724057,5443206.7008145303],[564688.8086698032,5443192.6066478947],[564690.83667546662,5443168.5625885436],[564691.84198065277,5443163.6658771848],[564696.88412857358,5443150.5817514267],[564697.86467535095,5443142.6760653825],[564700.86660785042,5443132.577228575],[564704.80329625972,5443124.5474093677],[564710.85074222367,5443106.5665605394],[564711.87227285258,5443099.6116908463],[564717.8254516219,5443085.5885532005],[564723.88812083821,5443065.5495821964],[564729.85262990301,5443045.6681173025],[564735.91153565433,5443036.5556326052],[564746.95320362563,5443027.6588820079],[564748.84313541197,5443017.5471267048],[564749.86087953753,5442994.5985674327],[564760.87028584548,5442977.6266490258],[564766.9566975605,5442960.5966692818],[564768.93119857891,5442953.652563503],[564768.81696948805,5442943.6757541914],[564766.85490876716,5442932.5680092452],[564762.83921477071,5442915.5782547593],[564761.91474966763,5442907.6499445895],[564762.85445171024,5442886.6009215051],[564764.88616336812,5442878.549473118],[564764.92221292015,5442875.6991244294],[564761.92424822657,5442862.6799877789],[564758.95204285637,5442852.6697903695],[564755.9550341703,5442839.6496069971],[564751.91183017346,5442830.5773304952],[564749.86684508494,5442817.5689647393],[564746.8726364217,5442793.6232896075],[564742.8979374948,5442777.5843314696],[564734.83032141812,5442758.6466169823],[564723.92949666246,5442742.6845083172],[564717.82405398681,5442722.6610465599],[564711.9033809955,5442705.648648778],[564708.89789348177,5442687.562286986],[564713.83031971171,5442669.5685656751],[564714.89558466827,5442652.6379796481],[564710.82763299521,5442640.5566900438],[564704.897276907,5442630.6696867077],[564701.85553954367,5442627.6251935624],[564694.89617173537,5442619.6268972866],[564689.88373941183,5442612.600983548],[564683.90210687101,5442607.6224568738],[564679.88263848319,5442601.5581903029],[564672.88228907657,5442592.6090631858],[564664.94614966249,5442581.5899458062],[564662.86772840738,5442572.6979186116],[564658.85876687034,5442548.5828017546],[564659.81454627542,5442537.6680616932],[564664.93843505683,5442515.5600959128],[564664.80698926735,5442507.641446827]]},"properties":{"LINEAR_FEATURE_ID":700731839,"WATERSHED_GROUP_ID":28,"EDGE_TYPE":1000,"BLUE_LINE_KEY":356195748,"WATERSHED_KEY":356195748,"FWA_WATERSHED_CODE":"100-064535-017807-000000-000000-000000-000000-000000-000000-000000-000000-000000-000000-000000-000000-000000-000000-000000-000000-000000-000000","LOCAL_WATERSHED_CODE":"100-064535-017807-000000-000000-000000-000000-000000-000000-000000-000000-000000-000000-000000-000000-000000-000000-000000-000000-000000-000000","WATERSHED_GROUP_CODE":"CHWK","DOWNSTREAM_ROUTE_MEASURE":65.558051983607697,"LENGTH_METRE":886.77741498760702,"FEATURE_SOURCE":"RiverStream","GNIS_ID":null,"GNIS_NAME":null,"LEFT_RIGHT_TRIBUTARY":"LEFT","STREAM_ORDER":1,"STREAM_MAGNITUDE":1,"WATERBODY_KEY":null,"BLUE_LINE_KEY_50K":833,"WATERSHED_CODE_50K":"100065700022000000000000000000000000000000000","WATERSHED_KEY_50K":833,"WATERSHED_GROUP_CODE_50K":"CHWK","GRADIENT":null,"FEATURE_CODE":"GA24850150","OBJECTID":342604,"GEOMETRY.LEN":0,"FEATURE_LENGTH_M":965.5354000000001}},{"type":"Feature","id":313993,"geometry":{"type":"LineString","coordinates":[[564655.03616867994,5443403.9199529579],[564767.61001578113,5443390.5120886071]]},"properties":{"LINEAR_FEATURE_ID":700731290,"WATERSHED_GROUP_ID":28,"EDGE_TYPE":1250,"BLUE_LINE_KEY":356352298,"WATERSHED_KEY":356352298,"FWA_WATERSHED_CODE":"100-064535-000000-000000-000000-000000-000000-000000-000000-000000-000000-000000-000000-000000-000000-000000-000000-000000-000000-000000-000000","LOCAL_WATERSHED_CODE":"100-064535-017807-000000-000000-000000-000000-000000-000000-000000-000000-000000-000000-000000-000000-000000-000000-000000-000000-000000-000000","WATERSHED_GROUP_CODE":"CHWK","DOWNSTREAM_ROUTE_MEASURE":1187.16950069171,"LENGTH_METRE":113.529077051043,"FEATURE_SOURCE":"areal stream sk","GNIS_ID":26216,"GNIS_NAME":"Sumas River","LEFT_RIGHT_TRIBUTARY":"LEFT","STREAM_ORDER":6,"STREAM_MAGNITUDE":2305,"WATERBODY_KEY":329083347,"BLUE_LINE_KEY_50K":832,"WATERSHED_CODE_50K":"100065700000000000000000000000000000000000000","WATERSHED_KEY_50K":832,"WATERSHED_GROUP_CODE_50K":"CHWK","GRADIENT":null,"FEATURE_CODE":"WA24111120","OBJECTID":313993,"GEOMETRY.LEN":0,"FEATURE_LENGTH_M":113.5287}},{"type":"Feature","id":449319,"geometry":{"type":"LineString","coordinates":[[564767.61001578113,5443390.5120886071],[565015.01392902201,5443354.7817248926],[565373.83826209756,5443345.0807130542]]},"properties":{"LINEAR_FEATURE_ID":700731314,"WATERSHED_GROUP_ID":28,"EDGE_TYPE":1250,"BLUE_LINE_KEY":356352298,"WATERSHED_KEY":356352298,"FWA_WATERSHED_CODE":"100-064535-000000-000000-000000-000000-000000-000000-000000-000000-000000-000000-000000-000000-000000-000000-000000-000000-000000-000000-000000","LOCAL_WATERSHED_CODE":"100-064535-019510-000000-000000-000000-000000-000000-000000-000000-000000-000000-000000-000000-000000-000000-000000-000000-000000-000000-000000","WATERSHED_GROUP_CODE":"CHWK","DOWNSTREAM_ROUTE_MEASURE":1300.6985777427599,"LENGTH_METRE":609.78888246389602,"FEATURE_SOURCE":"areal stream sk","GNIS_ID":26216,"GNIS_NAME":"Sumas River","LEFT_RIGHT_TRIBUTARY":"LEFT","STREAM_ORDER":6,"STREAM_MAGNITUDE":2304,"WATERBODY_KEY":329083347,"BLUE_LINE_KEY_50K":832,"WATERSHED_CODE_50K":"100065700000000000000000000000000000000000000","WATERSHED_KEY_50K":832,"WATERSHED_GROUP_CODE_50K":"CHWK","GRADIENT":null,"FEATURE_CODE":"WA24111120","OBJECTID":449319,"GEOMETRY.LEN":0,"FEATURE_LENGTH_M":609.78949999999998}},{"type":"Feature","id":2040999,"geometry":{"type":"LineString","coordinates":[[564767.61001578113,5443390.5120886071],[564780.87227802258,5443463.664583086]]},"properties":{"LINEAR_FEATURE_ID":700731289,"WATERSHED_GROUP_ID":28,"EDGE_TYPE":1450,"BLUE_LINE_KEY":356280179,"WATERSHED_KEY":356280179,"FWA_WATERSHED_CODE":"100-064535-019510-000000-000000-000000-000000-000000-000000-000000-000000-000000-000000-000000-000000-000000-000000-000000-000000-000000-000000","LOCAL_WATERSHED_CODE":"100-064535-019510-000000-000000-000000-000000-000000-000000-000000-000000-000000-000000-000000-000000-000000-000000-000000-000000-000000-000000","WATERSHED_GROUP_CODE":"CHWK","DOWNSTREAM_ROUTE_MEASURE":0,"LENGTH_METRE":74.295849658326887,"FEATURE_SOURCE":"OP","GNIS_ID":null,"GNIS_NAME":null,"LEFT_RIGHT_TRIBUTARY":"RIGHT","STREAM_ORDER":1,"STREAM_MAGNITUDE":1,"WATERBODY_KEY":329083347,"BLUE_LINE_KEY_50K":null,"WATERSHED_CODE_50K":null,"WATERSHED_KEY_50K":null,"WATERSHED_GROUP_CODE_50K":null,"GRADIENT":null,"FEATURE_CODE":"WA24111190","OBJECTID":2040999,"GEOMETRY.LEN":0,"FEATURE_LENGTH_M":74.302400000000006}},{"type":"Feature","id":2716072,"geometry":{"type":"LineString","coordinates":[[565371.86117128178,5443295.6534480648],[565372.89985956275,5443286.6403829129],[565370.9262147845,5443266.6653184993],[565370.90143256565,5443263.6563462242],[565365.9308508524,5443257.5802955925],[565362.94234716916,5443249.6283105444],[565357.93077325367,5443242.6014384367],[565345.89593591145,5443223.6164916633],[565331.86081966455,5443208.5657136636],[565307.95298678102,5443186.5896203648],[565302.9479930572,5443184.6299561877],[565295.81424815464,5443178.686744405],[565281.82118262467,5443164.5877287919],[565279.80940978078,5443159.6545242202],[565274.93969109445,5443154.688960013],[565272.90909736941,5443150.5478984341],[565270.88015709003,5443147.6738909883],[565263.92159945413,5443139.673640755],[565260.86365063873,5443138.6883383607],[565256.88705809636,5443133.5738669829],[565250.88152700174,5443125.5853865696],[565241.81048346136,5443111.5444255881],[565232.8467739207,5443103.6791810906],[565229.80599611648,5443100.6346781906],[565222.8474896159,5443092.6354205394],[565211.91996157065,5443084.5888632564],[565205.89726870856,5443078.6595752155],[565200.95048939204,5443075.592525105],[565193.93378302001,5443068.7006410761],[565189.86395533127,5443067.5438420633],[565180.95850408461,5443058.5722103203],[565171.85400718858,5443048.6465900159],[565154.80200188281,5443033.5612715892],[565152.85604892345,5443032.5888592899],[565143.88209243992,5443030.5828812895],[565133.8656150254,5443021.5973030701],[565124.85066943348,5443018.6405003499],[565118.95091781928,5443015.5626698956],[565113.92972278281,5443015.6611490836],[565107.85478694772,5443014.6403536266],[565095.84762239992,5443014.6570411231],[565090.88463374344,5443013.6481403196],[565084.94389350363,5443009.6194847692],[565066.86450993153,5442997.6889054142],[565057.84205814195,5442989.6659122519],[565049.87829785678,5442986.5633621151],[565047.86658620834,5442981.6311430624],[565045.91579823918,5442964.6650761068],[565043.86800403264,5442962.5822031759],[565027.82887720747,5442947.6672985889],[565021.87192563352,5442945.6967951665],[565010.95970421401,5442935.5930838417],[565003.90798302961,5442931.551479321],[564999.87325285049,5442927.5453644795],[564991.81034754962,5442924.6003629323],[564983.80565036321,5442920.5479810536],[564974.81826039078,5442909.6746674255],[564968.84521529858,5442897.5698288074],[564962.94924681832,5442883.5664623166],[564957.85479704489,5442874.6389356013],[564947.85735314537,5442852.6696783304],[564933.91571600386,5442833.6630892251],[564919.94827750954,5442811.6465507429],[564913.8761362459,5442799.7002512235],[564911.93882371788,5442791.6014756374],[564912.8945754834,5442780.6867606016],[564913.8580034679,5442762.6467290269],[564917.91267201258,5442753.6681536343],[564925.86030945298,5442746.63637379],[564928.89451163134,5442744.6136590401],[564939.90007614205,5442738.5671945913]]},"properties":{"LINEAR_FEATURE_ID":700731722,"WATERSHED_GROUP_ID":28,"EDGE_TYPE":1000,"BLUE_LINE_KEY":356355859,"WATERSHED_KEY":356355859,"FWA_WATERSHED_CODE":"100-064535-028657-000000-000000-000000-000000-000000-000000-000000-000000-000000-000000-000000-000000-000000-000000-000000-000000-000000-000000","LOCAL_WATERSHED_CODE":"100-064535-028657-000000-000000-000000-000000-000000-000000-000000-000000-000000-000000-000000-000000-000000-000000-000000-000000-000000-000000","WATERSHED_GROUP_CODE":"CHWK","DOWNSTREAM_ROUTE_MEASURE":49.430241142030397,"LENGTH_METRE":785.12122363825608,"FEATURE_SOURCE":"RiverStream","GNIS_ID":null,"GNIS_NAME":null,"LEFT_RIGHT_TRIBUTARY":"LEFT","STREAM_ORDER":1,"STREAM_MAGNITUDE":1,"WATERBODY_KEY":null,"BLUE_LINE_KEY_50K":null,"WATERSHED_CODE_50K":null,"WATERSHED_KEY_50K":null,"WATERSHED_GROUP_CODE_50K":null,"GRADIENT":null,"FEATURE_CODE":"GA24850150","OBJECTID":2716072,"GEOMETRY.LEN":0,"FEATURE_LENGTH_M":842.30330000000004}}]}