{"type": "FeatureCollection", "crs": {"type": "name", "properties": {"name": "EPSG:32610"}}, "features": [{"type": "Feature", "properties": {"class": 1, "timestamp_utc": "2025-12-15 01:50:37+00:00", "source_product": "Flood_CAN_BC_LowerFraser_20251215_015037"}, "geometry": {"type": "MultiPolygon", "coordinates": [[[[563960.8507502949, 5446302.586990635], [563977.953242265, 5446316.560533066], [564000.9473105937, 5446333.615525442], [564019.9123170385, 5446346.654710483], [564034.8408032298, 5446355.700118829], [564038.8537093751, 5446356.691780417], [564046.8221279952, 5446368.658420331], [564047.9033600555, 5446381.656954999], [564048.8977472464, 5446387.694517727], [564047.89327247, 5446392.585961546], [564042.9488081322, 5446394.585475944], [564035.9253011806, 5446393.558906462], [564029.8330281198, 5446394.588972068], [564025.8268534532, 5446398.667314165], [564025.8903295734, 5446402.626084254], [564040.8719947917, 5446426.548252267], [564046.8338249561, 5446438.647351324], [564054.8420249027, 5446451.57063959], [564061.9360705621, 5446456.56712548], [564070.822000513, 5446456.670345118], [564073.8565691203, 5446454.637572229], [564077.9195634669, 5446445.667864152], [564097.905628369, 5446446.689378196], [564108.8053728412, 5446446.660325341], [564119.8587500512, 5446441.563134463], [564123.9379688285, 5446435.584453705], [564124.9373622576, 5446411.6920420285], [564121.87324864, 5446400.5716612], [564103.8901056163, 5446379.616287162], [564081.9249557067, 5446355.612782311], [564063.8917566378, 5446339.571221573], [564046.9100061709, 5446324.642624681], [564033.9001079459, 5446318.632436121], [564011.9010100889, 5446302.544936337], [563987.8313956247, 5446287.701138527], [563971.827281047, 5446279.599469878], [563964.8037474891, 5446278.56192622], [563960.0, 5446281.846586196], [563960.0, 5446301.455147876], [563960.8507502949, 5446302.586990635]]], [[[564404.8633349488, 5447251.649871069], [564395.8226369147, 5447235.556355836], [564390.9035341957, 5447231.696584358], [564387.8860398205, 5447231.661392475], [564384.8918961396, 5447234.62836434], [564381.9535002427, 5447241.565161471], [564378.8676927448, 5447258.628956039], [564386.9361454026, 5447280.581448966], [564388.861700019, 5447283.605816705], [564404.8231944824, 5447285.693330793], [564408.812134036, 5447283.683006679], [564410.8756338436, 5447278.637214922], [564410.8459772881, 5447270.565005742], [564404.8633349488, 5447251.649871069]]], [[[564257.8975502603, 5447715.63289167], [564270.8233924615, 5447723.543861965], [564274.8916777085, 5447724.703109368], [564298.81111653, 5447733.687346275], [564322.8915788422, 5447737.603685589], [564340.8337141611, 5447741.615330969], [564345.8096195552, 5447740.572646971], [564348.923957201, 5447736.650953562], [564346.8339674419, 5447714.6125598475], [564341.8914112111, 5447711.541831746], [564320.8680320603, 5447708.606100063], [564300.937157714, 5447697.611341687], [564290.8349844675, 5447692.579413118], [564269.9318753161, 5447688.700292468], [564247.8405728841, 5447686.697367533], [564228.8064019855, 5447685.686432244], [564223.9430126428, 5447689.587826684], [564227.8412382004, 5447696.593228219], [564245.8226852361, 5447706.631108148], [564257.8975502603, 5447715.63289167]]], [[[567620.928213107, 5443311.632663887], [567618.866349299, 5443300.6893374175], [567614.8771163111, 5443297.627476428], [567601.9535416125, 5443298.581096119], [567593.9033295689, 5443300.695170398], [567589.875405357, 5443305.560129455], [567587.8259335969, 5443315.6637707185], [567587.933601594, 5443320.579435918], [567594.8614079804, 5443332.6941186255], [567607.8324696178, 5443341.558402569], [567616.809712401, 5443343.569523677], [567619.8398880493, 5443341.549696962], [567620.8371868865, 5443331.588791482], [567623.9380465762, 5443322.598715022], [567620.928213107, 5443311.632663887]]], [[[567729.9139574107, 5443299.670185277], [567729.8283922109, 5443299.513502804], [567727.9421918608, 5443295.687910287], [567719.9383526477, 5443291.631679125], [567713.8416782336, 5443292.668744818], [567704.8690998168, 5443301.586814181], [567699.8393289581, 5443312.598982748], [567697.836308796, 5443323.659336512], [567699.8905707563, 5443334.613781742], [567706.8753532529, 5443345.62862488], [567714.8791145844, 5443349.684825285], [567727.8993200997, 5443348.576933095], [567729.8414586696, 5443333.5576792145], [567729.911330096, 5443310.599354589], [567729.9139574107, 5443299.670185277]]], [[[566903.9541382857, 5443440.670162029], [566925.9367572952, 5443459.626179499], [566931.934029361, 5443462.545057495], [566945.9480608843, 5443463.659907045], [566952.8100953007, 5443459.629355368], [566951.8035707935, 5443453.602180883], [566932.8873429318, 5443435.639381026], [566920.8434873669, 5443411.578248934], [566912.8870855918, 5443397.550683235], [566896.8224621156, 5443379.622596928], [566882.9081340977, 5443363.621818685], [566871.9363643918, 5443354.616635849], [566863.8236324886, 5443345.657284555], [566843.8377122561, 5443328.62688053], [566832.8834775343, 5443317.565222155], [566822.8492725212, 5443310.639475009], [566815.9433074415, 5443308.654729246], [566807.8692815372, 5443311.559029525], [566804.8216680562, 5443315.647004005], [566804.9228726969, 5443320.5514204865], [566823.8514705704, 5443343.583757756], [566831.8037460251, 5443352.552262712], [566836.9607173568, 5443361.631554604], [566843.818886637, 5443373.5998798115], [566845.9518330477, 5443377.583749969], [566864.840518414, 5443399.65964222], [566887.8331209291, 5443422.5857695965], [566903.9541382857, 5443440.670162029]]], [[[566808.8770163546, 5443502.704506205], [566824.8031474845, 5443523.6325940015], [566834.892281189, 5443541.654972521], [566845.833713105, 5443558.564701533], [566863.8059479366, 5443581.585690272], [566878.8750765889, 5443598.556647676], [566895.8697162563, 5443618.552816402], [566901.8314965009, 5443625.596174468], [566919.8291835121, 5443635.631500281], [566939.8969762623, 5443638.565268001], [566946.9495463938, 5443626.6207968015], [566946.8195000085, 5443618.691889836], [566939.9209835412, 5443598.662240111], [566932.9087872382, 5443579.576209003], [566924.8268422409, 5443562.689806768], [566913.82936168, 5443545.612409388], [566898.851678772, 5443524.69553827], [566894.9496674483, 5443512.607214535], [566893.8117140402, 5443509.591488629], [566893.9034105453, 5443505.634603661], [566889.8627129149, 5443496.55766554], [566876.8353544775, 5443476.609521012], [566867.9236083226, 5443462.559356211], [566859.8192687735, 5443442.670885585], [566850.8384849813, 5443424.672966153], [566835.8551879384, 5443409.604369084], [566831.8999600095, 5443403.6972186295], [566820.8248244997, 5443393.590228452], [566803.9201056579, 5443380.555372419], [566793.8860677792, 5443373.62968444], [566770.9245695287, 5443362.578626083], [566762.8234408048, 5443358.678287203], [566741.885469055, 5443357.635926508], [566733.8855120981, 5443358.651145252], [566727.8580666645, 5443363.648238954], [566718.9533966812, 5443381.585575614], [566716.8834575651, 5443388.687354684], [566716.8755218787, 5443399.616446976], [566726.8738390574, 5443421.584530794], [566742.8964176236, 5443443.636479448], [566751.9470873929, 5443454.66383618], [566768.9380791632, 5443469.600837131], [566790.8053376767, 5443483.640631513], [566808.8770163546, 5443502.704506205]]], [[[566608.8286956579, 5443538.602414994], [566595.8400654445, 5443519.600425971], [566588.9047025288, 5443514.6136611905], [566579.8139803701, 5443513.547999577], [566577.8062273364, 5443513.690567457], [566576.8105535777, 5443534.580773773], [566576.9061933599, 5443546.611828399], [566596.9317523943, 5443564.58671973], [566600.8891904078, 5443566.691391468], [566609.9455448055, 5443570.602918749], [566616.9427896842, 5443568.63049695], [566619.940267161, 5443565.653569035], [566619.8887465314, 5443559.638020069], [566608.8286956579, 5443538.602414994]]], [[[564904.8141323861, 5443490.614329278], [564884.8151016388, 5443491.646867493], [564876.9186100721, 5443497.569034392], [564874.877481472, 5443500.558113579], [564873.8149625314, 5443506.560589821], [564881.8906441252, 5443514.571531806], [564885.841455215, 5443516.674717274], [564906.8188666448, 5443518.666723138], [564928.9519698985, 5443521.617396074], [564939.8793676426, 5443529.661966442], [564948.9428935813, 5443538.64076874], [564969.8299705767, 5443544.578870274], [564986.9262904046, 5443549.694120511], [564994.8751338253, 5443553.590023536], [565011.8464321201, 5443570.567007782], [565033.9409035431, 5443588.560481037], [565044.9077518736, 5443597.561921456], [565051.8778259878, 5443599.700858572], [565061.8545137407, 5443595.537796857], [565063.8556813227, 5443591.603363609], [565061.8362388047, 5443581.606594999], [565058.914411389, 5443577.614076972], [565039.8853805863, 5443565.671484024], [565026.9217254968, 5443549.6867320705], [565015.9352701537, 5443530.55649426], [564993.8067438323, 5443516.676334637], [564972.8906435799, 5443502.654991186], [564961.9464551493, 5443496.666987759], [564950.9214636572, 5443492.579312894], [564946.9138651864, 5443491.587224237], [564926.8677448882, 5443491.662835129], [564904.8141323861, 5443490.614329278]]], [[[566310.9026333292, 5445850.68824769], [566301.8923988622, 5445856.5950414445], [566292.8942218205, 5445867.571857105], [566291.9439338227, 5445872.630309647], [566294.9105930151, 5445877.5690850895], [566317.8625696007, 5445888.60720292], [566340.908187909, 5445890.629661703], [566361.8438451006, 5445891.670649648], [566382.8834239697, 5445892.557384284], [566406.8397801222, 5445888.576137766], [566425.8283863666, 5445883.578952588], [566446.9243954048, 5445884.62228499], [566460.8758989812, 5445885.579568439], [566477.8307186866, 5445883.571149063], [566501.8539445071, 5445877.678766199], [566523.8737194081, 5445865.602789587], [566529.8661081945, 5445859.648935205], [566526.8432487564, 5445854.55366845], [566522.9511637037, 5445852.605574349], [566503.8344347621, 5445844.614738378], [566483.8464075163, 5445843.584592641], [566461.8912559272, 5445843.631508359], [566454.8499584895, 5445844.658534841], [566445.8764901133, 5445842.649380483], [566429.9013210813, 5445842.612792219], [566416.9371894884, 5445842.612406105], [566397.9436638227, 5445842.550741058], [566377.8986296266, 5445842.620970981], [566354.8923828992, 5445841.555019844], [566334.8472230907, 5445841.625491751], [566310.9026333292, 5445850.68824769]]], [[[567345.8557172104, 5446396.683212788], [567341.8901067728, 5446396.63481819], [567335.9407357984, 5446408.603351485], [567335.8130706482, 5446416.673648406], [567340.8772488206, 5446427.664726152], [567343.8209433076, 5446429.601843561], [567351.8204487367, 5446433.657571526], [567354.8383734965, 5446433.694451926], [567358.8218111843, 5446431.675042997], [567359.9154481352, 5446428.686450553], [567354.9611261195, 5446411.681735102], [567348.9525007245, 5446398.622199997], [567345.8557172104, 5446396.683212788]]], [[[564921.9609186213, 5446845.690858483], [564911.8155434133, 5446848.584569592], [564908.8040051828, 5446853.607914728], [564909.8770220577, 5446861.547787088], [564933.8570498065, 5446865.621191083], [564946.8188236136, 5446865.618077264], [564968.8844291491, 5446859.5404316345], [564992.9330579963, 5446851.596099737], [565016.8059094893, 5446840.636711753], [565037.8541010695, 5446830.5892887125], [565056.903333976, 5446820.673977998], [565068.9514949742, 5446816.546669549], [565081.9470822482, 5446813.686815184], [565104.945047931, 5446804.618823486], [565124.90834151, 5446797.571958316], [565131.8685404237, 5446794.640972907], [565137.8980412943, 5446789.653427025], [565138.8301575703, 5446786.651325002], [565134.9325878365, 5446779.63424987], [565128.8815704924, 5446776.56091264], [565118.937284238, 5446776.599223188], [565095.9162761011, 5446782.665044727], [565071.8672235311, 5446790.608877406], [565060.8378542421, 5446793.647558704], [565047.9386443944, 5446797.6092657745], [565024.9575821555, 5446804.631969926], [565003.9263270134, 5446812.611715017], [564982.895124323, 5446820.602632502], [564961.8567340662, 5446828.582443866], [564940.9291749925, 5446837.6754153315], [564921.9609186213, 5446845.690858483]]], [[[569744.8802556242, 5447008.568012198], [569757.9491139327, 5447018.550811294], [569764.8974180726, 5447026.554939452], [569784.9083389981, 5447030.61039256], [569797.9291506658, 5447034.577592516], [569816.8711775251, 5447039.564758943], [569819.9075124325, 5447037.546224172], [569823.9462313402, 5447030.626087449], [569831.9098520183, 5447028.669997702], [569849.8014964928, 5447021.613806139], [569850.8500908216, 5447017.668900716], [569844.916001107, 5447013.635709482], [569824.8271203288, 5447007.677769081], [569811.8638872615, 5447002.610511121], [569797.8880630372, 5446998.631226893], [569783.912242875, 5446994.651936612], [569768.8674969213, 5446991.61551519], [569747.821987765, 5446980.575711688], [569742.9236888709, 5446988.5968957115], [569739.8687402867, 5446992.672105638], [569739.9353707156, 5446996.631089667], [569744.8802556242, 5447008.568012198]]], [[[569132.8342945249, 5447110.605398272], [569133.8411845902, 5447100.6447975775], [569136.8958428059, 5447096.558193648], [569150.9238690584, 5447090.563293137], [569151.8116692619, 5447086.616208418], [569144.8832779686, 5447081.615040198], [569124.8720246246, 5447077.572978488], [569116.8172226698, 5447074.614684486], [569111.8322856365, 5447075.664096841], [569091.8362697946, 5447085.542602675], [569081.9151639107, 5447093.657082318], [569079.9121608946, 5447097.590186423], [569079.8395243712, 5447104.56052457], [569086.9512041067, 5447117.635756103], [569100.9478074127, 5447124.615493752], [569122.8775492879, 5447121.565765131], [569129.8004369218, 5447117.694292454], [569132.8342945249, 5447110.605398272]]], [[[569277.8610196493, 5447413.599211104], [569284.8822729946, 5447414.643606721], [569287.9573332509, 5447413.5703276405], [569289.799940178, 5447409.635312992], [569285.9080275606, 5447402.615254451], [569262.9031390188, 5447392.675598667], [569238.8223338578, 5447383.656644782], [569218.9315575928, 5447373.589527812], [569199.9305058075, 5447364.645453021], [569177.87076711, 5447349.648118919], [569153.9423739004, 5447326.700040576], [569138.8084618116, 5447311.622885092], [569130.8451675719, 5447299.648654591], [569129.8697679571, 5447296.623388087], [569115.9234226674, 5447274.601073742], [569110.8975778237, 5447269.623800995], [569103.9300712765, 5447263.688212668], [569095.944392283, 5447257.5620577065], [569083.9488173741, 5447241.579319143], [569073.8348838784, 5447222.606996852], [569069.9218104084, 5447212.584893874], [569064.8359114134, 5447203.65981325], [569057.8153948407, 5447181.5575287165], [569054.8928961859, 5447168.690368627], [569053.4776261743, 5447161.77929696], [569049.9533275164, 5447144.568370411], [569046.8553355194, 5447137.558455233], [569040.8745038603, 5447132.5692984415], [569036.9243906653, 5447126.660514211], [569023.8751313332, 5447119.692797092], [569015.9377534724, 5447119.5935670985], [569007.8215372451, 5447121.548944421], [569000.8226959356, 5447128.588247373], [568998.915281096, 5447133.634385756], [568998.9026885941, 5447144.552534094], [569004.8545904391, 5447167.597509438], [569010.8458924007, 5447191.576913923], [569016.9301491131, 5447211.6105702715], [569019.8700028962, 5447223.677380185], [569024.8671588284, 5447246.699368288], [569034.8991067002, 5447267.571776575], [569049.9424063491, 5447291.664482657], [569065.809521203, 5447311.664915], [569080.9287139934, 5447332.589941996], [569093.8994966727, 5447351.598012175], [569105.9545444987, 5447371.539713289], [569110.9226426682, 5447377.628059172], [569116.9574225753, 5447377.703733703], [569117.8279876015, 5447374.545887007], [569118.8370793894, 5447369.644132053], [569112.9157668519, 5447354.682436004], [569106.9330119472, 5447344.634358218], [569105.9369045425, 5447338.606816757], [569107.9581827292, 5447332.617114338], [569111.9488995924, 5447330.610192008], [569115.8389584711, 5447332.5601271195], [569131.8272255424, 5447351.595007237], [569143.8222652373, 5447367.588992734], [569162.848154756, 5447389.675011087], [569171.8236719307, 5447400.561312609], [569180.917028198, 5447406.690283794], [569200.8912055923, 5447413.589621786], [569223.8906547427, 5447414.667460518], [569242.904613697, 5447412.693449226], [569256.916848312, 5447412.546904017], [569277.8610196493, 5447413.599211104]]], [[[566407.8515508374, 5447289.64462307], [566431.8312841521, 5447302.596983479], [566438.8825936281, 5447306.639948848], [566443.8418058116, 5447307.655792101], [566462.9089539956, 5447320.549120125], [566469.8146047238, 5447327.603493695], [566472.8320206426, 5447327.639859218], [566492.8349936345, 5447321.543384341], [566494.8756002187, 5447318.554935536], [566492.8675911016, 5447308.557670457], [566487.9379414557, 5447299.636995724], [566483.9114237976, 5447295.630440991], [566473.8031273866, 5447290.594383688], [566452.9247568401, 5447284.639231508], [566431.95766254, 5447280.595375267], [566414.9132022306, 5447277.6884970805], [566408.8607124338, 5447279.6836077515], [566406.8524432837, 5447283.617559878], [566407.8515508374, 5447289.64462307]]], [[[569551.8280123555, 5447342.630203477], [569556.614050148, 5447353.888907268], [569559.8776171738, 5447361.566173172], [569577.8875366962, 5447379.693893795], [569595.8690263724, 5447400.656496678], [569605.5205227858, 5447406.958658688], [569618.8747832436, 5447415.678644583], [569639.9562793882, 5447422.593418538], [569645.8955721658, 5447421.567704277], [569648.8651441217, 5447415.578983206], [569645.8804455597, 5447402.554993646], [569628.8223774512, 5447380.647703764], [569617.816770504, 5447370.691314033], [569611.9218775261, 5447367.615001004], [569592.9539227654, 5447345.683689352], [569578.8956837916, 5447324.603845928], [569576.8053842634, 5447321.56435218], [569570.5902531609, 5447309.174384575], [569566.8145879265, 5447301.647604221], [569547.8650125582, 5447277.648743328], [569530.92322427, 5447258.6006402355], [569526.8134361652, 5447252.689437751], [569505.9197290747, 5447236.582518505], [569489.8203242834, 5447223.560262837], [569471.9271796132, 5447214.618124496], [569464.8478296376, 5447214.695806086], [569460.8960310041, 5447217.647981525], [569458.9409044187, 5447227.607724802], [569476.8305766201, 5447246.667510053], [569492.9217464108, 5447265.560132675], [569501.8391600652, 5447277.546969493], [569519.8275103491, 5447287.591109604], [569530.8670033709, 5447303.562750762], [569541.8762533318, 5447323.659046343], [569545.6688039601, 5447330.888858148], [569551.8280123555, 5447342.630203477]]], [[[564856.8651032663, 5447424.628649085], [564869.9229850648, 5447420.668433852], [564876.8100702758, 5447414.578802658], [564875.8117037981, 5447399.679709146], [564871.9371019814, 5447395.676143438], [564849.844862725, 5447393.670867952], [564836.884382824, 5447393.67420432], [564820.8665748826, 5447392.696660581], [564816.9342360494, 5447393.606649339], [564813.8770681773, 5447392.614582477], [564809.8953798229, 5447394.624605406], [564807.9112582434, 5447401.572470962], [564807.8931541396, 5447408.698975886], [564809.922248016, 5447411.569102079], [564828.8586465225, 5447421.60889598], [564835.910892654, 5447425.649815096], [564856.8651032663, 5447424.628649085]]], [[[565025.8372138533, 5447523.690474087], [565039.9523568952, 5447524.646171504], [565045.9077613376, 5447521.547719843], [565049.8340814499, 5447515.579055733], [565050.8394572313, 5447510.676706148], [565048.9312374364, 5447505.595373584], [565045.8984122883, 5447502.546613832], [565023.8813026906, 5447493.581547043], [565004.9214245391, 5447485.597597425], [564998.8071558485, 5447483.624367571], [564978.8175855906, 5447482.599589652], [564969.8691123689, 5447483.605998436], [564967.8922525585, 5447490.542702905], [564966.9192247869, 5447497.658003356], [564969.8039581025, 5447509.566268945], [564976.871622791, 5447516.620622226], [564997.8542949852, 5447523.672074918], [565011.8089276907, 5447524.637010472], [565025.8372138533, 5447523.690474087]]], [[[565019.9348432105, 5447625.597224934], [564996.8369008398, 5447633.552508168], [564992.8081239453, 5447634.616979013], [564989.9342484793, 5447636.639937253], [564989.8366517331, 5447640.596843828], [564993.886890861, 5447647.615689762], [565013.8179242846, 5447653.5541867735], [565033.8068585973, 5447654.579149131], [565057.8765631368, 5447644.567384569], [565074.8207227908, 5447633.6824296545], [565081.9187579228, 5447622.681163227], [565083.9429422528, 5447616.690138556], [565088.8637863371, 5447611.678280374], [565100.9030598064, 5447607.550959727], [565116.8006997568, 5447605.681603999], [565129.9396566163, 5447598.543173838], [565151.8205666112, 5447585.659730661], [565161.885408797, 5447579.608019625], [565181.8233284284, 5447569.547977216], [565204.842250719, 5447559.691277138], [565220.9190279973, 5447550.697669022], [565223.810144033, 5447546.606926021], [565213.9422668016, 5447539.685922809], [565195.9192545105, 5447537.571775106], [565188.9129467299, 5447539.545859001], [565167.8654946028, 5447554.662596259], [565147.8070998066, 5447565.666299155], [565123.9370610774, 5447576.624979048], [565103.848635749, 5447584.626580356], [565081.8713029866, 5447597.664661483], [565066.8871535757, 5447603.658520631], [565049.8633177239, 5447612.641477068], [565036.8055072849, 5447616.612355219], [565019.9348432105, 5447625.597224934]]], [[[566161.850079303, 5447759.671786197], [566164.8846139177, 5447757.651278714], [566171.9259483514, 5447751.553933223], [566194.9459103213, 5447741.70135973], [566217.8434409918, 5447736.594820132], [566231.8147781065, 5447721.552751097], [566234.8096297494, 5447718.5868100645], [566235.8952664505, 5447715.586797443], [566235.8360212566, 5447706.557965065], [566232.8086118419, 5447697.660412127], [566228.9424756739, 5447693.655859906], [566214.8279029784, 5447692.697088378], [566191.844292079, 5447694.63380671], [566170.9056434956, 5447698.663237373], [566148.9165043609, 5447701.557124239], [566129.8652862365, 5447702.596232981], [566119.8829560445, 5447701.687161216], [566104.9176082303, 5447700.562802699], [566086.929575518, 5447695.588669477], [566065.8745296386, 5447691.700907572], [566041.8916285064, 5447687.611340636], [566028.892048859, 5447686.666358237], [566006.9392123753, 5447681.656190896], [565984.80888232, 5447678.689760731], [565969.9243815992, 5447675.665527136], [565945.901675464, 5447670.630819342], [565933.8344576221, 5447666.684148702], [565909.8586449918, 5447662.595236046], [565897.8065031376, 5447661.661945385], [565884.9034436836, 5447660.562710963], [565870.8358048373, 5447660.550491394], [565846.8181081669, 5447660.5750320405], [565833.8012819216, 5447661.687225274], [565815.8237417368, 5447665.586502806], [565792.2945935316, 5447686.386125358], [565791.9557867803, 5447686.6822307], [565776.9401267673, 5447705.659991394], [565776.8021678738, 5447708.671327207], [565782.938334318, 5447713.6587559935], [565804.9084996198, 5447716.611427649], [565824.8920050791, 5447712.569187435], [565837.9327327807, 5447710.667907336], [565850.9495385778, 5447709.55580172], [565867.920988169, 5447710.547791994], [565871.8532055828, 5447709.649737482], [565891.8418317663, 5447710.6777925175], [565904.8585939237, 5447709.565753224], [565916.8067155336, 5447710.664614146], [565938.9198039385, 5447715.676327592], [565945.8278678431, 5447717.660158465], [565965.8562715272, 5447719.634081353], [565973.9340438601, 5447725.589946421], [565987.8708186181, 5447728.613991718], [565998.9262271805, 5447733.649388183], [566013.8351526794, 5447734.617147622], [566035.9479492459, 5447739.6403467925], [566047.8547190488, 5447743.574243323], [566059.8026924342, 5447744.673409672], [566083.8646047402, 5447750.665252145], [566106.9247870743, 5447755.688958202], [566130.8833584678, 5447760.567991116], [566141.8839631467, 5447761.644909529], [566161.850079303, 5447759.671786197]]], [[[569730.9481356977, 5447755.649656183], [569715.8319706762, 5447759.572479803], [569706.8756783658, 5447760.571167982], [569692.8830462112, 5447758.648803919], [569669.8185388191, 5447753.609895402], [569647.9236931825, 5447743.67164651], [569635.8891258552, 5447735.60340148], [569616.9504149943, 5447716.674349309], [569607.9125463349, 5447705.642025556], [569591.9084883998, 5447688.651320168], [569574.8560144589, 5447675.605593038], [569566.8543500715, 5447676.616574833], [569565.9199432185, 5447679.617878086], [569567.8888460873, 5447683.600828152], [569580.8368090515, 5447699.596705759], [569592.9529267431, 5447719.695943429], [569600.861573581, 5447741.654579678], [569605.9461274454, 5447750.58009611], [569613.8556372733, 5447758.596190816], [569633.9437083023, 5447769.623394969], [569644.8614912403, 5447772.60752099], [569648.8333098323, 5447772.657647413], [569672.9493064334, 5447777.554117743], [569696.9018564206, 5447778.6459583035], [569710.855381542, 5447779.62287488], [569734.9118933794, 5447780.560556577], [569746.924489942, 5447780.54562372], [569759.8843220551, 5447780.553815787], [569768.947305842, 5447778.6115331175], [569781.8072642764, 5447768.645304803], [569797.815943496, 5447750.635776697], [569798.9222702358, 5447745.579795164], [569794.8723191465, 5447743.627248658], [569785.8843666805, 5447743.669313321], [569762.8258064513, 5447752.561495464], [569745.8752091562, 5447754.570817061], [569730.9481356977, 5447755.649656183]]], [[[569939.9202324423, 5447748.632813066], [569957.925121905, 5447756.621705787], [569960.0, 5447757.368124646], [569960.0, 5447734.436987647], [569957.8590147839, 5447733.661309902], [569949.8372753586, 5447731.658387473], [569938.9197034198, 5447728.662559441], [569932.8852179372, 5447728.586013293], [569926.9345726279, 5447731.679354994], [569922.9279118882, 5447739.54493919], [569923.8449198295, 5447743.681498323], [569933.8858333958, 5447748.5563093405], [569939.9202324423, 5447748.632813066]]], [[[566549.825706241, 5447887.6952333], [566571.9157196088, 5447889.696203343], [566595.8160668425, 5447895.6883331435], [566609.8313049821, 5447900.605012491], [566633.9241966734, 5447907.5447451165], [566646.8879442121, 5447912.615572072], [566670.9457370482, 5447923.668742002], [566686.8524380537, 5447930.676552843], [566708.8870788455, 5447942.661605769], [566725.8202550126, 5447951.572050068], [566748.8094306681, 5447963.568802369], [566760.8359809353, 5447966.560558497], [566781.8394948693, 5447971.573455791], [566785.9424429925, 5447968.610002749], [566786.8752961705, 5447965.608235784], [566785.8768100587, 5447959.581157252], [566785.8226781342, 5447955.622409444], [566763.9370602599, 5447938.568820271], [566739.9608245443, 5447925.615066124], [566718.8736009927, 5447913.641319794], [566697.8506256227, 5447900.56765576], [566685.9229418882, 5447893.608013712], [566667.8744349806, 5447884.68430188], [566643.8386446513, 5447876.633289608], [566624.9143515674, 5447869.600309632], [566605.8444764116, 5447862.55459839], [566592.9369821204, 5447857.651253484], [566579.9158608438, 5447853.691689146], [566555.9588548965, 5447847.543221038], [566545.954947688, 5447843.620098627], [566524.9109484318, 5447837.673776835], [566505.8951355868, 5447834.587143898], [566499.9420981721, 5447832.6141186105], [566487.9547533019, 5447830.568433681], [566464.9293521727, 5447822.697191929], [566440.8117996812, 5447816.547444827], [566424.9264066176, 5447812.553680916], [566400.8724208227, 5447806.560464981], [566392.8099865057, 5447803.617159889], [566379.867821332, 5447801.560203476], [566366.8290794961, 5447799.657837552], [566343.8236090688, 5447798.591735782], [566319.813708181, 5447798.6254555425], [566313.8929473836, 5447797.598106772], [566308.9165174873, 5447798.650142526], [566297.8712421453, 5447817.674184053], [566299.892086996, 5447820.55588109], [566303.8465200424, 5447822.660253094], [566318.9303894026, 5447826.63291021], [566332.8666545285, 5447829.65784791], [566353.9035259319, 5447835.614467589], [566366.8677778372, 5447840.673529922], [566387.81308255, 5447850.587371903], [566397.8736107914, 5447854.666528063], [566405.9535286918, 5447855.553225287], [566413.9515300788, 5447859.60749691], [566428.8820071558, 5447863.589779722], [566442.9317536509, 5447865.660193516], [566460.936500792, 5447868.567706068], [566483.803221922, 5447872.6456392], [566497.9173807174, 5447873.605152685], [566519.8074226531, 5447874.6583633], [566529.8706330373, 5447873.667929906], [566549.825706241, 5447887.6952333]]], [[[568090.9023532824, 5447945.602933057], [568079.8388660217, 5447926.631854924], [568066.8552388875, 5447909.6829309305], [568050.8259146027, 5447889.694562418], [568035.9613052099, 5447884.596984784], [568032.8867079824, 5447885.670846709], [568029.8909113007, 5447888.635816674], [568030.9484638476, 5447898.633198829], [568045.8555334671, 5447918.607700172], [568061.9453096238, 5447942.554951469], [568080.8129370889, 5447964.646439269], [568083.8692963951, 5447965.629217718], [568089.897318975, 5447955.57476935], [568093.8268099502, 5447949.59716377], [568090.9023532824, 5447945.602933057]]], [[[565897.805616101, 5447968.692651516], [565877.9246892815, 5447977.638878235], [565866.9122701081, 5447983.689153655], [565851.8097822189, 5447985.565741581], [565830.8725314476, 5447989.59639253], [565819.9585542257, 5447991.678656484], [565798.8956868941, 5447991.583124919], [565777.8567912956, 5447990.698523248], [565762.8352231653, 5447990.675057322], [565760.8523013814, 5447992.552634306], [565760.8746901074, 5447995.565963053], [565769.8030952305, 5448001.687403708], [565781.8769051656, 5448005.633801959], [565803.8735157137, 5448016.658589063], [565823.8197179299, 5448020.543335751], [565838.8411272401, 5448020.566909413], [565841.897905538, 5448021.548389211], [565852.9152070701, 5448020.579213376], [565871.8881896569, 5448012.567132126], [565891.8671994755, 5447999.663876618], [565903.8878751383, 5447983.652608137], [565909.8793950696, 5447972.639306318], [565909.8569641048, 5447969.637123426], [565897.805616101, 5447968.692651516]]], [[[569678.8996429917, 5448037.644686265], [569656.9440031914, 5448032.608728973], [569635.821560753, 5448028.550719775], [569617.9401362009, 5448024.678206988], [569607.9140508382, 5448021.538571602], [569600.8471714797, 5448019.55927335], [569595.9454109621, 5448018.696975105], [569589.9502398395, 5448019.577528105], [569585.9093978377, 5448022.695264414], [569583.906429705, 5448026.628215323], [569583.926914249, 5448029.630430327], [569588.9053852399, 5448033.651379463], [569592.9160128671, 5448034.658078218], [569595.9330803731, 5448034.69623706], [569609.9453756828, 5448039.620553515], [569628.8841432084, 5448044.607109574], [569638.8075826938, 5448046.633584088], [569652.8067909036, 5448048.555921348], [569674.8763617257, 5448052.637103025], [569697.8371482161, 5448056.562855646], [569715.9031902073, 5448059.648595488], [569727.9541000156, 5448060.590298134], [569741.8418998166, 5448062.667094925], [569764.809920574, 5448066.593191771], [569782.9149271674, 5448070.624710559], [569789.9540557787, 5448069.613035319], [569790.8495829599, 5448065.6550777545], [569780.9245849074, 5448058.569394059], [569758.9113805355, 5448054.644138398], [569740.9274897936, 5448049.669140806], [569718.8116198641, 5448044.642067781], [569708.8881262528, 5448042.615487592], [569704.8384127489, 5448040.663034433], [569691.8978532176, 5448038.59830125], [569678.8996429917, 5448037.644686265]]], [[[564723.8806424357, 5448367.614914986], [564712.8643303696, 5448368.586412891], [564694.940186027, 5448367.586792586], [564687.8951572089, 5448368.615995817], [564683.9056971404, 5448375.6959413085], [564694.9033775192, 5448385.642273199], [564699.9079777454, 5448392.661005729], [564705.9009324515, 5448395.588652761], [564723.8826461742, 5448391.674767498], [564729.93534155, 5448379.560271073], [564729.9301764641, 5448370.687799889], [564723.8806424357, 5448367.614914986]]], [[[567477.8140620496, 5448298.637805989], [567466.9394570977, 5448301.662363648], [567457.9317011491, 5448307.57837761], [567449.853519775, 5448315.551472106], [567431.9235164896, 5448340.671007535], [567423.8070098865, 5448356.559942749], [567413.8558795287, 5448377.66325163], [567405.8998394785, 5448393.554107484], [567402.8078687855, 5448396.685061808], [567401.9356297336, 5448403.645586376], [567397.8686970184, 5448412.61288745], [567397.9296253597, 5448416.5717502665], [567394.8565527321, 5448436.647290572], [567391.8433517433, 5448441.680446355], [567388.8096304977, 5448452.572666401], [567381.9330033131, 5448472.590676633], [567366.8922500163, 5448488.561907975], [567361.8528059161, 5448499.58530359], [567362.8647585862, 5448508.625745744], [567366.8193419575, 5448519.592252935], [567383.808525426, 5448504.600964948], [567404.8191416839, 5448488.5471317265], [567410.9483598646, 5448479.60502755], [567415.9233470194, 5448459.55272189], [567416.9342059699, 5448449.591968307], [567417.9406309638, 5448425.688716386], [567417.9117545895, 5448412.546536783], [567424.9133024039, 5448396.63282547], [567429.9349652637, 5448387.677216885], [567432.8093758663, 5448385.655466674], [567441.9388067403, 5448387.657168841], [567446.8226501774, 5448390.574270632], [567460.9174188289, 5448393.593008918], [567475.8628475489, 5448386.648913217], [567483.9336574927, 5448378.675758941], [567485.7747328945, 5448374.13975876], [567490.8396370759, 5448361.660239933], [567495.9071536636, 5448337.651007231], [567501.8192675521, 5448319.667167918], [567500.8780913987, 5448303.667512645], [567493.807404843, 5448296.609762767], [567490.9313515222, 5448296.974862995], [567477.8140620496, 5448298.637805989]]], [[[565678.886211842, 5448514.60130204], [565674.8130547003, 5448509.638582495], [565668.9245573181, 5448506.566565338], [565650.8406318577, 5448505.561919671], [565638.8300186845, 5448505.574640613], [565625.8323576557, 5448504.630499101], [565612.8671961209, 5448504.631990114], [565598.9546895836, 5448504.622204383], [565584.889171453, 5448504.610572076], [565570.8162417039, 5448504.610043118], [565557.8112050741, 5448503.666060927], [565543.898748109, 5448503.656381826], [565530.9408884904, 5448503.658051369], [565506.8233840247, 5448502.5821742825], [565493.825699767, 5448501.63851174], [565469.8117080708, 5448501.6646622885], [565446.8489538094, 5448501.547911205], [565435.9458747166, 5448501.574151659], [565412.9317273466, 5448507.638629666], [565408.920546834, 5448506.64594549], [565392.953245497, 5448490.624244247], [565373.898618336, 5448467.594909543], [565359.8992291855, 5448465.68346897], [565349.8374636271, 5448466.676060563], [565338.8663536293, 5448473.672928118], [565335.9120382442, 5448477.595954632], [565339.8671950824, 5448498.700785095], [565348.8182559996, 5448506.567414474], [565358.9235044441, 5448516.660185509], [565378.8792885679, 5448530.672109802], [565395.8505745061, 5448545.605030119], [565399.9222486677, 5448555.626407308], [565414.9066411483, 5448563.564612018], [565436.8466617847, 5448570.629266759], [565448.8552501597, 5448575.6860045185], [565459.8077548626, 5448574.548443582], [565477.8914234446, 5448575.552413882], [565496.8826152507, 5448575.6223294595], [565501.9462568491, 5448572.6693590125], [565505.9122123672, 5448567.646503339], [565508.8254693293, 5448566.580442047], [565511.8269461169, 5448563.603051078], [565517.8550179631, 5448558.604705084], [565536.80838875, 5448552.659234301], [565549.8304827306, 5448551.54644786], [565573.9005936739, 5448551.676947143], [565581.9001858173, 5448550.660175654], [565605.9609632306, 5448551.580057657], [565618.9187605729, 5448551.5785365375], [565630.8652524606, 5448552.6657051025], [565651.8622332629, 5448552.604296223], [565674.8666265176, 5448548.5975993145], [565678.8326882464, 5448543.574898457], [565681.9475919701, 5448539.653917877], [565680.8780328283, 5448526.654978626], [565678.886211842, 5448514.60130204]]], [[[568251.9138192869, 5448492.637079422], [568247.8636450958, 5448499.547043641], [568248.8166488722, 5448509.698775175], [568267.9146585274, 5448523.555134116], [568270.9314327779, 5448523.592502134], [568293.9040574493, 5448537.652543813], [568316.9057634018, 5448547.588107405], [568333.9416975274, 5448552.557788468], [568353.9088462573, 5448555.651510592], [568363.8500646058, 5448555.619097331], [568364.8973512023, 5448551.673863168], [568361.8851417064, 5448546.566546116], [568344.8069734455, 5448535.592304178], [568329.9049880693, 5448529.548373917], [568306.8358167313, 5448515.642656673], [568287.9021276564, 5448505.5906482], [568265.8657343616, 5448493.599155835], [568260.8613468555, 5448491.635925639], [568251.9138192869, 5448492.637079422]]], [[[569922.916920574, 5448723.693561666], [569903.8073931601, 5448734.692142065], [569880.9259328615, 5448746.599116753], [569859.8295564393, 5448755.67134172], [569835.954783841, 5448766.609768827], [569815.890971332, 5448777.596499343], [569794.8799158599, 5448788.582419777], [569775.8458735853, 5448797.681121986], [569753.8993457084, 5448806.587426943], [569742.9029467707, 5448810.562130314], [569728.8321469952, 5448815.609913927], [569714.9217904714, 5448820.659675506], [569701.863205655, 5448824.619640975], [569679.9530298511, 5448830.669187963], [569658.8759017081, 5448837.685481278], [569636.8833117941, 5448845.64653769], [569618.8619634508, 5448853.657824994], [569595.8082932439, 5448862.550700671], [569571.9517806976, 5448872.701072599], [569547.9178291563, 5448883.638663739], [569535.9469303219, 5448884.588474986], [569522.8292831304, 5448884.589913361], [569509.833157443, 5448883.6255109515], [569496.8684411136, 5448883.628938102], [569479.9401568249, 5448883.571334489], [569467.8910384512, 5448882.630150988], [569453.9403739431, 5448881.653868844], [569431.8479013593, 5448879.641288473], [569416.9221908372, 5448875.650920914], [569397.8444644122, 5448868.6063823635], [569373.9307639836, 5448859.588637395], [569350.9062332319, 5448851.705186771], [569337.8258587379, 5448847.582615652], [569324.8408166576, 5448844.561959335], [569300.9471211791, 5448838.568984844], [569286.8153809283, 5448834.589017322], [569262.9144816084, 5448828.585012314], [569246.8809180215, 5448824.581161605], [569232.9022130986, 5448820.603214567], [569219.9242045442, 5448817.593969807], [569198.860970506, 5448813.682866341], [569176.9284707056, 5448811.673263902], [569158.9108339471, 5448809.546062817], [569139.937473722, 5448808.6744783865], [569127.8060157092, 5448809.6342190625], [569115.9171749785, 5448808.6847272655], [569092.8157383251, 5448811.563999286], [569079.8212266889, 5448815.68183856], [569058.8231162346, 5448824.602678314], [569038.9142407794, 5448835.594180483], [569019.888979682, 5448844.695514845], [568997.9181131779, 5448855.661386246], [568975.9288393278, 5448868.695019025], [568961.9371420958, 5448875.646933781], [568941.8571819529, 5448888.693588665], [568919.8866647927, 5448899.659717963], [568896.847772224, 5448911.568718374], [568876.8819133607, 5448923.671898153], [568862.8721614297, 5448932.68080412], [568840.941172614, 5448944.592718385], [568819.8887151425, 5448959.695699097], [568795.8982518057, 5448976.652088031], [568783.9299438361, 5448982.684689235], [568766.8036126754, 5448995.61303474], [568745.9095059463, 5449005.648191553], [568729.8494022038, 5449012.563815656], [568712.905461849, 5449019.646353062], [568703.8119647533, 5449023.64683535], [568693.9524311372, 5449030.650954525], [568684.9580609959, 5449039.567087676], [568682.8986671825, 5449044.600353099], [568681.9271740237, 5449060.587581046], [568661.9475964532, 5449078.550813346], [568657.9144186175, 5449084.671302696], [568655.8329278568, 5449095.574744392], [568663.9156192066, 5449106.604758763], [568669.829953644, 5449112.693390432], [568689.8194324502, 5449122.593099036], [568696.8458826116, 5449123.636872698], [568702.9363286374, 5449122.60092431], [568705.9135509394, 5449121.692951686], [568724.8455157949, 5449107.675039789], [568744.9498603627, 5449092.571069944], [568760.8081338431, 5449079.615685662], [568769.834308798, 5449071.65629249], [568792.8980084349, 5449057.690081762], [568800.85591656, 5449050.662467], [568819.8458217988, 5449035.544902698], [568835.8966108295, 5449023.54830085], [568852.8234399634, 5449009.672558171], [568875.924389885, 5448991.593417947], [568896.8985605916, 5448974.58853446], [568908.8278487974, 5448967.610667257], [568931.8102034696, 5448955.545250493], [568949.8450558784, 5448941.683653616], [568967.8237909204, 5448927.65473422], [568986.8782249971, 5448912.694099529], [569004.725615517, 5448897.7128720805], [569004.9147871499, 5448897.554100332], [569022.8104451844, 5448886.692997682], [569042.9184327498, 5448876.660115508], [569054.9006169245, 5448873.641395067], [569068.8196275472, 5448873.659974591], [569082.8917749459, 5448873.669490734], [569104.842450698, 5448873.633151154], [569118.9144402622, 5448873.653842302], [569132.8653945206, 5448874.618058969], [569156.878164998, 5448874.596626507], [569179.8859464934, 5448875.685689484], [569199.9276644968, 5448875.61467107], [569211.8165253741, 5448876.553301675], [569224.9155011324, 5448878.618981689], [569243.8514427862, 5448883.6153449705], [569266.836803952, 5448890.5528252665], [569283.0988841115, 5448894.607542522], [569286.8876081256, 5448895.552229224], [569309.9477799484, 5448900.589477828], [569317.9289092235, 5448901.646021897], [569324.8735230606, 5448904.579589562], [569343.9491303461, 5448906.565021643], [569358.9570536194, 5448908.654948027], [569373.843775935, 5448911.688540518], [569396.9482705222, 5448912.612928468], [569419.8088006757, 5448916.703119035], [569434.8743645258, 5448917.682164907], [569453.8287530866, 5448920.611514741], [569473.8979203415, 5448923.554922217], [569486.9576665242, 5448924.6755901], [569506.8203267948, 5448926.660407105], [569529.8855663458, 5448926.639791561], [569535.9577407406, 5448927.661469426], [569539.8260943752, 5448926.609462425], [569563.8069788698, 5448925.644351868], [569581.8077491166, 5448914.619545038], [569594.845428075, 5448907.668249429], [569614.8260970453, 5448898.569879206], [569621.9536666569, 5448895.657807399], [569639.8130772251, 5448882.574514457], [569654.8725038511, 5448869.622656198], [569674.8143753674, 5448859.578942035], [569685.8105721031, 5448855.6040409515], [569708.9496419734, 5448848.61382205], [569720.9395433607, 5448845.596594325], [569744.9118863689, 5448839.573326692], [569764.8165623415, 5448833.643235916], [569788.9305861781, 5448829.678782744], [569791.8910463898, 5448829.549446135], [569803.9155629051, 5448818.61653797], [569810.8628494195, 5448812.689431258], [569825.8217369425, 5448803.694974735], [569832.865760848, 5448797.613336887], [569847.8132740832, 5448790.67576869], [569858.8415280504, 5448787.646650141], [569879.9176643018, 5448775.560973257], [569887.9177634021, 5448774.550552289], [569910.8380759609, 5448763.600281284], [569928.9352063474, 5448753.7007805975], [569946.8158562568, 5448743.631792991], [569960.0, 5448736.275093835], [569960.0, 5448704.963467993], [569944.9219907317, 5448713.676913252], [569922.916920574, 5448723.693561666]]], [[[568566.9379386015, 5449232.548184482], [568551.8522984317, 5449228.55813546], [568543.8347341027, 5449231.627240594], [568541.3791140728, 5449240.0], [568578.3628546742, 5449240.0], [568566.9379386015, 5449232.548184482]]], [[[569616.8160173293, 5449238.574671493], [569593.8138962516, 5449233.692503285], [569570.9289206427, 5449231.658084992], [569547.9225005, 5449230.578484015], [569521.8419052324, 5449230.572067618], [569508.8277660515, 5449231.675571074], [569496.9170830504, 5449236.584285515], [569490.0604653929, 5449240.0], [569621.3371796579, 5449240.0], [569616.8160173293, 5449238.574671493]]], [[[563961.8059488388, 5448017.642199893], [563980.8623639201, 5448021.665585687], [563996.8544801408, 5448024.697323906], [564015.8778949117, 5448031.566762576], [564033.9395289429, 5448034.633645929], [564055.8687223833, 5448041.692602146], [564079.8504910963, 5448054.634722658], [564089.8156159946, 5448057.607831632], [564110.8606033952, 5448068.614799423], [564133.9106982234, 5448084.559341485], [564157.948487999, 5448097.669235159], [564178.8726803534, 5448109.631189015], [564201.882558076, 5448124.619447124], [564220.9206295459, 5448139.572621481], [564241.8271244536, 5448158.661354763], [564258.8998267254, 5448169.622639545], [564281.9437912232, 5448171.6366986465], [564285.8117221004, 5448170.5699512195], [564295.9550501128, 5448162.616391966], [564304.8397995044, 5448152.580059716], [564324.9364884354, 5448128.587820071], [564333.9482362025, 5448122.6779837655], [564344.8214645474, 5448119.63609748], [564355.838412614, 5448118.652822327], [564377.92791359, 5448120.656029748], [564397.8570220349, 5448131.66219272], [564418.9401650098, 5448148.685750458], [564433.8761601998, 5448166.593670593], [564439.8175257173, 5448184.563424733], [564447.8795214463, 5448192.573741326], [564457.8602759413, 5448198.549653087], [564469.8076062612, 5448199.634344423], [564480.8873273958, 5448202.621155907], [564484.8357304444, 5448199.654334938], [564500.9262816587, 5448188.601924421], [564508.8861790809, 5448186.63813568], [564520.9373969369, 5448187.568429246], [564542.8096235876, 5448190.67056884], [564551.9559711734, 5448195.691869912], [564563.8468480157, 5448196.620399687], [564576.8808097487, 5448184.576253864], [564591.8060840053, 5448179.692213528], [564609.885014969, 5448175.623410215], [564656.8593055699, 5448165.566974495], [564680.819161258, 5448161.567367742], [564706.8170277284, 5448159.659708359], [564719.9131348578, 5448156.644647332], [564739.8771472827, 5448154.6663758885], [564759.8885310023, 5448153.633737671], [564771.8937818278, 5448148.5491809035], [564793.8417991694, 5448139.623195203], [564817.9149689446, 5448134.680416645], [564830.8508471919, 5448131.66373782], [564844.9415538451, 5448129.605745138], [564866.8319799651, 5448125.593702124], [564910.9108055211, 5448114.549255791], [564931.9442494764, 5448106.569267008], [564953.9326064456, 5448098.589531199], [564975.8810949635, 5448089.66434525], [565005.8694830299, 5448080.678302827], [565022.8340851514, 5448076.597684062], [565043.8508610877, 5448070.674802867], [565067.8057141127, 5448061.60685577], [565090.8621918046, 5448052.695240091], [565109.856569205, 5448047.704849795], [565122.8325812791, 5448045.634412274], [565146.9066086779, 5448040.693047328], [565169.8671557986, 5448030.668754877], [565182.9408846505, 5448024.65255903], [565194.9071417331, 5448018.612273054], [565207.8279417196, 5448012.5942687085], [565230.9247185385, 5448004.628778653], [565241.8457714854, 5448002.545392766], [565259.7990897573, 5447995.630881286], [565282.9204231339, 5447985.609047137], [565303.9152205623, 5447976.673772686], [565315.8007761233, 5447972.545077025], [565329.9501735807, 5447965.585874265], [565351.8998417717, 5447956.662191575], [565359.877426988, 5447952.6429008795], [565375.930750398, 5447940.6363832755], [565395.8280690564, 5447929.631652561], [565401.5420011984, 5447926.537974602], [565419.8819462897, 5447916.60829383], [565440.8699574248, 5447907.673557901], [565451.9063596654, 5447899.577023244], [565467.8222583022, 5447890.582123359], [565470.1154585695, 5447888.306180322], [565473.81120912, 5447884.638222869], [565485.9181720968, 5447876.621166177], [565491.9274677264, 5447872.656510147], [565512.8950154363, 5447855.6499570375], [565535.8118360532, 5447839.611660385], [565554.922860331, 5447828.587098998], [565575.850958925, 5447810.635219329], [565590.0697389991, 5447796.365479507], [565592.8545755435, 5447793.570637247], [565610.8468609382, 5447773.671719649], [565618.8195653687, 5447764.5828285655], [565634.8063664229, 5447743.559355711], [565646.8679625568, 5447724.701853757], [565659.837776623, 5447703.642509976], [565663.7705826047, 5447696.408738824], [565671.8133720957, 5447681.615254358], [565678.8127490694, 5447660.629544436], [565683.8096824524, 5447648.659020201], [565687.9089523514, 5447635.566079136], [565695.8333874375, 5447611.589380354], [565700.8304859287, 5447599.618957739], [565711.8344162337, 5447579.637125554], [565738.8090867487, 5447540.688727641], [565754.6395460002, 5447524.848810009], [565757.8937229082, 5447521.592684984], [565775.8873157752, 5447501.705301877], [565795.9197093196, 5447482.620643243], [565814.9081097319, 5447463.690323157], [565832.9005420024, 5447447.594545795], [565850.8758520884, 5447433.555424969], [565869.9021735063, 5447420.640713808], [565886.8586499176, 5447407.70140304], [565921.8326586226, 5447376.610007519], [565931.8988650194, 5447370.548536589], [565940.9213113332, 5447367.654437661], [565954.8317017175, 5447362.595098808], [565976.9377884842, 5447353.675613916], [565988.9063872392, 5447347.636977471], [566012.9495400324, 5447334.62713352], [566034.9201731397, 5447323.649467042], [566054.9567050143, 5447314.705611462], [566059.918463353, 5447310.640174242], [566066.9254110369, 5447308.667125224], [566073.9497580872, 5447304.637460123], [566094.8998319175, 5447298.550961174], [566114.9486650513, 5447294.677379628], [566149.9350471694, 5447287.65864557], [566163.8855020339, 5447283.545291426], [566187.93424833, 5447275.595018147], [566200.9539337007, 5447270.692471512], [566216.8656090953, 5447261.699711629], [566239.8589265544, 5447247.566399797], [566260.8461213167, 5447233.564707282], [566280.8288402606, 5447220.662913272], [566299.9360460637, 5447209.651846359], [566307.9329435664, 5447203.566233228], [566318.2735261053, 5447196.887520118], [566327.908641602, 5447190.664463996], [566350.8454322029, 5447177.642810752], [566370.940072277, 5447167.588935044], [566387.868842753, 5447162.56688155], [566396.921346315, 5447162.675813371], [566440.8213085925, 5447162.570499121], [566461.9197709383, 5447163.613949845], [566482.904577727, 5447165.612291443], [566501.9155904851, 5447168.68764296], [566521.8248776715, 5447171.618274232], [566541.8373753014, 5447175.662004553], [566558.9041703021, 5447181.571394415], [566579.8687355373, 5447190.68564105], [566602.8393007725, 5447199.679545686], [566625.8890849778, 5447210.564621489], [566645.9204595704, 5447222.680883988], [566666.8720699041, 5447237.665646939], [566690.8954032954, 5447256.634652633], [566723.8242005808, 5447289.653749298], [566742.8658387003, 5447304.615756642], [566764.8478097084, 5447326.573462975], [566780.8543035109, 5447343.544617947], [566797.8591770577, 5447366.554052509], [566808.8416936665, 5447383.631261583], [566810.8520720883, 5447388.569953091], [566826.8187095224, 5447404.5957086915], [566849.82881531, 5447424.665046803], [566867.8230974724, 5447443.572921499], [566877.872485394, 5447463.640871312], [566884.903266672, 5447473.543601214], [566900.8339450823, 5447493.6940284865], [566912.8923898234, 5447508.5608758535], [566928.9414211034, 5447531.559146047], [566934.9382888648, 5447539.548144219], [566948.8164318348, 5447557.616950611], [566964.9248290729, 5447575.701761921], [566968.9162803954, 5447582.554623228], [566977.9125445168, 5447592.648055034], [566992.8275077129, 5447607.54974484], [567014.8886119137, 5447627.608286589], [567033.9323051433, 5447647.641347678], [567046.86250561, 5447665.687786777], [567058.8556507325, 5447681.665921492], [567092.8317714843, 5447724.6732069915], [567108.9044031269, 5447745.615515287], [567125.8381536145, 5447764.667044328], [567137.8597402705, 5447783.658812094], [567145.8804797849, 5447799.588943528], [567163.9508015359, 5447821.656343197], [567179.823150402, 5447841.640208112], [567195.909363495, 5447865.595931599], [567209.8326521852, 5447884.611113927], [567226.8051009863, 5447904.608458047], [567245.8864761894, 5447925.587794765], [567265.8004454259, 5447938.649921965], [567287.8160451384, 5447952.694036843], [567297.8230456278, 5447961.688497659], [567305.8070806246, 5447971.603403111], [567322.9465429202, 5447991.603123062], [567338.8105536397, 5448011.587334849], [567351.7997810789, 5448033.604559833], [567359.8257904551, 5448040.66258543], [567379.8572023297, 5448056.584013644], [567392.884528644, 5448070.685589349], [567395.820062123, 5448072.622673935], [567406.9560373924, 5448084.633074122], [567421.8289241521, 5448098.590474627], [567438.9461225912, 5448115.577271777], [567451.9131791191, 5448134.581314097], [567466.9461592722, 5448158.680740243], [567477.9072479301, 5448167.676042542], [567486.9338131007, 5448168.586974089], [567495.8674723112, 5448164.571412771], [567509.876821519, 5448155.559122232], [567533.9409378681, 5448136.696696094], [567543.9080306985, 5448134.606224234], [567554.939718296, 5448136.642483808], [567574.948129773, 5448140.678944098], [567589.9345199941, 5448143.553193246], [567607.6922785819, 5448144.419973007], [567611.8305369981, 5448144.62196461], [567617.9252504156, 5448148.654801958], [567623.8209556534, 5448160.601394728], [567627.9604727295, 5448179.653386793], [567630.83919699, 5448191.563101678], [567638.9215580598, 5448207.650358438], [567644.8242431723, 5448219.6082939375], [567652.8852433852, 5448232.682217302], [567668.9469599548, 5448253.626024426], [567680.866075655, 5448276.57596686], [567696.8095680386, 5448294.661006274], [567702.8899107957, 5448314.693073286], [567702.8724310391, 5448325.622188385], [567693.8927932184, 5448344.668951438], [567690.8583860899, 5448355.561012935], [567690.9226674389, 5448364.578843625], [567690.9195355376, 5448365.668025113], [567690.8653342124, 5448384.691129637], [567684.8783372822, 5448404.575169645], [567673.8861427525, 5448413.624052675], [567669.8185404389, 5448422.60220268], [567669.8400342496, 5448425.604466404], [567700.9147518772, 5448462.56512936], [567703.8532775864, 5448469.572402403], [567704.9326642478, 5448482.571804378], [567708.9395248803, 5448488.636123073], [567719.917531447, 5448495.575246314], [567726.8273922643, 5448502.631323949], [567733.918930492, 5448512.69154241], [567743.9247394572, 5448530.548173814], [567763.9170820833, 5448550.595478379], [567785.9503848385, 5448567.643900986], [567807.941483129, 5448568.547924282], [567811.8734508147, 5448567.651201407], [567815.8841147199, 5448568.645588433], [567818.9008374311, 5448568.682647033], [567829.8391806426, 5448574.676517255], [567831.8663606555, 5448577.5476941075], [567841.8280663388, 5448590.656465245], [567839.8264972781, 5448594.59003555], [567829.8282227565, 5448604.606970836], [567810.8969102044, 5448618.627926626], [567809.8033980891, 5448621.616398141], [567815.8657684412, 5448633.565439136], [567830.8530614988, 5448651.650190846], [567843.9565950091, 5448667.643914646], [567857.9541600272, 5448688.563035097], [567871.9122297333, 5448699.652926345], [567875.8623583708, 5448705.560889692], [567875.8655366078, 5448710.630894802], [567873.8634382506, 5448733.565720532], [567874.8604743516, 5448739.59302002], [567880.81532024, 5448746.637500083], [567891.8703193931, 5448765.619176309], [567896.8419764715, 5448785.626782938], [567897.8563635775, 5448808.598594156], [567897.8541888456, 5448812.563392938], [567897.8511079259, 5448818.174601873], [567897.8448175587, 5448829.667827835], [567896.9181783051, 5448851.659678254], [567892.8539466362, 5448874.569066774], [567890.8123773751, 5448896.5582366735], [567889.8070274221, 5448916.659004093], [567894.9102042983, 5448933.666226645], [567898.8061533411, 5448954.616673432], [567900.8144102555, 5448978.545915479], [567906.867847187, 5449000.63483599], [567917.9508241853, 5449022.618879812], [567926.9462222767, 5449046.6452175975], [567936.9534564507, 5449069.572332737], [567939.8340851777, 5449077.679709378], [567948.8655269225, 5449097.581679288], [567957.8182323452, 5449115.59260489], [567971.9352161977, 5449135.5572864795], [567988.8689132741, 5449154.611593101], [568003.9329203196, 5449174.58807322], [568015.8697504967, 5449191.679630163], [568031.9484583627, 5449215.6267989], [568036.9269464657, 5449219.646431819], [568059.8154125105, 5449235.605778357], [568066.6438094496, 5449240.0], [568137.0301072623, 5449240.0], [568125.865640689, 5449232.618791199], [568102.9028911348, 5449218.559562698], [568078.8889481047, 5449204.642989595], [568054.907813822, 5449181.554315246], [568050.9668800996, 5449178.047856182], [568035.9507963946, 5449164.68732372], [568030.8088951213, 5449155.5958382245], [568027.8681325329, 5449134.656963744], [568026.8288802166, 5449122.614057776], [568028.5455440949, 5449102.576336978], [568028.8889411755, 5449098.568235674], [568024.9011870851, 5449081.5746395495], [568018.5342972155, 5449068.877622602], [568014.9154169137, 5449061.660703321], [568005.8809842443, 5449045.561083475], [567993.9076597113, 5449032.582924684], [567976.955542394, 5449015.58520797], [567968.8138853321, 5449005.667360667], [567962.9591890618, 5448994.676961873], [567958.9106537515, 5448982.585865438], [567957.9528873947, 5448968.642697638], [567954.8907609765, 5448948.647535667], [567955.8570079752, 5448927.601257254], [567977.9103095855, 5448928.662406484], [567990.9097586891, 5448934.682051054], [568003.9345861076, 5448938.645103923], [568026.8775034455, 5448949.701761094], [568029.858956563, 5448952.584828569], [568062.8239461192, 5448970.569669353], [568079.8757538921, 5448983.610802347], [568097.921361092, 5448997.609180267], [568117.8686415617, 5449011.631186997], [568136.8866753248, 5449023.584876068], [568154.9109212509, 5449034.570256516], [568175.9122654424, 5449044.647315849], [568188.8157153722, 5449049.554428141], [568212.9119384433, 5449061.571149819], [568236.8083980236, 5449072.640471559], [568249.8327613326, 5449076.604166918], [568263.804400818, 5449080.568393069], [568275.9486356163, 5449082.619986915], [568299.8313179296, 5449090.676304271], [568312.8875239481, 5449095.585606988], [568331.94464103, 5449099.624115255], [568343.8147434271, 5449102.6286273645], [568356.7190811557, 5449105.394912833], [568357.907302046, 5449105.649639437], [568395.8184235177, 5449116.570925058], [568418.9174804046, 5449122.561174832], [568436.9015959727, 5449132.601903575], [568440.9117931083, 5449133.59673413], [568446.7095900539, 5449137.957969026], [568448.831930967, 5449139.554443878], [568460.8832399873, 5449145.563401169], [568479.8352896986, 5449158.629295807], [568497.898400747, 5449161.699954443], [568518.9562724958, 5449170.667211723], [568537.8381677492, 5449180.563716186], [568554.7487129759, 5449180.598042876], [568568.836926102, 5449180.626640849], [568587.911801952, 5449182.60943784], [568600.8292071248, 5449181.658235009], [568606.9058696362, 5449177.62007281], [568612.8149617012, 5449173.579790006], [568613.9089843357, 5449170.5803392185], [568636.8505724648, 5449157.568118658], [568642.8233530495, 5449153.68434865], [568650.8385659994, 5449145.54537936], [568649.8899097954, 5449131.602258057], [568623.9061663892, 5449146.633300897], [568601.8380242278, 5449152.696263665], [568577.9440764525, 5449155.567801206], [568566.8316865653, 5449156.697165547], [568560.9126730235, 5449155.667340408], [568547.8349681263, 5449156.61670979], [568537.9522803528, 5449155.548775527], [568532.9485158586, 5449153.585344121], [568511.8097242331, 5449137.645787574], [568491.9567904555, 5449119.665341419], [568471.9107254525, 5449109.598911395], [568448.9045489996, 5449099.651458127], [568435.8876517448, 5449095.687385394], [568421.9481889037, 5449092.6680559935], [568377.8509323157, 5449081.669854136], [568356.8501341341, 5449071.5920128], [568343.9468554967, 5449066.684517115], [568329.8725797856, 5449061.595855564], [568317.8027515223, 5449057.64386737], [568294.86344274, 5449051.6671116175], [568284.9341608816, 5449049.642883184], [568264.8874820089, 5449039.577208168], [568243.8680833776, 5449031.556485216], [568221.9365684616, 5449020.678170133], [568203.9517710994, 5449010.638179054], [568179.8946182858, 5448999.567050555], [568176.9133204892, 5448996.683854337], [568173.8575469789, 5448995.689885076], [568164.8867102412, 5448988.618959246], [568156.9450835425, 5448979.648367883], [568144.955042952, 5448958.597629055], [568125.8340917937, 5448936.6694498025], [568105.8836403755, 5448917.577442896], [568089.807377135, 5448898.700089435], [568061.8903140607, 5448862.56543593], [568047.854695755, 5448840.700273658], [568040.8608885512, 5448821.612744966], [568034.9457003743, 5448806.652265995], [568027.8521255859, 5448782.649121103], [568016.9547320851, 5448758.610278784], [568000.9097569073, 5448740.678623031], [567975.9145331068, 5448718.667460379], [567952.9279310917, 5448701.606650762], [567950.023235153, 5448700.169969837], [567947.6770924019, 5448699.007285963], [567934.8841886636, 5448692.667547381], [567924.9580874154, 5448685.585192046], [567919.9364322473, 5448675.550211945], [567916.8134421078, 5448651.596171921], [567917.8146398261, 5448627.6928909], [567917.954670727, 5448614.552695432], [567917.9510727313, 5448604.210543535], [567917.9480873356, 5448595.55131511], [567919.8254037213, 5448578.630089821], [567919.8441956716, 5448557.572172957], [567917.817050481, 5448554.700913365], [567916.8412575803, 5448551.675803933], [567912.8952519079, 5448549.5703388965], [567905.8891542198, 5448551.540976394], [567881.839160142, 5448564.553592807], [567873.860495188, 5448568.569224929], [567859.5830379449, 5448564.307953041], [567853.9282722254, 5448562.620243563], [567853.8889015527, 5448561.674733839], [567849.8357178863, 5448554.6537199225], [567848.8245486263, 5448545.613161235], [567854.8515218832, 5448535.55842135], [567868.8103233362, 5448531.316704112], [567870.8867412768, 5448530.68574968], [567886.9406747797, 5448513.627584982], [567900.8859780822, 5448495.587405052], [567904.8327831638, 5448478.69159738], [567900.8761707228, 5448462.643583146], [567897.8167641365, 5448456.590889992], [567892.9583786692, 5448451.627861136], [567892.566308014, 5448451.511902037], [567879.9323155335, 5448447.665139818], [567873.8595011153, 5448446.634253128], [567860.8194052404, 5448439.669333801], [567840.9480644513, 5448427.550490507], [567828.9122426918, 5448410.613824974], [567822.8323909475, 5448390.5927080475], [567820.8875468287, 5448375.681318105], [567815.9545200237, 5448356.619421104], [567811.8617315382, 5448348.6528228605], [567805.9027810874, 5448327.67710016], [567797.9388462073, 5448305.56485916], [567788.8981521465, 5448285.663108332], [567777.8991494968, 5448265.570551186], [567763.8183776333, 5448246.563087262], [567744.4853296132, 5448223.777614437], [567729.8649479307, 5448206.553673998], [567718.9038410886, 5448188.685353372], [567704.8408201127, 5448167.61025883], [567689.9118959375, 5448144.623346343], [567676.9202664006, 5448127.686328588], [567665.9025918565, 5448109.650693115], [567653.8835351674, 5448090.657672357], [567641.889575186, 5448069.608098477], [567627.9468091622, 5448047.5896733245], [567612.8317239796, 5448026.657581635], [567600.8767564447, 5448006.564819336], [567588.8393281819, 5447989.628629261], [567567.8358140987, 5447965.62260869], [567547.9541679535, 5447944.632290695], [567535.9378823047, 5447920.580776836], [567529.8169791622, 5447899.603367577], [567523.8921185602, 5447884.643402548], [567518.8082053394, 5447870.638838056], [567515.9119684316, 5447869.658277853], [567511.81913645, 5447870.564415693], [567508.8872979042, 5447873.686100346], [567505.8530221721, 5447884.578363914], [567504.8060758988, 5447898.663567279], [567502.925579887, 5447901.642475098], [567498.9004161819, 5447903.610291568], [567496.9127966483, 5447904.581988984], [567489.866754959, 5447905.5965001965], [567465.8103724967, 5447904.679637553], [567445.8620446259, 5447904.59139938], [567422.8393810357, 5447905.577519047], [567411.8288190179, 5447906.543673278], [567401.8002663942, 5447904.686719521], [567398.9003928411, 5447898.636254511], [567399.8683002731, 5447882.648858575], [567401.9522110082, 5447875.547413932], [567411.8120527035, 5447868.541000867], [567417.864166544, 5447866.558139269], [567437.203861656, 5447866.61239725], [567450.9251840067, 5447866.650875788], [567455.8301404708, 5447863.697812885], [567459.8555625173, 5447857.576297162], [567460.8882509649, 5447850.617806527], [567456.8161224367, 5447845.653710524], [567448.2753437312, 5447841.335395636], [567438.8653635102, 5447836.572896191], [567404.9226295673, 5447815.566962029], [567388.9158285287, 5447803.663843798], [567377.9013558512, 5447799.560071888], [567356.9012072856, 5447799.626109688], [567352.8504982514, 5447797.675440916], [567318.8170441278, 5447759.568942566], [567303.8818518145, 5447741.653020437], [567277.9445079261, 5447703.656719993], [567265.9448392, 5447687.666830389], [567245.9256312002, 5447664.630233124], [567233.9546302205, 5447651.653851348], [567216.835488929, 5447634.656628265], [567194.9138112381, 5447611.58595161], [567190.0616824029, 5447606.001028459], [567174.8940467278, 5447588.54961053], [567153.9436078517, 5447564.701519167], [567129.958760243, 5447541.606002046], [567113.9324141383, 5447521.609334771], [567097.9234825836, 5447499.567227883], [567082.9474626083, 5447480.6952372845], [567069.9354507264, 5447464.548982504], [567056.9477714052, 5447447.602491421], [567041.9148135695, 5447428.585423366], [567027.8118011641, 5447411.625469327], [567009.9218670211, 5447392.562599809], [566995.957050705, 5447372.602430773], [566984.8711683322, 5447355.67930259], [566970.8497790252, 5447335.562858848], [566942.8247555137, 5447304.658583257], [566937.6910066582, 5447298.253546561], [566925.9065870803, 5447283.550971429], [566910.833373236, 5447263.577590386], [566908.8272297642, 5447261.038447036], [566891.8796093296, 5447239.588101869], [566884.9275307674, 5447231.587531978], [566875.8555253483, 5447224.673238497], [566867.8527499135, 5447215.54824364], [566839.818107667, 5447195.573640391], [566837.8689277547, 5447194.604991692], [566821.9236240269, 5447181.581409691], [566801.835316625, 5447170.575671422], [566783.8022879869, 5447159.583772744], [566762.8578349169, 5447144.609779695], [566738.848994775, 5447128.642542869], [566714.8868627162, 5447113.621106324], [566706.252034029, 5447109.102761209], [566693.8431127261, 5447102.604212148], [566669.8954624468, 5447090.596197997], [566648.8341544472, 5447081.6250577895], [566628.8066113527, 5447074.578819828], [566616.8519980856, 5447069.686999868], [566593.9276794387, 5447061.649757408], [566572.8068805209, 5447057.592546631], [566553.8446499696, 5447054.673165408], [566529.8491888619, 5447052.638221887], [566513.8775513193, 5447052.601412478], [566500.8765425014, 5447051.655328143], [566475.9085184089, 5447051.676910725], [566451.9523771862, 5447050.598954555], [566433.8242973426, 5447048.6351548545], [566409.9272961187, 5447042.643875389], [566387.9327033432, 5447036.675623781], [566367.9441376515, 5447030.586952847], [566343.8224098579, 5447025.693899846], [566327.8680243901, 5447023.61203207], [566316.8264142111, 5447021.578131986], [566292.8132074573, 5447021.6009441875], [566270.9197304038, 5447020.548571746], [566256.9242473119, 5447018.634912458], [566233.9054342551, 5447019.626086314], [566209.8921258404, 5447019.660378193], [566196.8100415798, 5447020.604176482], [566178.8890041326, 5447019.599803213], [566165.9449385994, 5447017.543415118], [566145.8793296227, 5447019.682196745], [566125.8955223585, 5447018.653305886], [566109.9165135548, 5447018.617449425], [566085.8636264618, 5447017.695669569], [566071.9474035052, 5447017.684728467], [566047.830756487, 5447016.606588485], [566002.918501628, 5447016.547348351], [565981.8831425908, 5447015.662070451], [565957.8626539642, 5447015.686269731], [565938.833656022, 5447014.669477979], [565928.9293662851, 5447015.662945812], [565908.9382130649, 5447014.634766462], [565903.3416366716, 5447014.634769204], [565886.9215639889, 5447014.634735977], [565882.8623032095, 5447014.634749858], [565868.8326433137, 5447015.579050893], [565855.8935735808, 5447018.59333106], [565832.8728390886, 5447024.6449216055], [565811.9545561519, 5447031.677909888], [565805.9266198624, 5447031.60603185], [565767.8060567686, 5447044.615750234], [565743.8305876107, 5447050.667567752], [565731.9259960089, 5447055.584475764], [565711.8870378083, 5447069.59943908], [565699.10641229, 5447086.867349263], [565697.8322716783, 5447088.588850508], [565683.9060092793, 5447109.647761003], [565671.9536616834, 5447129.618388827], [565659.8186602563, 5447146.573863173], [565640.9557954671, 5447169.619900775], [565633.8838267301, 5447188.7036057925], [565631.9211970869, 5447198.653392797], [565631.8682554984, 5447208.62582341], [565635.9272161432, 5447229.576349147], [565638.8611475127, 5447252.570400458], [565638.8908150234, 5447274.584896191], [565639.9529551128, 5447284.5705279205], [565638.9484197309, 5447304.671554358], [565637.7807858172, 5447317.657111278], [565635.8905359476, 5447338.679168953], [565632.8824100045, 5447352.574628903], [565627.8283341639, 5447365.656180904], [565617.8413067887, 5447389.608442938], [565616.9521337348, 5447403.695805413], [565615.8933481505, 5447418.559354977], [565612.9415953818, 5447432.6222015675], [565609.8937452247, 5447445.57215063], [565605.9476578466, 5447458.666918934], [565597.8630336085, 5447482.641809914], [565589.8992933998, 5447505.661977891], [565580.8600764506, 5447529.625550198], [565574.8515594292, 5447542.695903595], [565564.8180775458, 5447565.691447768], [565556.8888476838, 5447584.598368589], [565544.8737868296, 5447605.680294189], [565533.927373357, 5447624.551344942], [565518.8311633238, 5447646.697551772], [565507.8451087323, 5447664.623100688], [565496.8195499983, 5447681.592036565], [565479.8385690752, 5447701.659091822], [565452.9248783487, 5447735.6950673], [565440.8597621067, 5447745.691743116], [565435.8651936316, 5447752.592571665], [565414.912792355, 5447772.6126793055], [565403.8196701842, 5447780.564063263], [565381.8405964053, 5447798.670972592], [565361.854808742, 5447811.57583603], [565339.8947866656, 5447822.556312824], [565301.9321557089, 5447840.629846739], [565291.8918770006, 5447844.635877757], [565270.8966353671, 5447853.57107508], [565248.8500454633, 5447862.649627131], [565224.9582681251, 5447870.605721392], [565211.9011384221, 5447874.565144651], [565187.905553234, 5447882.675854206], [565167.8595762271, 5447886.552751122], [565143.865699863, 5447889.593780255], [565110.8036269554, 5447894.584690975], [565098.9348623442, 5447896.668246457], [565077.8775057157, 5447901.645416476], [565055.8956131703, 5447909.613670107], [565035.9518728089, 5447919.674010924], [565001.9003954997, 5447932.570093906], [564978.9168006644, 5447939.592912234], [564956.8483276742, 5447945.659314815], [564936.8255502598, 5447952.550384271], [564922.8777485088, 5447956.666680579], [564900.8262961352, 5447960.676620926], [564886.9353423894, 5447963.682000049], [564873.8785996247, 5447967.642163713], [564852.8386274916, 5447970.563506459], [564829.8385996041, 5447979.632460782], [564796.817115149, 5447985.58190303], [564782.8864285517, 5447987.641977613], [564758.8126210363, 5447992.584904445], [564735.910284983, 5447997.697325356], [564711.8534293007, 5448000.5837473525], [564687.9002708265, 5448004.572184898], [564664.9017493629, 5448008.583172357], [564657.8322609785, 5448011.657877273], [564641.8792548473, 5448014.639601182], [564630.8620209608, 5448015.622275647], [564604.8005236511, 5448013.571546105], [564590.8866613174, 5448013.57533374], [564575.8485021198, 5448015.611872354], [564566.9105334658, 5448014.562176513], [564558.8538264006, 5448016.680434841], [564534.9416366217, 5448016.556347045], [564517.9301658802, 5448019.681661597], [564501.8178850424, 5448017.592095431], [564481.8062161832, 5448018.625592568], [564455.8880028358, 5448018.645162926], [564434.8086006021, 5448020.611495806], [564390.8281645267, 5448022.632886565], [564375.8465787732, 5448023.569883935], [564363.81834046, 5448025.642018846], [564354.9108968377, 5448027.594990756], [564330.9348328947, 5448028.582889308], [564317.9518132304, 5448030.655117555], [564281.9319397153, 5448030.668873363], [564278.9145950306, 5448030.667134711], [564256.864542119, 5448029.620896698], [564247.8699768324, 5448029.671748185], [564225.8206516013, 5448023.555717927], [564213.9060153993, 5448019.625676183], [564190.8054145083, 5448013.653308995], [564166.9430626951, 5448008.628173069], [564153.807677215, 5448005.618065389], [564141.9329850129, 5448002.633695686], [564114.861157822, 5447991.545510899], [564099.8260702092, 5447982.665257652], [564077.9133291262, 5447973.5494994465], [564054.925934579, 5447961.563984111], [564054.6865603835, 5447961.46115448], [564030.8069058483, 5447951.622338927], [564017.841006439, 5447946.557623446], [564004.842314875, 5447940.5475608185], [563980.8998817698, 5447928.551237575], [563976.8081261368, 5447925.657522174], [563960.0, 5447919.772659211], [563960.0, 5448017.109230744], [563961.8059488388, 5448017.642199893]], [[565751.9423551586, 5447339.582675768], [565742.822865501, 5447361.64386217], [565735.8474707771, 5447380.56185084], [565725.9164924973, 5447404.670160248], [565722.8819300442, 5447406.690911606], [565717.962293612, 5447406.632355986], [565710.9105579414, 5447402.590291114], [565706.9571490384, 5447396.683807851], [565703.91022999, 5447374.644580939], [565703.8447997378, 5447360.545880571], [565703.8755576258, 5447347.560129428], [565700.9247690969, 5447326.6226953035], [565699.9007505896, 5447303.651353018], [565698.8235415986, 5447290.652361439], [565698.8541832266, 5447277.677742893], [565700.9044618896, 5447253.6311567025], [565712.8811223984, 5447231.604050964], [565729.8174297941, 5447210.581000422], [565739.9571963291, 5447202.629932084], [565760.4902573616, 5447191.442272895], [565763.8400399332, 5447189.617097097], [565777.8714258001, 5447183.602555867], [565799.8625047888, 5447180.696042149], [565822.8068404823, 5447181.6034835195], [565835.8811431711, 5447180.658711393], [565858.8220552377, 5447172.693774965], [565880.8650520478, 5447163.617575196], [565903.8060356888, 5447155.6528729675], [565921.8271147524, 5447147.64065169], [565941.88651816, 5447141.69860617], [565964.808494486, 5447139.604325518], [565977.9301843441, 5447139.594497295], [565991.9594346158, 5447138.66152008], [566006.8799479236, 5447137.572389073], [566016.8872879092, 5447137.692142539], [566039.8318066052, 5447138.600389069], [566051.8383311306, 5447138.577325692], [566071.942345425, 5447138.662348256], [566094.9536037138, 5447148.599638646], [566113.8686413128, 5447150.571831379], [566132.9093766017, 5447156.659356355], [566155.8537532229, 5447157.568098275], [566167.8204398091, 5447156.59971563], [566188.9190276648, 5447157.642107557], [566212.8108550826, 5447158.562453175], [566221.8044533515, 5447163.584650148], [566227.9062159101, 5447172.674797278], [566229.9368792597, 5447185.68531285], [566226.8187547638, 5447194.932398288], [566225.892982895, 5447197.6778235985], [566215.8660720352, 5447215.602440259], [566203.8255458295, 5447233.669759031], [566193.8280131865, 5447243.678520737], [566181.8248972313, 5447252.562606319], [566162.9593771044, 5447261.686782624], [566141.9455089472, 5447267.605584904], [566117.8498625812, 5447274.599177934], [566093.8822740103, 5447280.649556589], [566073.9367270919, 5447285.636281912], [566050.9564158283, 5447292.643555254], [566027.8950658164, 5447301.551270774], [566013.8141677255, 5447308.665237173], [565989.9361425214, 5447314.561435467], [565971.9003142384, 5447319.57129221], [565957.869222126, 5447325.574176887], [565945.8833559743, 5447333.669587447], [565926.8638757186, 5447346.584049799], [565903.8817861654, 5447358.66194204], [565881.9414071045, 5447372.642466632], [565861.8222100227, 5447388.557047174], [565843.8467100436, 5447402.596159907], [565819.8020299467, 5447420.676660186], [565800.8156673139, 5447434.5370173445], [565783.8761762592, 5447446.687426092], [565765.8425761799, 5447465.640331395], [565745.8274934684, 5447482.657236151], [565740.9476832526, 5447483.544189646], [565731.8898284241, 5447479.644990872], [565725.829067013, 5447467.698476941], [565725.9464534014, 5447456.615009387], [565728.913652175, 5447445.565496942], [565736.821242624, 5447423.6455455795], [565745.8836758886, 5447402.695516701], [565757.9395798167, 5447382.570663854], [565767.8514472742, 5447365.58885009], [565777.9086010042, 5447345.595868457], [565785.873359682, 5447322.576006475], [565798.9185033722, 5447299.605600413], [565800.8964566521, 5447292.669157304], [565799.8643811913, 5447285.685708695], [565795.8300528169, 5447281.6794461515], [565789.9382782115, 5447283.666086154], [565773.8310428155, 5447300.574013349], [565760.957971835, 5447317.687155808], [565751.9423551586, 5447339.582675768]], [[567970.8515676694, 5448770.550084694], [567977.619745946, 5448774.43823011], [567977.8925435903, 5448774.594972395], [567982.8787827864, 5448778.614572269], [567990.9379193246, 5448791.700132676], [568001.8394196145, 5448810.680255761], [568010.8530283443, 5448832.638943201], [568016.8360677058, 5448851.558366617], [568023.8437540693, 5448873.659124755], [568028.9277322919, 5448883.693127498], [568029.8980740663, 5448885.608262089], [568040.8204875842, 5448907.590542573], [568040.902064566, 5448914.562824565], [568036.8767656554, 5448920.683833513], [568032.9056874508, 5448920.634887946], [568017.8368435627, 5448914.589641855], [567999.8405306663, 5448906.60705015], [567978.9308438107, 5448892.573678114], [567956.8240775092, 5448878.681261088], [567942.8274311835, 5448866.634427367], [567935.9573701608, 5448851.673423358], [567933.90707591, 5448830.578885613], [567933.8006993991, 5448806.673091361], [567931.8712108942, 5448784.634936077], [567935.9571000744, 5448773.600287709], [567938.8314797785, 5448771.578774778], [567949.8478363836, 5448770.602594949], [567963.938099554, 5448768.563646525], [567970.8515676694, 5448770.550084694]]], [[[563978.3022446799, 5444485.288782112], [563989.4571414883, 5444490.8388666855], [563997.7539807305, 5444497.291421408], [564003.768554872, 5444498.259353699], [564009.7715104745, 5444503.692818225], [564020.755812749, 5444502.593045215], [564045.748862034, 5444528.428809083], [564110.8982389183, 5444572.0123405075], [564262.0830888561, 5444647.570058459], [564312.6759512014, 5444686.712501018], [564414.2809138844, 5444743.803163469], [564563.2230922406, 5444844.45241209], [564626.6101621394, 5444894.3393542105], [564689.6885875745, 5444932.1981185125], [564743.6009777137, 5444969.329190693], [564787.4585116612, 5444989.867919697], [564820.7189427656, 5445010.197332648], [564900.2047990978, 5445030.783780277], [564950.8848916701, 5445054.517214838], [564971.1664626334, 5445056.884841634], [565015.7516965672, 5445068.257100847], [565042.2137552665, 5445067.577332822], [565082.3205898228, 5445073.28717901], [565122.8220300459, 5445075.6167786615], [565173.3168637329, 5445092.132817598], [565193.7840215819, 5445101.717345535], [565216.0148117301, 5445104.99768457], [565252.3087584006, 5445093.473199935], [565324.6636966297, 5445098.8354348205], [565372.2584191806, 5445096.167842634], [565438.8510510377, 5445083.38302532], [565517.7192724235, 5445079.911270087], [565598.3276687409, 5445087.949358877], [565620.584618865, 5445086.289321078], [565625.0053960992, 5445091.900639817], [565631.7292605551, 5445094.533425051], [565656.0495611633, 5445094.484912004], [565670.6574705746, 5445092.418757278], [565680.6136812688, 5445087.264262907], [565688.4560352498, 5445085.086122844], [565695.1474313142, 5445086.908457821], [565703.1536044705, 5445080.816523225], [565716.2292541432, 5445078.468011828], [565751.2546808785, 5445063.950282992], [565771.6650448091, 5445057.276241534], [565781.6079598677, 5445052.423655849], [565787.0256743017, 5445047.366153382], [565814.3324696223, 5445036.446306655], [565828.2820958644, 5445027.36764889], [565836.1107455181, 5445025.945158581], [565841.2689904628, 5445022.073861444], [565880.5833424897, 5445003.8685956495], [565887.1127803305, 5444999.498444463], [565889.4439877546, 5444995.43987082], [565900.6336036067, 5444985.353767], [565915.6664860873, 5444980.188554705], [565924.1699374847, 5444979.393493084], [565946.9564011206, 5444973.1240441445], [565968.5379682813, 5444965.0688341], [565973.3183689729, 5444964.084543026], [565983.5334370002, 5444961.981269416], [566002.4242322126, 5444953.150855951], [566002.8312683145, 5444952.960606764], [566024.801462059, 5444946.339711503], [566036.8989145049, 5444943.836788579], [566049.1590725146, 5444944.231977883], [566062.363167146, 5444947.227301529], [566085.7410871183, 5444945.060615705], [566119.6318122571, 5444948.020847618], [566138.6112287975, 5444943.111963908], [566149.8520980969, 5444944.256897792], [566164.7572255135, 5444940.82432583], [566180.5909245907, 5444940.942260445], [566194.9101629122, 5444937.86930142], [566242.504930526, 5444939.289629955], [566271.6750537776, 5444937.28473989], [566289.0461441337, 5444944.040231969], [566297.6222678146, 5444943.061516659], [566301.8979650685, 5444945.360675369], [566334.3647782375, 5444952.281632905], [566345.7108284365, 5444957.060840582], [566355.2406262554, 5444957.1990665225], [566362.9027613186, 5444962.052494104], [566379.3471361431, 5444965.746466617], [566384.6029201933, 5444968.41506199], [566390.5514681498, 5444974.11177354], [566396.8291352898, 5444975.940114162], [566403.8375479535, 5444980.724892634], [566409.6264077608, 5444982.094622882], [566417.2468436172, 5444988.230677022], [566448.0252549369, 5444997.422499579], [566462.0890353735, 5445003.443263034], [566471.6131026656, 5445004.244754762], [566493.2587820905, 5445014.81624878], [566501.5625078126, 5445014.501821799], [566503.6337740351, 5445021.086774607], [566508.1038216283, 5445025.041930024], [566518.1638114045, 5445027.314777292], [566526.535905911, 5445026.70101331], [566540.306945748, 5445030.039965215], [566550.8425859349, 5445029.235362227], [566560.0350464822, 5445032.103742049], [566564.8602535505, 5445036.939773389], [566570.0526658964, 5445035.285587397], [566570.5152490031, 5445035.472334609], [566576.7936587473, 5445038.0067590065], [566582.378138897, 5445038.3198645525], [566592.5176228362, 5445035.2500402015], [566600.6087463375, 5445040.895146005], [566611.8973846515, 5445038.244099038], [566619.2655422429, 5445045.128969741], [566629.6181343665, 5445042.167750983], [566645.3162846442, 5445044.4220340615], [566664.1191432939, 5445052.434121073], [566679.6470152078, 5445051.950201458], [566681.8263437105, 5445053.641029181], [566683.7623848112, 5445058.361257084], [566694.7479814218, 5445066.863670007], [566706.6273231668, 5445070.105379904], [566717.0778500166, 5445068.010601143], [566731.4383482104, 5445070.258115613], [566746.2652974842, 5445080.923587267], [566757.7986020132, 5445079.903579322], [566762.9833575278, 5445082.955107938], [566777.166199749, 5445084.784760014], [566790.2047027834, 5445089.667013376], [566802.8356570905, 5445091.112409914], [566817.9723202798, 5445097.000242562], [566822.8303025168, 5445096.352739477], [566824.1308116467, 5445096.179386096], [566830.2787613916, 5445100.78756715], [566838.1851390657, 5445099.429920327], [566843.6174872267, 5445100.733130005], [566850.8732524138, 5445104.397691592], [566853.949661639, 5445110.392940715], [566869.5212840925, 5445112.544765302], [566877.2491088635, 5445116.642402904], [566894.5434232022, 5445117.070473456], [566904.5508332916, 5445122.824121114], [566922.0022723551, 5445127.858469653], [566936.2518103481, 5445127.064123732], [566943.5038759669, 5445130.897012719], [566954.2129314187, 5445131.125491414], [566962.6461243377, 5445136.096761235], [566972.497382384, 5445134.015083818], [566983.9495543315, 5445138.216342548], [566995.2978689731, 5445135.449494065], [567002.5840104903, 5445138.103288348], [567009.1435304908, 5445138.310653249], [567017.5025522073, 5445134.825630801], [567023.510716322, 5445135.186807064], [567032.3474959178, 5445139.046066001], [567039.6640416323, 5445137.00674669], [567049.1478606276, 5445138.2928141765], [567057.7945047196, 5445137.392150865], [567063.384415155, 5445139.165587739], [567082.9385913553, 5445137.182503981], [567105.2781223494, 5445138.110525888], [567117.6868153835, 5445143.085389171], [567130.1116398828, 5445140.557449172], [567142.6501842097, 5445143.485781492], [567162.6952690617, 5445140.166362068], [567170.7670085407, 5445144.67122054], [567181.8415422988, 5445143.748687924], [567193.837027641, 5445145.242062669], [567203.6620020291, 5445150.338052494], [567216.4100155126, 5445154.309841995], [567227.3325916523, 5445155.96464333], [567232.0909291467, 5445153.215801346], [567244.0273489048, 5445160.109927882], [567255.7186383052, 5445159.070792914], [567264.3656061572, 5445160.266485954], [567270.2295251113, 5445167.168065225], [567278.1086640907, 5445171.178478411], [567294.1547970485, 5445185.61183248], [567306.4577115139, 5445191.567536653], [567308.1465064081, 5445194.86756659], [567312.752326465, 5445194.952034764], [567315.0097299612, 5445191.248716461], [567318.8327088195, 5445192.2456256645], [567318.9443045452, 5445194.179877815], [567315.2500647183, 5445196.477109144], [567311.2535571399, 5445207.430967227], [567320.1147458621, 5445215.463054027], [567320.6644577176, 5445219.308828165], [567324.5661976069, 5445227.7900062455], [567327.6754736064, 5445231.427078474], [567339.5671368819, 5445239.551562264], [567358.19174719, 5445247.336072336], [567363.9280889152, 5445253.366124127], [567368.3679143349, 5445261.351506671], [567375.7109736952, 5445261.17569425], [567381.3100593297, 5445257.503930304], [567385.1205792667, 5445257.685312823], [567391.88722778, 5445261.415709976], [567399.6273714657, 5445268.504310615], [567404.1236886358, 5445270.242782015], [567426.9933948922, 5445274.079384367], [567477.8365774498, 5445286.432727823], [567520.0944076616, 5445289.2871534135], [567525.6701194181, 5445287.8685671175], [567533.5386433783, 5445281.378224303], [567539.7124855157, 5445281.203870003], [567560.8888844425, 5445286.269835858], [567578.1100427763, 5445288.281230794], [567582.5486489006, 5445289.984918444], [567587.87695134, 5445294.921526389], [567594.1866502225, 5445297.0141660245], [567596.1252623053, 5445300.629938498], [567595.5504961393, 5445305.985863852], [567598.2295204905, 5445310.532548669], [567610.118676105, 5445317.980784384], [567613.8266438141, 5445325.278985609], [567620.2336766941, 5445327.536470373], [567623.2383686537, 5445331.731991891], [567624.1677488735, 5445337.163702522], [567625.8248966828, 5445339.807201681], [567637.1752270749, 5445343.1056171255], [567638.6135052947, 5445345.313096209], [567639.0211267843, 5445353.626157706], [567643.2767279858, 5445358.176502927], [567652.0960468121, 5445363.259830085], [567658.2190174775, 5445364.305250459], [567666.710948504, 5445358.998028043], [567674.3114796858, 5445359.435262585], [567680.2194865871, 5445356.759607705], [567683.8996959382, 5445357.233473555], [567701.3519152311, 5445378.826838579], [567717.0503711042, 5445389.325400857], [567726.3514427528, 5445389.940281154], [567730.2184578065, 5445392.296350571], [567736.7830748816, 5445400.855649054], [567746.2408472971, 5445407.252855531], [567749.8235653122, 5445415.920363496], [567763.3460070256, 5445428.486001779], [567769.0031526012, 5445437.9999114685], [567778.4297439802, 5445442.076387909], [567782.5576751479, 5445445.474623846], [567791.487421057, 5445459.003529948], [567801.0155057819, 5445468.369303621], [567807.6372999779, 5445483.135947621], [567811.418496473, 5445496.428004306], [567815.9525758382, 5445519.706807536], [567818.2822327921, 5445523.249417089], [567817.2349597258, 5445530.0110352365], [567819.2213155505, 5445547.884633743], [567823.1154838535, 5445554.242740722], [567821.7575803982, 5445559.057769891], [567821.3028908414, 5445558.634247084], [567800.9354742094, 5445539.662672116], [567771.8882935364, 5445512.6221306715], [567773.8131974299, 5445531.646976649], [567778.8566258841, 5445555.613258606], [567783.8212299811, 5445577.688469289], [567787.9274667823, 5445599.586251498], [567788.8543153461, 5445612.583863194], [567790.889482918, 5445625.594966427], [567792.8391189629, 5445652.692002863], [567792.810823474, 5445665.677841486], [567792.9328237419, 5445689.594778159], [567792.923138566, 5445742.640139238], [567791.9218859837, 5445757.670923766], [567790.9358025646, 5445781.563078018], [567790.8930242141, 5445801.675574613], [567789.8489773504, 5445810.690806284], [567789.8420810773, 5445826.690034787], [567787.8402003702, 5445846.61165761], [567783.8635832493, 5445867.620906159], [567780.8886169521, 5445889.598571511], [567779.9588335534, 5445913.658353296], [567779.9205867925, 5445937.562218519], [567780.8401799134, 5445950.5596772805], [567781.9273236907, 5445963.559265598], [567783.9230263584, 5445975.613783924], [567785.9117321577, 5446003.66736736], [567788.8913944147, 5446027.619416393], [567790.9511139048, 5446048.702849431], [567790.8301887704, 5446049.6464585], [567792.8547885185, 5446073.586790229], [567797.8582121904, 5446096.6075291475], [567800.9515908096, 5446119.604818342], [567801.9031123713, 5446140.674560052], [567802.8477760571, 5446151.615460574], [567806.8745827654, 5446171.622341759], [567809.8468679603, 5446195.563219158], [567812.9007562024, 5446217.614977777], [567814.8645851399, 5446237.58537543], [567816.8993453087, 5446250.596547508], [567817.8260302789, 5446263.59414319], [567819.814150276, 5446275.648534007], [567819.8751480511, 5446295.606729562], [567821.9558967657, 5446319.703424756], [567823.8696483938, 5446333.658209579], [567824.8142758874, 5446344.599049778], [567830.9576050268, 5446384.578219199], [567834.9195568974, 5446405.684998851], [567839.866040878, 5446428.549412194], [567845.9122635787, 5446452.694906393], [567849.857083889, 5446474.590935258], [567851.9449354783, 5446498.687775201], [567852.8641592081, 5446511.685182562], [567855.9357107698, 5446531.669284087], [567857.8991465081, 5446551.6507378435], [567862.9124330839, 5446572.614849726], [567865.8056197497, 5446594.653585839], [567864.9114577017, 5446614.599982565], [567863.9280782115, 5446627.574052699], [567862.9054859194, 5446639.591490039], [567860.8068514884, 5446652.551950903], [567857.8243304287, 5446665.657152896], [567850.8481765377, 5446684.572625598], [567840.8999710387, 5446705.664014669], [567829.9618092553, 5446729.600734986], [567815.902109629, 5446753.65483082], [567803.834905096, 5446774.564699707], [567790.8906429537, 5446798.632436193], [567784.8269515885, 5446811.544160148], [567770.8885078738, 5446834.654743951], [567760.8771790557, 5446855.589911575], [567749.8609870558, 5446877.624602621], [567737.9006950647, 5446897.590894379], [567725.8904780477, 5446918.657237611], [567713.8166466585, 5446939.56712682], [567701.8207566066, 5446963.646839121], [567698.8960014924, 5446975.652090005], [567699.8154298458, 5446988.649617861], [567702.8838230087, 5447003.563504097], [567702.9300605879, 5447014.649078772], [567717.9396119755, 5446995.676336048], [567726.8605580525, 5446972.670847924], [567735.8531519674, 5446951.556292318], [567746.8190945142, 5446930.632793013], [567755.9148696875, 5446910.631450851], [567767.8858531843, 5446888.608453335], [567778.9128286713, 5446871.643904494], [567791.9525087022, 5446848.689056388], [567805.8515743557, 5446824.632997911], [567819.8463955749, 5446801.689971225], [567829.8974850335, 5446781.7004835885], [567840.9608763153, 5446760.61157024], [567849.9148412033, 5446738.551655118], [567859.9014551595, 5446719.673215606], [567868.8553661669, 5446697.624468259], [567879.8404260775, 5446674.633547893], [567888.8158769461, 5446655.587041646], [567891.8162880806, 5446631.552717243], [567892.8314961874, 5446610.662854958], [567892.859949968, 5446597.676899487], [567891.9408399306, 5446584.679405894], [567891.8088809768, 5446571.70274491], [567890.8438557988, 5446547.619715915], [567876.8552285084, 5446503.585899705], [567869.91067937, 5446479.584982862], [567867.9505255418, 5446464.673457811], [567865.833962786, 5446444.701114661], [567863.8568867627, 5446430.57880141], [567862.947932402, 5446406.663284863], [567859.9157141736, 5446387.624799864], [567858.8541240831, 5446372.568611696], [567854.9485453379, 5446351.6181470845], [567851.8950192621, 5446329.566368312], [567850.8683448785, 5446311.6643619845], [567849.8460461632, 5446297.55383015], [567847.861096712, 5446274.570062964], [567843.8343144206, 5446254.574300526], [567842.8470640853, 5446237.617907313], [567838.8843704065, 5446191.639381847], [567836.8209190157, 5446175.6259434465], [567831.8926541123, 5446140.576004887], [567828.9029119187, 5446127.553171693], [567822.9126950778, 5446103.564022619], [567822.9443200409, 5446095.64815726], [567818.8250363094, 5446079.609426231], [567817.6180830372, 5446070.43310574], [567815.9241961951, 5446057.559510579], [567815.1092812214, 5446052.079340399], [567814.8871710461, 5446050.575636649], [567814.8152295271, 5446032.685387315], [567813.909864145, 5446022.701192609], [567814.9504941572, 5446008.6159196], [567814.8647272377, 5445980.585578255], [567814.9031276865, 5445956.681761269], [567815.9010495383, 5445936.580953026], [567815.9507025572, 5445926.608412728], [567816.813000276, 5445914.577863865], [567816.8943833506, 5445870.561536447], [567817.9093580589, 5445849.671561457], [567818.8212115737, 5445827.66849568], [567819.893467913, 5445805.678583401], [567822.8369958685, 5445791.616750706], [567822.804546474, 5445774.672031633], [567825.8190331114, 5445753.65100288], [567826.8912312007, 5445731.661013233], [567827.9106978335, 5445714.562476469], [567827.8742831674, 5445702.687689191], [567827.8957326782, 5445679.573050995], [567826.8869470326, 5445659.603293712], [567824.9442904304, 5445642.635102643], [567818.8498015661, 5445601.555969679], [567818.8994006779, 5445591.583411683], [567820.819897043, 5445580.6777605275], [567825.2936756953, 5445573.8271935], [567825.5862755798, 5445573.379145108], [567828.0654424154, 5445574.783812522], [567829.0817806887, 5445579.3583138045], [567831.1539534465, 5445588.684986989], [567843.4852953766, 5445605.918211299], [567846.602690351, 5445615.523166073], [567853.2575620374, 5445623.293057361], [567870.4905587792, 5445637.103275638], [567902.6469682634, 5445648.059419989], [567914.9614252624, 5445647.97766804], [567956.1726975666, 5445655.167796073], [567967.7149730197, 5445661.026607972], [567996.8216409873, 5445670.53494488], [568002.5087514439, 5445670.067416106], [568008.3363810015, 5445673.989669945], [568021.5856710328, 5445678.195817788], [568075.9949458605, 5445678.090018747], [568081.8737672543, 5445675.929615091], [568088.2453078141, 5445676.286134219], [568119.5397810767, 5445671.760272555], [568133.9758301525, 5445666.580541904], [568140.4185502811, 5445665.968524607], [568150.9775310372, 5445664.96551159], [568161.9643548499, 5445666.082260503], [568167.6442874237, 5445668.996529368], [568171.7997952552, 5445673.42593077], [568172.6657932537, 5445679.484019503], [568180.8482218981, 5445689.966934183], [568190.0541763136, 5445698.0088128], [568195.0695052019, 5445699.705165476], [568197.7520999912, 5445704.1076821955], [568204.8888674538, 5445710.46625056], [568224.3596869125, 5445736.319947551], [568234.348231332, 5445752.388784501], [568241.4745729291, 5445756.226485292], [568249.0067755892, 5445757.288693823], [568261.9032495575, 5445765.020559653], [568269.3383524886, 5445765.978766827], [568270.4763350111, 5445770.038092075], [568270.3847927775, 5445775.803637033], [568274.3775385555, 5445781.710816029], [568279.2277826467, 5445794.420944761], [568284.3820491496, 5445803.183555551], [568285.9702651622, 5445814.668062694], [568292.0434996728, 5445831.95666781], [568307.1078027271, 5445850.447044317], [568309.1358184129, 5445858.684881843], [568313.5905030901, 5445865.827751771], [568317.7084442369, 5445879.863922183], [568318.5258934669, 5445886.41509467], [568324.2302853403, 5445898.183187639], [568325.0139232079, 5445902.192604656], [568332.9173470946, 5445910.598806939], [568335.7130601368, 5445918.794029397], [568344.3445451304, 5445924.234283108], [568350.2085855709, 5445945.414342187], [568355.5555706545, 5445954.94975325], [568365.8790956493, 5445965.334963904], [568375.9458127619, 5445978.878027184], [568384.5047500641, 5445985.008841312], [568389.5511751246, 5445982.965597634], [568390.8008881796, 5445988.978046903], [568399.4893565595, 5445994.54436361], [568404.2859884605, 5446000.058068595], [568411.8590193053, 5446015.705151011], [568412.4665095637, 5446024.575746427], [568415.3518165499, 5446029.894896448], [568417.1260018174, 5446036.30640702], [568419.3813433996, 5446038.941654399], [568419.4243390101, 5446045.136462746], [568419.440141576, 5446047.4106971705], [568422.7504728928, 5446054.200078927], [568425.145419988, 5446063.562890943], [568429.5920505363, 5446070.046949685], [568440.0953034305, 5446085.362828478], [568448.8631295969, 5446094.07207672], [568469.1368335461, 5446109.091161825], [568477.7495839424, 5446118.518609406], [568479.4670840905, 5446123.409230522], [568479.4384788082, 5446128.125107635], [568487.3089625721, 5446142.691121742], [568489.251489433, 5446160.496850016], [568493.4280829834, 5446171.13113123], [568499.2800638585, 5446192.167568711], [568507.2872998544, 5446210.364984473], [568523.5520857021, 5446235.599141808], [568536.8440257849, 5446250.909434264], [568543.8233436913, 5446255.738641467], [568561.7830213304, 5446274.684194071], [568574.3883645503, 5446294.443310806], [568582.9531394158, 5446317.8662819145], [568583.6212728749, 5446319.693440135], [568592.2745350429, 5446353.762140898], [568594.3970752599, 5446357.4054627465], [568599.0734639236, 5446360.9941757405], [568601.9482378577, 5446363.200290418], [568604.3511796468, 5446368.483609175], [568604.2416674959, 5446369.615245709], [568603.3758032186, 5446378.562687943], [568605.5174173145, 5446384.765200446], [568603.4379282979, 5446395.133674848], [568605.9440326513, 5446401.657035421], [568613.1946699331, 5446410.752757389], [568612.1505106379, 5446414.023615547], [568609.7105364744, 5446416.442221278], [568609.4183488693, 5446419.633257816], [568615.9145567961, 5446429.094821411], [568617.1681505712, 5446436.642173479], [568623.268181328, 5446446.254034381], [568629.098775769, 5446462.573236586], [568628.3347453772, 5446469.103157475], [568635.3506176781, 5446489.36914066], [568633.879357123, 5446497.850963893], [568636.516498672, 5446502.325000475], [568634.8926383975, 5446509.158064858], [568636.1729462799, 5446517.221698362], [568644.4703776691, 5446530.2722751545], [568643.1930934612, 5446537.1152848285], [568645.1536949058, 5446549.87881202], [568650.1776336305, 5446559.269674569], [568656.1873343291, 5446562.9191830205], [568656.2437759486, 5446568.0527821835], [568654.9708497225, 5446571.302714894], [568657.7026052735, 5446582.180724226], [568658.4102170008, 5446594.268222737], [568661.3627133322, 5446602.96658722], [568660.1450287054, 5446607.45512076], [568663.5460414173, 5446614.909943126], [568664.3944013608, 5446623.157848906], [568675.1203811455, 5446638.875083198], [568675.0232915607, 5446644.839193022], [568676.9479838781, 5446648.30596934], [568681.3488156358, 5446652.834738243], [568684.3207779849, 5446661.038575199], [568697.318096588, 5446678.3237674255], [568701.3371386381, 5446686.0061806], [568712.1528360146, 5446694.640304933], [568714.9530037178, 5446704.093535862], [568726.6591106926, 5446712.271940325], [568728.1987964469, 5446720.2912526755], [568737.6284275955, 5446730.756092226], [568756.744121526, 5446746.537352192], [568766.6854759374, 5446750.926218565], [568769.4614516259, 5446754.016155371], [568772.3499702167, 5446760.789265151], [568782.0339947267, 5446766.09588784], [568793.3632070129, 5446777.250064838], [568806.7878906896, 5446783.942235917], [568811.7565567292, 5446790.738166188], [568814.3840190837, 5446790.710156292], [568818.1323130506, 5446786.96667747], [568823.970299693, 5446788.243928776], [568827.4129246993, 5446791.865738636], [568829.7256650642, 5446797.743049729], [568837.1331277882, 5446803.165721688], [568841.2631983771, 5446808.610363783], [568859.1355104668, 5446818.174321402], [568861.9623328438, 5446820.355854901], [568864.2241232228, 5446825.143471216], [568871.140853154, 5446826.291725849], [568877.6936160121, 5446832.044345212], [568897.8327078286, 5446840.175473498], [568898.626667032, 5446835.976180959], [568881.0319787465, 5446817.634761595], [568854.1730364753, 5446801.426115408], [568826.3523895697, 5446778.856284355], [568777.8764284484, 5446743.330434568], [568746.0308937358, 5446709.599527569], [568716.2662694964, 5446675.8946544975], [568696.8884436605, 5446643.906551539], [568689.9394111864, 5446616.835307902], [568679.9866987529, 5446580.202571387], [568672.2535748511, 5446532.486161574], [568664.3030139348, 5446502.227654297], [568655.2851635015, 5446448.693413291], [568653.6252229917, 5446433.223313357], [568650.2066645118, 5446417.182861815], [568650.536515926, 5446412.330638421], [568644.1999108164, 5446380.933599242], [568645.3846343816, 5446376.659407674], [568647.3796724905, 5446374.6886858], [568652.1343736118, 5446373.8914832035], [568666.3365590613, 5446377.756843826], [568667.5774950425, 5446382.993187541], [568673.6343512576, 5446386.199771524], [568678.827538735, 5446378.831928832], [568679.9666307697, 5446373.67609267], [568683.6175637728, 5446372.834883785], [568690.7608825674, 5446367.371811591], [568697.4712228158, 5446368.989016543], [568700.2722112511, 5446373.794867476], [568710.141366467, 5446379.257754053], [568713.2291079075, 5446384.406592819], [568717.0076227922, 5446386.5156536605], [568718.8424340697, 5446390.540059459], [568729.7018448918, 5446395.775110105], [568732.2449158721, 5446401.3371788], [568747.5849529658, 5446415.561775629], [568755.7640499746, 5446419.694471304], [568763.962353052, 5446429.3376001], [568770.3069565988, 5446433.9302486405], [568778.5901100786, 5446446.96178858], [568786.163134723, 5446452.233437533], [568799.5736265668, 5446466.2505410705], [568804.5585039338, 5446467.69846304], [568811.2245289317, 5446474.147893777], [568819.9874390145, 5446477.85694189], [568824.4817767185, 5446481.466323917], [568837.4477807884, 5446485.858470558], [568841.8848047266, 5446488.790475799], [568858.7755676603, 5446495.250659965], [568862.623328803, 5446499.106390028], [568870.6226660133, 5446502.653458481], [568883.4933203082, 5446504.894686839], [568920.2327581476, 5446507.278072169], [568926.0042329556, 5446508.996896246], [568964.106194286, 5446501.7408225415], [568982.602158238, 5446500.716328119], [568998.7979143776, 5446492.27307512], [569015.8483401102, 5446487.397575618], [569026.3748850725, 5446480.381463713], [569068.3275838776, 5446467.999503349], [569075.8653151791, 5446463.774648615], [569081.5789167164, 5446458.314824427], [569093.3825824686, 5446452.251098413], [569098.4680714313, 5446446.330463212], [569105.5859527747, 5446444.250565503], [569118.5484720836, 5446435.166270694], [569121.2622605761, 5446430.8932744255], [569125.3905113253, 5446428.315111893], [569128.2917030153, 5446422.66972227], [569147.2396405814, 5446410.923487184], [569149.0654393465, 5446404.946983709], [569158.9044154286, 5446405.963278762], [569163.663862903, 5446403.032150404], [569173.4982865377, 5446396.975553703], [569213.2195792884, 5446413.071609272], [569221.4598575121, 5446414.303706895], [569224.7651908848, 5446410.479923903], [569229.6903209214, 5446410.946519947], [569231.4353892865, 5446413.313003293], [569231.4106092334, 5446418.433912032], [569238.025615818, 5446421.5382578075], [569241.2791697042, 5446426.06880336], [569246.4927957784, 5446428.210088538], [569250.6433230708, 5446428.93699908], [569258.8821494164, 5446426.423119638], [569269.4073678777, 5446426.339152459], [569273.9237459316, 5446430.816933045], [569275.3216912791, 5446439.233607257], [569280.8850929849, 5446443.86244322], [569292.0354231523, 5446450.012078476], [569303.3481832414, 5446451.449831892], [569313.6395200545, 5446459.564244595], [569319.3887932792, 5446462.536110301], [569325.3808541524, 5446462.936640831], [569328.4416986305, 5446468.546607325], [569335.9583671793, 5446470.418499992], [569342.6154755249, 5446475.134078947], [569349.1275982602, 5446475.693007395], [569360.428246112, 5446485.199904858], [569387.5099873446, 5446495.227600026], [569395.7915569189, 5446496.930698163], [569397.2320973596, 5446497.744062292], [569401.2051744366, 5446499.987300393], [569409.9082857195, 5446499.317601919], [569411.3492513129, 5446501.154046798], [569408.7957054321, 5446504.301509136], [569409.3570990472, 5446506.752276274], [569427.8119795367, 5446514.7881826395], [569456.8766992835, 5446521.33718654], [569460.7975165322, 5446524.845846361], [569467.4607366646, 5446526.419802093], [569479.3497078803, 5446527.174038343], [569484.7422017516, 5446525.983955607], [569489.352888617, 5446527.511603512], [569494.2402025217, 5446525.180472457], [569498.2211117228, 5446529.490389518], [569508.453212462, 5446529.924062223], [569512.6475665382, 5446532.19010065], [569518.4918622177, 5446529.2444289485], [569525.1288981433, 5446532.523575215], [569565.6248341138, 5446538.943072933], [569590.0280883051, 5446537.9807628635], [569607.5546218895, 5446542.091821505], [569621.709915457, 5446550.297370384], [569624.8382781362, 5446550.466216719], [569631.6535944603, 5446547.293599303], [569633.8172215816, 5446551.066486522], [569638.0997346322, 5446553.5571131995], [569639.8796314893, 5446556.403748776], [569648.2249606019, 5446559.568010904], [569654.3344786301, 5446570.882660289], [569651.741421233, 5446573.730006282], [569642.7883281377, 5446576.519337036], [569647.5350760623, 5446582.496525403], [569648.6566726771, 5446587.419577388], [569648.1222229023, 5446591.829191854], [569644.5561738329, 5446601.18150181], [569644.5015457589, 5446617.229407326], [569643.3864767315, 5446622.09840255], [569645.6507576205, 5446628.051161487], [569643.2992388342, 5446637.715771018], [569644.4780008689, 5446643.205682061], [569649.2911370063, 5446651.162258689], [569650.3230589274, 5446655.10895391], [569647.343919833, 5446665.630651474], [569646.9584330218, 5446672.704434498], [569643.2654064546, 5446677.750605956], [569639.3425023993, 5446696.583553128], [569632.2598835024, 5446711.732893778], [569630.13838678, 5446726.903923922], [569632.2441629537, 5446747.154051003], [569644.9539659239, 5446773.064899237], [569646.643735952, 5446780.249749547], [569656.4382421402, 5446798.618562697], [569669.6044306491, 5446832.86987602], [569672.3875196556, 5446843.709890982], [569671.6032077251, 5446859.488152036], [569673.6914862728, 5446866.508332911], [569674.4282825509, 5446875.9862421565], [569668.2033643936, 5446892.550006056], [569665.5011232278, 5446907.60269863], [569659.0676397956, 5446920.13366498], [569656.3733886117, 5446929.697591557], [569642.1225577984, 5446955.46012627], [569640.8568580155, 5446958.449515954], [569641.0248471533, 5446965.070060288], [569629.9950340679, 5446981.115436637], [569620.1817141261, 5446988.148894778], [569614.1954096508, 5446998.171952285], [569604.9875706522, 5447005.117621346], [569585.3628264702, 5447024.121202069], [569569.1004591467, 5447034.910695563], [569559.9037022167, 5447036.398715809], [569540.7682888766, 5447029.645864281], [569510.9648407028, 5447023.017435488], [569495.9011165765, 5447026.352656758], [569492.3943401977, 5447028.582363867], [569466.5243371741, 5447033.741170619], [569437.8791992379, 5447046.064658943], [569395.0612061368, 5447056.351661781], [569365.2731197617, 5447053.382845545], [569358.9000251293, 5447051.160503552], [569355.251313605, 5447046.858013914], [569342.4195034562, 5447044.745709241], [569336.8802434795, 5447041.8180283895], [569333.6076550885, 5447038.23391451], [569323.7602317347, 5447035.882543795], [569277.191572109, 5447014.662235795], [569221.5755564348, 5446967.931263517], [569178.3069556643, 5446932.467109512], [569146.2661323034, 5446914.604856573], [569102.8972152758, 5446887.076711364], [569039.7754737361, 5446857.714477791], [568992.1438710967, 5446838.070718474], [568974.4329730003, 5446839.436661224], [568981.4794631102, 5446858.572861874], [568997.0097960841, 5446865.116436564], [568997.7046363233, 5446865.840767891], [569012.9911533794, 5446881.776952074], [569020.0608923122, 5446889.147088066], [569021.6988153518, 5446888.300173867], [569032.6149385378, 5446886.260903147], [569039.9270608426, 5446889.652991483], [569043.293398165, 5446894.183405949], [569058.6234534066, 5446898.025351585], [569082.4589234281, 5446908.94150002], [569084.3560639499, 5446911.702833403], [569084.0501403194, 5446914.291049861], [569085.9472068957, 5446916.4084254885], [569099.4692632235, 5446922.291134328], [569102.9054819162, 5446925.905489253], [569109.6540904031, 5446926.226122788], [569118.6600768121, 5446929.307733384], [569131.5643111295, 5446940.98368639], [569143.0017851996, 5446946.324594652], [569146.3996594183, 5446950.931611351], [569162.4626106818, 5446953.259911842], [569167.9788266409, 5446960.269017326], [569179.0454064045, 5446961.143092901], [569191.6659204433, 5446967.585618047], [569196.1680913119, 5446974.351965298], [569207.5477525182, 5446976.812855879], [569209.8692266953, 5446979.24818263], [569212.037160914, 5446984.453512902], [569225.5409741317, 5446994.582146551], [569232.4704675741, 5447002.2506153975], [569244.8767271555, 5447008.384065878], [569246.4693009609, 5447012.676133453], [569251.2550512783, 5447017.8599334285], [569270.3447428556, 5447030.606718108], [569281.073805186, 5447032.982809929], [569287.1149964666, 5447036.423801414], [569291.5802118419, 5447042.382013301], [569303.1642184154, 5447046.982945942], [569323.4856610161, 5447051.058305799], [569335.1298729649, 5447058.041098024], [569348.2567911055, 5447058.515511907], [569357.5680493576, 5447063.052082244], [569365.2567416906, 5447061.72078504], [569375.9939241272, 5447066.33283244], [569396.4929770784, 5447063.356201987], [569408.1886643596, 5447066.857370035], [569413.6614867728, 5447065.793196518], [569416.3626466963, 5447060.822742322], [569422.6899418316, 5447058.206906687], [569470.5883376033, 5447052.486067736], [569512.0911929614, 5447041.580025641], [569534.6892164939, 5447040.169032857], [569544.1289282438, 5447044.18579838], [569562.4433507326, 5447046.98018295], [569571.6657631781, 5447046.848341985], [569589.7272308411, 5447041.50013119], [569601.6327145558, 5447027.682622424], [569616.2345364891, 5447015.601116764], [569620.6838038571, 5447010.291455513], [569626.7529736643, 5447006.952812919], [569630.4293390792, 5446999.113232942], [569641.2851785969, 5446990.343435621], [569646.5841934488, 5446983.525193209], [569652.6971044025, 5446979.368717235], [569657.5233219699, 5446970.514368156], [569663.1117714015, 5446965.425508233], [569667.0883841942, 5446957.758518241], [569670.2692230408, 5446955.125513014], [569678.3845486293, 5446942.60225111], [569684.3581502374, 5446927.757468956], [569687.2959283044, 5446916.656327385], [569691.1635389018, 5446910.555301338], [569698.3317008473, 5446888.517417918], [569705.6196788996, 5446875.062285765], [569725.4396982065, 5446854.808255876], [569723.8922499224, 5446853.199201903], [569706.4968956605, 5446855.296133464], [569699.666964852, 5446861.074102459], [569696.870901187, 5446861.401008759], [569693.4105738426, 5446859.418954367], [569691.3060604576, 5446853.865669513], [569689.5582198427, 5446841.993796455], [569684.8894485377, 5446833.391270755], [569674.2148535005, 5446805.836450642], [569672.4733885184, 5446800.61657903], [569671.9406472242, 5446794.185396854], [569664.4782680443, 5446783.995748824], [569652.1000320464, 5446753.877403841], [569650.8741112625, 5446743.325639668], [569651.1917250933, 5446727.0296625225], [569657.7009467866, 5446680.867548924], [569657.6200145778, 5446669.339749169], [569654.9990394565, 5446655.612354791], [569651.2712675021, 5446618.247910985], [569653.116972534, 5446610.5345084835], [569656.3527355122, 5446603.310543747], [569664.6030070824, 5446595.508120602], [569682.0889392734, 5446594.205068025], [569696.3600418011, 5446593.141567997], [569714.5576702742, 5446596.413613654], [569718.4197800765, 5446601.267613453], [569730.4791276664, 5446610.982584133], [569745.0243686254, 5446615.504925601], [569753.3233590403, 5446623.159249783], [569771.9791332551, 5446631.533020355], [569806.4532847989, 5446653.237926129], [569853.8486025172, 5446687.592573523], [569868.1022043439, 5446694.177340985], [569878.5544357364, 5446708.418264679], [569892.3049326572, 5446714.565398573], [569897.5364902278, 5446720.424880642], [569913.5284551341, 5446733.5434318865], [569920.4827354283, 5446736.505983838], [569926.8799677377, 5446745.564062013], [569933.221562358, 5446748.662833191], [569940.4842060098, 5446756.351101783], [569949.3489873462, 5446758.417571539], [569951.3596492942, 5446764.371974735], [569958.4210258123, 5446775.8714687815], [569960.0, 5446776.419588878], [569960.0, 5446083.408681308], [569937.3630581287, 5446072.944967835], [569930.3931499893, 5446068.444554989], [569940.3757467315, 5446063.528556289], [569947.9345699047, 5446054.16973866], [569954.5310975855, 5446055.514012088], [569960.0, 5446057.315915762], [569960.0, 5445303.947203196], [569958.6588961282, 5445304.198655902], [569955.0460148805, 5445302.384920413], [569948.1744646722, 5445302.037722743], [569936.8992442401, 5445296.689243218], [569929.7919433175, 5445295.946747198], [569925.7731556466, 5445292.59119344], [569925.0212083902, 5445288.534981163], [569926.3198085428, 5445282.323031576], [569923.6632704978, 5445278.746995637], [569918.9368544855, 5445276.907907287], [569908.8309905076, 5445277.047964031], [569898.7546870296, 5445279.092626026], [569890.9313123368, 5445276.234601844], [569881.4857105177, 5445269.167009073], [569876.5490427737, 5445259.906069398], [569872.7689178399, 5445259.1173544945], [569863.5865333611, 5445262.09067992], [569854.64385638, 5445260.680102883], [569838.0075982829, 5445249.558549963], [569834.6361214124, 5445246.419837772], [569833.2996834015, 5445237.3929194845], [569823.0703612247, 5445231.096006546], [569817.2477184616, 5445225.296860605], [569810.5725565259, 5445223.164032442], [569809.8378847701, 5445218.148432209], [569806.9101538805, 5445213.757386277], [569806.0966811562, 5445206.784311867], [569801.7007282939, 5445197.960908109], [569790.1686051283, 5445189.700129482], [569779.0478386735, 5445176.320739522], [569771.4171059873, 5445170.406355718], [569760.2435157755, 5445166.839307923], [569756.2772371623, 5445162.951680505], [569749.7429903279, 5445161.30116298], [569738.3645347729, 5445153.375144614], [569734.3864641015, 5445149.550468171], [569725.3448682037, 5445132.680245112], [569713.5815878836, 5445122.7285962], [569713.2071375402, 5445118.4912611935], [569716.1969125177, 5445113.045574929], [569716.4659101381, 5445109.568876187], [569714.818398397, 5445104.224280583], [569710.441473715, 5445101.103062332], [569708.9125788801, 5445096.019413469], [569707.6642249046, 5445087.818990605], [569709.1580967448, 5445079.708323053], [569702.8042892714, 5445073.958717524], [569701.8577943002, 5445070.216768617], [569694.9627943792, 5445062.1574047385], [569687.3219498901, 5445049.306944054], [569681.1754813632, 5445043.273918393], [569678.15842031, 5445040.312469814], [569675.6303535578, 5445029.62347793], [569675.5191214978, 5445029.153057242], [569668.8621577736, 5445019.982637063], [569666.9797571112, 5445017.389530739], [569658.1865084257, 5444998.205313857], [569655.2960431889, 5444992.418721314], [569649.1833699739, 5444987.538287271], [569645.5176523748, 5444983.210863687], [569640.4396132935, 5444977.254532539], [569640.8124627534, 5444973.829221832], [569638.7340338671, 5444970.820871398], [569633.4408481342, 5444967.774354807], [569627.3633060509, 5444960.387104484], [569624.6276912757, 5444951.185587636], [569620.2356199336, 5444944.43037077], [569620.3017862835, 5444925.64544104], [569614.4949981812, 5444905.045278503], [569613.864991889, 5444902.810139065], [569606.9370645763, 5444881.207632959], [569605.5056201606, 5444876.74402637], [569591.8941281402, 5444853.79060295], [569582.3786620584, 5444836.716726824], [569562.5325413414, 5444812.095382604], [569561.5580719743, 5444811.411279953], [569553.5470201543, 5444805.787094146], [569552.5426101419, 5444805.082018046], [569539.4589173755, 5444795.38063612], [569521.7509769462, 5444780.975907958], [569513.65874137, 5444774.39318205], [569511.2855508293, 5444770.986874015], [569506.4651890857, 5444764.068061373], [569505.4661562095, 5444762.634271208], [569489.8121647274, 5444739.772259449], [569471.5027929589, 5444711.867639774], [569465.8990409954, 5444703.327398294], [569465.034850536, 5444702.188543864], [569451.1668854634, 5444683.915579487], [569447.7080161477, 5444679.358070097], [569446.4127792002, 5444677.651328243], [569437.3643285002, 5444665.967002779], [569406.7716275122, 5444626.462511784], [569397.5090611978, 5444614.518916918], [569391.0599895681, 5444602.25230523], [569383.1876759458, 5444592.616770861], [569370.1829504805, 5444576.559106989], [569370.0871105375, 5444576.419154042], [569362.2507889505, 5444571.691207991], [569361.5511911253, 5444571.046091618], [569359.1367366187, 5444570.592415759], [569339.9436180319, 5444549.458782077], [569336.9920037435, 5444548.006854856], [569336.4887553843, 5444547.5262108715], [569322.344384739, 5444532.047403476], [569321.6604228065, 5444531.29905482], [569313.4767397719, 5444522.343402525], [569312.4906457387, 5444521.2642165], [569300.1207298555, 5444509.983040124], [569288.0051578273, 5444506.122458506], [569279.8116425065, 5444491.721686389], [569279.5040437127, 5444491.180993494], [569266.2243193579, 5444469.29220541], [569256.6607666857, 5444455.927023669], [569255.6507322905, 5444455.308319303], [569247.8898516458, 5444450.554029163], [569242.3769220666, 5444447.39684033], [569240.8747868256, 5444442.721134996], [569231.7277891821, 5444433.546777673], [569222.1936953866, 5444429.254889588], [569219.1209958151, 5444424.805909353], [569214.7812359201, 5444423.082520555], [569211.3529897894, 5444418.329052056], [569198.0597004341, 5444409.238098291], [569195.8802088859, 5444406.073092959], [569181.7726679258, 5444398.8230185835], [569165.3906460312, 5444386.947620763], [569156.5170022724, 5444379.796352156], [569149.3069576558, 5444370.719169397], [569145.4711644473, 5444368.84404056], [569117.5361009202, 5444328.839592107], [569112.3944387869, 5444319.734491941], [569111.1927305233, 5444314.787484564], [569108.3376539036, 5444311.45200047], [569107.266029233, 5444306.51729536], [569097.3182286348, 5444291.577462953], [569093.6142178591, 5444283.093455445], [569087.3686091077, 5444275.943217529], [569072.4334428768, 5444253.7817290835], [569064.0437596183, 5444244.35111516], [569056.933135701, 5444240.159930709], [569052.6184352111, 5444236.512236394], [569050.6020078871, 5444232.937626609], [569046.5202656953, 5444230.288023739], [569039.7943239993, 5444218.971334289], [569029.3132968541, 5444217.287534222], [569025.2950911559, 5444212.749335393], [569020.2830197655, 5444210.1148114605], [569015.9116668879, 5444202.81817334], [569005.6381295582, 5444194.389763163], [568998.5800951768, 5444192.268521385], [568990.4691063042, 5444186.142384286], [568974.5003882009, 5444181.0447627185], [568963.3256756519, 5444172.7720692605], [568954.9453588277, 5444169.990955056], [568943.7505828368, 5444156.540291655], [568941.6802598052, 5444142.249905538], [568938.6000500575, 5444136.4157951325], [568936.6130507125, 5444136.23219443], [568935.2765540115, 5444138.766324707], [568934.7462469826, 5444152.709434212], [568929.2828739607, 5444157.930126365], [568925.952377391, 5444157.738265493], [568911.5275151593, 5444145.9384768335], [568908.9968191202, 5444144.525283312], [568892.5326688865, 5444133.375518647], [568863.6179302647, 5444122.595868472], [568857.2915296917, 5444120.237389027], [568851.7776185167, 5444116.668931627], [568833.532630935, 5444104.861500367], [568810.8532862769, 5444095.350703006], [568800.4753103938, 5444094.900058429], [568793.7491731577, 5444091.074327678], [568784.8313888567, 5444090.368507167], [568771.1785125379, 5444092.58918787], [568764.4289761038, 5444090.73377983], [568756.6340968702, 5444095.060550223], [568752.4818481571, 5444095.312381152], [568736.2677244664, 5444093.06281325], [568720.6863285437, 5444096.862238837], [568711.7744011775, 5444104.216814811], [568707.5326721172, 5444109.597426881], [568705.4881905458, 5444115.384880278], [568705.5388583998, 5444119.011144066], [568710.4698835206, 5444127.624551354], [568716.0078722142, 5444134.14875071], [568726.8505170777, 5444135.213428963], [568731.8197756476, 5444141.494573238], [568735.1504464034, 5444148.3482681615], [568734.7838655025, 5444151.743319084], [568734.3614107867, 5444155.65556343], [568732.1213155467, 5444158.303313048], [568723.6150720203, 5444156.893394446], [568718.8563554867, 5444156.104662425], [568710.920119268, 5444149.586444855], [568698.5298157876, 5444142.945620245], [568666.8830559918, 5444145.007948535], [568666.9002272524, 5444137.353667235], [568674.3204681207, 5444130.732070116], [568680.4874928996, 5444121.498328333], [568690.3107955001, 5444094.571978959], [568697.4686819764, 5444079.522515057], [568704.6103664567, 5444048.663791582], [568704.189238298, 5444028.470481441], [568705.6039521341, 5444019.486987956], [568704.3835989158, 5443989.56865855], [568708.3963432394, 5443976.844904015], [568708.2584088932, 5443963.270309068], [568705.1972683534, 5443947.704380055], [568699.8845777923, 5443935.780288789], [568691.391494368, 5443921.435229813], [568686.7418862935, 5443915.990678264], [568678.0291396077, 5443911.82023717], [568663.6406515343, 5443910.9531456875], [568656.3914141799, 5443906.777579862], [568640.6061148839, 5443903.7844198495], [568636.9729051217, 5443905.003573683], [568631.8164400483, 5443909.939891117], [568630.2884431746, 5443910.265129643], [568629.6601343185, 5443912.004065059], [568626.0289843017, 5443922.054340474], [568625.4354209909, 5443923.6971155405], [568621.4757862993, 5443949.045276427], [568624.9327145128, 5443964.16789884], [568625.6880042432, 5443987.193679816], [568625.3921803816, 5444011.000002767], [568626.1366975979, 5444015.055442845], [568627.3658160002, 5444021.750737762], [568627.3723957936, 5444031.590665612], [568629.5468998085, 5444036.455250365], [568633.057727977, 5444060.480502212], [568635.7506098433, 5444071.749193024], [568636.3348019067, 5444084.533286654], [568639.4850514227, 5444096.098927593], [568635.1740575908, 5444110.271247705], [568636.431431239, 5444119.527195135], [568635.5729403631, 5444137.820565765], [568636.8769334647, 5444142.607857375], [568641.0168497436, 5444144.87834703], [568642.5405175647, 5444154.188285648], [568637.5485662485, 5444161.829601986], [568617.6770827005, 5444174.35651437], [568608.246176566, 5444187.9907395], [568605.3631220795, 5444195.788819703], [568600.8455653562, 5444201.1286729975], [568598.6081571579, 5444200.8477013735], [568598.1576773508, 5444197.525821507], [568599.408095142, 5444192.002637118], [568605.1990841426, 5444180.160945185], [568604.8801205162, 5444176.749222943], [568602.1972259064, 5444174.048688371], [568597.9258158108, 5444173.479257799], [568591.4610466713, 5444176.486276119], [568585.7191427124, 5444176.378013503], [568579.2953768742, 5444180.486429045], [568575.688710936, 5444180.06584398], [568572.2518946817, 5444177.244175319], [568566.6024027759, 5444177.148468648], [568561.4168359413, 5444174.91524926], [568551.3343814528, 5444174.264922882], [568544.4570971137, 5444171.915624888], [568533.9302880596, 5444172.945797267], [568527.1942323425, 5444170.054194775], [568514.9396803441, 5444168.374736768], [568475.5581285867, 5444154.403469645], [568470.6472908829, 5444151.406487342], [568463.2864719258, 5444153.083744768], [568451.4663452312, 5444151.075530056], [568445.1342344397, 5444144.6057826765], [568432.0024041792, 5444141.530569496], [568413.8954754692, 5444134.250978098], [568407.641894257, 5444133.961777513], [568382.8423286316, 5444125.712523103], [568364.2730449092, 5444122.744494905], [568349.7347038039, 5444113.139989557], [568341.0910567188, 5444096.365966327], [568337.4309028934, 5444080.44597271], [568336.6132627535, 5444076.889802783], [568336.1502087124, 5444074.875829118], [568336.3839423489, 5444072.53767722], [568334.2447077718, 5444062.207858632], [568335.0799455892, 5444050.098162236], [568334.2709395265, 5444035.914415353], [568338.4602384568, 5444023.384818303], [568338.6917754662, 5444015.572459075], [568340.6262927635, 5444011.711522606], [568333.5068523774, 5444007.553543843], [568338.264801909, 5444002.75480865], [568339.7328335481, 5443998.746168884], [568345.1779421784, 5443998.450384229], [568352.0534692067, 5444002.851001425], [568368.9797586353, 5444000.014824187], [568378.9379894942, 5444000.631049093], [568380.3836603661, 5444002.093401145], [568389.4457606213, 5444004.682554575], [568394.7191768714, 5444004.010403382], [568401.5752272685, 5444006.33655272], [568429.4137269745, 5444010.718408852], [568447.127676036, 5444014.092197145], [568448.0385772132, 5444015.14482815], [568458.6153216057, 5444019.414905351], [568480.3018787126, 5444024.735687805], [568485.4146749632, 5444027.652715538], [568492.7290197674, 5444028.127060972], [568498.7439594129, 5444036.125874949], [568505.7711349551, 5444040.903248376], [568522.1120387039, 5444043.004688701], [568540.1633929333, 5444041.284955593], [568543.5740960569, 5444037.46017456], [568548.3985353933, 5444015.684835139], [568555.479286751, 5444000.106754523], [568555.2744045275, 5443988.980141904], [568553.2666457274, 5443984.750228474], [568552.6880630197, 5443953.746840066], [568551.9883246602, 5443941.647312106], [568551.4019714578, 5443931.508266244], [568549.2012607908, 5443917.743928637], [568548.9861172767, 5443916.398560365], [568544.9296638418, 5443907.617865506], [568544.8527323472, 5443907.357327558], [568534.9933950072, 5443899.969373198], [568526.8584161157, 5443898.176535388], [568503.9221579372, 5443899.233923858], [568492.2139470798, 5443895.644586763], [568473.0553354782, 5443892.68784452], [568466.8176600857, 5443895.162647404], [568455.1498512104, 5443890.156496453], [568432.8605853978, 5443886.236611403], [568425.1578264544, 5443887.233677396], [568420.7870864539, 5443890.268828775], [568413.2393400026, 5443888.169956874], [568408.149129272, 5443881.9657719955], [568373.5278247602, 5443877.313032309], [568366.2328543151, 5443874.016046441], [568359.8030347861, 5443866.670062281], [568350.3497684363, 5443863.418570309], [568344.0821774661, 5443847.653428711], [568326.8805845473, 5443830.799537032], [568285.9528326612, 5443812.670519194], [568265.2838888372, 5443798.866010488], [568251.1231627581, 5443779.666381659], [568247.1333239208, 5443770.168268777], [568242.3696361446, 5443764.564198171], [568238.3698624311, 5443756.917917227], [568231.6760390897, 5443751.650469262], [568232.8655457807, 5443744.997882518], [568232.4449692777, 5443741.409402695], [568230.6290981494, 5443733.15103749], [568228.3534241497, 5443728.1772259185], [568229.7705968057, 5443713.799007107], [568230.2947153255, 5443708.480904974], [568241.8757331976, 5443698.306352852], [568247.0623722809, 5443699.957687972], [568250.3625430758, 5443685.712471434], [568246.3838573511, 5443670.5836941255], [568245.2300499729, 5443657.921112686], [568245.6701959486, 5443657.885861535], [568246.3891450793, 5443653.7717628535], [568249.3933997208, 5443649.767834312], [568250.4703390857, 5443646.529024291], [568255.3274692284, 5443631.921493737], [568259.7367040417, 5443629.061249067], [568268.7090757313, 5443626.946843365], [568299.2790682868, 5443634.227832125], [568309.5673590943, 5443634.296589853], [568314.0237539327, 5443637.200114911], [568324.2706760088, 5443646.14907762], [568330.3808313444, 5443657.335973071], [568331.6730453891, 5443660.392875314], [568334.4279944472, 5443666.910013248], [568348.4847889902, 5443667.083980481], [568357.0002221573, 5443659.346672836], [568357.9640835873, 5443658.470880786], [568367.8853790786, 5443656.212706966], [568372.1340820414, 5443657.056971685], [568389.181869017, 5443660.444636427], [568423.0126115065, 5443661.657142684], [568448.4543508454, 5443667.528011826], [568505.3981623749, 5443694.424762287], [568542.764759444, 5443704.412366895], [568552.9506177964, 5443722.793018482], [568561.0146241674, 5443744.3221166255], [568573.1070317016, 5443734.948223523], [568577.8812609432, 5443727.864449949], [568597.4625428568, 5443618.58155601], [568599.8111212252, 5443597.181724471], [568603.4655373796, 5443567.210656878], [568604.4492437616, 5443559.1432780195], [568604.8646790313, 5443557.237455802], [568606.3015512939, 5443550.646295772], [568607.2100440449, 5443546.478937179], [568601.7735132015, 5443537.425115618], [568599.0473974568, 5443532.885253156], [568585.0395002376, 5443528.742946521], [568582.9300183048, 5443528.179157486], [568549.1670366152, 5443519.154777998], [568541.695477235, 5443517.157858908], [568541.4437946186, 5443517.09061557], [568540.374862295, 5443516.8075422635], [568527.3300788956, 5443513.353409558], [568510.5096642232, 5443508.899487765], [568494.2688643268, 5443504.599061988], [568484.6808414524, 5443502.060350618], [568452.3214557308, 5443493.492151402], [568434.5266685338, 5443488.780594138], [568357.1645427803, 5443467.386438638], [568342.8420104075, 5443463.4255802585], [568321.4534337352, 5443457.511019777], [568316.4544575673, 5443456.650708002], [568300.0427006953, 5443450.558885905], [568293.1926330238, 5443450.869440108], [568273.7887992996, 5443445.766719987], [568265.6412320926, 5443447.520666501], [568264.1626867539, 5443451.051620952], [568258.249808769, 5443456.642515492], [568243.4196855844, 5443476.57477445], [568236.3793843663, 5443489.836783982], [568229.616194081, 5443495.597368388], [568227.2783442374, 5443501.980541294], [568218.0839527434, 5443510.905502936], [568195.969144091, 5443546.320097677], [568187.1302394681, 5443558.028888331], [568179.9495867316, 5443572.720571824], [568174.6829097305, 5443576.928724145], [568171.7070909379, 5443592.388487265], [568162.6163778843, 5443605.1776721915], [568150.3691389635, 5443641.61612751], [568149.7307981919, 5443657.19728162], [568147.4502976629, 5443671.200131798], [568147.0992592362, 5443683.508545284], [568147.0255141138, 5443686.093737568], [568146.5944326585, 5443701.208823509], [568144.101485072, 5443710.029830706], [568145.5755932879, 5443715.656578637], [568146.0652312561, 5443733.820019597], [568150.4378303163, 5443750.834815571], [568154.283477937, 5443776.1489350395], [568156.0301127962, 5443781.894219046], [568158.4185311624, 5443789.750513675], [568170.112803805, 5443814.100511191], [568175.1298248784, 5443816.863429469], [568178.9556161979, 5443816.136493314], [568182.2971661178, 5443817.540846638], [568189.1460695864, 5443824.203872138], [568192.160213535, 5443831.33463236], [568197.4669405271, 5443838.024562233], [568201.7933428992, 5443849.936552553], [568206.5744140609, 5443856.86798267], [568209.3898965992, 5443874.560290073], [568214.4091862066, 5443906.101528405], [568214.4141203372, 5443906.325711768], [568215.1095151938, 5443938.115783843], [568212.2743044009, 5443947.7363593755], [568209.6810106081, 5443951.801313044], [568201.3110567232, 5443961.295772737], [568197.9343875393, 5443967.151981253], [568194.4958411412, 5443969.95095758], [568191.4789424859, 5443971.563830623], [568179.0681583688, 5443978.198774002], [568171.8720873455, 5443984.095891303], [568166.0394575892, 5443986.26208689], [568149.7442243412, 5443971.5154259335], [568137.2174429048, 5443972.1679354245], [568135.3868458667, 5443970.258425], [568134.7231033314, 5443967.182265718], [568129.5150516765, 5443964.211620643], [568121.1737582328, 5443965.020233222], [568113.2873028285, 5443969.096445594], [568112.2064769178, 5443967.717965692], [568113.2961863136, 5443962.797786502], [568109.1867440216, 5443962.191447587], [568099.7707978886, 5443967.895144735], [568093.8505660001, 5443976.5540649835], [568092.0679192966, 5443977.127606629], [568084.4153628385, 5443975.943715356], [568078.2974516287, 5443970.071135666], [568064.7810311631, 5443963.495836778], [568059.3744425393, 5443963.42858083], [568052.3662041833, 5443966.371976055], [568041.9788351399, 5443967.913393917], [568030.8752663429, 5443963.251816608], [568004.4736654576, 5443947.891898805], [567991.628969458, 5443943.123085848], [567985.1403563381, 5443939.080316687], [567984.4355884214, 5443934.985459278], [567982.2754308376, 5443931.175586526], [567972.7102449342, 5443930.2437006645], [567968.1687530903, 5443932.003906332], [567960.587144467, 5443932.199458458], [567952.9882669733, 5443928.221117525], [567939.0956679729, 5443928.2241583355], [567924.9150552585, 5443926.046998618], [567921.0087372068, 5443924.955362525], [567919.1419758096, 5443923.627709991], [567910.3271805276, 5443921.970540787], [567902.4492965791, 5443920.489487507], [567882.5827660369, 5443916.754719445], [567865.1618213321, 5443913.479722455], [567861.9519278776, 5443907.656509883], [567853.3979004526, 5443908.490129238], [567847.2504438182, 5443906.084734059], [567841.1695767661, 5443907.146311842], [567833.7543187025, 5443902.513948269], [567825.158933551, 5443899.123731881], [567819.2089442868, 5443899.065970772], [567805.5765973432, 5443892.851617616], [567789.1027837754, 5443895.322564734], [567759.3476717105, 5443891.067581715], [567755.6175366642, 5443888.025748623], [567737.4430810715, 5443884.065901789], [567725.835779943, 5443877.0622483445], [567711.2543043452, 5443872.4906927375], [567702.5086755998, 5443872.15776488], [567689.429267143, 5443881.91889326], [567684.525008063, 5443883.944349807], [567675.722373987, 5443883.96905917], [567662.0453489281, 5443873.467278949], [567654.3737617761, 5443870.085416039], [567646.6049951101, 5443856.7904158635], [567631.8246006573, 5443833.648112977], [567624.1293780529, 5443833.017952183], [567620.5804958451, 5443830.254228529], [567613.2885786009, 5443831.236904211], [567609.1382412758, 5443830.014958551], [567606.8450481831, 5443826.041156308], [567602.577734429, 5443822.729026079], [567597.4080285465, 5443814.475187987], [567589.2503573869, 5443810.114732792], [567581.6194871983, 5443807.391359767], [567572.229382753, 5443810.02016346], [567565.3156047278, 5443804.269607179], [567554.4097425605, 5443801.665108737], [567544.490437957, 5443796.349545697], [567531.5451588894, 5443794.87642833], [567523.7552695372, 5443791.225986326], [567445.2441015389, 5443788.189682511], [567440.5800570353, 5443788.132661657], [567429.8496582475, 5443786.975857373], [567394.8180057144, 5443787.204449646], [567386.6910648779, 5443784.729175846], [567377.5305340388, 5443786.178769033], [567370.3951653352, 5443781.342666263], [567361.169335128, 5443788.800576853], [567316.6888390337, 5443796.272135217], [567293.5057993672, 5443795.095946101], [567246.9868849798, 5443798.007019906], [567232.2867538047, 5443796.639843038], [567218.9815491386, 5443800.299225019], [567211.250916483, 5443798.616872073], [567198.4257612589, 5443798.6963135805], [567177.7072383506, 5443798.974208346], [567174.43901477, 5443800.623615687], [567154.7134141385, 5443795.900655123], [567138.4107826062, 5443796.194060074], [567128.903844395, 5443798.248957096], [567108.6037747008, 5443797.418413578], [567093.1227274127, 5443804.227052602], [567084.2993799795, 5443801.970095248], [567074.9524674462, 5443805.199896657], [567062.2154635536, 5443803.229898718], [567028.2644070993, 5443809.502623861], [567023.2223015871, 5443808.9398509255], [566994.6829813082, 5443812.511445168], [566974.4561370932, 5443820.030227896], [566967.1103895365, 5443819.18403319], [566922.4994505086, 5443825.591163513], [566894.2653629222, 5443825.743843998], [566880.1329600699, 5443829.966691985], [566869.8963136348, 5443830.445119686], [566861.6973349844, 5443828.246289878], [566837.2099410698, 5443837.908393564], [566826.2517604269, 5443838.099776035], [566822.2475409933, 5443840.221818964], [566802.9606026901, 5443842.001375397], [566795.3085684425, 5443844.186929359], [566751.4643202281, 5443834.791846669], [566739.6816860785, 5443834.191847891], [566736.3154707483, 5443832.158486366], [566722.3758754923, 5443832.29684062], [566709.967138413, 5443836.189564577], [566691.7431462649, 5443816.411156316], [566655.8378613003, 5443791.836057271], [566651.9339731976, 5443773.207199582], [566643.1292123233, 5443694.326976727], [566641.3034077843, 5443756.569376228], [566641.1630682467, 5443756.34970999], [566610.6916575474, 5443692.489284942], [566600.0868102617, 5443662.673707915], [566591.8061555126, 5443664.0082177585], [566581.6610165287, 5443654.6039873455], [566569.5292858972, 5443638.09479703], [566566.3016554568, 5443631.536359404], [566564.0122543903, 5443622.559005126], [566556.8918292802, 5443615.445719984], [566549.4557393345, 5443604.239666419], [566540.0290827578, 5443594.551159793], [566532.2356433833, 5443583.872458959], [566513.6223740882, 5443574.757379567], [566495.2391138249, 5443567.884812472], [566473.1661503887, 5443556.230895536], [566467.2265421026, 5443555.164935211], [566459.406699724, 5443550.533760714], [566443.6364738316, 5443548.489463355], [566436.6312265708, 5443549.288965786], [566431.0905421538, 5443547.156388249], [566422.0518364875, 5443550.225437002], [566389.1662000787, 5443553.153885845], [566375.3304152738, 5443561.892097473], [566370.0014010812, 5443562.887915865], [566352.4340609205, 5443571.56421216], [566349.5845943649, 5443574.359395304], [566339.4329798385, 5443576.816761106], [566333.1179543847, 5443581.9397346815], [566322.3418926613, 5443586.0043027485], [566311.8539717428, 5443595.28410325], [566304.6866334938, 5443605.7134104455], [566302.4748288983, 5443611.309783435], [566295.4544199208, 5443617.068838452], [566292.0640664463, 5443621.797507681], [566281.263833058, 5443626.175455684], [566271.2517482345, 5443633.099253824], [566262.8232970648, 5443634.289364743], [566234.0820382837, 5443656.125461288], [566219.2584820976, 5443661.015000222], [566216.83552383, 5443663.675258008], [566211.9987391958, 5443665.438292297], [566208.4796324853, 5443663.790495849], [566204.7329148395, 5443658.913923695], [566181.8059615697, 5443663.976166338], [566174.7170051163, 5443667.907331448], [566168.8522288869, 5443668.306575754], [566164.5447656781, 5443670.764746659], [566159.1581004183, 5443677.902849004], [566153.8412568083, 5443680.6769404225], [566150.4462287565, 5443684.373001314], [566136.6663806662, 5443706.5417767055], [566135.2354948093, 5443711.27461203], [566129.5937585577, 5443721.212283216], [566126.919214963, 5443732.094252697], [566121.2261977127, 5443742.94336873], [566118.447524948, 5443759.099923503], [566115.1804338372, 5443766.63856298], [566113.3732778798, 5443774.538322575], [566113.4731275875, 5443779.827791699], [566109.4069487987, 5443795.073363586], [566110.4650044361, 5443823.987943637], [566105.8419369635, 5443832.283141353], [566105.393749075, 5443838.863310192], [566103.1908289741, 5443842.704652024], [566100.4145678824, 5443858.103655785], [566095.5518892198, 5443866.566199392], [566084.1633872542, 5443881.023854736], [566077.4306046306, 5443886.83591036], [566067.0215839093, 5443899.904612277], [566057.5300660557, 5443907.395708575], [566054.4405212502, 5443911.592683072], [566051.6413532041, 5443919.110813138], [566049.9533810708, 5443920.620737817], [566041.4947694595, 5443928.18718485], [566032.329372179, 5443934.234091413], [566025.3108657777, 5443943.029080063], [566015.0583280589, 5443947.3976750905], [566006.7688216928, 5443950.929835539], [566000.69977223, 5443959.532153847], [565993.228733609, 5443957.363564132], [565968.4139967597, 5443963.68997598], [565960.1091494416, 5443967.04520161], [565956.6700797479, 5443970.040345958], [565951.3914671594, 5443970.6853356315], [565937.2924790389, 5443976.892686084], [565918.4917932613, 5443989.45672987], [565909.5731181876, 5443990.554202621], [565904.727543061, 5443995.1095596105], [565893.4746827947, 5443999.972459424], [565881.2590857462, 5444008.313807749], [565880.5056070021, 5444008.828308686], [565878.3089504107, 5444009.190009475], [565868.6676982137, 5444010.7776399655], [565868.5858960607, 5444012.077815736], [565868.2395235806, 5444017.58150369], [565864.2803413903, 5444023.458669023], [565861.3941190852, 5444030.499817982], [565861.4172839083, 5444034.323195532], [565863.5306737417, 5444039.77033194], [565862.3506535279, 5444046.691533151], [565845.8096827295, 5444056.059411737], [565823.7110865482, 5444061.611647932], [565817.6701056167, 5444063.129432952], [565804.0945158291, 5444072.796891056], [565799.1149785602, 5444079.730348115], [565792.7395039777, 5444083.606873423], [565789.7788350248, 5444087.2148042265], [565785.6764912439, 5444088.4657999305], [565781.8122158677, 5444094.154383251], [565767.5190873174, 5444107.483942506], [565758.2134072534, 5444106.966600377], [565725.9277758152, 5444115.939709281], [565718.7295848632, 5444114.428943263], [565712.1281376501, 5444115.051975045], [565690.563367524, 5444120.692319131], [565677.1787648278, 5444126.269968566], [565675.1868715866, 5444125.233414591], [565675.4900412112, 5444122.597692774], [565680.0763111868, 5444120.204792533], [565689.7150945967, 5444110.760410491], [565693.6582814569, 5444097.4903072305], [565697.3009045019, 5444068.929789327], [565697.0000505581, 5444063.85977161], [565693.7800652395, 5444059.97630384], [565693.2559834389, 5444057.2227003835], [565698.9401626285, 5444049.135948301], [565697.0402120014, 5444039.631492798], [565695.1780157164, 5444036.244782893], [565699.5236023038, 5444028.148606472], [565698.675907912, 5444024.086013071], [565695.6232020321, 5444019.451443293], [565695.5609167089, 5444012.209159164], [565690.9803809137, 5443997.334447052], [565688.453580244, 5443992.131063764], [565684.5571857884, 5443988.616610027], [565682.6328108655, 5443984.221147029], [565679.4607612885, 5443980.791967309], [565678.5727989911, 5443975.093619279], [565652.9887410419, 5443949.188670711], [565648.1928177619, 5443945.635240568], [565642.9144947282, 5443944.725255809], [565639.8971372201, 5443939.045870066], [565633.4808468117, 5443936.514031284], [565617.0639388736, 5443920.72213356], [565610.9888641234, 5443917.4168167375], [565606.6147881653, 5443917.776365888], [565601.3432507463, 5443912.707905765], [565591.9373606306, 5443907.942266551], [565583.842364827, 5443908.113256609], [565574.5408404345, 5443905.1790492805], [565559.0363970062, 5443893.061448872], [565548.4441164867, 5443887.852893902], [565544.2989525266, 5443883.5041529145], [565537.6602879473, 5443872.095587474], [565531.2448712366, 5443866.533546737], [565520.4855962835, 5443852.254542159], [565511.0059963248, 5443842.129742253], [565505.8356690689, 5443839.849987633], [565503.7711212862, 5443835.0463936925], [565497.7656101811, 5443829.920374997], [565495.5835700198, 5443823.992665762], [565489.6391979323, 5443816.632280266], [565485.6515361597, 5443808.697177808], [565478.3717559138, 5443799.570570211], [565475.6050264266, 5443793.8914675545], [565466.1078702328, 5443784.198113962], [565462.5576066233, 5443775.001141695], [565456.0908188558, 5443771.442779028], [565447.7014799314, 5443757.829450239], [565416.6061505936, 5443728.8454206195], [565405.742740881, 5443716.11453557], [565382.773579266, 5443702.2021205155], [565366.5299977099, 5443699.201106275], [565359.027387381, 5443699.977425396], [565348.4680390161, 5443695.85440543], [565340.5080123667, 5443696.509395323], [565331.2283772583, 5443697.272952875], [565316.8716740013, 5443692.999633765], [565308.561838896, 5443693.148328848], [565303.5770298768, 5443690.616343464], [565281.5661624968, 5443688.273157064], [565265.8810658616, 5443690.723359362], [565257.6459452467, 5443694.266726824], [565247.9586585165, 5443695.974825636], [565237.4525908526, 5443704.806368364], [565227.739353966, 5443700.751498285], [565221.4212837309, 5443701.132667161], [565212.7479546425, 5443708.135349266], [565204.7599431935, 5443707.278373479], [565200.5341489249, 5443708.965130163], [565197.3164416715, 5443712.270367452], [565190.0427732817, 5443712.501132176], [565181.8357306262, 5443710.13783783], [565178.1302244611, 5443712.116831235], [565166.623146106, 5443712.170900703], [565147.998045886, 5443708.918191434], [565140.8955320643, 5443709.488636453], [565129.8468835832, 5443706.224152072], [565124.1206912659, 5443708.1007785555], [565121.5023453559, 5443710.892592094], [565107.8954434452, 5443708.006244237], [565101.4429220442, 5443711.339550089], [565096.0476713507, 5443708.122733912], [565090.1908575845, 5443711.740523892], [565084.0986162747, 5443712.238462135], [565076.0785237342, 5443710.202344295], [565066.2051977875, 5443715.293424943], [565059.5381027951, 5443715.952891982], [565056.1339021743, 5443718.1304036705], [565043.7961540463, 5443718.646954012], [565036.0755854767, 5443726.893185484], [565030.6930695458, 5443725.094899248], [565027.2954850798, 5443722.131012852], [565020.2413448707, 5443724.166486017], [565010.6355449798, 5443720.129811887], [564999.4136809922, 5443721.758677761], [564997.449118164, 5443727.444360652], [564994.8836925161, 5443728.257602473], [564984.8811891373, 5443720.15070595], [564980.0373482271, 5443718.874261875], [564968.2645553402, 5443720.427241543], [564958.8769632158, 5443719.188679708], [564952.7778495288, 5443720.847457276], [564947.9335432193, 5443716.833866608], [564938.4071823481, 5443717.700545002], [564929.5222048357, 5443714.428817048], [564916.954308842, 5443716.158450584], [564913.3803529649, 5443714.462687203], [564910.2977513286, 5443707.769688543], [564904.7206290748, 5443708.898687238], [564893.6296487389, 5443704.387348452], [564870.8320718613, 5443704.3559058085], [564856.7143397286, 5443699.10525316], [564842.3903151327, 5443700.125110145], [564834.4605559363, 5443692.790123614], [564824.4647057693, 5443687.798707523], [564818.2125648359, 5443688.22060261], [564804.275703787, 5443684.994027036], [564798.4569834201, 5443686.028094091], [564793.4743105782, 5443686.913594092], [564786.1786953344, 5443684.233702731], [564782.2313618143, 5443680.5782823395], [564773.0278024374, 5443682.880540287], [564766.4350508461, 5443676.869664281], [564749.679274102, 5443674.129711763], [564742.3204876352, 5443670.995122753], [564727.7766008759, 5443672.321703686], [564723.0205323969, 5443674.704368344], [564716.0523127627, 5443667.662802219], [564708.0041038726, 5443667.108820026], [564703.7181852941, 5443669.051196678], [564698.3817038173, 5443667.2843358815], [564693.3430203624, 5443671.154868158], [564692.1408535999, 5443670.18434462], [564691.784388485, 5443666.339603508], [564683.8674040034, 5443664.901661431], [564677.1307341862, 5443670.117429301], [564675.6555933121, 5443669.668483612], [564674.074082854, 5443666.140227305], [564670.4753891794, 5443664.612867433], [564653.9798759359, 5443666.956021421], [564648.9356068278, 5443669.093264021], [564648.7946321091, 5443672.908271408], [564647.1957317796, 5443674.8885815805], [564644.7313110774, 5443674.806890095], [564643.5070705618, 5443672.192548914], [564641.2430947364, 5443671.291349271], [564635.095558809, 5443676.727786676], [564631.8250068497, 5443677.280249394], [564627.5212712121, 5443675.04387982], [564626.3298322817, 5443672.661370213], [564626.6931540926, 5443670.517699823], [564625.0343162604, 5443668.90920125], [564619.0381158766, 5443668.180796623], [564611.9940102932, 5443670.293764407], [564589.1592957972, 5443667.00203329], [564576.8759269711, 5443661.985154019], [564572.434239662, 5443657.96564922], [564562.4194012623, 5443656.833006508], [564556.495662614, 5443651.624643196], [564555.0082217657, 5443647.48991003], [564551.6606138587, 5443646.086745709], [564534.6026473388, 5443645.274979568], [564521.3074143353, 5443641.522603571], [564515.4099969136, 5443643.177448004], [564510.0927512394, 5443642.52510758], [564504.5506535755, 5443638.308332578], [564496.1566621785, 5443637.164929237], [564491.0910616067, 5443638.942044453], [564483.619268525, 5443636.055857668], [564478.826451264, 5443635.892087346], [564475.0722598277, 5443633.100176287], [564469.241461435, 5443634.909908088], [564462.2647278013, 5443630.4619344715], [564457.7352520296, 5443631.405551132], [564456.1076210121, 5443636.746488651], [564449.1601870636, 5443641.004246531], [564447.2490598662, 5443639.328387498], [564446.883532092, 5443635.373361899], [564444.5130979281, 5443633.758513741], [564436.0981872993, 5443638.336281505], [564431.5545328803, 5443635.293923936], [564422.0235606771, 5443636.276438688], [564417.3134065941, 5443629.780906139], [564405.238949736, 5443626.607911356], [564402.453818948, 5443627.055118061], [564401.0960826655, 5443627.273124573], [564394.4201367529, 5443625.199191654], [564390.3264792969, 5443626.648414905], [564383.364437215, 5443625.0556731075], [564378.9258453504, 5443627.953643225], [564374.1597024905, 5443628.30597584], [564358.1605297333, 5443625.476223726], [564354.4913998311, 5443623.81863829], [564352.7458223299, 5443620.808703811], [564361.4666645625, 5443611.928934708], [564367.4275543612, 5443594.182205056], [564375.2945767826, 5443591.845036568], [564381.0528097725, 5443584.907628665], [564385.4635946582, 5443584.151421135], [564389.4052833488, 5443581.140028618], [564393.2618503926, 5443581.279521772], [564395.3720044447, 5443575.160626492], [564405.9701586353, 5443573.116223913], [564408.8571227351, 5443569.805266884], [564419.8348521708, 5443566.249923681], [564425.432502387, 5443566.060587075], [564432.9711546262, 5443562.662878148], [564443.9217922322, 5443554.07844749], [564458.1206687399, 5443550.295425239], [564464.9875809713, 5443543.146092681], [564477.5906012888, 5443538.638893847], [564497.7250222531, 5443527.280297165], [564500.0226748548, 5443524.178210339], [564505.7513181568, 5443523.183219634], [564516.9316093628, 5443514.987971759], [564531.8706440722, 5443510.0936922245], [564538.071625182, 5443504.979439973], [564543.6122383779, 5443505.583975554], [564549.736297141, 5443502.214059922], [564558.4848038537, 5443502.161704915], [564565.4979168081, 5443499.121995759], [564593.836466347, 5443495.02149844], [564615.4522688498, 5443489.010727664], [564676.7804266484, 5443488.784954416], [564679.2362429288, 5443486.179936458], [564686.4615194853, 5443487.517057375], [564701.5821212217, 5443485.652175442], [564713.9053082017, 5443487.30805684], [564745.6480642548, 5443481.989732731], [564756.4733996982, 5443482.747554896], [564762.055390708, 5443480.259118834], [564775.6342598834, 5443481.1887322245], [564781.0080116352, 5443478.937418904], [564786.8795236435, 5443480.160731078], [564792.1644949227, 5443474.9057396045], [564805.0231679293, 5443472.323918489], [564811.8674047583, 5443468.128255616], [564827.8610694462, 5443464.316410052], [564836.6394294667, 5443459.747559231], [564866.1217457345, 5443454.241963659], [564924.6259989762, 5443437.2068885565], [564930.9777080377, 5443437.022692393], [564958.7414266602, 5443429.830873139], [564970.6805206104, 5443429.250322022], [564985.6194184185, 5443425.504416793], [565011.336759779, 5443421.963045771], [565044.2116362918, 5443421.301877401], [565058.8215791951, 5443418.685242153], [565066.6490404769, 5443420.524042416], [565079.6348420791, 5443417.911093173], [565080.6321407921, 5443417.851207516], [565108.0080106126, 5443416.207523749], [565132.6121183842, 5443410.713424112], [565157.9621178766, 5443405.052782633], [565178.0154826149, 5443406.0498456685], [565199.5314720499, 5443398.947202347], [565221.9893304677, 5443398.269396295], [565226.9098193889, 5443395.863201562], [565234.0472549215, 5443397.194385193], [565246.3091235876, 5443393.922083657], [565258.1070865985, 5443393.770115391], [565269.0114123597, 5443395.599585881], [565277.6181858283, 5443402.7599260975], [565283.1121967213, 5443404.197320265], [565288.1284708394, 5443403.237487347], [565293.495329467, 5443394.748395395], [565297.2836862366, 5443394.549906593], [565305.1265400924, 5443399.145863822], [565313.4036313734, 5443407.005527195], [565317.3586329449, 5443414.021871656], [565324.8367578691, 5443416.212773751], [565329.7499240064, 5443422.348076941], [565343.7765859338, 5443423.60418264], [565346.9105982832, 5443427.8030201355], [565355.6760395233, 5443433.893447552], [565363.7488725396, 5443433.109187205], [565367.4719374012, 5443431.066644708], [565371.1499531962, 5443435.400945615], [565376.5371682821, 5443438.375368717], [565388.288870681, 5443439.225478637], [565393.2906432495, 5443443.4805594655], [565396.3288221884, 5443444.211897742], [565411.9333586757, 5443443.03714515], [565428.9598960862, 5443449.243179365], [565435.3040229216, 5443450.365168895], [565441.9616438734, 5443449.095988713], [565459.070200249, 5443453.322624359], [565467.6710684123, 5443449.250333644], [565475.0833972677, 5443448.933154614], [565479.0322118717, 5443452.74815567], [565487.8407810432, 5443451.864405609], [565512.286793919, 5443457.943191715], [565520.3691967222, 5443464.805984062], [565534.108756404, 5443470.1917267395], [565544.0332038623, 5443471.080699071], [565547.8838058739, 5443475.060643321], [565554.0072649692, 5443476.144431835], [565567.5282587557, 5443475.761005955], [565573.954806218, 5443473.353161361], [565583.5390409187, 5443477.02057574], [565588.3475300721, 5443476.053949826], [565592.3687988896, 5443477.534973702], [565604.6695025071, 5443471.056884163], [565614.9804237873, 5443472.637047631], [565624.827569454, 5443477.132180667], [565632.4486896789, 5443475.189827889], [565640.2723948441, 5443471.050659762], [565644.3563604188, 5443473.9780085925], [565654.051826589, 5443473.1483635595], [565657.8455144285, 5443472.025708582], [565662.2469564016, 5443466.383405935], [565673.6843416065, 5443466.876366166], [565682.7510469599, 5443464.146456689], [565687.3051039153, 5443461.046209905], [565692.2627910859, 5443462.140706042], [565698.2996913336, 5443457.213426647], [565717.9746512249, 5443451.044118035], [565721.9383869321, 5443451.105505638], [565730.9473963055, 5443443.748658396], [565739.1886063648, 5443431.260082641], [565743.198221695, 5443432.044258596], [565745.1572828802, 5443435.094247254], [565749.2254920177, 5443437.600039362], [565753.7449400004, 5443436.3732456975], [565766.2589661712, 5443427.220054242], [565769.453778462, 5443424.883276552], [565779.7953926052, 5443414.31258196], [565792.332064258, 5443409.252580954], [565804.8415293946, 5443407.205941878], [565811.9858609454, 5443402.73206571], [565816.6040242814, 5443398.645769691], [565820.9596928926, 5443391.886459991], [565827.7756100073, 5443386.352076064], [565833.299553658, 5443384.046144332], [565837.8419456172, 5443378.197062838], [565843.1368049438, 5443375.717595348], [565850.7182679103, 5443366.21569007], [565861.7851049203, 5443356.982991413], [565863.6572639736, 5443352.548512621], [565867.5368287994, 5443351.5820208425], [565873.8577176292, 5443347.034010235], [565875.0574048525, 5443344.237248907], [565876.702058534, 5443340.40306571], [565885.0969277438, 5443330.899927413], [565893.9898929313, 5443324.618569967], [565896.8080203646, 5443320.291310581], [565903.8436407256, 5443316.724061545], [565913.6223137178, 5443302.310397446], [565916.7386051654, 5443300.1028669495], [565923.3642390672, 5443295.409410277], [565934.6649391154, 5443290.156091358], [565937.3364463134, 5443285.382473312], [565949.3632267555, 5443279.359210569], [565959.7886403289, 5443269.493754117], [565965.1638122554, 5443266.380412099], [565969.3257335193, 5443258.301204616], [565976.2628490712, 5443249.896905092], [565977.4372902918, 5443243.683441066], [565977.3956196433, 5443240.0], [565862.2082804458, 5443240.0], [565851.0846758395, 5443246.248109269], [565830.1712719814, 5443264.157191613], [565805.2596134061, 5443279.149286904], [565773.6823686336, 5443295.60457027], [565762.3988070952, 5443300.759841399], [565754.733691857, 5443300.7632243], [565745.1813036393, 5443307.919692925], [565694.906343053, 5443324.976107991], [565688.2304924158, 5443328.8410025155], [565679.1413493231, 5443329.269814898], [565623.157013291, 5443341.249433115], [565617.523102461, 5443338.808948298], [565612.665268692, 5443339.961192731], [565605.4142736943, 5443338.9645827385], [565599.427758157, 5443341.883281424], [565584.4683602047, 5443343.3833966665], [565539.6801060264, 5443344.229323], [565525.747847982, 5443341.875540859], [565498.29918692, 5443343.07474838], [565485.4204933605, 5443337.824833973], [565478.5537915151, 5443338.896702602], [565455.5420915998, 5443335.347153533], [565404.6587137119, 5443322.388335137], [565358.5771887993, 5443305.870968353], [565350.7881574989, 5443299.242701096], [565338.9904522339, 5443294.981544104], [565327.3784558579, 5443298.554860075], [565322.6676926294, 5443295.140668828], [565296.072427765, 5443293.017390657], [565281.9446590125, 5443298.618738876], [565264.8101555795, 5443314.008722144], [565248.0195125652, 5443311.945283685], [565230.2784337888, 5443315.189703188], [565220.6554225247, 5443312.133511103], [565209.5906212893, 5443316.193857893], [565193.4988668074, 5443309.062552817], [565184.2174805375, 5443299.833557551], [565165.3550789132, 5443295.972676821], [565155.646966832, 5443297.126431475], [565151.8982608975, 5443295.506806124], [565142.7385635864, 5443296.0625475375], [565134.9158525458, 5443293.989641373], [565110.3299494286, 5443292.174307401], [565103.9901938074, 5443294.024076621], [565085.1052320886, 5443291.008502017], [565077.9863894958, 5443292.210694633], [565065.7909857398, 5443291.4685157025], [565061.1058588227, 5443289.381644054], [565053.1427952059, 5443291.249842778], [565038.9202032498, 5443291.3508207435], [565023.4390685075, 5443290.167741765], [565018.8748038292, 5443288.343988393], [565008.5952037055, 5443290.31240823], [564991.4973013217, 5443288.235241196], [564969.4144104911, 5443289.084005656], [564938.7846034908, 5443286.944134009], [564929.2827466489, 5443288.254041286], [564922.5296054684, 5443286.187161792], [564910.1680076519, 5443285.924821437], [564897.9067729015, 5443291.938450068], [564890.8044396923, 5443288.070169287], [564881.4637767659, 5443288.217484288], [564871.7940816439, 5443290.414045962], [564864.7082644226, 5443289.104721778], [564856.3262287814, 5443295.199904783], [564844.9993174386, 5443290.433373953], [564823.2696400918, 5443294.947374779], [564812.5272975238, 5443299.351869027], [564810.3244879828, 5443298.409749426], [564809.0007367149, 5443294.168409369], [564806.6934822861, 5443292.800767183], [564804.4987727518, 5443294.874220502], [564803.9183123453, 5443298.5452050725], [564801.6058646969, 5443300.37245551], [564766.0328095562, 5443307.453243997], [564762.0348258901, 5443311.945812037], [564757.7254066475, 5443321.124422696], [564754.4439789988, 5443322.157731002], [564747.676775283, 5443322.016975828], [564741.9420891155, 5443317.966321104], [564735.0621837513, 5443317.879913736], [564729.8515542365, 5443320.122543854], [564717.3459079285, 5443319.042756846], [564707.8615938893, 5443322.256022259], [564701.0968719339, 5443321.079355867], [564679.6905080506, 5443323.148159064], [564673.7819266842, 5443325.654797757], [564658.5434550828, 5443325.818813531], [564649.3941895517, 5443328.802418028], [564644.6954433208, 5443333.03197087], [564639.9420161559, 5443333.581343802], [564630.2053059263, 5443338.762668186], [564609.3532112562, 5443345.880931714], [564600.847620003, 5443343.943092174], [564584.6401819909, 5443346.2586592585], [564575.9803023752, 5443344.968648696], [564558.2243713412, 5443350.425655742], [564549.9899840343, 5443349.099655365], [564523.2391147119, 5443352.642534149], [564500.9092850563, 5443358.98475678], [564494.877836032, 5443359.216120025], [564482.9062767886, 5443365.188585608], [564459.3637628471, 5443367.797546988], [564452.1605394911, 5443371.53563996], [564438.9492223024, 5443374.184069717], [564431.3040797364, 5443380.089746392], [564423.2732418425, 5443380.069500577], [564417.7099127833, 5443382.291599963], [564399.838267049, 5443384.950917627], [564384.3392203453, 5443391.262677704], [564371.8355345556, 5443392.2467575995], [564351.3417437966, 5443401.927120033], [564339.2586643056, 5443403.399739832], [564329.7910336289, 5443401.844020467], [564319.434773338, 5443403.251725522], [564296.8881250069, 5443403.014738623], [564286.930249023, 5443404.724971868], [564279.4422052575, 5443400.69684687], [564265.6485648848, 5443402.362338832], [564248.1158601935, 5443408.3611062085], [564242.5934568725, 5443407.715332622], [564238.228320315, 5443404.251818026], [564216.5656361359, 5443405.9948521955], [564208.1024691928, 5443409.1616167165], [564193.4443821023, 5443409.154331758], [564188.1067170403, 5443406.67554056], [564177.7313655389, 5443411.001035713], [564167.1904773908, 5443412.293508484], [564142.9849839696, 5443405.302259446], [564126.7714785276, 5443408.3425897835], [564119.3975807662, 5443408.221281623], [564111.4433467765, 5443405.641379564], [564106.8461883201, 5443408.113806726], [564099.371840161, 5443406.065682246], [564092.3918059338, 5443409.732633121], [564082.1488336868, 5443405.389449644], [564063.4052529281, 5443411.525665892], [564039.0310118683, 5443404.234398032], [564035.5246747504, 5443404.943628501], [564033.292335408, 5443410.052126724], [564030.8670013994, 5443411.231181091], [564020.7382820288, 5443404.870641534], [564009.4561483252, 5443408.210348673], [564005.059533038, 5443407.634531581], [564003.6997245824, 5443399.803314755], [563998.3889865557, 5443397.972149063], [563994.1485012824, 5443399.871624018], [563989.2719972683, 5443405.077040861], [563984.4171085902, 5443403.678043593], [563976.247565237, 5443407.163393747], [563969.8855316606, 5443404.834339619], [563960.0, 5443407.455894523], [563960.0, 5444480.8643953735], [563978.3022446799, 5444485.288782112]], [[568467.892877581, 5445582.590798576], [568460.940072221, 5445570.340027414], [568460.5000298503, 5445566.917840306], [568442.6191079422, 5445542.247282986], [568437.1769190398, 5445531.431549047], [568430.332519287, 5445524.507520049], [568429.4311296609, 5445520.3745589545], [568426.9959873748, 5445516.354119727], [568414.2083360306, 5445507.045344662], [568405.1540594463, 5445504.74266999], [568401.4133428838, 5445494.74667753], [568395.909145825, 5445486.349497862], [568388.5709515337, 5445480.940322926], [568386.5145539353, 5445470.80511101], [568380.3268295581, 5445471.674495381], [568376.7863813527, 5445460.889802713], [568369.593360476, 5445459.09620655], [568366.2850834498, 5445456.47610004], [568361.4759009058, 5445445.235500998], [568350.211099756, 5445434.193261168], [568345.5737412414, 5445424.027112879], [568340.3905348427, 5445418.1646094415], [568341.0181155984, 5445411.80849901], [568336.6857616848, 5445404.496576928], [568336.2931568758, 5445401.33406602], [568337.3822291612, 5445398.191494817], [568344.6403906555, 5445393.839497591], [568345.2033738452, 5445393.252187179], [568348.8371049425, 5445389.461340093], [568363.4234529213, 5445386.3499402525], [568371.425255803, 5445382.08211613], [568381.7114037342, 5445380.257654539], [568388.6122787402, 5445375.083448929], [568391.402116874, 5445371.676827872], [568391.3199806972, 5445369.3609972], [568376.1120804008, 5445366.333352145], [568357.7402611704, 5445371.93243488], [568346.2331602938, 5445376.973561642], [568344.63123272, 5445379.5248182425], [568343.5946677068, 5445384.996960922], [568339.6442443756, 5445386.125158431], [568332.6240773263, 5445388.130052843], [568325.2590284287, 5445386.987052922], [568326.1299845555, 5445383.177995636], [568325.2861715065, 5445379.662880422], [568326.4357857677, 5445375.883774582], [568325.1405874771, 5445374.03822374], [568319.7348051924, 5445372.451778897], [568315.7343696868, 5445378.106897295], [568311.5915342943, 5445378.74629796], [568310.1912416612, 5445374.7354138475], [568312.1092173788, 5445366.101902357], [568311.6151861044, 5445364.64467619], [568305.5248819381, 5445358.952806689], [568303.4728894496, 5445348.605414539], [568298.7676423608, 5445340.264076618], [568292.3253276005, 5445335.8266295865], [568283.2969911711, 5445320.479223865], [568278.2368812853, 5445316.3166641025], [568269.6250309849, 5445303.582986796], [568265.2085344668, 5445282.255963149], [568259.2414628965, 5445271.78318743], [568256.9461800819, 5445265.307872537], [568255.5246143872, 5445260.125156397], [568256.6080285301, 5445253.0690998435], [568263.6912569728, 5445243.065525915], [568266.5485717092, 5445234.643194144], [568272.5369665364, 5445232.052698744], [568276.703087571, 5445233.043226992], [568287.7135644265, 5445232.36163966], [568296.3370652616, 5445231.82781586], [568318.2130806725, 5445236.064342396], [568331.6660403842, 5445240.606356669], [568334.2744227024, 5445243.416785368], [568334.721223303, 5445250.639198144], [568349.3015131972, 5445255.151222363], [568355.1457061938, 5445260.427439596], [568369.8408531462, 5445264.118499875], [568385.2359903511, 5445272.028222534], [568401.0065758978, 5445273.348962484], [568402.1289896629, 5445276.648795414], [568405.547701132, 5445279.872812583], [568399.3865574916, 5445282.169418616], [568399.3729310886, 5445284.571839735], [568406.883067692, 5445294.961815341], [568415.869834175, 5445300.442421626], [568423.8454488199, 5445307.4199874], [568428.422405288, 5445314.152785613], [568431.0019954059, 5445312.587155637], [568429.2215935952, 5445309.470762847], [568430.442988277, 5445305.387312224], [568431.9837665637, 5445305.252683061], [568440.5027625936, 5445315.2004660275], [568440.4508263832, 5445317.852230196], [568438.402338716, 5445321.947183798], [568440.0478302145, 5445326.234087293], [568452.1245202215, 5445327.122107881], [568459.1177197023, 5445332.305570937], [568460.6114336302, 5445335.687559705], [568465.5299851745, 5445340.102992205], [568466.4246113286, 5445344.927458249], [568461.1188614095, 5445349.124381617], [568463.0434951097, 5445353.494475004], [568481.1609816095, 5445360.0268249195], [568482.6768057693, 5445365.999158898], [568485.4323823111, 5445368.391421597], [568487.4807399664, 5445372.544427501], [568486.6317809813, 5445379.597606248], [568487.3562007702, 5445383.912763157], [568491.4877468838, 5445388.973642483], [568495.758512925, 5445400.746280307], [568496.3188697144, 5445411.569369767], [568495.2831434772, 5445417.367718046], [568498.4879863674, 5445436.3692030115], [568494.5973067601, 5445441.334642642], [568494.2703904463, 5445443.717419423], [568500.1070699769, 5445449.410892965], [568501.7372149087, 5445452.96389074], [568502.0159808956, 5445463.83409347], [568504.4107265099, 5445474.456912114], [568508.047089049, 5445475.170674829], [568510.8935908523, 5445478.085942593], [568509.5304723782, 5445489.490762694], [568514.6329291199, 5445497.4934102455], [568514.4865686048, 5445502.017212186], [568512.1248258803, 5445507.04791415], [568512.1389393597, 5445510.29940882], [568517.1567822115, 5445512.43854779], [568521.2714397283, 5445520.53883034], [568523.8927464039, 5445536.660672552], [568530.075776484, 5445545.179133786], [568531.7401844276, 5445555.052412334], [568548.277609938, 5445577.09597244], [568549.4176270585, 5445583.486602266], [568555.6965185556, 5445597.174622879], [568564.0395277907, 5445601.669051414], [568563.9799480065, 5445610.074796532], [568567.10335096, 5445613.887292778], [568572.1765483384, 5445616.854281119], [568570.703616647, 5445621.317029474], [568571.2602235301, 5445624.10570731], [568575.146574011, 5445629.6338581005], [568579.7160277417, 5445641.620381034], [568583.9297424816, 5445646.984806916], [568587.1934570172, 5445655.834158941], [568591.9505439433, 5445660.457844471], [568592.3934647826, 5445667.198072322], [568595.3104801254, 5445676.415262573], [568607.3109123263, 5445687.58753505], [568606.8256750475, 5445698.988130084], [568608.4718639064, 5445702.936317692], [568630.2274794673, 5445732.499959064], [568629.8726722777, 5445737.407753793], [568631.0762146797, 5445740.0177521575], [568636.3938683417, 5445741.445791601], [568636.7708959485, 5445747.019798731], [568639.9650933957, 5445753.019137472], [568647.1308514741, 5445761.727067904], [568652.8680009652, 5445765.156178607], [568655.23233733, 5445769.2053136695], [568667.8519894377, 5445772.293420187], [568672.1161398079, 5445776.108699099], [568673.3913295318, 5445779.639121326], [568672.4165727209, 5445787.053196593], [568675.9591582563, 5445794.846921568], [568680.2431046825, 5445798.336815462], [568683.2969118073, 5445804.573264732], [568683.7647885621, 5445805.528763805], [568685.2864053, 5445807.087997457], [568691.1347719356, 5445813.08093726], [568696.750546455, 5445821.393483424], [568696.8296010608, 5445821.678650624], [568697.5913733187, 5445824.426777449], [568701.0544801308, 5445827.14804649], [568703.1399379203, 5445836.947897663], [568706.1257886825, 5445842.9204982305], [568713.1854391148, 5445848.745686168], [568713.216414307, 5445857.208236575], [568715.1370500949, 5445867.088873134], [568719.6388888626, 5445872.552836083], [568715.852667151, 5445874.770785397], [568711.4878159256, 5445880.350441932], [568710.5739053552, 5445884.227810618], [568711.3619906455, 5445889.100757616], [568708.7221540983, 5445893.430346999], [568702.4979544743, 5445894.710202004], [568701.4337761531, 5445898.469734476], [568702.3049994197, 5445903.25238237], [568694.1577451385, 5445901.144716404], [568690.8635498371, 5445904.132978989], [568681.8984173709, 5445906.1056881575], [568674.5683533553, 5445912.477427623], [568670.2425179032, 5445913.224533786], [568665.9794470697, 5445916.333658162], [568662.2310851599, 5445922.757474659], [568658.8053915616, 5445925.160770746], [568649.2731907736, 5445927.908304603], [568644.7867696916, 5445927.4271662105], [568641.7132015873, 5445932.16890143], [568637.1331383369, 5445935.705056398], [568621.836178101, 5445939.258216521], [568614.7418687866, 5445944.017462253], [568587.21392537, 5445949.125508333], [568576.2590313023, 5445943.271487757], [568565.212429635, 5445941.350402082], [568542.8739752574, 5445931.650376585], [568523.4551940633, 5445920.797875121], [568507.942243535, 5445910.123792466], [568499.4741816628, 5445908.762708965], [568496.4732520907, 5445910.407266825], [568493.4728136915, 5445907.528143744], [568489.7693798582, 5445898.164700854], [568454.8036604611, 5445872.214192559], [568448.5407334828, 5445864.312079733], [568442.3072060891, 5445860.947635869], [568407.8678288667, 5445834.026349676], [568400.5159451942, 5445834.57719355], [568397.0223804659, 5445825.246832947], [568383.1032146798, 5445806.516199533], [568378.4241462155, 5445798.187038322], [568373.4180754803, 5445793.19159474], [568369.5105651126, 5445785.559400707], [568366.5508047565, 5445774.284372275], [568362.262620271, 5445721.621595716], [568359.6545856821, 5445712.01111347], [568360.0092732519, 5445701.599703536], [568363.9020193426, 5445696.920131062], [568368.5670061082, 5445700.386351345], [568379.3268210905, 5445704.028671401], [568395.1058923509, 5445715.57070505], [568410.5863315025, 5445729.741816716], [568430.0004742211, 5445752.385703001], [568431.800373589, 5445756.828887555], [568441.2241945455, 5445766.269302028], [568454.5570474501, 5445788.809705755], [568469.5813478958, 5445805.7813400095], [568473.0149235087, 5445808.070227234], [568475.364555045, 5445812.018628912], [568493.1108494082, 5445822.156773888], [568498.6300691109, 5445830.647175345], [568510.3348276295, 5445842.776749949], [568514.0405339403, 5445843.368449321], [568518.6700491132, 5445846.620339213], [568523.104701735, 5445844.489499858], [568523.2781129789, 5445840.978954369], [568521.1102705068, 5445836.8097234005], [568511.8232007045, 5445826.584018025], [568506.5446801346, 5445817.968734035], [568505.2383450423, 5445812.537282094], [568513.6106754736, 5445800.32494951], [568520.624431586, 5445799.191672979], [568525.4028102427, 5445796.404450433], [568528.2084541009, 5445793.886517749], [568531.9372487627, 5445787.363015829], [568531.7513045617, 5445781.303020118], [568528.3325424027, 5445772.8438068805], [568527.402194579, 5445764.728925254], [568517.5616196161, 5445746.6498226905], [568517.5123443711, 5445741.255748132], [568513.6763139907, 5445719.247136069], [568507.2441191534, 5445702.670902915], [568507.2582244184, 5445697.981333598], [568502.2938205735, 5445686.399653072], [568498.5619545379, 5445673.107647481], [568486.2972804034, 5445655.993199373], [568484.2846124498, 5445645.059025274], [568485.7238339335, 5445636.912467765], [568480.580208455, 5445630.66327823], [568478.2852818638, 5445625.123577287], [568474.5218937281, 5445613.019587959], [568472.4346167452, 5445601.463920001], [568472.7476181678, 5445596.96399396], [568469.3112407591, 5445589.155926614], [568467.892877581, 5445582.590798576]], [[568043.1777695771, 5444770.976906416], [568046.6977155127, 5444769.868395771], [568062.6169013374, 5444764.855147696], [568087.4398991719, 5444764.3012713315], [568105.4332725917, 5444761.51294066], [568116.925480268, 5444758.192466783], [568120.6973427683, 5444756.115998733], [568123.4313833034, 5444750.6865554], [568128.0705303933, 5444749.168530315], [568140.1200148423, 5444751.041338144], [568153.8708735481, 5444755.857809617], [568154.958895379, 5444756.238931439], [568161.8875433886, 5444755.077087884], [568164.9389590005, 5444758.099339354], [568170.1793710052, 5444758.241126809], [568173.2629319954, 5444760.133131378], [568172.1279744123, 5444762.069086773], [568155.3882219915, 5444763.184688476], [568151.0047779911, 5444765.2133985665], [568145.7462098746, 5444764.412810393], [568143.708742618, 5444764.102614718], [568138.2699972854, 5444765.101620752], [568137.4707065304, 5444767.629869269], [568138.9604790519, 5444769.543305649], [568140.246536308, 5444770.203724151], [568148.576501407, 5444774.481422416], [568139.1792247617, 5444780.416137482], [568137.7739705199, 5444784.224574219], [568149.2347019954, 5444795.519764741], [568150.4405637708, 5444798.586949348], [568147.7169606213, 5444800.240815919], [568135.2987999895, 5444800.278377516], [568130.5127459673, 5444801.895507266], [568122.205368866, 5444809.854658065], [568118.0714165337, 5444810.852666571], [568116.654864295, 5444817.015994711], [568066.2095360301, 5444813.0250451155], [568058.9144073547, 5444817.257922924], [568003.6440223656, 5444831.032459976], [567990.469563795, 5444834.190447411], [567978.2949916023, 5444834.408253895], [567983.4551975513, 5444822.574662261], [567988.8254478285, 5444815.293603951], [567994.3554342769, 5444818.473448368], [567997.7126566157, 5444816.107881679], [567999.2310354328, 5444808.097008862], [567996.4883565858, 5444803.945855796], [567998.4208532195, 5444799.55150922], [568006.5304258995, 5444790.167829489], [568020.0494544789, 5444781.095671196], [568043.1777695771, 5444770.976906416]], [[568047.8694064574, 5444734.34074995], [568043.1095206238, 5444734.885218376], [568037.9293956826, 5444738.884536325], [568024.8221778792, 5444743.120991993], [568023.2300133323, 5444745.946223189], [568024.4066800424, 5444749.547545092], [568023.0105074876, 5444752.546262328], [568006.4378292449, 5444758.178713965], [568002.4601100796, 5444762.14567166], [568005.5435418888, 5444766.8782431455], [568004.218554575, 5444770.902071189], [567976.0528306749, 5444799.992408863], [567966.5190999907, 5444815.350316592], [567957.0790339854, 5444826.879927614], [567951.1952441182, 5444831.877353317], [567943.873141665, 5444836.210238071], [567941.8770466838, 5444839.249490689], [567929.2713476579, 5444848.203655572], [567924.0205616422, 5444853.854171892], [567917.0232970137, 5444858.047565443], [567911.9863140045, 5444857.91704073], [567907.489555381, 5444861.10535723], [567898.3104606986, 5444863.721741507], [567877.1633199921, 5444875.3456330355], [567851.3724949927, 5444885.814861403], [567846.6346057497, 5444889.16197732], [567833.553874216, 5444890.819788527], [567810.1842596862, 5444898.233401208], [567767.5361243542, 5444904.083932658], [567720.8667627057, 5444900.276460541], [567703.4951610877, 5444901.290406314], [567661.1233509422, 5444896.597908348], [567655.4948402706, 5444894.090847238], [567654.4425404345, 5444891.875243633], [567657.1289599534, 5444889.97537422], [567667.5265849344, 5444890.295378197], [567686.2066279941, 5444886.920772497], [567693.6769022231, 5444887.239632961], [567701.8951495349, 5444885.172971586], [567708.4137874694, 5444881.62693232], [567729.1137661547, 5444877.110713337], [567736.811812127, 5444869.2385236975], [567743.5623895633, 5444866.253892606], [567744.4991195828, 5444864.31679559], [567741.5734550464, 5444861.953059884], [567735.210424743, 5444860.392118648], [567719.9325503047, 5444864.060639518], [567713.2492063002, 5444863.075346968], [567689.0186970838, 5444869.796437506], [567660.5213099938, 5444871.2153360825], [567643.3991543908, 5444870.396680165], [567630.7602899622, 5444867.185247776], [567617.1686395773, 5444858.81396077], [567581.084878414, 5444844.300123046], [567556.6938795478, 5444840.698926992], [567549.4767004555, 5444838.289632506], [567540.1249207207, 5444834.103411535], [567531.6999006226, 5444825.960919392], [567512.1803109779, 5444823.131747001], [567489.7658246509, 5444813.992658255], [567475.7202318951, 5444809.9855770925], [567445.9231695059, 5444797.608669246], [567435.8657927708, 5444789.048681465], [567427.5011489069, 5444792.171038239], [567423.3874007005, 5444788.797081993], [567418.4036279933, 5444788.508039012], [567413.534443958, 5444784.105575218], [567406.7921545871, 5444783.939712198], [567402.1388897595, 5444781.456253976], [567394.8773729418, 5444773.8529363675], [567388.8756738969, 5444770.510630514], [567357.8413546145, 5444757.922116491], [567351.8308572385, 5444753.0747421505], [567320.1858995599, 5444736.846193978], [567266.2011365948, 5444719.002289429], [567245.0917145894, 5444715.874738177], [567232.1010490914, 5444712.240054781], [567209.7351279061, 5444700.079484008], [567198.0902380636, 5444684.3990576025], [567190.9143833168, 5444679.943693166], [567187.921146863, 5444676.014178033], [567171.3666571836, 5444668.010390685], [567167.8167475968, 5444663.958292388], [567158.8980687775, 5444661.137682699], [567142.3780977078, 5444651.173082691], [567127.0707581306, 5444646.29672127], [567124.3592449431, 5444644.183380163], [567118.8956562334, 5444643.74914148], [567111.5063477554, 5444638.041878452], [567101.9893215449, 5444635.234879699], [567089.3381511915, 5444627.07501493], [567086.3161687546, 5444626.874988968], [567050.9813715407, 5444610.875442418], [567037.3145215133, 5444606.816815508], [567003.2611905973, 5444604.066391688], [566972.4211410638, 5444596.382614046], [566948.7029003387, 5444598.232572302], [566938.856255444, 5444601.250644825], [566910.5525930942, 5444605.786782139], [566893.3344828258, 5444611.379161022], [566874.8403709461, 5444614.964925009], [566868.6606422571, 5444626.198458376], [566866.0768206697, 5444628.416875304], [566850.8527881828, 5444632.106790996], [566839.9266574491, 5444630.096693181], [566834.2608247334, 5444634.127969517], [566825.5536025005, 5444631.940801099], [566815.0357843321, 5444632.059075076], [566784.2661829148, 5444623.408536417], [566776.617896158, 5444624.149161988], [566771.2582223574, 5444620.990236962], [566751.3928579853, 5444615.984057569], [566735.1534871975, 5444614.928709131], [566704.6696221823, 5444605.052282481], [566685.7122281571, 5444600.725206787], [566640.9889661606, 5444594.006651045], [566634.0462754692, 5444594.848993104], [566627.3513012726, 5444592.034519406], [566557.7986813078, 5444587.040637669], [566544.8096680059, 5444584.296445557], [566527.3308486625, 5444584.614396068], [566523.5529843811, 5444582.827812048], [566515.5743910354, 5444575.256226605], [566512.1118448204, 5444567.954112158], [566505.4214884314, 5444553.844988639], [566500.4696574731, 5444546.137769913], [566498.1077405002, 5444539.576964971], [566500.8915995646, 5444534.5773601625], [566518.1754102347, 5444515.890599069], [566526.8176595327, 5444509.0031250315], [566537.6427056082, 5444505.95956852], [566544.0224419081, 5444500.1277355645], [566552.3635496174, 5444500.280377212], [566559.7490538729, 5444496.963806285], [566591.0924398795, 5444489.341995434], [566615.611060465, 5444479.807987293], [566629.4495457924, 5444477.659604687], [566644.8031846287, 5444469.91647723], [566649.6570102876, 5444469.610283583], [566677.4160788028, 5444459.031193529], [566682.7956354823, 5444459.036317496], [566694.8004679026, 5444454.197078795], [566704.2977339274, 5444453.234356371], [566725.1867438022, 5444446.908971426], [566741.9450808032, 5444444.176136243], [566752.7260150941, 5444440.15100642], [566769.7537775063, 5444436.951223756], [566773.405744819, 5444434.161653846], [566779.3521228883, 5444435.18759675], [566794.5323114577, 5444431.970942278], [566806.7523457824, 5444432.118481767], [566823.6701669695, 5444426.17898779], [566828.1705037032, 5444428.236426687], [566829.8614722493, 5444436.350609274], [566839.5403477831, 5444444.664034967], [566841.6575082283, 5444447.468802809], [566843.6690156559, 5444450.133568886], [566877.7753384719, 5444469.265834478], [566893.9775792653, 5444482.885538603], [566914.2328070668, 5444517.485450887], [566914.2263376187, 5444523.054334508], [566919.4298957279, 5444547.601665901], [566924.1767859408, 5444550.144515713], [566925.5946670676, 5444546.594935697], [566926.5251204994, 5444532.374737378], [566926.1023746411, 5444522.179276745], [566927.3898653244, 5444513.671553577], [566926.5092960182, 5444508.5134715615], [566924.4814187443, 5444502.208552907], [566911.9911620244, 5444478.818595367], [566891.5641398843, 5444468.681154663], [566887.3919130624, 5444462.007273714], [566877.0574080243, 5444454.490227695], [566875.8572016964, 5444448.613704227], [566869.1237479163, 5444442.897586839], [566859.4597109562, 5444438.689602703], [566852.9563140624, 5444435.857858072], [566847.7478503064, 5444431.845339471], [566834.7149188945, 5444428.124267785], [566830.7637306127, 5444425.879966217], [566830.2604323272, 5444423.086429439], [566841.3051031156, 5444421.153980186], [566865.113373678, 5444410.834422561], [566896.4173783418, 5444403.166323901], [566925.9251187153, 5444398.133933925], [566948.5380241768, 5444401.029189432], [566984.3245677564, 5444398.8106523035], [566990.7417079837, 5444396.085411971], [566997.6345699646, 5444396.76931827], [567006.6144993451, 5444393.266949281], [567009.8262377076, 5444393.069651983], [567037.6846855213, 5444391.358218021], [567045.4622087444, 5444389.00153469], [567055.556060792, 5444388.231903962], [567058.0389954142, 5444388.042594274], [567081.8843002453, 5444382.047546282], [567092.7896671316, 5444377.001555074], [567124.9961478513, 5444371.071181248], [567142.7665160561, 5444366.112757095], [567160.0063169554, 5444364.66760843], [567165.3451489867, 5444366.28814129], [567190.5009865045, 5444366.820853133], [567196.0619678744, 5444369.14399249], [567204.146971533, 5444375.091886754], [567208.5537718983, 5444380.56895908], [567212.7795442345, 5444382.059313952], [567216.7342126048, 5444386.261817016], [567217.3497957436, 5444386.91601634], [567224.0600313107, 5444390.339387775], [567272.6129706249, 5444411.121454982], [567294.3631456416, 5444415.090218416], [567330.8871904599, 5444415.426512668], [567352.8035214987, 5444407.958221342], [567369.9126150465, 5444404.027515462], [567379.5178760051, 5444404.860148992], [567415.7226241766, 5444398.103297159], [567422.8775852846, 5444398.710901242], [567455.4252445096, 5444395.063721553], [567468.266451968, 5444395.065345622], [567471.4396144492, 5444395.065750024], [567504.8482943155, 5444399.286469066], [567517.1450701898, 5444402.447285707], [567527.2197270814, 5444401.958846322], [567539.8231593665, 5444405.210101897], [567546.9568266813, 5444409.955934214], [567556.8278671278, 5444412.228313116], [567574.2845876332, 5444424.402551623], [567578.5268266809, 5444425.899029086], [567580.2638057179, 5444426.511782954], [567592.4011055944, 5444436.033288449], [567598.2044827023, 5444438.470925831], [567606.2908205674, 5444439.311320975], [567607.3581438548, 5444441.190456483], [567606.1635063934, 5444443.381170944], [567606.4792103722, 5444445.872575503], [567609.7981337337, 5444448.044925768], [567623.288279555, 5444449.171098138], [567638.3186528762, 5444456.443323821], [567648.0382093684, 5444456.935087938], [567686.8722501341, 5444470.23935709], [567705.1476141992, 5444474.246405068], [567713.9718726114, 5444477.622360225], [567716.1271118938, 5444478.446927299], [567749.4866427163, 5444484.990107656], [567756.5080679321, 5444488.539141141], [567766.8971632065, 5444489.712097875], [567772.4190168391, 5444487.200378634], [567777.8011166574, 5444493.203523375], [567795.0598028647, 5444498.943373333], [567822.9312377125, 5444511.856285725], [567826.8316863863, 5444512.111886933], [567840.0705465061, 5444522.179912777], [567844.5657865785, 5444524.035977184], [567863.8671135146, 5444538.066594097], [567872.9464248337, 5444548.5716681965], [567878.5743588567, 5444551.752107803], [567883.2253339022, 5444556.866676401], [567887.2663685582, 5444561.310485067], [567893.428366198, 5444570.884890142], [567907.1026537133, 5444584.127652327], [567909.3364166712, 5444582.583553992], [567907.1703316432, 5444575.4741116855], [567907.623174161, 5444572.4379966855], [567915.504309331, 5444572.971271836], [567918.4553752734, 5444574.417278273], [567933.2151804436, 5444581.649555085], [567937.5807584617, 5444585.660380922], [567955.5213470265, 5444596.426434991], [567962.7995085876, 5444596.898285394], [567968.9090363822, 5444599.267114011], [567996.5652590478, 5444615.782218963], [568001.3040894261, 5444615.787517464], [568008.9292707391, 5444619.165217612], [568023.1086572392, 5444629.729798227], [568025.1909085318, 5444636.589037056], [568031.9688070455, 5444633.677932673], [568032.3365851999, 5444631.403805399], [568031.1823311514, 5444629.330474535], [568031.9524631214, 5444627.961490553], [568039.2989673913, 5444630.94365077], [568041.4986377268, 5444629.637488003], [568042.7182159845, 5444626.1785066165], [568048.254274305, 5444626.906031624], [568052.4879741538, 5444639.351461795], [568051.2377839285, 5444643.394824155], [568052.2859556802, 5444648.589304971], [568054.5101654066, 5444649.502492042], [568058.0572787055, 5444647.092207604], [568060.3311554138, 5444650.954278083], [568059.9475270436, 5444653.932238066], [568055.6401354283, 5444654.467996909], [568054.6945065655, 5444661.0549760945], [568055.8740800349, 5444665.879145471], [568061.992092832, 5444673.155589457], [568064.2897337998, 5444678.233720455], [568066.2666519312, 5444687.566166918], [568062.8545322865, 5444691.445596804], [568052.663514279, 5444693.687636191], [568049.0459699257, 5444698.663789357], [568047.6347394848, 5444700.605026074], [568045.7572652273, 5444712.197290488], [568040.6131349494, 5444713.272354209], [568033.3330642751, 5444712.068507482], [568032.3170019579, 5444714.901697086], [568039.3782219061, 5444721.637895658], [568048.2959832107, 5444721.405037148], [568050.7515241242, 5444721.340944237], [568052.758491832, 5444727.761834549], [568059.6345384299, 5444728.290574409], [568072.8101457317, 5444725.873097629], [568084.9307230704, 5444727.119870807], [568087.4724115254, 5444729.810723492], [568047.8694064574, 5444734.34074995]], [[566154.8817083735, 5443833.191610394], [566167.2337244184, 5443831.070988477], [566175.4833748975, 5443832.963543841], [566188.0379604145, 5443833.20294717], [566214.0074307937, 5443828.00690212], [566232.6544340574, 5443815.095872649], [566239.5703199703, 5443813.114661542], [566246.730938778, 5443805.933545613], [566256.2663754725, 5443801.50669936], [566259.4892360679, 5443795.954078785], [566265.4881684323, 5443794.020621978], [566277.1207614102, 5443778.5177504765], [566278.4265472486, 5443772.695790497], [566276.47049569, 5443763.6977145225], [566270.5713607696, 5443755.8772415845], [566253.6543898246, 5443747.6843380295], [566248.3881756664, 5443740.219859198], [566240.8645567364, 5443737.432534656], [566236.0738720803, 5443726.990098728], [566233.9095389809, 5443717.722211158], [566236.5304957719, 5443709.558548414], [566243.4570913736, 5443705.054236925], [566249.7755109221, 5443695.8554176055], [566258.8697769473, 5443690.004957103], [566267.4980673356, 5443686.584131948], [566271.5257163254, 5443684.987273522], [566281.5091503022, 5443686.181887551], [566283.8408346552, 5443689.2075156085], [566285.5013510571, 5443689.9646048], [566287.2519689146, 5443690.762776043], [566288.4986482353, 5443695.303660427], [566290.9724954083, 5443698.811116774], [566312.1127590735, 5443708.508808685], [566316.6664591115, 5443712.037014549], [566334.6569212297, 5443717.989138793], [566339.688360928, 5443718.034599117], [566349.5084015134, 5443722.19867039], [566355.0059187346, 5443722.602623874], [566361.7629314086, 5443718.969899776], [566368.4587366292, 5443717.913843436], [566372.824053311, 5443724.62291485], [566375.802701811, 5443724.986096432], [566379.5895767886, 5443721.512145255], [566385.8486546557, 5443727.009541724], [566394.344758835, 5443724.118223064], [566399.3487620184, 5443720.177122089], [566402.9915998921, 5443713.401985615], [566406.3121959409, 5443711.647962655], [566424.3904639675, 5443713.709402789], [566436.1165924775, 5443719.189920219], [566446.4780646187, 5443727.683990971], [566450.7975789426, 5443729.049399933], [566457.6299202823, 5443736.287387632], [566465.1124754159, 5443740.624798849], [566466.7571374862, 5443744.980933617], [566476.1475754584, 5443749.906853678], [566487.0565046667, 5443760.562259946], [566505.7658015168, 5443773.94232096], [566513.4971382222, 5443783.180554533], [566525.3637213942, 5443792.22239604], [566529.397372364, 5443798.021825121], [566528.094915211, 5443801.084175847], [566523.2471896285, 5443805.012338093], [566515.3440843867, 5443806.866002157], [566508.0546494299, 5443802.36611697], [566496.3345377481, 5443787.628872992], [566487.3030504275, 5443780.551747774], [566463.1859884319, 5443766.934566219], [566451.5362244106, 5443764.298249404], [566421.8084403215, 5443769.954573403], [566420.0851409705, 5443772.104202615], [566421.427831097, 5443775.680597592], [566425.3371205056, 5443780.386974381], [566440.8143918999, 5443787.333550204], [566454.7980513126, 5443798.260194366], [566454.3281966561, 5443801.544524698], [566450.0571509755, 5443803.314074359], [566426.5355812102, 5443802.940496758], [566391.698892627, 5443811.3678326], [566353.3731988714, 5443813.790143812], [566322.6498560684, 5443824.2660258915], [566282.8562673597, 5443834.156011205], [566238.3008524136, 5443838.777990402], [566201.2749889514, 5443846.000060394], [566183.3597449315, 5443854.067342011], [566144.0025073964, 5443867.232920528], [566133.908234127, 5443865.871514451], [566128.4090076808, 5443860.010841984], [566129.547873351, 5443847.771382605], [566129.1608110492, 5443839.073777495], [566130.5141128995, 5443832.96171457], [566131.958081215, 5443831.380395057], [566154.8817083735, 5443833.191610394]], [[566411.8080590419, 5443668.249887257], [566415.3027249883, 5443664.340928287], [566421.2034889726, 5443662.3151126085], [566446.3381012757, 5443662.309785605], [566484.9692380575, 5443656.012604211], [566496.7892350161, 5443657.945592214], [566500.7646999283, 5443661.085945047], [566505.6052378867, 5443664.90965456], [566507.9273178299, 5443664.936683346], [566516.3086763435, 5443659.431584589], [566522.0335185274, 5443658.88060599], [566541.3571188326, 5443663.483208627], [566561.2669075486, 5443665.913986209], [566580.1658733352, 5443675.504066944], [566587.4576000781, 5443686.976066245], [566595.5206820988, 5443695.40432072], [566600.4006392339, 5443711.968241929], [566598.1665228611, 5443719.737622363], [566593.9272105603, 5443721.609286822], [566591.9374294672, 5443725.052213563], [566585.2462840497, 5443721.388014282], [566582.6948617486, 5443722.324893958], [566582.9481671267, 5443728.548716694], [566586.506680672, 5443735.167116984], [566586.3929149156, 5443741.71495301], [566588.6472502297, 5443744.915273141], [566589.2604516295, 5443749.719459984], [566585.8969761719, 5443753.961560146], [566581.0828451702, 5443754.223317843], [566568.803212331, 5443758.562518238], [566567.1388183541, 5443767.848876476], [566568.305077578, 5443772.7054996705], [566573.2895940817, 5443777.879955329], [566572.3706742533, 5443781.779015931], [566565.2521083558, 5443787.56620296], [566556.3082193513, 5443789.210863663], [566545.1837340283, 5443787.686406573], [566540.084202768, 5443784.231788268], [566537.0195468268, 5443779.4504340505], [566516.5896238155, 5443768.011442225], [566512.0930792138, 5443762.672283063], [566499.9219030248, 5443754.625370825], [566482.394743354, 5443738.583857366], [566474.9996019283, 5443734.496117018], [566462.9826684189, 5443720.463669911], [566455.5933963135, 5443715.717125197], [566454.7059883944, 5443713.140264152], [566452.8869084014, 5443711.586101182], [566449.5140896379, 5443711.850112074], [566442.6272915842, 5443705.851186274], [566434.8645725879, 5443701.597948659], [566415.2850617778, 5443684.741197805], [566412.41749442, 5443679.480028353], [566411.9186465343, 5443670.287425348], [566411.8080590419, 5443668.249887257]], [[566178.5350308213, 5443819.83500171], [566177.9772177647, 5443822.519317268], [566150.4773605139, 5443826.181455366], [566144.3550374154, 5443825.07626698], [566136.0526861546, 5443818.300644325], [566133.1988037437, 5443812.022008966], [566132.0557847456, 5443802.205183261], [566133.0320599908, 5443785.664079996], [566135.0836643041, 5443772.79620919], [566141.3549426204, 5443748.336321069], [566147.7743915442, 5443734.5394775495], [566153.4181788394, 5443715.273689877], [566160.4954861176, 5443700.194534749], [566170.319802824, 5443687.171443842], [566179.5355895926, 5443681.278508125], [566198.0034819109, 5443679.007667796], [566212.8126578499, 5443684.217959151], [566227.8271056636, 5443687.041618569], [566231.3793866469, 5443689.439386217], [566226.169284598, 5443700.604065745], [566221.1458012711, 5443704.5017838], [566216.965669105, 5443717.037806498], [566218.2675440235, 5443720.94189353], [566223.0240748489, 5443726.249339321], [566224.5179809307, 5443732.06895571], [566220.5362524575, 5443746.542281202], [566220.7392573941, 5443750.4840458045], [566218.5216247058, 5443755.472499041], [566211.0532421272, 5443765.803983883], [566201.7901919871, 5443774.677757949], [566183.7889521607, 5443786.896030487], [566178.5836591262, 5443788.111019668], [566174.6904488452, 5443792.670526013], [566170.2481633865, 5443801.4712622315], [566169.3827935534, 5443807.697037641], [566171.495611043, 5443813.433181859], [566178.5350308213, 5443819.83500171]], [[566670.1495384392, 5444194.850888202], [566677.2088705949, 5444194.058787753], [566681.7254987337, 5444196.0034979], [566686.214937207, 5444194.1638351055], [566705.8174815007, 5444196.308062618], [566721.0705820797, 5444195.997190145], [566732.7403740503, 5444198.343426919], [566738.6419663706, 5444197.301907474], [566743.8634562952, 5444192.195712952], [566749.6687301765, 5444191.010799346], [566753.166949151, 5444192.121703046], [566754.214160405, 5444196.026934499], [566756.2883503211, 5444201.489509551], [566759.0053823444, 5444205.5772288665], [566762.3607382069, 5444210.625343017], [566763.5828172588, 5444211.402748944], [566769.9123448343, 5444215.429157481], [566773.9017834233, 5444219.827348702], [566773.6158462823, 5444223.811346805], [566772.3550325164, 5444224.779143311], [566763.776335671, 5444231.364435266], [566759.991135114, 5444233.980043028], [566700.3975950982, 5444246.225461801], [566695.3962745507, 5444245.233347978], [566678.2593267702, 5444248.324465482], [566670.7218402999, 5444245.092325763], [566655.4242226253, 5444244.283425241], [566650.7914405171, 5444242.015945946], [566619.68376269, 5444240.800746599], [566601.5994920463, 5444240.094292799], [566599.3717910798, 5444237.582321574], [566600.6104200731, 5444235.724789516], [566627.1098554619, 5444223.988450467], [566640.3739441102, 5444216.445503056], [566643.9349780414, 5444212.314585002], [566651.4248053979, 5444210.185579232], [566656.1971757312, 5444202.285829419], [566662.2656923811, 5444197.8214255655], [566670.1495384392, 5444194.850888202]], [[567250.9401718482, 5444744.442649544], [567259.826800748, 5444750.046883334], [567262.1378001766, 5444753.044002695], [567262.9682744655, 5444758.495611054], [567269.0274535425, 5444759.363291297], [567275.0087929836, 5444764.225753484], [567296.1476096403, 5444770.246324208], [567300.940723879, 5444772.895785348], [567310.3427237232, 5444779.484589098], [567323.3486360313, 5444792.288962543], [567333.1671441253, 5444806.114717936], [567342.0676428658, 5444823.125519115], [567349.4586622375, 5444832.646072826], [567350.6988943205, 5444836.859273235], [567348.8343514984, 5444840.473671773], [567346.8002453026, 5444840.963718943], [567334.8840510569, 5444839.313114496], [567325.4695459044, 5444846.409200213], [567324.9211252918, 5444849.090263942], [567329.448751772, 5444853.557040732], [567336.8688517396, 5444854.98567261], [567342.114437689, 5444860.589318941], [567347.1868593739, 5444862.425239656], [567348.250399185, 5444863.706239605], [567348.5293106326, 5444870.170839101], [567349.5710896564, 5444872.083335743], [567353.6510640921, 5444875.744117413], [567359.8879356042, 5444877.567479811], [567361.8535894881, 5444881.210258474], [567363.8994529474, 5444889.649663407], [567366.235480469, 5444892.399945947], [567377.4072321499, 5444892.286191846], [567383.0567505674, 5444894.3072563065], [567393.0029091095, 5444903.968258823], [567392.9798863652, 5444905.991875817], [567376.9874709835, 5444898.622480174], [567374.1896215238, 5444899.498245287], [567369.4699580383, 5444905.516670243], [567367.8362198691, 5444905.828599536], [567367.3904889999, 5444900.548276091], [567365.509111766, 5444899.133973621], [567362.7849636236, 5444901.758350742], [567362.4496222392, 5444906.404598456], [567357.6044994843, 5444908.579333453], [567355.3970893113, 5444912.8670740295], [567349.4019724322, 5444913.1670003235], [567336.5728356567, 5444910.489251803], [567329.649588157, 5444905.907002389], [567291.9334006441, 5444890.692497034], [567264.0316609553, 5444883.6746755885], [567234.5947349829, 5444879.143163422], [567225.2220986622, 5444875.952104545], [567218.9595948388, 5444876.207434133], [567214.0115763021, 5444874.197798286], [567209.5644005899, 5444874.448797782], [567198.8862001657, 5444875.051540918], [567192.648333821, 5444872.876457383], [567177.0831157931, 5444871.282215604], [567153.7037285755, 5444864.982313432], [567152.1163459858, 5444864.986713102], [567147.1822943628, 5444865.000426436], [567134.6907072646, 5444862.0664471155], [567129.0658776894, 5444863.434299916], [567116.6140333925, 5444862.094973196], [567111.8188539259, 5444859.12200475], [567105.4157329918, 5444857.948575785], [567094.6163935746, 5444859.28371555], [567061.3642941588, 5444849.919631412], [567058.3070638644, 5444850.957766124], [567053.6736434744, 5444856.73047983], [567067.331731785, 5444861.886120072], [567066.1820885339, 5444863.619707793], [567060.8799501735, 5444864.069524544], [567037.8719679334, 5444857.160352921], [567036.3254377393, 5444854.743125102], [567036.4463524645, 5444851.307456761], [567034.2497290059, 5444848.285437799], [567026.2637733922, 5444843.927839429], [567021.1196163936, 5444844.20300321], [567016.4478223758, 5444847.984197125], [567016.3162369508, 5444852.447534121], [567019.4394523442, 5444858.470146501], [567018.8373412004, 5444861.725797917], [567014.2855905087, 5444867.942084928], [567010.6546455254, 5444870.089956566], [567002.6777590779, 5444871.018097497], [566986.6243044059, 5444862.229352641], [566980.227887873, 5444862.062981912], [566972.8687143236, 5444857.874028215], [566959.1724496669, 5444853.580711056], [566954.8974053273, 5444849.067549226], [566924.7283732897, 5444839.926395061], [566924.0295771448, 5444839.34803113], [566918.0429306978, 5444834.392879712], [566898.0559866751, 5444828.251966206], [566889.2967087072, 5444823.090457727], [566890.7725652006, 5444817.586591374], [566895.8073958704, 5444813.169255425], [566914.9044378117, 5444805.885248842], [566960.3361855348, 5444800.223828908], [566990.5530459575, 5444793.97249991], [567018.4805213392, 5444796.226931559], [567044.1645985588, 5444798.300251998], [567085.2983022013, 5444798.839070257], [567088.9878634029, 5444797.681726042], [567106.6558317454, 5444799.420066425], [567110.3824794687, 5444797.461686403], [567115.6219967295, 5444790.465188991], [567134.4890988234, 5444773.667924977], [567146.0207403117, 5444758.674565788], [567151.5828838749, 5444760.084880464], [567168.708403225, 5444760.082639933], [567180.0539715656, 5444760.081165941], [567216.1064820068, 5444754.830142938], [567231.6656732057, 5444755.861049642], [567237.2587090038, 5444756.231620592], [567249.7530983129, 5444754.465243809], [567250.6624361103, 5444751.02985301], [567243.4445346842, 5444744.578962111], [567245.3261399586, 5444743.015792802], [567250.9401718482, 5444744.442649544]], [[568069.3253298652, 5445090.45908016], [568071.1732752176, 5445084.36511544], [568095.9252544153, 5445084.67124415], [568145.6618445113, 5445088.29924319], [568172.5469345702, 5445086.037698475], [568175.0824035478, 5445083.143789931], [568155.267686035, 5445077.748295406], [568104.535133576, 5445071.279477007], [568095.0215270807, 5445066.9149962785], [568088.44682162, 5445056.7519358145], [568083.9909190262, 5445054.030778969], [568074.4381030655, 5445042.057091395], [568063.4763875398, 5445038.936264002], [568056.3432491495, 5445039.027277101], [568043.3684464494, 5445035.339600887], [568040.4352512747, 5445033.1192651475], [568036.131359553, 5445033.220435883], [567985.6059077925, 5445020.168648706], [567958.974646251, 5445010.651749784], [567953.7362342383, 5445007.24061807], [567946.573235311, 5444998.329542778], [567944.8558267873, 5444993.731735571], [567944.3971690494, 5444987.676706128], [567939.726490557, 5444982.00550634], [567936.5341605825, 5444975.1676494535], [567937.2051611608, 5444968.063248226], [567935.6538447022, 5444961.334317885], [567929.1744384947, 5444958.957983432], [567927.2394568829, 5444956.837191391], [567926.2920006448, 5444950.151308591], [567923.4254930865, 5444946.674392919], [567916.857670713, 5444938.7079509], [567919.0626314017, 5444935.213145065], [567922.8386824577, 5444933.835538049], [567940.3460536604, 5444930.104031761], [567957.3342065307, 5444924.042040543], [567966.4512180141, 5444923.268587334], [567972.9247285929, 5444920.038220145], [567981.7234637777, 5444919.357196277], [567982.7227350886, 5444919.279863131], [567983.1112457836, 5444919.141474284], [567994.496779835, 5444915.086294322], [568008.332979281, 5444913.969499226], [568017.2682736097, 5444913.248257329], [568029.1950259065, 5444910.464751547], [568057.9240060808, 5444910.025299521], [568098.785514886, 5444915.230506829], [568129.2225283248, 5444912.831736796], [568151.493913231, 5444914.295872681], [568158.7231232516, 5444909.328564903], [568162.5621251755, 5444909.871201187], [568169.9282464624, 5444907.869344871], [568179.5732175414, 5444909.905402863], [568184.3905006922, 5444913.7630973905], [568194.9561574891, 5444914.887073318], [568199.7466738702, 5444917.084524285], [568206.1527203344, 5444914.101954989], [568215.8655793371, 5444918.125628156], [568216.1420167602, 5444919.717319151], [568213.1059014928, 5444921.399397562], [568212.7690720636, 5444923.623977431], [568223.278863006, 5444928.7220568685], [568225.8320209995, 5444931.890971612], [568226.0473106372, 5444936.142235712], [568227.8302171387, 5444938.559579154], [568239.7814360801, 5444944.112687117], [568246.4548696395, 5444949.325406522], [568252.2424074467, 5444951.801857314], [568256.9947986417, 5444951.289934936], [568262.9288832422, 5444954.104472948], [568270.553318844, 5444959.078758529], [568275.7339559121, 5444965.0880135], [568287.92039327, 5444974.052490991], [568297.2275616734, 5444982.637623756], [568307.0735933159, 5444991.719842882], [568326.246635566, 5444999.993286334], [568328.2863564336, 5445002.289091236], [568328.1352758538, 5445004.029640284], [568321.3610146263, 5445005.991659166], [568320.568578555, 5445008.455768501], [568324.1369414545, 5445012.228175141], [568333.8055524311, 5445018.070969626], [568335.8060612069, 5445022.193934106], [568348.0038129837, 5445032.042594694], [568350.8310868138, 5445035.8103194935], [568359.3070962625, 5445037.871035848], [568362.3961717015, 5445029.934993646], [568368.8419141413, 5445033.796385235], [568369.2276189342, 5445035.928497336], [568367.9882357076, 5445038.811794716], [568372.746804105, 5445043.498017677], [568376.6326851199, 5445055.096904185], [568374.6618475295, 5445056.04638421], [568369.6004870643, 5445052.73590665], [568367.5730161527, 5445053.136362807], [568366.7406332117, 5445054.888187171], [568371.2448528995, 5445063.222580799], [568371.0957024973, 5445067.34410401], [568373.1230857262, 5445073.304074904], [568385.4349489126, 5445091.545883145], [568388.5037135528, 5445092.134325086], [568392.0294263538, 5445088.269323594], [568386.3897081412, 5445079.90475861], [568392.192295728, 5445080.032451071], [568395.8345440875, 5445077.874249893], [568399.9945215994, 5445082.911977587], [568408.1612007364, 5445088.556450605], [568408.8311701831, 5445097.073879632], [568412.1708509553, 5445108.056027182], [568415.4280531222, 5445112.790398168], [568415.181800977, 5445116.218160963], [568417.2476568904, 5445122.40267511], [568416.0591562476, 5445132.372706398], [568417.6783989337, 5445137.758368637], [568418.8459616329, 5445150.714475324], [568419.4618356581, 5445164.400789483], [568418.1650089588, 5445169.445111365], [568419.3468852015, 5445173.783335361], [568414.0628289202, 5445174.77975345], [568404.93813454, 5445172.98869543], [568400.951850761, 5445170.432118348], [568397.8380967675, 5445174.915206371], [568395.8738720844, 5445173.691926778], [568394.4026421816, 5445170.070868754], [568387.9204706716, 5445169.047410744], [568376.5854556013, 5445164.020307003], [568371.3771241917, 5445164.118912819], [568357.379991596, 5445158.082974177], [568340.3844013856, 5445155.292991175], [568334.9114264157, 5445156.060685988], [568332.4731525285, 5445155.517612555], [568307.3940707752, 5445149.931941549], [568274.2522565782, 5445150.943260178], [568266.692354324, 5445152.495519424], [568256.180699626, 5445150.623769534], [568251.7993362428, 5445154.0186131885], [568236.7164934706, 5445152.450949262], [568233.5699967131, 5445154.210708016], [568169.3201166232, 5445157.201723725], [568158.6005217107, 5445159.376469875], [568128.7541695915, 5445161.301015735], [568096.3642634731, 5445159.974711525], [568052.1732858222, 5445152.98665328], [568046.7198786242, 5445148.215812717], [568047.2828235992, 5445139.091556907], [568045.4013618368, 5445135.856144998], [568036.4034186134, 5445128.252831885], [568039.2561294878, 5445119.14693389], [568040.7765869217, 5445117.253372384], [568040.5718619531, 5445114.503540399], [568037.4286393323, 5445114.27227832], [568035.010086131, 5445117.015493948], [568032.5683931711, 5445117.352330301], [568031.1180992542, 5445115.807462072], [568031.3194314699, 5445113.46420449], [568039.6333544026, 5445107.298319595], [568048.7780545576, 5445103.224434457], [568058.577817366, 5445094.170243654], [568064.0314401048, 5445093.311816446], [568069.3253298652, 5445090.45908016]], [[568956.1671074042, 5444263.27294122], [568942.6708973558, 5444252.717294595], [568942.0737304848, 5444252.250216801], [568927.1317183641, 5444243.24652776], [568918.2692437747, 5444237.906317636], [568912.6395398715, 5444235.0515524745], [568902.6811474196, 5444226.921918844], [568885.6835494126, 5444218.508706978], [568879.1020384356, 5444212.314398529], [568864.0717082081, 5444205.26715818], [568850.6519537997, 5444198.9750260785], [568841.3462509536, 5444196.469694872], [568827.3764306959, 5444188.168445242], [568809.31281045, 5444182.294338519], [568804.5655527918, 5444179.256939063], [568789.9662609716, 5444175.949953451], [568782.2590164345, 5444167.175547574], [568774.7791210164, 5444168.557592572], [568771.5802434704, 5444165.248871124], [568766.2257717788, 5444163.216038234], [568764.9667867373, 5444160.18397326], [568762.5098669251, 5444154.266979348], [568750.9290217134, 5444146.46558854], [568738.5496673565, 5444131.895919134], [568732.0673368155, 5444121.1702771615], [568721.0239443246, 5444113.214057575], [568720.2524395341, 5444110.403334725], [568722.7503260575, 5444107.28983878], [568728.183027183, 5444105.074244903], [568748.7695789117, 5444104.197717342], [568765.1289007373, 5444100.944675574], [568807.116291329, 5444103.156514004], [568898.0088385628, 5444150.965371061], [568923.0283851343, 5444166.338837562], [568943.0832647089, 5444173.444319564], [568954.8498433824, 5444182.925098293], [568955.2136459537, 5444186.77193836], [568956.4733021673, 5444187.813316562], [568969.0846766155, 5444190.31109241], [568993.4914003963, 5444205.429635682], [569014.5467197474, 5444221.33053708], [569040.7887030037, 5444246.589515955], [569059.1448867131, 5444266.402057506], [569075.0647794404, 5444290.359754697], [569086.3439396087, 5444303.677597013], [569092.4058598902, 5444315.530523331], [569104.1857152041, 5444333.468539019], [569110.1090907519, 5444342.488434945], [569112.7095384903, 5444346.448316039], [569118.5201410792, 5444353.832373915], [569119.1909377181, 5444356.368330083], [569126.1625441237, 5444368.722203211], [569126.6291084975, 5444381.569430997], [569120.4000592009, 5444386.996125251], [569111.7430322744, 5444385.025380955], [569107.4438537379, 5444387.2802480385], [569105.270585257, 5444386.503652956], [569103.0369370651, 5444384.221103766], [569096.4452965829, 5444383.804748543], [569089.5105529188, 5444375.198780499], [569070.8812304636, 5444371.042456601], [569067.5912197621, 5444369.110263085], [569055.9936724493, 5444356.286106643], [569049.138553908, 5444345.183908475], [569021.9540093003, 5444317.200859926], [569006.4508305915, 5444303.901252959], [569001.9984793529, 5444301.80031486], [568997.9442120215, 5444296.352976134], [568981.6051281473, 5444285.216522074], [568974.9465415503, 5444277.960720849], [568971.303527078, 5444275.111389559], [568956.1671074042, 5444263.27294122]], [[569123.0308545323, 5446378.177146687], [569125.230956176, 5446381.301933973], [569127.6892539376, 5446384.7934409175], [569134.4646502126, 5446391.058810289], [569134.8205215861, 5446392.83020949], [569128.1420183155, 5446406.046816498], [569116.2932479797, 5446417.050744229], [569095.1196069092, 5446430.69187396], [569081.0488457212, 5446441.846266259], [569075.4983964466, 5446443.937583553], [569070.863314326, 5446448.376997255], [569037.9622896204, 5446462.980602316], [568941.762493459, 5446487.8394531775], [568926.981600175, 5446487.180262712], [568914.2997562774, 5446491.2976083895], [568874.671671709, 5446490.038190597], [568852.6012032918, 5446483.162052632], [568834.678334322, 5446474.164352081], [568818.4765705186, 5446463.172367806], [568802.293958849, 5446449.091255023], [568791.7298250052, 5446437.1124142185], [568789.655985312, 5446432.098047587], [568783.551563114, 5446429.528603328], [568772.1018015704, 5446412.592522398], [568762.4372593805, 5446404.948993773], [568759.2894515715, 5446399.189978292], [568754.1260813872, 5446393.654838683], [568736.6474909941, 5446379.223233754], [568733.72077373, 5446374.539664998], [568722.100550554, 5446365.2108739875], [568716.4850037405, 5446359.66727108], [568715.3852811599, 5446356.696183174], [568706.6792622876, 5446348.998820393], [568693.3471011994, 5446329.812927168], [568692.5157948531, 5446327.7906783875], [568688.4820552375, 5446317.9782997575], [568689.3889581439, 5446314.314063614], [568700.1399973563, 5446306.910604019], [568716.2987962611, 5446291.577089576], [568723.6013389791, 5446290.445246245], [568726.0656539975, 5446285.572843047], [568742.8744114521, 5446285.033288783], [568749.1002276383, 5446283.084813454], [568752.3378116612, 5446280.153816451], [568760.2311537929, 5446281.9901613975], [568769.8803110839, 5446274.9113719165], [568778.1067270051, 5446277.86232514], [568782.8209017713, 5446274.5446035005], [568793.0722474395, 5446276.265465025], [568809.4207931433, 5446274.349624167], [568815.8978065607, 5446275.059034874], [568819.8301995979, 5446272.937061992], [568833.8107345687, 5446271.165134934], [568839.355214021, 5446263.436039973], [568851.7939623252, 5446256.8745487435], [568862.2480497207, 5446254.333130946], [568872.6652158834, 5446255.751649732], [568894.4480458455, 5446259.20499697], [568914.0329520138, 5446256.703437844], [568929.810752313, 5446260.135512371], [568943.7241075388, 5446260.198654115], [568959.8376115243, 5446262.819237722], [568977.512292391, 5446270.251685413], [568984.4322015924, 5446269.050003645], [568995.3459216849, 5446271.033372473], [569002.1035845232, 5446270.4283602135], [569010.2326533361, 5446266.143527367], [569013.0495963803, 5446266.401922799], [569016.554334906, 5446272.620643426], [569030.5847487382, 5446281.201032233], [569039.0964113504, 5446295.403087573], [569046.9653455699, 5446300.330392572], [569048.9029383451, 5446304.347638508], [569054.8556260095, 5446309.029535074], [569057.2538085338, 5446316.5857662745], [569063.0024858537, 5446327.4720962], [569072.3792541977, 5446337.120026792], [569078.826693376, 5446339.230361523], [569081.2161558708, 5446341.51084136], [569082.6265611484, 5446346.184760109], [569089.2952264454, 5446352.494056914], [569096.8468678558, 5446364.990906901], [569103.4339086728, 5446367.152227517], [569108.0841671054, 5446371.607016332], [569108.7776818465, 5446372.271394391], [569110.5800583189, 5446373.01818234], [569123.0308545323, 5446378.177146687]]]]}}, {"type": "Feature", "properties": {"class": 2, "timestamp_utc": "2025-12-15 01:50:37+00:00", "source_product": "Flood_CAN_BC_LowerFraser_20251215_015037"}, "geometry": {"type": "MultiPolygon", "coordinates": [[[[565903.8436407256, 5443316.724061545], [565896.8080203646, 5443320.291310581], [565893.9898929313, 5443324.618569967], [565885.0969277438, 5443330.899927413], [565876.702058534, 5443340.40306571], [565875.0574048525, 5443344.237248907], [565911.3152056437, 5443327.86077806], [565916.7386051654, 5443300.1028669495], [565913.6223137178, 5443302.310397446], [565903.8436407256, 5443316.724061545]]], [[[565717.9746512249, 5443451.044118035], [565698.2996913336, 5443457.213426647], [565692.2627910859, 5443462.140706042], [565687.3051039153, 5443461.046209905], [565682.7510469599, 5443464.146456689], [565673.6843416065, 5443466.876366166], [565662.2469564016, 5443466.383405935], [565657.8455144285, 5443472.025708582], [565654.051826589, 5443473.1483635595], [565644.3563604188, 5443473.9780085925], [565640.2723948441, 5443471.050659762], [565632.4486896789, 5443475.189827889], [565624.827569454, 5443477.132180667], [565614.9804237873, 5443472.637047631], [565604.6695025071, 5443471.056884163], [565592.3687988896, 5443477.534973702], [565588.3475300721, 5443476.053949826], [565583.5390409187, 5443477.02057574], [565573.954806218, 5443473.353161361], [565567.5282587557, 5443475.761005955], [565554.0072649692, 5443476.144431835], [565547.8838058739, 5443475.060643321], [565544.0332038623, 5443471.080699071], [565534.108756404, 5443470.1917267395], [565520.3691967222, 5443464.805984062], [565512.286793919, 5443457.943191715], [565487.8407810432, 5443451.864405609], [565479.0322118717, 5443452.74815567], [565475.0833972677, 5443448.933154614], [565467.6710684123, 5443449.250333644], [565459.070200249, 5443453.322624359], [565441.9616438734, 5443449.095988713], [565435.3040229216, 5443450.365168895], [565428.9598960862, 5443449.243179365], [565411.9333586757, 5443443.03714515], [565396.3288221884, 5443444.211897742], [565393.2906432495, 5443443.4805594655], [565388.288870681, 5443439.225478637], [565376.5371682821, 5443438.375368717], [565371.1499531962, 5443435.400945615], [565367.4719374012, 5443431.066644708], [565363.7488725396, 5443433.109187205], [565355.6760395233, 5443433.893447552], [565346.9105982832, 5443427.8030201355], [565343.7765859338, 5443423.60418264], [565329.7499240064, 5443422.348076941], [565324.8367578691, 5443416.212773751], [565317.3586329449, 5443414.021871656], [565313.4036313734, 5443407.005527195], [565305.1265400924, 5443399.145863822], [565297.2836862366, 5443394.549906593], [565293.495329467, 5443394.748395395], [565288.1284708394, 5443403.237487347], [565283.1121967213, 5443404.197320265], [565277.6181858283, 5443402.7599260975], [565269.0114123597, 5443395.599585881], [565258.1070865985, 5443393.770115391], [565246.3091235876, 5443393.922083657], [565234.0472549215, 5443397.194385193], [565226.9098193889, 5443395.863201562], [565221.9893304677, 5443398.269396295], [565199.5314720499, 5443398.947202347], [565178.0154826149, 5443406.0498456685], [565157.9621178766, 5443405.052782633], [565132.6121183842, 5443410.713424112], [565275.9924012392, 5443416.906150416], [565457.1522732512, 5443501.739346286], [565647.4799919219, 5443508.032240344], [565735.9045563028, 5443466.606614996], [565766.2589661712, 5443427.220054242], [565753.7449400004, 5443436.3732456975], [565749.2254920177, 5443437.600039362], [565745.1572828802, 5443435.094247254], [565743.198221695, 5443432.044258596], [565739.1886063648, 5443431.260082641], [565730.9473963055, 5443443.748658396], [565721.9383869321, 5443451.105505638], [565717.9746512249, 5443451.044118035]]], [[[565044.2116362918, 5443421.301877401], [565011.336759779, 5443421.963045771], [564985.6194184185, 5443425.504416793], [564970.6805206104, 5443429.250322022], [564958.7414266602, 5443429.830873139], [564930.9777080377, 5443437.022692393], [564924.6259989762, 5443437.2068885565], [564866.1217457345, 5443454.241963659], [564836.6394294667, 5443459.747559231], [564827.8610694462, 5443464.316410052], [564811.8674047583, 5443468.128255616], [564805.0231679293, 5443472.323918489], [564792.1644949227, 5443474.9057396045], [564786.8795236435, 5443480.160731078], [564781.0080116352, 5443478.937418904], [564775.6342598834, 5443481.1887322245], [564762.055390708, 5443480.259118834], [564756.4733996982, 5443482.747554896], [564745.6480642548, 5443481.989732731], [564713.9053082017, 5443487.30805684], [564701.5821212217, 5443485.652175442], [564686.4615194853, 5443487.517057375], [564679.2362429288, 5443486.179936458], [564676.7804266484, 5443488.784954416], [564615.4522688498, 5443489.010727664], [564593.836466347, 5443495.02149844], [564565.4979168081, 5443499.121995759], [564558.4848038537, 5443502.161704915], [564549.736297141, 5443502.214059922], [564543.6122383779, 5443505.583975554], [564538.071625182, 5443504.979439973], [564531.8706440722, 5443510.0936922245], [564516.9316093628, 5443514.987971759], [564505.7513181568, 5443523.183219634], [564500.0226748548, 5443524.178210339], [564497.7250222531, 5443527.280297165], [564477.5906012888, 5443538.638893847], [564464.9875809713, 5443543.146092681], [564458.1206687399, 5443550.295425239], [564443.9217922322, 5443554.07844749], [564432.9711546262, 5443562.662878148], [564425.432502387, 5443566.060587075], [564419.8348521708, 5443566.249923681], [564408.8571227351, 5443569.805266884], [564405.9701586353, 5443573.116223913], [564395.3720044447, 5443575.160626492], [564393.2618503926, 5443581.279521772], [564389.4052833488, 5443581.140028618], [564385.4635946582, 5443584.151421135], [564381.0528097725, 5443584.907628665], [564375.2945767826, 5443591.845036568], [564367.4275543612, 5443594.182205056], [564361.4666645625, 5443611.928934708], [564352.7458223299, 5443620.808703811], [564354.4913998311, 5443623.81863829], [564358.1605297333, 5443625.476223726], [564374.1597024905, 5443628.30597584], [564378.9258453504, 5443627.953643225], [564383.364437215, 5443625.0556731075], [564390.3264792969, 5443626.648414905], [564394.4201367529, 5443625.199191654], [564401.0960826655, 5443627.273124573], [564402.453818948, 5443627.055118061], [564397.3143333717, 5443612.861637594], [564596.094321679, 5443512.675318516], [564630.0614237213, 5443528.582449366], [564713.1850694192, 5443498.482333753], [564775.0993306548, 5443513.671564311], [564868.8273383476, 5443460.926244853], [564947.3662682954, 5443470.094951528], [564957.970736312, 5443447.450130863], [565080.6321407921, 5443417.851207516], [565079.6348420791, 5443417.911093173], [565066.6490404769, 5443420.524042416], [565058.8215791951, 5443418.685242153], [565044.2116362918, 5443421.301877401]]], [[[564947.9335432193, 5443716.833866608], [564952.7778495288, 5443720.847457276], [564958.8769632158, 5443719.188679708], [564968.2645553402, 5443720.427241543], [564980.0373482271, 5443718.874261875], [564984.8811891373, 5443720.15070595], [564994.8836925161, 5443728.257602473], [564997.449118164, 5443727.444360652], [564999.4136809922, 5443721.758677761], [565010.6355449798, 5443720.129811887], [565020.2413448707, 5443724.166486017], [565027.2954850798, 5443722.131012852], [565030.6930695458, 5443725.094899248], [565036.0755854767, 5443726.893185484], [565043.7961540463, 5443718.646954012], [565056.1339021743, 5443718.1304036705], [565059.5381027951, 5443715.952891982], [565066.2051977875, 5443715.293424943], [565076.0785237342, 5443710.202344295], [565084.0986162747, 5443712.238462135], [565090.1908575845, 5443711.740523892], [565096.0476713507, 5443708.122733912], [565101.4429220442, 5443711.339550089], [565107.8954434452, 5443708.006244237], [565121.5023453559, 5443710.892592094], [565124.1206912659, 5443708.1007785555], [565129.8468835832, 5443706.224152072], [565140.8955320643, 5443709.488636453], [565147.998045886, 5443708.918191434], [565166.623146106, 5443712.170900703], [565178.1302244611, 5443712.116831235], [565181.8357306262, 5443710.13783783], [565190.0427732817, 5443712.501132176], [565197.3164416715, 5443712.270367452], [565200.5341489249, 5443708.965130163], [565204.7599431935, 5443707.278373479], [565212.7479546425, 5443708.135349266], [565221.4212837309, 5443701.132667161], [565227.739353966, 5443700.751498285], [565237.4525908526, 5443704.806368364], [565247.9586585165, 5443695.974825636], [565257.6459452467, 5443694.266726824], [565265.8810658616, 5443690.723359362], [565281.5661624968, 5443688.273157064], [565303.5770298768, 5443690.616343464], [565308.561838896, 5443693.148328848], [565316.8716740013, 5443692.999633765], [565331.2283772583, 5443697.272952875], [565340.5080123667, 5443696.509395323], [565339.0695504932, 5443694.941097592], [565219.8236245017, 5443625.29491954], [565186.5742293693, 5443637.335628692], [565102.0144537482, 5443611.542790762], [564969.7345572958, 5443687.652115981], [564807.3532281119, 5443680.636901973], [564798.4569834201, 5443686.028094091], [564804.275703787, 5443684.994027036], [564818.2125648359, 5443688.22060261], [564824.4647057693, 5443687.798707523], [564834.4605559363, 5443692.790123614], [564842.3903151327, 5443700.125110145], [564856.7143397286, 5443699.10525316], [564870.8320718613, 5443704.3559058085], [564893.6296487389, 5443704.387348452], [564904.7206290748, 5443708.898687238], [564910.2977513286, 5443707.769688543], [564913.3803529649, 5443714.462687203], [564916.954308842, 5443716.158450584], [564929.5222048357, 5443714.428817048], [564938.4071823481, 5443717.700545002], [564947.9335432193, 5443716.833866608]]], [[[566041.4947694595, 5443928.18718485], [566049.9533810708, 5443920.620737817], [566032.8996876358, 5443923.199467083], [566015.0583280589, 5443947.3976750905], [566025.3108657777, 5443943.029080063], [566032.329372179, 5443934.234091413], [566041.4947694595, 5443928.18718485]]], [[[565881.2590857462, 5444008.313807749], [565878.3089504107, 5444009.190009475], [565880.5056070021, 5444008.828308686], [565881.2590857462, 5444008.313807749]]], [[[565823.7110865482, 5444061.611647932], [565845.8096827295, 5444056.059411737], [565862.3506535279, 5444046.691533151], [565863.5306737417, 5444039.77033194], [565861.4172839083, 5444034.323195532], [565861.3941190852, 5444030.499817982], [565864.2803413903, 5444023.458669023], [565868.2395235806, 5444017.58150369], [565868.5858960607, 5444012.077815736], [565850.7462675874, 5444017.3763536755], [565823.7110865482, 5444061.611647932]]], [[[564644.7329252254, 5444971.26390172], [564825.9003832646, 5445056.105877374], [564859.1515644484, 5445044.065053715], [564949.7357182667, 5445086.485602065], [565100.8019164441, 5445088.198135019], [565180.0634875644, 5445125.315536334], [565213.3146159679, 5445113.274274824], [565297.8788433284, 5445139.068281011], [565458.831720645, 5445090.184057447], [565615.9189293406, 5445108.519410985], [565804.8197684248, 5445058.914707892], [565973.3183689729, 5444964.084543026], [565968.5379682813, 5444965.0688341], [565946.9564011206, 5444973.1240441445], [565924.1699374847, 5444979.393493084], [565915.6664860873, 5444980.188554705], [565900.6336036067, 5444985.353767], [565889.4439877546, 5444995.43987082], [565887.1127803305, 5444999.498444463], [565880.5833424897, 5445003.8685956495], [565841.2689904628, 5445022.073861444], [565836.1107455181, 5445025.945158581], [565828.2820958644, 5445027.36764889], [565814.3324696223, 5445036.446306655], [565787.0256743017, 5445047.366153382], [565781.6079598677, 5445052.423655849], [565771.6650448091, 5445057.276241534], [565751.2546808785, 5445063.950282992], [565716.2292541432, 5445078.468011828], [565703.1536044705, 5445080.816523225], [565695.1474313142, 5445086.908457821], [565688.4560352498, 5445085.086122844], [565680.6136812688, 5445087.264262907], [565670.6574705746, 5445092.418757278], [565656.0495611633, 5445094.484912004], [565631.7292605551, 5445094.533425051], [565625.0053960992, 5445091.900639817], [565620.584618865, 5445086.289321078], [565598.3276687409, 5445087.949358877], [565517.7192724235, 5445079.911270087], [565438.8510510377, 5445083.38302532], [565372.2584191806, 5445096.167842634], [565324.6636966297, 5445098.8354348205], [565252.3087584006, 5445093.473199935], [565216.0148117301, 5445104.99768457], [565193.7840215819, 5445101.717345535], [565173.3168637329, 5445092.132817598], [565122.8220300459, 5445075.6167786615], [565082.3205898228, 5445073.28717901], [565042.2137552665, 5445067.577332822], [565015.7516965672, 5445068.257100847], [564971.1664626334, 5445056.884841634], [564950.8848916701, 5445054.517214838], [564900.2047990978, 5445030.783780277], [564820.7189427656, 5445010.197332648], [564787.4585116612, 5444989.867919697], [564743.6009777137, 5444969.329190693], [564689.6885875745, 5444932.1981185125], [564626.6101621394, 5444894.3393542105], [564563.2230922406, 5444844.45241209], [564414.2809138844, 5444743.803163469], [564312.6759512014, 5444686.712501018], [564262.0830888561, 5444647.570058459], [564110.8982389183, 5444572.0123405075], [564045.748862034, 5444528.428809083], [564020.755812749, 5444502.593045215], [564009.7715104745, 5444503.692818225], [564003.768554872, 5444498.259353699], [563997.7539807305, 5444497.291421408], [563989.4571414883, 5444490.8388666855], [563978.3022446799, 5444485.288782112], [563960.0, 5444480.8643953735], [563960.0, 5444494.053964024], [564057.6637023519, 5444544.458089429], [564161.002079893, 5444648.079425195], [564302.1776683476, 5444700.389696145], [564450.0913595037, 5444797.273218403], [564644.7329252254, 5444971.26390172]]], [[[565899.7105387005, 5447008.643279571], [565886.9215639889, 5447014.634735977], [565903.3416366716, 5447014.634769204], [565899.7105387005, 5447008.643279571]]], [[[566006.8799479236, 5447137.572389073], [565991.9594346158, 5447138.66152008], [565977.9301843441, 5447139.594497295], [565964.808494486, 5447139.604325518], [565941.88651816, 5447141.69860617], [565921.8271147524, 5447147.64065169], [565903.8060356888, 5447155.6528729675], [565880.8650520478, 5447163.617575196], [565858.8220552377, 5447172.693774965], [565835.8811431711, 5447180.658711393], [565822.8068404823, 5447181.6034835195], [565799.8625047888, 5447180.696042149], [565777.8714258001, 5447183.602555867], [565763.8400399332, 5447189.617097097], [565760.4902573616, 5447191.442272895], [565837.5169448929, 5447200.432364147], [565898.0020798544, 5447159.720096856], [566082.332481664, 5447149.385148535], [566226.8187547638, 5447194.932398288], [566229.9368792597, 5447185.68531285], [566227.9062159101, 5447172.674797278], [566221.8044533515, 5447163.584650148], [566212.8108550826, 5447158.562453175], [566188.9190276648, 5447157.642107557], [566167.8204398091, 5447156.59971563], [566155.8537532229, 5447157.568098275], [566132.9093766017, 5447156.659356355], [566113.8686413128, 5447150.571831379], [566094.9536037138, 5447148.599638646], [566071.942345425, 5447138.662348256], [566051.8383311306, 5447138.577325692], [566039.8318066052, 5447138.600389069], [566016.8872879092, 5447137.692142539], [566006.8799479236, 5447137.572389073]]], [[[565633.8838267301, 5447188.7036057925], [565640.9557954671, 5447169.619900775], [565659.8186602563, 5447146.573863173], [565671.9536616834, 5447129.618388827], [565683.9060092793, 5447109.647761003], [565697.8322716783, 5447088.588850508], [565699.10641229, 5447086.867349263], [565672.241140058, 5447081.618016529], [565619.214229962, 5447194.857637304], [565637.7807858172, 5447317.657111278], [565638.9484197309, 5447304.671554358], [565639.9529551128, 5447284.5705279205], [565638.8908150234, 5447274.584896191], [565638.8611475127, 5447252.570400458], [565635.9272161432, 5447229.576349147], [565631.8682554984, 5447208.62582341], [565631.9211970869, 5447198.653392797], [565633.8838267301, 5447188.7036057925]]], [[[565738.8090867487, 5447540.688727641], [565711.8344162337, 5447579.637125554], [565700.8304859287, 5447599.618957739], [565695.8333874375, 5447611.589380354], [565687.9089523514, 5447635.566079136], [565683.8096824524, 5447648.659020201], [565678.8127490694, 5447660.629544436], [565671.8133720957, 5447681.615254358], [565663.7705826047, 5447696.408738824], [565692.6347446735, 5447657.261569382], [565754.6395460002, 5447524.848810009], [565738.8090867487, 5447540.688727641]]], [[[565575.850958925, 5447810.635219329], [565554.922860331, 5447828.587098998], [565535.8118360532, 5447839.611660385], [565512.8950154363, 5447855.6499570375], [565491.9274677264, 5447872.656510147], [565485.9181720968, 5447876.621166177], [565473.81120912, 5447884.638222869], [565470.1154585695, 5447888.306180322], [565541.2814786767, 5447862.5341782225], [565590.0697389991, 5447796.365479507], [565575.850958925, 5447810.635219329]]], [[[565015.9501446849, 5448099.791731298], [565121.0170781693, 5448052.340850575], [565143.6655071117, 5448062.946988391], [565187.5261549506, 5448028.256230409], [565210.1745915177, 5448038.862307669], [565237.4078930492, 5448010.192675802], [565326.5652344354, 5447996.713788283], [565401.5420011984, 5447926.537974602], [565395.8280690564, 5447929.631652561], [565375.930750398, 5447940.6363832755], [565359.877426988, 5447952.6429008795], [565351.8998417717, 5447956.662191575], [565329.9501735807, 5447965.585874265], [565315.8007761233, 5447972.545077025], [565303.9152205623, 5447976.673772686], [565282.9204231339, 5447985.609047137], [565259.7990897573, 5447995.630881286], [565241.8457714854, 5448002.545392766], [565230.9247185385, 5448004.628778653], [565207.8279417196, 5448012.5942687085], [565194.9071417331, 5448018.612273054], [565182.9408846505, 5448024.65255903], [565169.8671557986, 5448030.668754877], [565146.9066086779, 5448040.693047328], [565122.8325812791, 5448045.634412274], [565109.856569205, 5448047.704849795], [565090.8621918046, 5448052.695240091], [565067.8057141127, 5448061.60685577], [565043.8508610877, 5448070.674802867], [565022.8340851514, 5448076.597684062], [565005.8694830299, 5448080.678302827], [564975.8810949635, 5448089.66434525], [564953.9326064456, 5448098.589531199], [564931.9442494764, 5448106.569267008], [564910.9108055211, 5448114.549255791], [564866.8319799651, 5448125.593702124], [564844.9415538451, 5448129.605745138], [564830.8508471919, 5448131.66373782], [564817.9149689446, 5448134.680416645], [564793.8417991694, 5448139.623195203], [564771.8937818278, 5448148.5491809035], [564759.8885310023, 5448153.633737671], [564739.8771472827, 5448154.6663758885], [564719.9131348578, 5448156.644647332], [564706.8170277284, 5448159.659708359], [564680.819161258, 5448161.567367742], [564656.8593055699, 5448165.566974495], [564609.885014969, 5448175.623410215], [564591.8060840053, 5448179.692213528], [564576.8808097487, 5448184.576253864], [564563.8468480157, 5448196.620399687], [564551.9559711734, 5448195.691869912], [564542.8096235876, 5448190.67056884], [564520.9373969369, 5448187.568429246], [564508.8861790809, 5448186.63813568], [564500.9262816587, 5448188.601924421], [564484.8357304444, 5448199.654334938], [564480.8873273958, 5448202.621155907], [564469.8076062612, 5448199.634344423], [564457.8602759413, 5448198.549653087], [564447.8795214463, 5448192.573741326], [564439.8175257173, 5448184.563424733], [564433.8761601998, 5448166.593670593], [564418.9401650098, 5448148.685750458], [564397.8570220349, 5448131.66219272], [564377.92791359, 5448120.656029748], [564355.838412614, 5448118.652822327], [564344.8214645474, 5448119.63609748], [564333.9482362025, 5448122.6779837655], [564324.9364884354, 5448128.587820071], [564304.8397995044, 5448152.580059716], [564295.9550501128, 5448162.616391966], [564285.8117221004, 5448170.5699512195], [564281.9437912232, 5448171.6366986465], [564258.8998267254, 5448169.622639545], [564241.8271244536, 5448158.661354763], [564220.9206295459, 5448139.572621481], [564201.882558076, 5448124.619447124], [564178.8726803534, 5448109.631189015], [564157.948487999, 5448097.669235159], [564133.9106982234, 5448084.559341485], [564110.8606033952, 5448068.614799423], [564089.8156159946, 5448057.607831632], [564079.8504910963, 5448054.634722658], [564055.8687223833, 5448041.692602146], [564033.9395289429, 5448034.633645929], [564015.8778949117, 5448031.566762576], [563996.8544801408, 5448024.697323906], [563980.8623639201, 5448021.665585687], [563961.8059488388, 5448017.642199893], [563960.0, 5448017.109230744], [563960.0, 5448029.800481658], [564018.867509898, 5448047.069914332], [564268.7136038387, 5448191.697601821], [564362.4579082674, 5448138.945952397], [564407.7543206499, 5448160.159448522], [564448.4648602284, 5448220.64865785], [564510.3889726595, 5448235.84127219], [564665.3395101272, 5448170.329397369], [564727.2636455292, 5448185.521522496], [564799.0765446181, 5448150.113530378], [564882.9312952246, 5448147.960145901], [564993.3017375929, 5448089.185480883], [565015.9501446849, 5448099.791731298]]], [[[568309.5673590943, 5443634.296589853], [568299.2790682868, 5443634.227832125], [568268.7090757313, 5443626.946843365], [568259.7367040417, 5443629.061249067], [568255.3274692284, 5443631.921493737], [568250.4703390857, 5443646.529024291], [568279.5543239278, 5443635.993271113], [568331.6730453891, 5443660.392875314], [568330.3808313444, 5443657.335973071], [568324.2706760088, 5443646.14907762], [568314.0237539327, 5443637.200114911], [568309.5673590943, 5443634.296589853]]], [[[568357.0002221573, 5443659.346672836], [568372.1340820414, 5443657.056971685], [568367.8853790786, 5443656.212706966], [568357.9640835873, 5443658.470880786], [568357.0002221573, 5443659.346672836]]], [[[566484.9692380575, 5443656.012604211], [566446.3381012757, 5443662.309785605], [566421.2034889726, 5443662.3151126085], [566415.3027249883, 5443664.340928287], [566411.8080590419, 5443668.249887257], [566411.9186465343, 5443670.287425348], [566462.9817380855, 5443682.811407219], [566496.2307060871, 5443670.769195556], [566500.7646999283, 5443661.085945047], [566496.7892350161, 5443657.945592214], [566484.9692380575, 5443656.012604211]]], [[[568147.0992592362, 5443683.508545284], [568146.5611315166, 5443684.170164059], [568147.0255141138, 5443686.093737568], [568147.0992592362, 5443683.508545284]]], [[[566285.5013510571, 5443689.9646048], [566283.8408346552, 5443689.2075156085], [566281.5091503022, 5443686.181887551], [566271.5257163254, 5443684.987273522], [566267.4980673356, 5443686.584131948], [566267.3507351904, 5443687.846549408], [566285.5013510571, 5443689.9646048]]], [[[568201.3110567232, 5443961.295772737], [568209.6810106081, 5443951.801313044], [568212.2743044009, 5443947.7363593755], [568215.1095151938, 5443938.115783843], [568214.4141203372, 5443906.325711768], [568214.4091862066, 5443906.101528405], [568209.3898965992, 5443874.560290073], [568206.5744140609, 5443856.86798267], [568201.7933428992, 5443849.936552553], [568197.4669405271, 5443838.024562233], [568192.160213535, 5443831.33463236], [568189.1460695864, 5443824.203872138], [568182.2971661178, 5443817.540846638], [568178.9556161979, 5443816.136493314], [568175.1298248784, 5443816.863429469], [568170.112803805, 5443814.100511191], [568158.4185311624, 5443789.750513675], [568156.0301127962, 5443781.894219046], [568149.445248342, 5443795.959588347], [568214.2465657113, 5443922.93162513], [568191.4789424859, 5443971.563830623], [568194.4958411412, 5443969.95095758], [568197.9343875393, 5443967.151981253], [568201.3110567232, 5443961.295772737]]], [[[568723.6150720203, 5444156.893394446], [568732.1213155467, 5444158.303313048], [568734.3614107867, 5444155.65556343], [568734.7838655025, 5444151.743319084], [568729.0972384925, 5444150.153008169], [568723.6150720203, 5444156.893394446]]], [[[568789.9662609716, 5444175.949953451], [568804.5655527918, 5444179.256939063], [568809.31281045, 5444182.294338519], [568827.3764306959, 5444188.168445242], [568841.3462509536, 5444196.469694872], [568850.6519537997, 5444198.9750260785], [568864.0717082081, 5444205.26715818], [568875.5803408596, 5444191.116835954], [568764.9667867373, 5444160.18397326], [568766.2257717788, 5444163.216038234], [568771.5802434704, 5444165.248871124], [568774.7791210164, 5444168.557592572], [568782.2590164345, 5444167.175547574], [568789.9662609716, 5444175.949953451]]], [[[566662.2656923811, 5444197.8214255655], [566656.1971757312, 5444202.285829419], [566651.4248053979, 5444210.185579232], [566643.9349780414, 5444212.314585002], [566640.3739441102, 5444216.445503056], [566627.1098554619, 5444223.988450467], [566600.6104200731, 5444235.724789516], [566599.3717910798, 5444237.582321574], [566601.5994920463, 5444240.094292799], [566619.68376269, 5444240.800746599], [566622.4107027599, 5444226.84208281], [566673.0046029801, 5444236.725976151], [566759.0053823444, 5444205.5772288665], [566756.2883503211, 5444201.489509551], [566754.214160405, 5444196.026934499], [566753.166949151, 5444192.121703046], [566749.6687301765, 5444191.010799346], [566743.8634562952, 5444192.195712952], [566738.6419663706, 5444197.301907474], [566732.7403740503, 5444198.343426919], [566721.0705820797, 5444195.997190145], [566705.8174815007, 5444196.308062618], [566686.214937207, 5444194.1638351055], [566681.7254987337, 5444196.0034979], [566677.2088705949, 5444194.058787753], [566670.1495384392, 5444194.850888202], [566662.2656923811, 5444197.8214255655]]], [[[567055.556060792, 5444388.231903962], [567079.917126245, 5444399.6379326545], [567135.0930477852, 5444370.249929101], [567208.3338218065, 5444390.736095663], [567216.7342126048, 5444386.261817016], [567212.7795442345, 5444382.059313952], [567208.5537718983, 5444380.56895908], [567204.146971533, 5444375.091886754], [567196.0619678744, 5444369.14399249], [567190.5009865045, 5444366.820853133], [567165.3451489867, 5444366.28814129], [567160.0063169554, 5444364.66760843], [567142.7665160561, 5444366.112757095], [567124.9961478513, 5444371.071181248], [567092.7896671316, 5444377.001555074], [567081.8843002453, 5444382.047546282], [567058.0389954142, 5444388.042594274], [567055.556060792, 5444388.231903962]]], [[[566896.4173783418, 5444403.166323901], [566865.113373678, 5444410.834422561], [566841.3051031156, 5444421.153980186], [566830.2604323272, 5444423.086429439], [566830.7637306127, 5444425.879966217], [566834.7149188945, 5444428.124267785], [566847.7478503064, 5444431.845339471], [566852.9563140624, 5444435.857858072], [566859.4597109562, 5444438.689602703], [566906.9275508416, 5444415.280549823], [567002.0947202755, 5444418.422595163], [567009.8262377076, 5444393.069651983], [567006.6144993451, 5444393.266949281], [566997.6345699646, 5444396.76931827], [566990.7417079837, 5444396.085411971], [566984.3245677564, 5444398.8106523035], [566948.5380241768, 5444401.029189432], [566925.9251187153, 5444398.133933925], [566896.4173783418, 5444403.166323901]]], [[[567578.5268266809, 5444425.899029086], [567574.2845876332, 5444424.402551623], [567556.8278671278, 5444412.228313116], [567546.9568266813, 5444409.955934214], [567539.8231593665, 5444405.210101897], [567527.2197270814, 5444401.958846322], [567517.1450701898, 5444402.447285707], [567504.8482943155, 5444399.286469066], [567471.4396144492, 5444395.065750024], [567468.266451968, 5444395.065345622], [567545.1503799097, 5444437.9887717515], [567578.5268266809, 5444425.899029086]]], [[[566682.7956354823, 5444459.036317496], [566677.4160788028, 5444459.031193529], [566649.6570102876, 5444469.610283583], [566644.8031846287, 5444469.91647723], [566629.4495457924, 5444477.659604687], [566615.611060465, 5444479.807987293], [566591.0924398795, 5444489.341995434], [566559.7490538729, 5444496.963806285], [566552.3635496174, 5444500.280377212], [566544.0224419081, 5444500.1277355645], [566537.6427056082, 5444505.95956852], [566526.8176595327, 5444509.0031250315], [566518.1754102347, 5444515.890599069], [566500.8915995646, 5444534.5773601625], [566498.1077405002, 5444539.576964971], [566500.4696574731, 5444546.137769913], [566505.4214884314, 5444553.844988639], [566512.1118448204, 5444567.954112158], [566513.2314903006, 5444548.4707865035], [566712.7308314804, 5444476.214702293], [566763.3252010443, 5444486.098539428], [566841.6575082283, 5444447.468802809], [566839.5403477831, 5444444.664034967], [566829.8614722493, 5444436.350609274], [566828.1705037032, 5444428.236426687], [566823.6701669695, 5444426.17898779], [566806.7523457824, 5444432.118481767], [566794.5323114577, 5444431.970942278], [566779.3521228883, 5444435.18759675], [566773.405744819, 5444434.161653846], [566769.7537775063, 5444436.951223756], [566752.7260150941, 5444440.15100642], [566741.9450808032, 5444444.176136243], [566725.1867438022, 5444446.908971426], [566704.2977339274, 5444453.234356371], [566694.8004679026, 5444454.197078795], [566682.7956354823, 5444459.036317496]]], [[[567713.9718726114, 5444477.622360225], [567714.2797252713, 5444489.56174644], [567883.2253339022, 5444556.866676401], [567878.5743588567, 5444551.752107803], [567872.9464248337, 5444548.5716681965], [567863.8671135146, 5444538.066594097], [567844.5657865785, 5444524.035977184], [567840.0705465061, 5444522.179912777], [567826.8316863863, 5444512.111886933], [567822.9312377125, 5444511.856285725], [567795.0598028647, 5444498.943373333], [567777.8011166574, 5444493.203523375], [567772.4190168391, 5444487.200378634], [567766.8971632065, 5444489.712097875], [567756.5080679321, 5444488.539141141], [567749.4866427163, 5444484.990107656], [567716.1271118938, 5444478.446927299], [567713.9718726114, 5444477.622360225]]], [[[568031.1823311514, 5444629.330474535], [568032.3365851999, 5444631.403805399], [568031.9688070455, 5444633.677932673], [568025.1909085318, 5444636.589037056], [568023.1086572392, 5444629.729798227], [568008.9292707391, 5444619.165217612], [568001.3040894261, 5444615.787517464], [567996.5652590478, 5444615.782218963], [567968.9090363822, 5444599.267114011], [567962.7995085876, 5444596.898285394], [567955.5213470265, 5444596.426434991], [567937.5807584617, 5444585.660380922], [567933.2151804436, 5444581.649555085], [567918.4553752734, 5444574.417278273], [567940.7476001394, 5444595.588569308], [567936.1671052984, 5444634.8602128085], [568049.401825566, 5444687.873222921], [568049.0459699257, 5444698.663789357], [568052.663514279, 5444693.687636191], [568062.8545322865, 5444691.445596804], [568066.2666519312, 5444687.566166918], [568064.2897337998, 5444678.233720455], [568061.992092832, 5444673.155589457], [568055.8740800349, 5444665.879145471], [568054.6945065655, 5444661.0549760945], [568055.6401354283, 5444654.467996909], [568059.9475270436, 5444653.932238066], [568060.3311554138, 5444650.954278083], [568058.0572787055, 5444647.092207604], [568054.5101654066, 5444649.502492042], [568052.2859556802, 5444648.589304971], [568051.2377839285, 5444643.394824155], [568052.4879741538, 5444639.351461795], [568048.254274305, 5444626.906031624], [568042.7182159845, 5444626.1785066165], [568041.4986377268, 5444629.637488003], [568039.2989673913, 5444630.94365077], [568031.9524631214, 5444627.961490553], [568031.1823311514, 5444629.330474535]]], [[[568052.758491832, 5444727.761834549], [568050.7515241242, 5444721.340944237], [568048.2959832107, 5444721.405037148], [568047.8694064574, 5444734.34074995], [568087.4724115254, 5444729.810723492], [568084.9307230704, 5444727.119870807], [568072.8101457317, 5444725.873097629], [568059.6345384299, 5444728.290574409], [568052.758491832, 5444727.761834549]]], [[[568140.246536308, 5444770.203724151], [568138.9604790519, 5444769.543305649], [568137.4707065304, 5444767.629869269], [568138.2699972854, 5444765.101620752], [568143.708742618, 5444764.102614718], [568145.7462098746, 5444764.412810393], [568153.8708735481, 5444755.857809617], [568140.1200148423, 5444751.041338144], [568128.0705303933, 5444749.168530315], [568123.4313833034, 5444750.6865554], [568120.6973427683, 5444756.115998733], [568116.925480268, 5444758.192466783], [568105.4332725917, 5444761.51294066], [568087.4398991719, 5444764.3012713315], [568062.6169013374, 5444764.855147696], [568046.6977155127, 5444769.868395771], [568046.2632985115, 5444783.041685938], [568102.8809987444, 5444809.548166803], [568140.246536308, 5444770.203724151]]], [[[567197.9290421928, 5444855.252306442], [567231.6656732057, 5444755.861049642], [567216.1064820068, 5444754.830142938], [567180.0539715656, 5444760.081165941], [567168.708403225, 5444760.082639933], [567129.9887797729, 5444823.44237728], [567152.1163459858, 5444864.986713102], [567153.7037285755, 5444864.982313432], [567177.0831157931, 5444871.282215604], [567192.648333821, 5444872.876457383], [567198.8862001657, 5444875.051540918], [567209.5644005899, 5444874.448797782], [567197.9290421928, 5444855.252306442]]], [[[566918.0429306978, 5444834.392879712], [566924.0295771448, 5444839.34803113], [566934.350016075, 5444828.481958191], [567006.8718619043, 5444821.0205898695], [567018.4805213392, 5444796.226931559], [566990.5530459575, 5444793.97249991], [566960.3361855348, 5444800.223828908], [566914.9044378117, 5444805.885248842], [566895.8073958704, 5444813.169255425], [566890.7725652006, 5444817.586591374], [566889.2967087072, 5444823.090457727], [566898.0559866751, 5444828.251966206], [566918.0429306978, 5444834.392879712]]], [[[568008.332979281, 5444913.969499226], [567994.496779835, 5444915.086294322], [567983.1112457836, 5444919.141474284], [568005.2944842913, 5444929.526981375], [568008.332979281, 5444913.969499226]]], [[[567966.4512180141, 5444923.268587334], [567957.3342065307, 5444924.042040543], [567940.3460536604, 5444930.104031761], [567922.8386824577, 5444933.835538049], [567919.0626314017, 5444935.213145065], [567916.857670713, 5444938.7079509], [567923.4254930865, 5444946.674392919], [567981.7234637777, 5444919.357196277], [567972.9247285929, 5444920.038220145], [567966.4512180141, 5444923.268587334]]], [[[566471.6131026656, 5445004.244754762], [566462.0890353735, 5445003.443263034], [566448.0252549369, 5444997.422499579], [566417.2468436172, 5444988.230677022], [566409.6264077608, 5444982.094622882], [566403.8375479535, 5444980.724892634], [566396.8291352898, 5444975.940114162], [566390.5514681498, 5444974.11177354], [566384.6029201933, 5444968.41506199], [566379.3471361431, 5444965.746466617], [566362.9027613186, 5444962.052494104], [566355.2406262554, 5444957.1990665225], [566345.7108284365, 5444957.060840582], [566334.3647782375, 5444952.281632905], [566301.8979650685, 5444945.360675369], [566297.6222678146, 5444943.061516659], [566289.0461441337, 5444944.040231969], [566271.6750537776, 5444937.28473989], [566242.504930526, 5444939.289629955], [566194.9101629122, 5444937.86930142], [566180.5909245907, 5444940.942260445], [566164.7572255135, 5444940.82432583], [566149.8520980969, 5444944.256897792], [566138.6112287975, 5444943.111963908], [566119.6318122571, 5444948.020847618], [566085.7410871183, 5444945.060615705], [566062.363167146, 5444947.227301529], [566049.1590725146, 5444944.231977883], [566036.8989145049, 5444943.836788579], [566024.801462059, 5444946.339711503], [566002.8312683145, 5444952.960606764], [566002.4242322126, 5444953.150855951], [566187.9216788942, 5444948.378563055], [566305.7369392883, 5444962.127114148], [566571.4748699137, 5445072.749096904], [566570.5152490031, 5445035.472334609], [566570.0526658964, 5445035.285587397], [566564.8602535505, 5445036.939773389], [566560.0350464822, 5445032.103742049], [566550.8425859349, 5445029.235362227], [566540.306945748, 5445030.039965215], [566526.535905911, 5445026.70101331], [566518.1638114045, 5445027.314777292], [566508.1038216283, 5445025.041930024], [566503.6337740351, 5445021.086774607], [566501.5625078126, 5445014.501821799], [566493.2587820905, 5445014.81624878], [566471.6131026656, 5445004.244754762]]], [[[568417.2476568904, 5445122.40267511], [568415.181800977, 5445116.218160963], [568415.4280531222, 5445112.790398168], [568412.1708509553, 5445108.056027182], [568408.8311701831, 5445097.073879632], [568408.1612007364, 5445088.556450605], [568399.9945215994, 5445082.911977587], [568395.8345440875, 5445077.874249893], [568392.192295728, 5445080.032451071], [568386.3897081412, 5445079.90475861], [568392.0294263538, 5445088.269323594], [568388.5037135528, 5445092.134325086], [568385.4349489126, 5445091.545883145], [568373.1230857262, 5445073.304074904], [568371.0957024973, 5445067.34410401], [568371.2448528995, 5445063.222580799], [568366.7406332117, 5445054.888187171], [568367.5730161527, 5445053.136362807], [568369.6004870643, 5445052.73590665], [568374.6618475295, 5445056.04638421], [568376.6326851199, 5445055.096904185], [568372.746804105, 5445043.498017677], [568367.9882357076, 5445038.811794716], [568369.2276189342, 5445035.928497336], [568368.8419141413, 5445033.796385235], [568362.3961717015, 5445029.934993646], [568359.3070962625, 5445037.871035848], [568350.8310868138, 5445035.8103194935], [568348.0038129837, 5445032.042594694], [568335.8060612069, 5445022.193934106], [568333.8055524311, 5445018.070969626], [568324.1369414545, 5445012.228175141], [568320.568578555, 5445008.455768501], [568321.3610146263, 5445005.991659166], [568328.1352758538, 5445004.029640284], [568328.2863564336, 5445002.289091236], [568326.246635566, 5444999.993286334], [568307.0735933159, 5444991.719842882], [568297.2275616734, 5444982.637623756], [568297.5454603975, 5444983.5151397195], [568287.6641081348, 5445034.111053061], [568346.4461480064, 5445144.463342134], [568332.4731525285, 5445155.517612555], [568334.9114264157, 5445156.060685988], [568340.3844013856, 5445155.292991175], [568357.379991596, 5445158.082974177], [568371.3771241917, 5445164.118912819], [568376.5854556013, 5445164.020307003], [568387.9204706716, 5445169.047410744], [568394.4026421816, 5445170.070868754], [568395.8738720844, 5445173.691926778], [568397.8380967675, 5445174.915206371], [568400.951850761, 5445170.432118348], [568404.93813454, 5445172.98869543], [568414.0628289202, 5445174.77975345], [568419.3468852015, 5445173.783335361], [568418.1650089588, 5445169.445111365], [568419.4618356581, 5445164.400789483], [568418.8459616329, 5445150.714475324], [568417.6783989337, 5445137.758368637], [568416.0591562476, 5445132.372706398], [568417.2476568904, 5445122.40267511]]], [[[567819.2213155505, 5445547.884633743], [567817.2349597258, 5445530.0110352365], [567818.2822327921, 5445523.249417089], [567815.9525758382, 5445519.706807536], [567811.418496473, 5445496.428004306], [567807.6372999779, 5445483.135947621], [567801.0155057819, 5445468.369303621], [567791.487421057, 5445459.003529948], [567782.5576751479, 5445445.474623846], [567778.4297439802, 5445442.076387909], [567769.0031526012, 5445437.9999114685], [567763.3460070256, 5445428.486001779], [567749.8235653122, 5445415.920363496], [567746.2408472971, 5445407.252855531], [567736.7830748816, 5445400.855649054], [567730.2184578065, 5445392.296350571], [567726.3514427528, 5445389.940281154], [567717.0503711042, 5445389.325400857], [567701.3519152311, 5445378.826838579], [567683.8996959382, 5445357.233473555], [567680.2194865871, 5445356.759607705], [567674.3114796858, 5445359.435262585], [567666.710948504, 5445358.998028043], [567658.2190174775, 5445364.305250459], [567652.0960468121, 5445363.259830085], [567643.2767279858, 5445358.176502927], [567639.0211267843, 5445353.626157706], [567638.6135052947, 5445345.313096209], [567637.1752270749, 5445343.1056171255], [567625.8248966828, 5445339.807201681], [567624.1677488735, 5445337.163702522], [567623.2383686537, 5445331.731991891], [567620.2336766941, 5445327.536470373], [567613.8266438141, 5445325.278985609], [567610.118676105, 5445317.980784384], [567598.2295204905, 5445310.532548669], [567595.5504961393, 5445305.985863852], [567596.1252623053, 5445300.629938498], [567594.1866502225, 5445297.0141660245], [567587.87695134, 5445294.921526389], [567582.5486489006, 5445289.984918444], [567578.1100427763, 5445288.281230794], [567560.8888844425, 5445286.269835858], [567539.7124855157, 5445281.203870003], [567533.5386433783, 5445281.378224303], [567525.6701194181, 5445287.8685671175], [567520.0944076616, 5445289.2871534135], [567477.8365774498, 5445286.432727823], [567426.9933948922, 5445274.079384367], [567404.1236886358, 5445270.242782015], [567399.6273714657, 5445268.504310615], [567391.88722778, 5445261.415709976], [567385.1205792667, 5445257.685312823], [567381.3100593297, 5445257.503930304], [567375.7109736952, 5445261.17569425], [567368.3679143349, 5445261.351506671], [567363.9280889152, 5445253.366124127], [567358.19174719, 5445247.336072336], [567339.5671368819, 5445239.551562264], [567327.6754736064, 5445231.427078474], [567324.5661976069, 5445227.7900062455], [567320.6644577176, 5445219.308828165], [567320.1147458621, 5445215.463054027], [567311.2535571399, 5445207.430967227], [567315.2500647183, 5445196.477109144], [567318.9443045452, 5445194.179877815], [567318.8327088195, 5445192.2456256645], [567315.0097299612, 5445191.248716461], [567312.752326465, 5445194.952034764], [567308.1465064081, 5445194.86756659], [567306.4577115139, 5445191.567536653], [567294.1547970485, 5445185.61183248], [567278.1086640907, 5445171.178478411], [567270.2295251113, 5445167.168065225], [567264.3656061572, 5445160.266485954], [567255.7186383052, 5445159.070792914], [567244.0273489048, 5445160.109927882], [567232.0909291467, 5445153.215801346], [567227.3325916523, 5445155.96464333], [567216.4100155126, 5445154.309841995], [567203.6620020291, 5445150.338052494], [567193.837027641, 5445145.242062669], [567181.8415422988, 5445143.748687924], [567170.7670085407, 5445144.67122054], [567162.6952690617, 5445140.166362068], [567142.6501842097, 5445143.485781492], [567130.1116398828, 5445140.557449172], [567117.6868153835, 5445143.085389171], [567105.2781223494, 5445138.110525888], [567082.9385913553, 5445137.182503981], [567063.384415155, 5445139.165587739], [567057.7945047196, 5445137.392150865], [567049.1478606276, 5445138.2928141765], [567039.6640416323, 5445137.00674669], [567032.3474959178, 5445139.046066001], [567023.510716322, 5445135.186807064], [567017.5025522073, 5445134.825630801], [567009.1435304908, 5445138.310653249], [567002.5840104903, 5445138.103288348], [566995.2978689731, 5445135.449494065], [566983.9495543315, 5445138.216342548], [566972.497382384, 5445134.015083818], [566962.6461243377, 5445136.096761235], [566954.2129314187, 5445131.125491414], [566943.5038759669, 5445130.897012719], [566936.2518103481, 5445127.064123732], [566922.0022723551, 5445127.858469653], [566904.5508332916, 5445122.824121114], [566894.5434232022, 5445117.070473456], [566877.2491088635, 5445116.642402904], [566869.5212840925, 5445112.544765302], [566853.949661639, 5445110.392940715], [566850.8732524138, 5445104.397691592], [566843.6174872267, 5445100.733130005], [566838.1851390657, 5445099.429920327], [566830.2787613916, 5445100.78756715], [566824.1308116467, 5445096.179386096], [566822.8303025168, 5445096.352739477], [566858.4222613805, 5445138.075381508], [566915.039473557, 5445164.584496252], [566936.9665429804, 5445147.2394011365], [567194.5266608768, 5445157.384908165], [567302.4602535965, 5445221.72535019], [567325.8275844733, 5445260.27750122], [567439.0635063979, 5445313.294091371], [567516.8880970087, 5445294.507749242], [567596.1535532413, 5445331.618930086], [567801.421326077, 5445482.944956333], [567821.3028908414, 5445558.634247084], [567821.7575803982, 5445559.057769891], [567823.1154838535, 5445554.242740722], [567819.2213155505, 5445547.884633743]]], [[[568606.8256750475, 5445698.988130084], [568607.3109123263, 5445687.58753505], [568595.3104801254, 5445676.415262573], [568592.3934647826, 5445667.198072322], [568591.9505439433, 5445660.457844471], [568587.1934570172, 5445655.834158941], [568583.9297424816, 5445646.984806916], [568579.7160277417, 5445641.620381034], [568575.146574011, 5445629.6338581005], [568571.2602235301, 5445624.10570731], [568570.703616647, 5445621.317029474], [568572.1765483384, 5445616.854281119], [568567.10335096, 5445613.887292778], [568563.9799480065, 5445610.074796532], [568564.0395277907, 5445601.669051414], [568555.6965185556, 5445597.174622879], [568549.4176270585, 5445583.486602266], [568548.277609938, 5445577.09597244], [568531.7401844276, 5445555.052412334], [568530.075776484, 5445545.179133786], [568523.8927464039, 5445536.660672552], [568521.2714397283, 5445520.53883034], [568517.1567822115, 5445512.43854779], [568512.1389393597, 5445510.29940882], [568512.1248258803, 5445507.04791415], [568514.4865686048, 5445502.017212186], [568514.6329291199, 5445497.4934102455], [568509.5304723782, 5445489.490762694], [568510.8935908523, 5445478.085942593], [568508.047089049, 5445475.170674829], [568504.4107265099, 5445474.456912114], [568502.0159808956, 5445463.83409347], [568501.7372149087, 5445452.96389074], [568500.1070699769, 5445449.410892965], [568494.2703904463, 5445443.717419423], [568494.5973067601, 5445441.334642642], [568498.4879863674, 5445436.3692030115], [568495.2831434772, 5445417.367718046], [568496.3188697144, 5445411.569369767], [568495.758512925, 5445400.746280307], [568491.4877468838, 5445388.973642483], [568487.3562007702, 5445383.912763157], [568486.6317809813, 5445379.597606248], [568487.4807399664, 5445372.544427501], [568485.4323823111, 5445368.391421597], [568482.6768057693, 5445365.999158898], [568481.1609816095, 5445360.0268249195], [568463.0434951097, 5445353.494475004], [568461.1188614095, 5445349.124381617], [568466.4246113286, 5445344.927458249], [568465.5299851745, 5445340.102992205], [568460.6114336302, 5445335.687559705], [568459.1177197023, 5445332.305570937], [568452.1245202215, 5445327.122107881], [568440.0478302145, 5445326.234087293], [568438.402338716, 5445321.947183798], [568440.4508263832, 5445317.852230196], [568440.5027625936, 5445315.2004660275], [568431.9837665637, 5445305.252683061], [568430.442988277, 5445305.387312224], [568429.2215935952, 5445309.470762847], [568431.0019954059, 5445312.587155637], [568428.422405288, 5445314.152785613], [568423.8454488199, 5445307.4199874], [568415.869834175, 5445300.442421626], [568406.883067692, 5445294.961815341], [568399.3729310886, 5445284.571839735], [568399.3865574916, 5445282.169418616], [568405.547701132, 5445279.872812583], [568402.1289896629, 5445276.648795414], [568401.0065758978, 5445273.348962484], [568385.2359903511, 5445272.028222534], [568369.8408531462, 5445264.118499875], [568355.1457061938, 5445260.427439596], [568349.3015131972, 5445255.151222363], [568334.721223303, 5445250.639198144], [568334.2744227024, 5445243.416785368], [568331.6660403842, 5445240.606356669], [568318.2130806725, 5445236.064342396], [568296.3370652616, 5445231.82781586], [568287.7135644265, 5445232.36163966], [568282.1095727588, 5445252.399478282], [568339.6442443756, 5445386.125158431], [568343.5946677068, 5445384.996960922], [568344.63123272, 5445379.5248182425], [568346.2331602938, 5445376.973561642], [568357.7402611704, 5445371.93243488], [568376.1120804008, 5445366.333352145], [568391.3199806972, 5445369.3609972], [568391.402116874, 5445371.676827872], [568388.6122787402, 5445375.083448929], [568381.7114037342, 5445380.257654539], [568371.425255803, 5445382.08211613], [568363.4234529213, 5445386.3499402525], [568348.8371049425, 5445389.461340093], [568345.2033738452, 5445393.252187179], [568455.5729384809, 5445471.663526852], [568457.0155573545, 5445527.561646096], [568519.6577382779, 5445570.693270792], [568568.5605471012, 5445731.6444425415], [568676.4994714173, 5445795.981226386], [568683.2969118073, 5445804.573264732], [568680.2431046825, 5445798.336815462], [568675.9591582563, 5445794.846921568], [568672.4165727209, 5445787.053196593], [568673.3913295318, 5445779.639121326], [568672.1161398079, 5445776.108699099], [568667.8519894377, 5445772.293420187], [568655.23233733, 5445769.2053136695], [568652.8680009652, 5445765.156178607], [568647.1308514741, 5445761.727067904], [568639.9650933957, 5445753.019137472], [568636.7708959485, 5445747.019798731], [568636.3938683417, 5445741.445791601], [568631.0762146797, 5445740.0177521575], [568629.8726722777, 5445737.407753793], [568630.2274794673, 5445732.499959064], [568608.4718639064, 5445702.936317692], [568606.8256750475, 5445698.988130084]]], [[[567826.2309332112, 5445577.395286759], [567829.0817806887, 5445579.3583138045], [567828.0654424154, 5445574.783812522], [567825.5862755798, 5445573.379145108], [567825.2936756953, 5445573.8271935], [567826.2309332112, 5445577.395286759]]], [[[568691.1347719356, 5445813.08093726], [568685.2864053, 5445807.087997457], [568696.8296010608, 5445821.678650624], [568696.750546455, 5445821.393483424], [568691.1347719356, 5445813.08093726]]], [[[568317.7084442369, 5445879.863922183], [568313.5905030901, 5445865.827751771], [568309.1358184129, 5445858.684881843], [568307.1078027271, 5445850.447044317], [568292.0434996728, 5445831.95666781], [568285.9702651622, 5445814.668062694], [568284.3820491496, 5445803.183555551], [568279.2277826467, 5445794.420944761], [568274.3775385555, 5445781.710816029], [568270.3847927775, 5445775.803637033], [568270.4763350111, 5445770.038092075], [568269.3383524886, 5445765.978766827], [568261.9032495575, 5445765.020559653], [568249.0067755892, 5445757.288693823], [568241.4745729291, 5445756.226485292], [568234.348231332, 5445752.388784501], [568224.3596869125, 5445736.319947551], [568204.8888674538, 5445710.46625056], [568197.7520999912, 5445704.1076821955], [568195.0695052019, 5445699.705165476], [568190.0541763136, 5445698.0088128], [568180.8482218981, 5445689.966934183], [568172.6657932537, 5445679.484019503], [568171.7997952552, 5445673.42593077], [568167.6442874237, 5445668.996529368], [568161.9643548499, 5445666.082260503], [568150.9775310372, 5445664.96551159], [568140.4185502811, 5445665.968524607], [568147.8792071377, 5445686.564109247], [568273.8845894994, 5445800.778431737], [568328.0877880199, 5445950.407226181], [568414.100055351, 5446032.092160562], [568419.4243390101, 5446045.136462746], [568419.3813433996, 5446038.941654399], [568417.1260018174, 5446036.30640702], [568415.3518165499, 5446029.894896448], [568412.4665095637, 5446024.575746427], [568411.8590193053, 5446015.705151011], [568404.2859884605, 5446000.058068595], [568399.4893565595, 5445994.54436361], [568390.8008881796, 5445988.978046903], [568389.5511751246, 5445982.965597634], [568384.5047500641, 5445985.008841312], [568375.9458127619, 5445978.878027184], [568365.8790956493, 5445965.334963904], [568355.5555706545, 5445954.94975325], [568350.2085855709, 5445945.414342187], [568344.3445451304, 5445924.234283108], [568335.7130601368, 5445918.794029397], [568332.9173470946, 5445910.598806939], [568325.0139232079, 5445902.192604656], [568324.2302853403, 5445898.183187639], [568318.5258934669, 5445886.41509467], [568317.7084442369, 5445879.863922183]]], [[[569954.5310975855, 5446055.514012088], [569947.9345699047, 5446054.16973866], [569940.3757467315, 5446063.528556289], [569930.3931499893, 5446068.444554989], [569937.3630581287, 5446072.944967835], [569960.0, 5446083.408681308], [569960.0, 5446057.315915762], [569954.5310975855, 5446055.514012088]]], [[[568489.251489433, 5446160.496850016], [568487.3089625721, 5446142.691121742], [568479.4384788082, 5446128.125107635], [568479.4670840905, 5446123.409230522], [568477.7495839424, 5446118.518609406], [568469.1368335461, 5446109.091161825], [568448.8631295969, 5446094.07207672], [568440.0953034305, 5446085.362828478], [568429.5920505363, 5446070.046949685], [568497.6967784963, 5446236.900092107], [568582.9531394158, 5446317.8662819145], [568574.3883645503, 5446294.443310806], [568561.7830213304, 5446274.684194071], [568543.8233436913, 5446255.738641467], [568536.8440257849, 5446250.909434264], [568523.5520857021, 5446235.599141808], [568507.2872998544, 5446210.364984473], [568499.2800638585, 5446192.167568711], [568493.4280829834, 5446171.13113123], [568489.251489433, 5446160.496850016]]], [[[569063.0024858537, 5446327.4720962], [569057.2538085338, 5446316.5857662745], [569054.8556260095, 5446309.029535074], [569048.9029383451, 5446304.347638508], [569046.9653455699, 5446300.330392572], [569039.0964113504, 5446295.403087573], [569030.5847487382, 5446281.201032233], [569016.554334906, 5446272.620643426], [569013.0495963803, 5446266.401922799], [569010.2326533361, 5446266.143527367], [569002.1035845232, 5446270.4283602135], [568995.3459216849, 5446271.033372473], [568984.4322015924, 5446269.050003645], [568977.512292391, 5446270.251685413], [568959.8376115243, 5446262.819237722], [568943.7241075388, 5446260.198654115], [568929.810752313, 5446260.135512371], [568914.0329520138, 5446256.703437844], [568894.4480458455, 5446259.20499697], [568872.6652158834, 5446255.751649732], [568862.2480497207, 5446254.333130946], [568851.7939623252, 5446256.8745487435], [568839.355214021, 5446263.436039973], [568833.8107345687, 5446271.165134934], [568819.8301995979, 5446272.937061992], [568815.8978065607, 5446275.059034874], [568809.4207931433, 5446274.349624167], [568793.0722474395, 5446276.265465025], [568782.8209017713, 5446274.5446035005], [568778.1067270051, 5446277.86232514], [568769.8803110839, 5446274.9113719165], [568760.2311537929, 5446281.9901613975], [568752.3378116612, 5446280.153816451], [568749.1002276383, 5446283.084813454], [568742.8744114521, 5446285.033288783], [568726.0656539975, 5446285.572843047], [568723.6013389791, 5446290.445246245], [568716.2987962611, 5446291.577089576], [568700.1399973563, 5446306.910604019], [568689.3889581439, 5446314.314063614], [568688.4820552375, 5446317.9782997575], [568692.5157948531, 5446327.7906783875], [568784.6606391834, 5446302.210487979], [568795.2632712045, 5446279.56197674], [568912.36379953, 5446265.350973835], [568980.3094961406, 5446297.158498065], [568981.0313036735, 5446325.108346844], [569099.575796, 5446366.796327727], [569108.0841671054, 5446371.607016332], [569103.4339086728, 5446367.152227517], [569096.8468678558, 5446364.990906901], [569089.2952264454, 5446352.494056914], [569082.6265611484, 5446346.184760109], [569081.2161558708, 5446341.51084136], [569078.826693376, 5446339.230361523], [569072.3792541977, 5446337.120026792], [569063.0024858537, 5446327.4720962]]], [[[568604.2416674959, 5446369.615245709], [568604.3511796468, 5446368.483609175], [568601.9482378577, 5446363.200290418], [568599.0734639236, 5446360.9941757405], [568601.7788679795, 5446368.46229635], [568604.2416674959, 5446369.615245709]]], [[[569125.230956176, 5446381.301933973], [569123.0308545323, 5446378.177146687], [569110.5800583189, 5446373.01818234], [569125.230956176, 5446381.301933973]]], [[[569292.0354231523, 5446450.012078476], [569280.8850929849, 5446443.86244322], [569275.3216912791, 5446439.233607257], [569273.9237459316, 5446430.816933045], [569269.4073678777, 5446426.339152459], [569258.8821494164, 5446426.423119638], [569250.6433230708, 5446428.93699908], [569246.4927957784, 5446428.210088538], [569241.2791697042, 5446426.06880336], [569238.025615818, 5446421.5382578075], [569231.4106092334, 5446418.433912032], [569231.4353892865, 5446413.313003293], [569229.6903209214, 5446410.946519947], [569224.7651908848, 5446410.479923903], [569221.4598575121, 5446414.303706895], [569213.2195792884, 5446413.071609272], [569173.4982865377, 5446396.975553703], [569163.663862903, 5446403.032150404], [569383.4079711622, 5446527.275644653], [569397.2320973596, 5446497.744062292], [569395.7915569189, 5446496.930698163], [569387.5099873446, 5446495.227600026], [569360.428246112, 5446485.199904858], [569349.1275982602, 5446475.693007395], [569342.6154755249, 5446475.134078947], [569335.9583671793, 5446470.418499992], [569328.4416986305, 5446468.546607325], [569325.3808541524, 5446462.936640831], [569319.3887932792, 5446462.536110301], [569313.6395200545, 5446459.564244595], [569303.3481832414, 5446451.449831892], [569292.0354231523, 5446450.012078476]]], [[[569958.4210258123, 5446775.8714687815], [569951.3596492942, 5446764.371974735], [569949.3489873462, 5446758.417571539], [569940.4842060098, 5446756.351101783], [569933.221562358, 5446748.662833191], [569926.8799677377, 5446745.564062013], [569920.4827354283, 5446736.505983838], [569913.5284551341, 5446733.5434318865], [569897.5364902278, 5446720.424880642], [569892.3049326572, 5446714.565398573], [569878.5544357364, 5446708.418264679], [569868.1022043439, 5446694.177340985], [569853.8486025172, 5446687.592573523], [569806.4532847989, 5446653.237926129], [569771.9791332551, 5446631.533020355], [569753.3233590403, 5446623.159249783], [569745.0243686254, 5446615.504925601], [569730.4791276664, 5446610.982584133], [569718.4197800765, 5446601.267613453], [569714.5576702742, 5446596.413613654], [569696.3600418011, 5446593.141567997], [569682.0889392734, 5446594.205068025], [569687.7250679974, 5446614.504724939], [569812.2954542936, 5446672.815910472], [569824.3426782262, 5446706.067133098], [569960.0, 5446782.764100978], [569960.0, 5446776.419588878], [569958.4210258123, 5446775.8714687815]]], [[[569746.0289441232, 5447138.816273929], [569718.8007988272, 5447167.489467945], [569590.3721286156, 5447176.402870894], [569585.7933251396, 5447215.67834112], [569643.1396542707, 5447270.135032071], [569716.3896909042, 5447290.617237946], [569737.5942866232, 5447245.317974957], [569782.1709856892, 5447238.57174397], [569808.6765420331, 5447181.947708489], [569796.6291587411, 5447148.695926694], [569746.0289441232, 5447138.816273929]]], [[[566918.428204315, 5447250.929902151], [566908.8272297642, 5447261.038447036], [566910.833373236, 5447263.577590386], [566925.9065870803, 5447283.550971429], [566937.6910066582, 5447298.253546561], [566952.4009906002, 5447266.836559763], [566918.428204315, 5447250.929902151]]], [[[569545.6688039601, 5447330.888858148], [569538.8047520462, 5447345.552224892], [569556.614050148, 5447353.888907268], [569551.8280123555, 5447342.630203477], [569545.6688039601, 5447330.888858148]]], [[[569648.8651441217, 5447415.578983206], [569645.8955721658, 5447421.567704277], [569639.9562793882, 5447422.593418538], [569618.8747832436, 5447415.678644583], [569605.5205227858, 5447406.958658688], [569613.4997064056, 5447421.936553658], [569670.1240220632, 5447448.442626803], [569714.7010470938, 5447441.696464453], [569729.8820720143, 5447379.770937416], [569599.2852759806, 5447304.831854739], [569570.5902531609, 5447309.174384575], [569576.8053842634, 5447321.56435218], [569578.8956837916, 5447324.603845928], [569592.9539227654, 5447345.683689352], [569611.9218775261, 5447367.615001004], [569617.816770504, 5447370.691314033], [569628.8223774512, 5447380.647703764], [569645.8804455597, 5447402.554993646], [569648.8651441217, 5447415.578983206]]], [[[567451.9131791191, 5448134.581314097], [567438.9461225912, 5448115.577271777], [567421.8289241521, 5448098.590474627], [567406.9560373924, 5448084.633074122], [567395.820062123, 5448072.622673935], [567392.884528644, 5448070.685589349], [567379.8572023297, 5448056.584013644], [567359.8257904551, 5448040.66258543], [567351.7997810789, 5448033.604559833], [567338.8105536397, 5448011.587334849], [567322.9465429202, 5447991.603123062], [567305.8070806246, 5447971.603403111], [567297.8230456278, 5447961.688497659], [567287.8160451384, 5447952.694036843], [567265.8004454259, 5447938.649921965], [567245.8864761894, 5447925.587794765], [567226.8051009863, 5447904.608458047], [567209.8326521852, 5447884.611113927], [567195.909363495, 5447865.595931599], [567179.823150402, 5447841.640208112], [567163.9508015359, 5447821.656343197], [567145.8804797849, 5447799.588943528], [567137.8597402705, 5447783.658812094], [567125.8381536145, 5447764.667044328], [567108.9044031269, 5447745.615515287], [567092.8317714843, 5447724.6732069915], [567058.8556507325, 5447681.665921492], [567046.86250561, 5447665.687786777], [567033.9323051433, 5447647.641347678], [567014.8886119137, 5447627.608286589], [566992.8275077129, 5447607.54974484], [566977.9125445168, 5447592.648055034], [566968.9162803954, 5447582.554623228], [566964.9248290729, 5447575.701761921], [566948.8164318348, 5447557.616950611], [566934.9382888648, 5447539.548144219], [566928.9414211034, 5447531.559146047], [566912.8923898234, 5447508.5608758535], [566900.8339450823, 5447493.6940284865], [566884.903266672, 5447473.543601214], [566877.872485394, 5447463.640871312], [566867.8230974724, 5447443.572921499], [566849.82881531, 5447424.665046803], [566826.8187095224, 5447404.5957086915], [566810.8520720883, 5447388.569953091], [566808.8416936665, 5447383.631261583], [566797.8591770577, 5447366.554052509], [566780.8543035109, 5447343.544617947], [566764.8478097084, 5447326.573462975], [566742.8658387003, 5447304.615756642], [566723.8242005808, 5447289.653749298], [566690.8954032954, 5447256.634652633], [566666.8720699041, 5447237.665646939], [566645.9204595704, 5447222.680883988], [566625.8890849778, 5447210.564621489], [566602.8393007725, 5447199.679545686], [566579.8687355373, 5447190.68564105], [566558.9041703021, 5447181.571394415], [566541.8373753014, 5447175.662004553], [566521.8248776715, 5447171.618274232], [566501.9155904851, 5447168.68764296], [566482.904577727, 5447165.612291443], [566461.9197709383, 5447163.613949845], [566440.8213085925, 5447162.570499121], [566396.921346315, 5447162.675813371], [566387.868842753, 5447162.56688155], [566370.940072277, 5447167.588935044], [566350.8454322029, 5447177.642810752], [566327.908641602, 5447190.664463996], [566318.2735261053, 5447196.887520118], [566457.7341176734, 5447173.288875977], [566632.8989599353, 5447241.500094551], [566684.9372563756, 5447307.286706362], [566781.5532144066, 5447366.331768459], [566772.3879353104, 5447444.882110038], [566856.9604432244, 5447470.673928374], [566945.1322516733, 5447636.220729235], [567001.7543497467, 5447662.732136548], [567037.1674936581, 5447734.541294071], [567139.8078652801, 5447810.212887614], [567215.9376018719, 5447942.507192473], [567364.5979599026, 5448067.33911248], [567393.9900022825, 5448122.521977224], [567479.2854222767, 5448176.2642957745], [567601.6962403685, 5448150.733243172], [567607.6922785819, 5448144.419973007], [567589.9345199941, 5448143.553193246], [567574.948129773, 5448140.678944098], [567554.939718296, 5448136.642483808], [567543.9080306985, 5448134.606224234], [567533.9409378681, 5448136.696696094], [567509.876821519, 5448155.559122232], [567495.8674723112, 5448164.571412771], [567486.9338131007, 5448168.586974089], [567477.9072479301, 5448167.676042542], [567466.9461592722, 5448158.680740243], [567451.9131791191, 5448134.581314097]]], [[[567496.9127966483, 5447904.581988984], [567498.9004161819, 5447903.610291568], [567488.7087946928, 5447890.726828001], [567437.203861656, 5447866.61239725], [567417.864166544, 5447866.558139269], [567411.8120527035, 5447868.541000867], [567401.9522110082, 5447875.547413932], [567399.8683002731, 5447882.648858575], [567398.9003928411, 5447898.636254511], [567401.8002663942, 5447904.686719521], [567411.8288190179, 5447906.543673278], [567422.8393810357, 5447905.577519047], [567445.8620446259, 5447904.59139938], [567465.8103724967, 5447904.679637553], [567489.866754959, 5447905.5965001965], [567496.9127966483, 5447904.581988984]]], [[[567853.9282722254, 5448562.620243563], [567859.5830379449, 5448564.307953041], [567868.8103233362, 5448531.316704112], [567854.8515218832, 5448535.55842135], [567848.8245486263, 5448545.613161235], [567849.8357178863, 5448554.6537199225], [567853.8889015527, 5448561.674733839], [567853.9282722254, 5448562.620243563]]], [[[567726.8273922643, 5448502.631323949], [567719.917531447, 5448495.575246314], [567708.9395248803, 5448488.636123073], [567704.9326642478, 5448482.571804378], [567703.8532775864, 5448469.572402403], [567700.9147518772, 5448462.56512936], [567669.8400342496, 5448425.604466404], [567669.8185404389, 5448422.60220268], [567673.8861427525, 5448413.624052675], [567684.8783372822, 5448404.575169645], [567690.8653342124, 5448384.691129637], [567690.9195355376, 5448365.668025113], [567663.3635694241, 5448372.906012522], [567636.8527214755, 5448429.53021974], [567648.8980735835, 5448462.784296706], [567746.9610623091, 5448577.7327007875], [567792.2608094794, 5448598.941343], [567811.049867894, 5448676.774785554], [567874.4183886211, 5448747.864880132], [567897.8541888456, 5448812.563392938], [567897.8563635775, 5448808.598594156], [567896.8419764715, 5448785.626782938], [567891.8703193931, 5448765.619176309], [567880.81532024, 5448746.637500083], [567874.8604743516, 5448739.59302002], [567873.8634382506, 5448733.565720532], [567875.8655366078, 5448710.630894802], [567875.8623583708, 5448705.560889692], [567871.9122297333, 5448699.652926345], [567857.9541600272, 5448688.563035097], [567843.9565950091, 5448667.643914646], [567830.8530614988, 5448651.650190846], [567815.8657684412, 5448633.565439136], [567809.8033980891, 5448621.616398141], [567810.8969102044, 5448618.627926626], [567829.8282227565, 5448604.606970836], [567839.8264972781, 5448594.59003555], [567841.8280663388, 5448590.656465245], [567831.8663606555, 5448577.5476941075], [567829.8391806426, 5448574.676517255], [567818.9008374311, 5448568.682647033], [567815.8841147199, 5448568.645588433], [567811.8734508147, 5448567.651201407], [567807.941483129, 5448568.547924282], [567785.9503848385, 5448567.643900986], [567763.9170820833, 5448550.595478379], [567743.9247394572, 5448530.548173814], [567733.918930492, 5448512.69154241], [567726.8273922643, 5448502.631323949]]], [[[567917.8146398261, 5448627.6928909], [567916.8134421078, 5448651.596171921], [567919.9364322473, 5448675.550211945], [567924.9580874154, 5448685.585192046], [567934.8841886636, 5448692.667547381], [567947.6770924019, 5448699.007285963], [567926.7189254621, 5448606.662791885], [567917.9510727313, 5448604.210543535], [567917.954670727, 5448614.552695432], [567917.8146398261, 5448627.6928909]]], [[[567999.8405306663, 5448906.60705015], [568017.8368435627, 5448914.589641855], [568032.9056874508, 5448920.634887946], [568036.8767656554, 5448920.683833513], [568040.902064566, 5448914.562824565], [568040.8204875842, 5448907.590542573], [568029.8980740663, 5448885.608262089], [568028.9277322919, 5448883.693127498], [567994.4125639728, 5448845.465687455], [567998.9938517779, 5448806.18834937], [567977.619745946, 5448774.43823011], [567970.8515676694, 5448770.550084694], [567963.938099554, 5448768.563646525], [567949.8478363836, 5448770.602594949], [567938.8314797785, 5448771.578774778], [567935.9571000744, 5448773.600287709], [567931.8712108942, 5448784.634936077], [567933.8006993991, 5448806.673091361], [567933.90707591, 5448830.578885613], [567935.9573701608, 5448851.673423358], [567942.8274311835, 5448866.634427367], [567956.8240775092, 5448878.681261088], [567978.9308438107, 5448892.573678114], [567999.8405306663, 5448906.60705015]]], [[[569082.8917749459, 5448873.669490734], [569068.8196275472, 5448873.659974591], [569054.9006169245, 5448873.641395067], [569042.9184327498, 5448876.660115508], [569022.8104451844, 5448886.692997682], [569004.9147871499, 5448897.554100332], [569004.725615517, 5448897.7128720805], [569103.3440170907, 5448895.166136042], [569187.9230262025, 5448920.952674038], [569226.4787287902, 5448897.579988933], [569277.0817797317, 5448907.461254366], [569283.0988841115, 5448894.607542522], [569266.836803952, 5448890.5528252665], [569243.8514427862, 5448883.6153449705], [569224.9155011324, 5448878.618981689], [569211.8165253741, 5448876.553301675], [569199.9276644968, 5448875.61467107], [569179.8859464934, 5448875.685689484], [569156.878164998, 5448874.596626507], [569132.8653945206, 5448874.618058969], [569118.9144402622, 5448873.653842302], [569104.842450698, 5448873.633151154], [569082.8917749459, 5448873.669490734]]], [[[568031.9484583627, 5449215.6267989], [568015.8697504967, 5449191.679630163], [568003.9329203196, 5449174.58807322], [567988.8689132741, 5449154.611593101], [567971.9352161977, 5449135.5572864795], [567957.8182323452, 5449115.59260489], [567948.8655269225, 5449097.581679288], [567939.8340851777, 5449077.679709378], [567936.9534564507, 5449069.572332737], [567926.9462222767, 5449046.6452175975], [567917.9508241853, 5449022.618879812], [567906.867847187, 5449000.63483599], [567900.8144102555, 5448978.545915479], [567898.8061533411, 5448954.616673432], [567894.9102042983, 5448933.666226645], [567889.8070274221, 5448916.659004093], [567890.8123773751, 5448896.5582366735], [567892.8539466362, 5448874.569066774], [567896.9181783051, 5448851.659678254], [567897.8448175587, 5448829.667827835], [567897.8511079259, 5448818.174601873], [567874.1612147348, 5448954.8559604], [567939.6927996351, 5449109.804120877], [567935.1113690918, 5449149.081855989], [568036.0320568787, 5449240.0], [568066.6438094496, 5449240.0], [568059.8154125105, 5449235.605778357], [568036.9269464657, 5449219.646431819], [568031.9484583627, 5449215.6267989]]], [[[568312.8875239481, 5449095.585606988], [568299.8313179296, 5449090.676304271], [568275.9486356163, 5449082.619986915], [568263.804400818, 5449080.568393069], [568249.8327613326, 5449076.604166918], [568236.8083980236, 5449072.640471559], [568212.9119384433, 5449061.571149819], [568188.8157153722, 5449049.554428141], [568175.9122654424, 5449044.647315849], [568154.9109212509, 5449034.570256516], [568136.8866753248, 5449023.584876068], [568117.8686415617, 5449011.631186997], [568097.921361092, 5448997.609180267], [568079.8757538921, 5448983.610802347], [568062.8239461192, 5448970.569669353], [568029.858956563, 5448952.584828569], [568026.8775034455, 5448949.701761094], [568003.9345861076, 5448938.645103923], [567990.9097586891, 5448934.682051054], [567977.9103095855, 5448928.662406484], [567955.8570079752, 5448927.601257254], [567954.8907609765, 5448948.647535667], [567957.9528873947, 5448968.642697638], [567958.9106537515, 5448982.585865438], [567962.9591890618, 5448994.676961873], [567968.8138853321, 5449005.667360667], [567976.955542394, 5449015.58520797], [567993.9076597113, 5449032.582924684], [568005.8809842443, 5449045.561083475], [568014.9154169137, 5449061.660703321], [568018.5342972155, 5449068.877622602], [568016.8065468924, 5449063.0618209075], [568038.0151493335, 5449017.76117676], [568265.2401785873, 5449151.755927039], [568288.6117982387, 5449190.312689375], [568345.2382014171, 5449216.823047624], [568350.0728294576, 5449240.0], [568527.58245946, 5449240.0], [568518.977397721, 5449229.122900468], [568554.7487129759, 5449180.598042876], [568537.8381677492, 5449180.563716186], [568518.9562724958, 5449170.667211723], [568497.898400747, 5449161.699954443], [568479.8352896986, 5449158.629295807], [568460.8832399873, 5449145.563401169], [568448.831930967, 5449139.554443878], [568446.7095900539, 5449137.957969026], [568356.7190811557, 5449105.394912833], [568343.8147434271, 5449102.6286273645], [568331.94464103, 5449099.624115255], [568312.8875239481, 5449095.585606988]]], [[[568050.9668800996, 5449178.047856182], [568028.5455440949, 5449102.576336978], [568026.8288802166, 5449122.614057776], [568027.8681325329, 5449134.656963744], [568030.8088951213, 5449155.5958382245], [568035.9507963946, 5449164.68732372], [568050.9668800996, 5449178.047856182]]]]}}, {"type": "Feature", "properties": {"role": "valid_footprint"}, "geometry": {"type": "Polygon", "coordinates": [[[563960.0, 5443240.0, 0.0], [563960.0, 5449240.0, 0.0], [569960.0, 5449240.0, 0.0], [569960.0, 5443240.0, 0.0], [563960.0, 5443240.0, 0.0]]]}}]}