{"type": "FeatureCollection", "crs": {"type": "name", "properties": {"name": "EPSG:32610"}}, "features": [{"type": "Feature", "properties": {"class": 1, "timestamp_utc": "2025-12-14 14:24:23+00:00", "source_product": "Flood_CAN_BC_LowerFraser_20251214_142423"}, "geometry": {"type": "MultiPolygon", "coordinates": [[[[563960.0, 5446281.846586195], [563960.0, 5446301.455147877], [563960.8507502931, 5446302.586990631], [563977.9532422633, 5446316.560533063], [564000.9473105808, 5446333.615525442], [564019.9123170348, 5446346.654710483], [564034.8408032224, 5446355.70011883], [564038.8537093751, 5446356.691780415], [564046.8221279953, 5446368.658420327], [564047.9033600498, 5446381.656955002], [564048.8977472408, 5446387.694517731], [564047.8932724663, 5446392.585961548], [564042.9488081266, 5446394.585475947], [564035.925301175, 5446393.558906463], [564029.8330281179, 5446394.588972066], [564025.8268534514, 5446398.667314163], [564025.8903295716, 5446402.626084251], [564040.8719947899, 5446426.548252263], [564046.8338249578, 5446438.647351327], [564054.8420248971, 5446451.570639592], [564061.9360705565, 5446456.5671254825], [564070.8220005111, 5446456.670345114], [564073.8565691166, 5446454.637572231], [564077.9195634632, 5446445.667864157], [564097.905628356, 5446446.689378196], [564108.8053728356, 5446446.660325345], [564119.8587500475, 5446441.563134465], [564123.9379688229, 5446435.5844537085], [564124.9373622558, 5446411.692042023], [564121.8732486363, 5446400.571661198], [564103.8901056125, 5446379.616287167], [564081.9249557047, 5446355.6127823135], [564063.8917566322, 5446339.571221576], [564046.9100061653, 5446324.642624685], [564033.9001079442, 5446318.632436116], [564011.9010100833, 5446302.54493634], [563987.8313956211, 5446287.701138524], [563971.8272810453, 5446279.599469872], [563964.8037474873, 5446278.561926216], [563960.0, 5446281.846586195]]], [[[566864.8405184122, 5443399.659642216], [566887.8331209273, 5443422.585769591], [566903.9541382875, 5443440.670162034], [566925.936757286, 5443459.626179492], [566931.934029361, 5443462.5450574905], [566945.9480608787, 5443463.6599070495], [566952.8100952988, 5443459.629355365], [566951.8035707879, 5443453.602180887], [566932.88734293, 5443435.639381022], [566920.8434873652, 5443411.578248929], [566912.8870855918, 5443397.55068323], [566896.8224621137, 5443379.622596924], [566882.9081340847, 5443363.62181868], [566871.93636439, 5443354.616635853], [566863.823632483, 5443345.657284556], [566843.8377122524, 5443328.626880534], [566832.8834775306, 5443317.565222156], [566822.8492725194, 5443310.639475005], [566815.9433074378, 5443308.654729249], [566807.8692815335, 5443311.5590295205], [566804.8216680506, 5443315.647004008], [566804.9228726932, 5443320.551420489], [566823.8514705668, 5443343.583757753], [566831.8037460214, 5443352.552262715], [566836.9607173529, 5443361.631554606], [566843.8188866314, 5443373.599879814], [566845.9518330477, 5443377.583749967], [566864.8405184122, 5443399.659642216]]], [[[566751.9470873873, 5443454.663836183], [566768.9380791615, 5443469.600837125], [566790.8053376656, 5443483.640631511], [566808.877016351, 5443502.704506201], [566824.8031474788, 5443523.632594005], [566834.8922811759, 5443541.6549725225], [566845.8337131032, 5443558.56470153], [566863.8059479254, 5443581.58569027], [566878.8750765871, 5443598.55664767], [566895.8697162432, 5443618.552816403], [566901.8314964972, 5443625.596174465], [566919.8291835065, 5443635.631500284], [566939.8969762513, 5443638.565268004], [566946.949546392, 5443626.6207968], [566946.8195000029, 5443618.69188984], [566939.9209835356, 5443598.662240112], [566932.9087872345, 5443579.576209007], [566924.8268422391, 5443562.689806763], [566913.8293616801, 5443545.612409382], [566898.8516787682, 5443524.695538273], [566894.9496674427, 5443512.6072145365], [566893.8117140346, 5443509.5914886305], [566893.9034105397, 5443505.634603665], [566889.8627129131, 5443496.5576655455], [566876.8353544757, 5443476.609521009], [566867.9236083189, 5443462.559356214], [566859.8192687698, 5443442.670885587], [566850.8384849795, 5443424.672966151], [566835.8551879404, 5443409.604369076], [566831.8999600039, 5443403.697218632], [566820.8248244979, 5443393.590228448], [566803.9201056523, 5443380.5553724235], [566793.8860677736, 5443373.629684443], [566770.9245695249, 5443362.578626086], [566762.8234408031, 5443358.678287199], [566741.8854690494, 5443357.635926511], [566733.8855120962, 5443358.651145248], [566727.8580666627, 5443363.648238956], [566718.9533966756, 5443381.585575621], [566716.8834575632, 5443388.68735468], [566716.8755218731, 5443399.616446979], [566726.8738390574, 5443421.584530789], [566742.896417618, 5443443.63647945], [566751.9470873873, 5443454.663836183]]], [[[566619.9402671593, 5443565.6535690315], [566619.8887465277, 5443559.638020073], [566608.828695658, 5443538.602414988], [566595.8400654389, 5443519.600425974], [566588.904702525, 5443514.613661195], [566579.8139803683, 5443513.547999574], [566577.8062273327, 5443513.690567459], [566576.8105535759, 5443534.58077377], [566576.9061933543, 5443546.611828403], [566596.9317523906, 5443564.586719735], [566600.8891904061, 5443566.691391462], [566609.9455448037, 5443570.602918744], [566616.9427896804, 5443568.630496953], [566619.9402671593, 5443565.6535690315]]], [[[564946.9138651808, 5443491.58722424], [564926.8677448825, 5443491.662835132], [564904.8141323823, 5443490.614329281], [564884.8151016388, 5443491.646867489], [564876.9186100645, 5443497.569034396], [564874.8774814663, 5443500.5581135815], [564873.8149625296, 5443506.560589816], [564881.8906441195, 5443514.571531812], [564885.8414552131, 5443516.67471727], [564906.8188666392, 5443518.6667231405], [564928.9519698967, 5443521.617396071], [564939.879367637, 5443529.661966444], [564948.9428935795, 5443538.640768738], [564969.8299705711, 5443544.578870275], [564986.9262904029, 5443549.694120507], [564994.8751338216, 5443553.590023539], [565011.8464321145, 5443570.567007786], [565033.9409035414, 5443588.560481034], [565044.9077518662, 5443597.561921457], [565051.8778259822, 5443599.700858576], [565061.854513739, 5443595.537796854], [565063.8556813172, 5443591.603363612], [565061.8362387992, 5443581.606595001], [565058.9144113873, 5443577.614076967], [565039.8853805845, 5443565.671484019], [565026.9217254929, 5443549.686732073], [565015.9352701519, 5443530.5564942565], [564993.8067438306, 5443516.676334632], [564972.890643578, 5443502.6549911825], [564961.9464551494, 5443496.666987754], [564950.9214636572, 5443492.579312889], [564946.9138651808, 5443491.58722424]]], [[[566354.8923828974, 5445841.555019838], [566334.8472230888, 5445841.625491748], [566310.9026333254, 5445850.6882476965], [566301.8923988604, 5445856.59504144], [566292.8942218168, 5445867.571857107], [566291.9439338209, 5445872.630309642], [566294.9105930133, 5445877.569085087], [566317.862569599, 5445888.6072029155], [566340.9081879035, 5445890.629661704], [566361.843845095, 5445891.67064965], [566382.883423968, 5445892.55738428], [566406.8397801166, 5445888.57613777], [566425.8283863628, 5445883.578952591], [566446.924395399, 5445884.622284995], [566460.8758989775, 5445885.579568445], [566477.8307186866, 5445883.57114906], [566501.8539445014, 5445877.678766204], [566523.8737194025, 5445865.602789591], [566529.8661081907, 5445859.648935205], [566526.8432487508, 5445854.5536684515], [566522.951163702, 5445852.605574343], [566503.8344347564, 5445844.614738379], [566483.8464075106, 5445843.584592648], [566461.8912559216, 5445843.63150836], [566454.8499584858, 5445844.658534843], [566445.8764901077, 5445842.649380486], [566429.9013210796, 5445842.612792214], [566416.9371894847, 5445842.612406108], [566397.9436638153, 5445842.550741061], [566377.8986296249, 5445842.6209709775], [566354.8923828974, 5445841.555019838]]], [[[567354.9611261177, 5446411.681735096], [567348.9525007226, 5446398.622199993], [567345.8557172104, 5446396.683212785], [567341.8901067672, 5446396.634818193], [567335.9407357929, 5446408.603351488], [567335.8130706464, 5446416.673648404], [567340.8772488133, 5446427.6647261465], [567343.8209432946, 5446429.601843561], [567351.8204487348, 5446433.6575715225], [567354.8383734873, 5446433.694451919], [567358.8218111806, 5446431.675042998], [567359.9154481296, 5446428.686450556], [567354.9611261177, 5446411.681735096]]], [[[564961.8567340643, 5446828.582443869], [564940.9291749869, 5446837.675415334], [564921.9609186195, 5446845.690858479], [564911.8155434114, 5446848.584569589], [564908.804005179, 5446853.607914733], [564909.8770220503, 5446861.547787091], [564933.8570498046, 5446865.621191082], [564946.8188236118, 5446865.61807726], [564968.8844291435, 5446859.540431638], [564992.9330579946, 5446851.596099737], [565016.8059094875, 5446840.63671175], [565037.8541010695, 5446830.589288707], [565056.9033339631, 5446820.673977996], [565068.9514949668, 5446816.546669555], [565081.9470822464, 5446813.68681518], [565104.9450479255, 5446804.61882349], [565124.9083415082, 5446797.571958309], [565131.868540418, 5446794.640972911], [565137.8980412887, 5446789.653427025], [565138.8301575686, 5446786.651324998], [565134.9325878348, 5446779.634249866], [565128.8815704925, 5446776.560912635], [565118.9372842306, 5446776.599223192], [565095.9162760994, 5446782.665044724], [565071.8672235255, 5446790.608877407], [565060.8378542403, 5446793.647558701], [565047.9386443888, 5446797.609265778], [565024.9575821536, 5446804.631969923], [565003.9263270134, 5446812.611715012], [564982.8951243192, 5446820.602632504], [564961.8567340643, 5446828.582443869]]], [[[564410.8756338344, 5447278.637214916], [564410.8459772862, 5447270.565005738], [564404.863334945, 5447251.64987107], [564395.8226369091, 5447235.5563558405], [564390.9035341939, 5447231.696584354], [564387.8860398076, 5447231.661392475], [564384.8918961377, 5447234.628364337], [564381.9535002371, 5447241.565161474], [564378.8676927411, 5447258.628956044], [564386.936145397, 5447280.581448967], [564388.8617000134, 5447283.605816705], [564404.8231944805, 5447285.6933307955], [564408.8121340342, 5447283.683006676], [564410.8756338344, 5447278.637214916]]], [[[566408.8607124393, 5447279.683607751], [566406.8524432781, 5447283.617559884], [566407.8515508318, 5447289.644623074], [566431.8312841483, 5447302.596983484], [566438.8825936264, 5447306.639948844], [566443.8418058099, 5447307.6557920985], [566462.9089539937, 5447320.549120123], [566469.8146047201, 5447327.603493697], [566472.83202065, 5447327.639859218], [566492.8349936253, 5447321.543384333], [566494.8756002131, 5447318.554935538], [566492.867591096, 5447308.557670461], [566487.9379414519, 5447299.636995728], [566483.911423792, 5447295.630440994], [566473.803127381, 5447290.594383691], [566452.9247568384, 5447284.639231501], [566431.9576625419, 5447280.595375273], [566414.9132022287, 5447277.688497077], [566408.8607124393, 5447279.683607751]]], [[[564828.8586465206, 5447421.608895982], [564835.9108926594, 5447425.649815096], [564856.8651032646, 5447424.628649084], [564869.9229850629, 5447420.668433849], [564876.8100702702, 5447414.578802662], [564875.8117037944, 5447399.6797091495], [564871.9371019795, 5447395.676143434], [564849.8448627214, 5447393.670867947], [564836.884382824, 5447393.674204317], [564820.866574877, 5447392.696660583], [564816.934236053, 5447393.606649348], [564813.8770681755, 5447392.614582474], [564809.895379823, 5447394.624605401], [564807.9112582378, 5447401.572470964], [564807.8931541379, 5447408.698975882], [564809.9222480104, 5447411.5691020815], [564828.8586465206, 5447421.608895982]]], [[[564997.8542949833, 5447523.672074911], [565011.808927689, 5447524.637010467], [565025.8372138476, 5447523.690474092], [565039.9523568895, 5447524.646171507], [565045.9077613339, 5447521.547719846], [565049.8340814481, 5447515.579055732], [565050.8394572295, 5447510.676706142], [565048.9312374308, 5447505.595373586], [565045.8984122808, 5447502.546613837], [565023.8813026887, 5447493.58154704], [565004.9214245373, 5447485.59759742], [564998.8071558446, 5447483.624367575], [564978.817585585, 5447482.599589657], [564969.8691123577, 5447483.605998438], [564967.8922525548, 5447490.542702906], [564966.9192247869, 5447497.658003352], [564969.8039580969, 5447509.56626895], [564976.871622791, 5447516.620622221], [564997.8542949833, 5447523.672074911]]], [[[565049.8633177183, 5447612.641477072], [565036.8055072739, 5447616.612355219], [565019.9348432088, 5447625.597224931], [564996.8369008381, 5447633.552508164], [564992.8081239415, 5447634.616979016], [564989.9342484737, 5447636.639937257], [564989.8366517313, 5447640.596843826], [564993.8868908554, 5447647.615689767], [565013.8179242808, 5447653.554186777], [565033.8068585917, 5447654.579149132], [565057.8765631239, 5447644.567384569], [565074.8207227852, 5447633.682429655], [565081.918757921, 5447622.681163225], [565083.942942251, 5447616.690138553], [565088.8637863315, 5447611.678280377], [565100.9030598009, 5447607.55095973], [565116.8006997512, 5447605.681604003], [565129.9396566107, 5447598.54317384], [565151.8205666095, 5447585.659730658], [565161.8854087914, 5447579.608019629], [565181.8233284248, 5447569.547977215], [565204.8422507134, 5447559.691277142], [565220.9190279973, 5447550.69766902], [565223.8101440275, 5447546.606926024], [565213.942266798, 5447539.685922805], [565195.9192544976, 5447537.571775105], [565188.9129467262, 5447539.545859005], [565167.865494601, 5447554.662596254], [565147.807099801, 5447565.666299159], [565123.9370610717, 5447576.624979053], [565103.8486357452, 5447584.626580354], [565081.871302981, 5447597.664661486], [565066.8871535739, 5447603.658520625], [565049.8633177183, 5447612.641477072]]], [[[566106.9247870725, 5447755.688958198], [566130.883358466, 5447760.567991115], [566141.8839631467, 5447761.644909524], [566161.8500792993, 5447759.671786198], [566164.8846139121, 5447757.651278715], [566171.9259483496, 5447751.553933218], [566194.9459103176, 5447741.701359732], [566217.8434409881, 5447736.59482013], [566231.8147781027, 5447721.552751102], [566234.8096297457, 5447718.586810067], [566235.8952664486, 5447715.586797441], [566235.8360212529, 5447706.557965069], [566232.8086118308, 5447697.660412127], [566228.9424756683, 5447693.655859911], [566214.8279029692, 5447692.697088366], [566191.8442920772, 5447694.633806706], [566170.9056434939, 5447698.66323737], [566148.9165043553, 5447701.557124244], [566129.8652862328, 5447702.596232982], [566119.8829560389, 5447701.6871612165], [566104.9176082265, 5447700.562802702], [566086.9295755124, 5447695.58866948], [566065.8745296294, 5447691.700907565], [566041.8916285008, 5447687.611340639], [566028.8920488534, 5447686.666358241], [566006.9392123736, 5447681.656190893], [565984.8088823181, 5447678.689760726], [565969.9243815936, 5447675.665527137], [565945.9016754602, 5447670.630819345], [565933.8344576204, 5447666.684148697], [565909.85864499, 5447662.595236039], [565897.8065031377, 5447661.661945379], [565884.903443678, 5447660.562710966], [565870.8358048336, 5447660.550491395], [565846.818108165, 5447660.575032037], [565833.801281916, 5447661.687225274], [565815.8237417312, 5447665.586502811], [565792.2945935316, 5447686.386125355], [565791.9557867747, 5447686.682230702], [565776.9401267655, 5447705.659991389], [565776.802167872, 5447708.671327204], [565782.9383343124, 5447713.658755995], [565804.9084996106, 5447716.611427643], [565824.8920050755, 5447712.569187431], [565837.9327327788, 5447710.667907332], [565850.9495385721, 5447709.555801726], [565867.9209881673, 5447710.5477919895], [565871.8532055791, 5447709.649737483], [565891.8418317664, 5447710.677792513], [565904.8585939182, 5447709.565753224], [565916.8067155317, 5447710.664614143], [565938.9198039366, 5447715.676327589], [565945.8278678375, 5447717.6601584675], [565965.8562715198, 5447719.634081359], [565973.934043849, 5447725.589946421], [565987.8708186144, 5447728.613991719], [565998.926227186, 5447733.649388183], [566013.8351526738, 5447734.617147625], [566035.9479492442, 5447739.64034679], [566047.8547190471, 5447743.574243317], [566059.8026924304, 5447744.673409674], [566083.864604729, 5447750.665252145], [566106.9247870725, 5447755.688958198]]], [[[564227.8412381987, 5447696.593228215], [564245.8226852342, 5447706.631108143], [564257.8975502584, 5447715.632891664], [564270.8233924578, 5447723.5438619675], [564274.8916777067, 5447724.703109362], [564298.81111653, 5447733.687346271], [564322.8915788385, 5447737.603685593], [564340.833714148, 5447741.615330968], [564345.8096195515, 5447740.572646967], [564348.9239571935, 5447736.650953562], [564346.8339674382, 5447714.612559849], [564341.8914112092, 5447711.541831743], [564320.8680320567, 5447708.606100058], [564300.9371577065, 5447697.611341693], [564290.8349844638, 5447692.579413122], [564269.9318753069, 5447688.70029246], [564247.8405728784, 5447686.697367536], [564228.8064019836, 5447685.686432239], [564223.9430126336, 5447689.587826678], [564227.8412381987, 5447696.593228215]]], [[[566519.8074226439, 5447874.658363296], [566529.8706330316, 5447873.667929909], [566549.8257062354, 5447887.695233305], [566571.915719605, 5447889.696203346], [566595.8160668408, 5447895.68833314], [566609.831304969, 5447900.605012496], [566633.9241966717, 5447907.544745111], [566646.8879442083, 5447912.615572074], [566670.9457370426, 5447923.668742006], [566686.8524380482, 5447930.676552846], [566708.8870788437, 5447942.661605765], [566725.8202550015, 5447951.572050068], [566748.8094306644, 5447963.5688023735], [566760.8359809297, 5447966.5605585], [566781.8394948712, 5447971.573455795], [566785.9424429886, 5447968.610002752], [566786.8752961687, 5447965.608235778], [566785.8768100475, 5447959.581157249], [566785.8226781231, 5447955.622409443], [566763.9370602543, 5447938.568820273], [566739.9608245424, 5447925.61506612], [566718.8736009927, 5447913.641319789], [566697.8506256209, 5447900.567655755], [566685.9229418808, 5447893.608013714], [566667.874434975, 5447884.684301886], [566643.8386446495, 5447876.633289604], [566624.9143515637, 5447869.600309633], [566605.844476406, 5447862.554598395], [566592.9369821185, 5447857.65125348], [566579.915860842, 5447853.691689143], [566555.9588548929, 5447847.543221034], [566545.9549476788, 5447843.620098622], [566524.9109484282, 5447837.67377683], [566505.8951355831, 5447834.587143894], [566499.9420981703, 5447832.614118613], [566487.9547533001, 5447830.568433676], [566464.9293521708, 5447822.697191924], [566440.8117996866, 5447816.547444827], [566424.926406612, 5447812.55368092], [566400.8724208191, 5447806.560464976], [566392.8099865038, 5447803.617159886], [566379.8678213264, 5447801.560203479], [566366.8290794943, 5447799.6578375455], [566343.8236090632, 5447798.591735785], [566319.8137081792, 5447798.625455537], [566313.892947378, 5447797.5981067745], [566308.9165174835, 5447798.65014253], [566297.8712421436, 5447817.67418405], [566299.8920869922, 5447820.555881093], [566303.8465200368, 5447822.660253098], [566318.9303894008, 5447826.632910205], [566332.8666545267, 5447829.657847906], [566353.9035259263, 5447835.614467593], [566366.8677778316, 5447840.673529924], [566387.8130825444, 5447850.587371907], [566397.8736107876, 5447854.666528066], [566405.953528688, 5447855.553225288], [566413.9515300732, 5447859.607496914], [566428.8820071502, 5447863.589779724], [566442.9317536453, 5447865.660193517], [566460.9365007884, 5447868.567706065], [566483.8032219164, 5447872.645639203], [566497.9173807155, 5447873.605152682], [566519.8074226439, 5447874.658363296]]], [[[565909.8569641049, 5447969.637123422], [565897.8056160973, 5447968.692651518], [565877.9246892796, 5447977.638878229], [565866.9122701044, 5447983.689153659], [565851.8097822171, 5447985.565741573], [565830.872531442, 5447989.596392532], [565819.9585542202, 5447991.678656484], [565798.8956868923, 5447991.583124915], [565777.8567912937, 5447990.698523246], [565762.8352231598, 5447990.675057324], [565760.8523013758, 5447992.552634311], [565760.8746901056, 5447995.565963049], [565769.8030952287, 5448001.687403702], [565781.8769051636, 5448005.633801963], [565803.8735157081, 5448016.658589066], [565823.8197179299, 5448020.543335748], [565838.8411272364, 5448020.5669094175], [565841.8979055361, 5448021.548389209], [565852.9152070645, 5448020.57921338], [565871.8881896513, 5448012.567132128], [565891.8671994699, 5447999.663876622], [565903.8878751271, 5447983.652608138], [565909.879395064, 5447972.639306321], [565909.8569641049, 5447969.637123422]]], [[[564729.9353415443, 5448379.560271076], [564729.9301764679, 5448370.687799889], [564723.880642432, 5448367.614914992], [564712.8643303678, 5448368.586412888], [564694.9401860251, 5448367.586792583], [564687.8951572033, 5448368.615995819], [564683.9056971367, 5448375.695941309], [564694.9033775155, 5448385.6422732], [564699.9079777437, 5448392.661005724], [564705.9009324497, 5448395.588652759], [564723.8826461704, 5448391.674767501], [564729.9353415443, 5448379.560271076]]], [[[565681.9475919665, 5448539.653917871], [565680.8780328246, 5448526.654978629], [565678.8862118364, 5448514.601302045], [565674.8130547059, 5448509.638582495], [565668.9245573125, 5448506.566565341], [565650.8406318522, 5448505.561919675], [565638.8300186789, 5448505.574640615], [565625.832357654, 5448504.630499097], [565612.8671961172, 5448504.631990116], [565598.9546895707, 5448504.622204381], [565584.8891714492, 5448504.610572078], [565570.8162417002, 5448504.61004312], [565557.8112050702, 5448503.666060931], [565543.8987481052, 5448503.65638183], [565530.9408884867, 5448503.658051373], [565506.8233840191, 5448502.582174287], [565493.8256997652, 5448501.638511737], [565469.8117080689, 5448501.664662286], [565446.8489538095, 5448501.5479112], [565435.9458747128, 5448501.574151664], [565412.931727341, 5448507.63862967], [565408.9205468284, 5448506.645945493], [565392.9532454951, 5448490.624244243], [565373.8986183304, 5448467.594909546], [565359.8992291745, 5448465.683468968], [565349.8374636215, 5448466.676060564], [565338.8663536274, 5448473.6729281135], [565335.912038237, 5448477.595954623], [565339.867195075, 5448498.700785087], [565348.8182559977, 5448506.567414468], [565358.923504435, 5448516.660185501], [565378.8792885662, 5448530.6721097985], [565395.8505744988, 5448545.605030114], [565399.922248664, 5448555.626407312], [565414.9066411464, 5448563.564612015], [565436.8466617811, 5448570.629266755], [565448.8552501615, 5448575.686004527], [565459.8077548533, 5448574.548443575], [565477.8914234428, 5448575.552413879], [565496.8826152507, 5448575.622329457], [565501.9462568454, 5448572.669359009], [565505.9122123616, 5448567.646503344], [565508.8254693237, 5448566.580442051], [565511.826946115, 5448563.603051076], [565517.8550179539, 5448558.604705076], [565536.80838875, 5448552.6592342965], [565549.8304827269, 5448551.546447864], [565573.9005936703, 5448551.67694714], [565581.9001858061, 5448550.660175653], [565605.9609632287, 5448551.580057654], [565618.9187605692, 5448551.578536539], [565630.8652524495, 5448552.665705096], [565651.862233261, 5448552.604296218], [565674.8666265103, 5448548.597599309], [565678.8326882446, 5448543.574898453], [565681.9475919665, 5448539.653917871]]], [[[567620.8371868846, 5443331.5887914775], [567623.9380465744, 5443322.598715017], [567620.9282131052, 5443311.632663884], [567618.8663492952, 5443300.6893374175], [567614.8771163037, 5443297.627476431], [567601.9535416069, 5443298.581096122], [567593.9033295672, 5443300.695170393], [567589.8754053514, 5443305.560129458], [567587.8259335969, 5443315.663770716], [567587.9336015921, 5443320.579435915], [567594.8614079786, 5443332.69411862], [567607.8324696141, 5443341.558402572], [567616.8097123954, 5443343.569523681], [567619.8398880381, 5443341.549696961], [567620.8371868846, 5443331.5887914775]]], [[[567729.9113300922, 5443310.599354592], [567729.9139574069, 5443299.670185283], [567729.8283922053, 5443299.513502805], [567727.9421918478, 5443295.687910286], [567719.938352642, 5443291.631679132], [567713.8416782299, 5443292.66874482], [567704.8690998112, 5443301.586814185], [567699.8393289563, 5443312.598982746], [567697.8363087904, 5443323.659336514], [567699.8905707507, 5443334.613781745], [567706.875353251, 5443345.628624877], [567714.8791145807, 5443349.68482529], [567727.8993200979, 5443348.576933092], [567729.8414586639, 5443333.55767922], [567729.9113300922, 5443310.599354592]]], [[[569742.923688869, 5446988.596895709], [569739.8687402811, 5446992.672105644], [569739.9353707118, 5446996.6310896715], [569744.8802556223, 5447008.568012194], [569757.9491139309, 5447018.55081129], [569764.897418067, 5447026.554939455], [569784.9083389962, 5447030.610392557], [569797.9291506528, 5447034.577592516], [569816.8711775196, 5447039.564758946], [569819.907512427, 5447037.546224175], [569823.9462313384, 5447030.626087446], [569831.9098520165, 5447028.669997699], [569849.8014964891, 5447021.6138061425], [569850.850090818, 5447017.668900709], [569844.9160011052, 5447013.635709478], [569824.8271203251, 5447007.6777690835], [569811.8638872597, 5447002.610511117], [569797.8880630335, 5446998.631226896], [569783.9122428694, 5446994.651936615], [569768.8674969176, 5446991.61551519], [569747.8219877577, 5446980.575711681], [569742.923688869, 5446988.596895709]]], [[[569100.9478074182, 5447124.615493754], [569122.8775492823, 5447121.565765136], [569129.800436918, 5447117.694292456], [569132.8342945193, 5447110.605398275], [569133.8411845847, 5447100.64479758], [569136.8958428003, 5447096.558193651], [569150.9238690584, 5447090.563293133], [569151.8116692601, 5447086.616208413], [569144.8832779649, 5447081.615040196], [569124.8720246227, 5447077.5729784835], [569116.8172226644, 5447074.614684486], [569111.8322856327, 5447075.664096843], [569091.8362697909, 5447085.542602676], [569081.9151639089, 5447093.657082314], [569079.9121608872, 5447097.590186427], [569079.8395243695, 5447104.560524565], [569086.951204103, 5447117.6357561], [569100.9478074182, 5447124.615493754]]], [[[569958.6588961245, 5445304.198655899], [569955.0460148675, 5445302.3849204155], [569948.1744646685, 5445302.037722747], [569936.8992442384, 5445296.689243212], [569929.7919433156, 5445295.946747192], [569925.773155641, 5445292.591193443], [569925.0212083885, 5445288.534981158], [569926.3198085391, 5445282.323031581], [569923.6632704921, 5445278.746995642], [569918.9368544838, 5445276.907907282], [569908.8309905058, 5445277.047964027], [569898.7546870278, 5445279.092626023], [569890.9313123351, 5445276.23460184], [569881.485710512, 5445269.167009075], [569876.5490427718, 5445259.906069394], [569872.7689178343, 5445259.117354496], [569863.5865333554, 5445262.090679925], [569854.6438563744, 5445260.680102887], [569838.007598281, 5445249.558549957], [569834.6361214124, 5445246.419837768], [569833.299683394, 5445237.392919485], [569823.0703612191, 5445231.096006551], [569817.2477184597, 5445225.296860601], [569810.5725565203, 5445223.164032443], [569809.8378847683, 5445218.148432207], [569806.9101538749, 5445213.757386281], [569806.0966811562, 5445206.7843118645], [569801.7007282921, 5445197.960908106], [569790.1686051283, 5445189.700129477], [569779.0478386697, 5445176.3207395235], [569771.4171059836, 5445170.4063557135], [569760.2435157738, 5445166.839307919], [569756.2772371605, 5445162.951680501], [569749.742990326, 5445161.301162974], [569738.3645347673, 5445153.375144618], [569734.3864640978, 5445149.550468166], [569725.3448681927, 5445132.680245111], [569713.5815878819, 5445122.7285961965], [569713.2071375385, 5445118.49126119], [569716.1969125103, 5445113.04557492], [569716.4659101364, 5445109.568876184], [569714.8183983914, 5445104.224280587], [569710.4414737058, 5445101.103062325], [569708.9125788672, 5445096.019413469], [569707.6642249027, 5445087.818990602], [569709.1580967356, 5445079.7083230475], [569702.8042892658, 5445073.958717526], [569701.857794289, 5445070.216768618], [569694.9627943848, 5445062.157404737], [569687.3219498883, 5445049.30694405], [569681.1754813575, 5445043.273918399], [569678.1584203043, 5445040.312469818], [569675.630353556, 5445029.623477928], [569675.5191214886, 5445029.153057233], [569668.8621577679, 5445019.982637066], [569666.9797571093, 5445017.389530733], [569658.1865084202, 5444998.2053138595], [569655.2960431945, 5444992.418721313], [569649.1833699666, 5444987.538287264], [569645.5176523691, 5444983.210863692], [569640.4396132918, 5444977.254532536], [569640.8124627477, 5444973.829221835], [569638.7340338634, 5444970.820871401], [569633.4408481324, 5444967.774354802], [569627.3633060453, 5444960.387104489], [569624.6276912813, 5444951.185587636], [569620.2356199392, 5444944.43037077], [569620.3017862798, 5444925.645441041], [569614.4949981775, 5444905.045278503], [569613.8649918851, 5444902.81013907], [569606.9370645727, 5444881.207632955], [569605.5056201569, 5444876.744026373], [569591.8941281365, 5444853.790602955], [569582.3786620528, 5444836.716726827], [569562.5325413375, 5444812.095382609], [569561.5580719706, 5444811.411279955], [569553.5470201487, 5444805.787094151], [569552.5426101402, 5444805.082018043], [569539.4589173737, 5444795.3806361165], [569521.7509769443, 5444780.975907955], [569513.6587413644, 5444774.393182052], [569511.2855508255, 5444770.986874018], [569506.4651890838, 5444764.068061369], [569505.4661562039, 5444762.634271211], [569489.8121647256, 5444739.772259443], [569471.5027929551, 5444711.867639776], [569465.8990409935, 5444703.32739829], [569465.0348505342, 5444702.18854386], [569451.1668854598, 5444683.915579483], [569447.708016146, 5444679.358070092], [569446.4127791984, 5444677.651328238], [569437.3643284984, 5444665.967002776], [569406.7716274991, 5444626.462511783], [569397.5090611922, 5444614.518916919], [569391.0599895552, 5444602.252305231], [569383.1876759441, 5444592.616770855], [569370.1829504768, 5444576.559106984], [569370.0871105356, 5444576.4191540405], [569362.2507889487, 5444571.691207987], [569361.5511911234, 5444571.046091616], [569359.1367366131, 5444570.592415762], [569339.9436180282, 5444549.458782081], [569336.9920037378, 5444548.006854862], [569336.4887553826, 5444547.526210867], [569322.3443847372, 5444532.047403471], [569321.6604227992, 5444531.299054811], [569313.4767397663, 5444522.343402526], [569312.4906457331, 5444521.264216502], [569300.1207298537, 5444509.9830401195], [569288.0051578254, 5444506.122458503], [569279.8116425046, 5444491.721686385], [569279.5040437035, 5444491.180993485], [569266.2243193561, 5444469.292205408], [569256.6607666801, 5444455.927023673], [569255.6507322867, 5444455.3083192995], [569247.8898516477, 5444450.554029171], [569242.3769220628, 5444447.396840331], [569240.8747868219, 5444442.721134998], [569231.7277891765, 5444433.546777677], [569222.1936953848, 5444429.254889584], [569219.1209958096, 5444424.805909357], [569214.7812359071, 5444423.082520555], [569211.3529897877, 5444418.329052051], [569198.059700423, 5444409.238098288], [569195.8802088876, 5444406.073092965], [569181.7726679202, 5444398.823018586], [569165.3906460295, 5444386.947620759], [569156.5170022724, 5444379.796352163], [569149.3069576559, 5444370.719169393], [569145.4711644454, 5444368.844040556], [569117.5361009184, 5444328.839592102], [569112.394438785, 5444319.734491936], [569111.1927305216, 5444314.78748456], [569108.3376538999, 5444311.45200047], [569107.2660292313, 5444306.517295355], [569097.3182286292, 5444291.577462954], [569093.6142178572, 5444283.093455441], [569087.3686091058, 5444275.943217524], [569072.433442875, 5444253.781729081], [569064.0437596166, 5444244.351115154], [569056.9331356953, 5444240.159930713], [569052.6184352094, 5444236.512236389], [569050.6020078815, 5444232.937626612], [569046.5202656897, 5444230.288023744], [569039.7943239975, 5444218.971334287], [569029.3132968523, 5444217.287534217], [569025.2950911542, 5444212.7493353905], [569020.2830197599, 5444210.114811463], [569015.9116668862, 5444202.818173336], [569005.6381295563, 5444194.389763159], [568998.5800951711, 5444192.26852139], [568990.4691063024, 5444186.142384282], [568974.500388199, 5444181.044762716], [568963.32567565, 5444172.772069258], [568954.9453588258, 5444169.990955048], [568943.7505828349, 5444156.540291651], [568941.6802597995, 5444142.249905542], [568938.6000500519, 5444136.415795136], [568936.6130507125, 5444136.232194427], [568935.2765540003, 5444138.766324706], [568934.7462469769, 5444152.709434215], [568929.2828739532, 5444157.93012637], [568925.9523773892, 5444157.738265487], [568911.5275151537, 5444145.9384768335], [568908.9968191202, 5444144.525283309], [568892.5326688827, 5444133.37551865], [568863.6179302628, 5444122.595868467], [568857.2915296879, 5444120.237389025], [568851.7776185111, 5444116.6689316295], [568833.5326309314, 5444104.861500365], [568810.8532862712, 5444095.3507030085], [568800.4753103901, 5444094.900058427], [568793.7491731485, 5444091.074327671], [568784.8313888476, 5444090.36850716], [568771.178512536, 5444092.589187866], [568764.4289761, 5444090.733779834], [568756.6340968665, 5444095.060550228], [568752.4818481479, 5444095.312381151], [568736.2677244645, 5444093.062813245], [568720.6863285418, 5444096.862238834], [568711.7744011757, 5444104.216814809], [568707.5326721136, 5444109.597426877], [568705.4881905459, 5444115.384880276], [568705.5388583868, 5444119.011144066], [568710.4698835189, 5444127.624551351], [568716.0078722086, 5444134.148750713], [568726.8505170759, 5444135.213428961], [568731.8197756457, 5444141.494573235], [568735.1504463997, 5444148.348268162], [568734.3614107848, 5444155.655563433], [568732.1213155411, 5444158.3033130495], [568718.8563554811, 5444156.104662428], [568710.9201192661, 5444149.586444853], [568698.5298157858, 5444142.945620241], [568666.8830559901, 5444145.007948529], [568666.9002272505, 5444137.353667232], [568674.320468115, 5444130.732070121], [568680.4874928979, 5444121.498328327], [568690.3107954944, 5444094.571978963], [568697.4686819728, 5444079.522515051], [568704.6103664548, 5444048.663791578], [568704.1892382924, 5444028.470481443], [568705.6039521324, 5444019.48698795], [568704.3835989101, 5443989.568658554], [568708.3963432356, 5443976.844904019], [568708.2584088875, 5443963.270309073], [568705.1972683496, 5443947.704380056], [568699.8845777977, 5443935.780288789], [568691.3914943661, 5443921.435229807], [568686.7418862879, 5443915.990678266], [568678.029139604, 5443911.820237173], [568663.6406515306, 5443910.953145683], [568656.3914141782, 5443906.777579857], [568640.6061148783, 5443903.784419852], [568636.9729051179, 5443905.003573686], [568631.8164400447, 5443909.939891113], [568630.288443169, 5443910.265129647], [568629.6601343093, 5443912.004065055], [568626.028984298, 5443922.054340477], [568625.4354209891, 5443923.697115537], [568621.4757862976, 5443949.045276424], [568624.9327145108, 5443964.167898841], [568625.6880042413, 5443987.193679812], [568625.3921803761, 5444011.00000277], [568626.1366975962, 5444015.055442841], [568627.3658159984, 5444021.750737757], [568627.3723957898, 5444031.590665615], [568629.5468997954, 5444036.455250368], [568633.0577279715, 5444060.480502218], [568635.7506098396, 5444071.749193028], [568636.334801903, 5444084.533286658], [568639.4850514171, 5444096.098927596], [568635.174057587, 5444110.271247709], [568636.4314312353, 5444119.527195138], [568635.5729403575, 5444137.820565766], [568636.8769334629, 5444142.60785737], [568641.0168497437, 5444144.878347025], [568642.5405175517, 5444154.188285648], [568637.5485662429, 5444161.829601988], [568617.6770827007, 5444174.356514368], [568608.2461765643, 5444187.9907394955], [568605.363122072, 5444195.788819707], [568600.8455653543, 5444201.128672995], [568598.608157156, 5444200.847701369], [568598.1576773452, 5444197.525821509], [568599.4080951344, 5444192.002637121], [568605.1990841388, 5444180.16094519], [568604.8801205124, 5444176.749222947], [568602.1972259027, 5444174.048688375], [568597.9258158089, 5444173.479257793], [568591.4610466656, 5444176.486276124], [568585.719142705, 5444176.378013498], [568579.2953768705, 5444180.486429041], [568575.6887109341, 5444180.065843976], [568572.2518946817, 5444177.244175318], [568566.6024027703, 5444177.148468651], [568561.4168359394, 5444174.915249256], [568551.3343814453, 5444174.264922875], [568544.4570971082, 5444171.915624883], [568533.9302880559, 5444172.945797269], [568527.1942323463, 5444170.054194774], [568514.9396803404, 5444168.37473677], [568475.5581285829, 5444154.40346965], [568470.6472908773, 5444151.406487345], [568463.286471924, 5444153.083744762], [568451.4663452294, 5444151.07553005], [568445.1342344361, 5444144.60578267], [568432.0024041774, 5444141.530569491], [568413.8954754674, 5444134.250978094], [568407.6418942533, 5444133.961777516], [568382.8423286277, 5444125.712523107], [568364.2730449055, 5444122.7444949085], [568349.734703802, 5444113.139989554], [568341.091056715, 5444096.365966327], [568337.4309028878, 5444080.445972716], [568336.6132627479, 5444076.889802785], [568336.1502087126, 5444074.875829113], [568336.383942347, 5444072.537677218], [568334.2447077662, 5444062.207858634], [568335.0799455874, 5444050.098162232], [568334.2709395229, 5444035.914415347], [568338.4602384513, 5444023.384818307], [568338.6917754643, 5444015.57245907], [568340.6262927635, 5444011.711522602], [568333.5068523717, 5444007.553543849], [568338.2648019071, 5444002.754808646], [568339.7328335462, 5443998.746168882], [568345.1779421766, 5443998.450384226], [568352.053469203, 5444002.8510014275], [568368.9797586335, 5444000.014824183], [568378.9379894885, 5444000.6310490975], [568380.3836603622, 5444002.093401151], [568389.4457606138, 5444004.682554581], [568394.7191768676, 5444004.010403378], [568401.5752272668, 5444006.336552714], [568429.4137269689, 5444010.7184088575], [568447.1276760304, 5444014.092197151], [568448.0385772076, 5444015.144828153], [568458.6153216038, 5444019.414905347], [568480.301878707, 5444024.735687806], [568485.4146749576, 5444027.6527155405], [568492.7290197618, 5444028.127060975], [568498.7439594055, 5444036.125874943], [568505.771134944, 5444040.903248377], [568522.1120386983, 5444043.0046887025], [568540.163392937, 5444041.284955593], [568543.5740960551, 5444037.460174554], [568548.3985353877, 5444015.6848351415], [568555.4792867454, 5444000.106754526], [568555.2744045199, 5443988.980141908], [568553.2666457237, 5443984.750228479], [568552.6880630141, 5443953.746840071], [568551.9883246564, 5443941.647312108], [568551.4019714466, 5443931.508266244], [568549.2012607891, 5443917.743928634], [568548.9861172768, 5443916.398560362], [568544.929663838, 5443907.617865509], [568544.8527323455, 5443907.357327553], [568534.9933950073, 5443899.9693731945], [568526.8584161102, 5443898.176535391], [568503.9221579354, 5443899.233923853], [568492.2139470854, 5443895.644586763], [568473.0553354837, 5443892.687844518], [568466.817660084, 5443895.162647401], [568455.1498512086, 5443890.15649645], [568432.8605853961, 5443886.236611399], [568425.1578264488, 5443887.2336774], [568420.7870864482, 5443890.268828776], [568413.2393399971, 5443888.169956877], [568408.1491292682, 5443881.965772], [568373.5278247565, 5443877.31303231], [568366.2328543114, 5443874.016046444], [568359.8030347843, 5443866.670062277], [568350.3497684307, 5443863.418570314], [568344.0821774662, 5443847.653428708], [568326.8805845454, 5443830.79953703], [568285.9528326556, 5443812.6705191955], [568265.2838888355, 5443798.866010487], [568251.1231627561, 5443779.666381664], [568247.1333239169, 5443770.168268782], [568242.3696361427, 5443764.564198168], [568238.3698624292, 5443756.917917224], [568231.6760390841, 5443751.650469265], [568232.865545779, 5443744.997882517], [568232.4449692685, 5443741.409402688], [568230.6290981458, 5443733.151037485], [568228.3534241478, 5443728.177225914], [568229.7705968001, 5443713.799007108], [568230.2947153199, 5443708.480904978], [568241.875733192, 5443698.306352854], [568247.0623722753, 5443699.957687977], [568250.362543074, 5443685.71247143], [568246.3838573474, 5443670.583694128], [568245.230049971, 5443657.921112682], [568245.6701959447, 5443657.885861539], [568246.3891450776, 5443653.771762851], [568249.3933997189, 5443649.767834308], [568255.3274692266, 5443631.921493732], [568259.736704038, 5443629.06124907], [568268.7090757256, 5443626.946843369], [568299.2790682849, 5443634.227832122], [568309.5673590887, 5443634.296589858], [568314.0237539308, 5443637.200114908], [568324.270676007, 5443646.149077615], [568330.3808313407, 5443657.335973071], [568334.4279944361, 5443666.910013246], [568348.4847889866, 5443667.083980478], [568357.9640835854, 5443658.470880781], [568367.8853790694, 5443656.21270696], [568389.1818690132, 5443660.44463643], [568423.0126115028, 5443661.65714268], [568448.4543508417, 5443667.528011828], [568505.3981623785, 5443694.424762293], [568542.7647594422, 5443704.412366889], [568552.9506177907, 5443722.7930184845], [568561.0146241655, 5443744.322116624], [568573.1070316997, 5443734.94822352], [568577.8812609377, 5443727.86444995], [568597.462542855, 5443618.581556009], [568599.8111212195, 5443597.181724473], [568603.465537374, 5443567.210656882], [568604.4492437579, 5443559.143278024], [568604.8646790294, 5443557.237455798], [568606.3015512921, 5443550.646295769], [568607.2100440431, 5443546.478937172], [568601.7735131959, 5443537.4251156235], [568599.0473974512, 5443532.885253161], [568585.0395002301, 5443528.742946524], [568582.930018303, 5443528.1791574815], [568549.1670366095, 5443519.154778003], [568541.6954772406, 5443517.157858905], [568541.4437946149, 5443517.090615566], [568540.374862282, 5443516.8075422635], [568527.33007889, 5443513.353409562], [568510.5096642176, 5443508.899487767], [568494.2688643212, 5443504.599061994], [568484.6808414469, 5443502.060350623], [568452.3214557252, 5443493.4921514075], [568434.5266685302, 5443488.780594136], [568357.1645427746, 5443467.386438643], [568342.8420104018, 5443463.425580262], [568321.4534337315, 5443457.511019781], [568316.4544575616, 5443456.650708008], [568300.0427006916, 5443450.558885909], [568293.1926330182, 5443450.869440111], [568273.788799294, 5443445.766719989], [568265.6412320908, 5443447.520666502], [568264.1626867482, 5443451.051620957], [568258.2498087671, 5443456.64251549], [568243.4196855826, 5443476.574774448], [568236.3793843607, 5443489.836783985], [568229.6161940792, 5443495.597368386], [568227.2783442356, 5443501.980541289], [568218.0839527436, 5443510.905502933], [568195.9691440873, 5443546.32009768], [568187.1302394661, 5443558.028888334], [568179.9495867299, 5443572.72057182], [568174.6829097249, 5443576.9287241455], [568171.7070909323, 5443592.388487269], [568162.6163778806, 5443605.177672193], [568150.3691389579, 5443641.616127512], [568149.7307981863, 5443657.197281626], [568147.4502976591, 5443671.200131803], [568146.5944326567, 5443701.208823506], [568144.1014850646, 5443710.029830712], [568145.5755932842, 5443715.656578639], [568146.0652312486, 5443733.820019601], [568150.4378303125, 5443750.834815574], [568154.2834779351, 5443776.148935037], [568158.4185311587, 5443789.7505136775], [568170.1128038012, 5443814.100511192], [568175.1298248747, 5443816.863429474], [568178.9556161923, 5443816.136493318], [568182.2971661122, 5443817.540846642], [568189.1460695845, 5443824.203872136], [568192.1602135275, 5443831.334632361], [568197.4669405271, 5443838.02456223], [568201.7933428973, 5443849.93655255], [568206.5744140553, 5443856.867982672], [568209.3898965955, 5443874.560290068], [568214.4091861993, 5443906.101528398], [568214.4141203316, 5443906.325711771], [568215.109515192, 5443938.115783839], [568212.2743043953, 5443947.736359377], [568209.6810106025, 5443951.801313046], [568201.3110567195, 5443961.295772739], [568197.934387541, 5443967.151981259], [568194.4958411395, 5443969.950957575], [568179.068158367, 5443978.198774001], [568171.8720873436, 5443984.095891299], [568166.0394575836, 5443986.262086892], [568149.7442243395, 5443971.515425931], [568137.2174428992, 5443972.167935427], [568135.386845861, 5443970.258425004], [568134.7231033276, 5443967.182265723], [568129.5150516784, 5443964.211620647], [568121.1737582311, 5443965.0202332195], [568113.2873028211, 5443969.096445596], [568112.2064769141, 5443967.717965696], [568113.2961863137, 5443962.797786498], [568109.1867440142, 5443962.191447589], [568099.7707978869, 5443967.895144732], [568093.8505659889, 5443976.554064982], [568092.067919291, 5443977.127606631], [568084.4153628311, 5443975.943715357], [568078.297451625, 5443970.07113567], [568064.7810311557, 5443963.495836768], [568059.3744425374, 5443963.428580827], [568052.3662041815, 5443966.371976051], [568041.9788351343, 5443967.913393922], [568030.875266341, 5443963.251816605], [568004.473665452, 5443947.89189881], [567991.6289694525, 5443943.12308585], [567985.1403563269, 5443939.080316686], [567984.4355884197, 5443934.985459276], [567982.2754308358, 5443931.175586523], [567972.7102449324, 5443930.243700661], [567968.1687530885, 5443932.003906329], [567960.5871444615, 5443932.199458461], [567952.9882669677, 5443928.221117527], [567939.0956679672, 5443928.224158342], [567924.9150552587, 5443926.046998618], [567921.0087372031, 5443924.9553625295], [567919.1419758059, 5443923.627709993], [567910.327180522, 5443921.970540789], [567902.4492965792, 5443920.489487505], [567882.5827660332, 5443916.754719438], [567865.1618213302, 5443913.47972245], [567861.951927872, 5443907.6565098865], [567853.3979004489, 5443908.490129241], [567847.2504438146, 5443906.084734053], [567841.1695767642, 5443907.146311839], [567833.7543187006, 5443902.513948266], [567825.1589335453, 5443899.123731888], [567819.2089442831, 5443899.065970776], [567805.5765973413, 5443892.851617613], [567789.1027837698, 5443895.322564737], [567759.3476717088, 5443891.067581711], [567755.6175366624, 5443888.025748619], [567737.4430810659, 5443884.065901791], [567725.8357799413, 5443877.062248342], [567711.2543043396, 5443872.490692742], [567702.5086755868, 5443872.157764881], [567689.4292671374, 5443881.918893261], [567684.5250080612, 5443883.944349801], [567675.7223739852, 5443883.9690591665], [567662.0453489244, 5443873.467278947], [567654.3737617743, 5443870.085416035], [567646.6049951044, 5443856.790415866], [567631.8246006517, 5443833.648112981], [567624.1293780493, 5443833.017952179], [567620.580495836, 5443830.254228518], [567613.288578599, 5443831.236904209], [567609.1382412721, 5443830.014958555], [567606.8450481812, 5443826.041156305], [567602.5777344273, 5443822.729026074], [567597.4080285447, 5443814.475187983], [567589.250357383, 5443810.114732797], [567581.6194871964, 5443807.391359762], [567572.2293827473, 5443810.0201634625], [567565.3156047241, 5443804.269607183], [567554.4097425567, 5443801.6651087385], [567544.4904379534, 5443796.349545697], [567531.5451588839, 5443794.876428331], [567523.7552695316, 5443791.22598633], [567445.2441015372, 5443788.189682505], [567440.5800570297, 5443788.132661659], [567429.8496582457, 5443786.975857376], [567394.8180057089, 5443787.204449649], [567386.6910648762, 5443784.729175842], [567377.5305340351, 5443786.178769036], [567370.3951653296, 5443781.342666266], [567361.1693351223, 5443788.800576856], [567316.6888390318, 5443796.272135215], [567293.5057993635, 5443795.095946104], [567246.9868849742, 5443798.007019909], [567232.2867538029, 5443796.639843035], [567218.9815491311, 5443800.299225021], [567211.2509164886, 5443798.616872073], [567198.4257612533, 5443798.696313583], [567177.7072383468, 5443798.974208349], [567174.4390147682, 5443800.623615681], [567154.713414133, 5443795.900655128], [567138.4107826044, 5443796.19406007], [567128.9038443931, 5443798.248957094], [567108.6037746989, 5443797.418413574], [567093.122727411, 5443804.227052597], [567084.2993799758, 5443801.970095244], [567074.9524674406, 5443805.19989666], [567062.215463548, 5443803.229898722], [567028.2644070938, 5443809.502623864], [567023.2223015815, 5443808.93985093], [566994.6829813009, 5443812.51144517], [566974.4561370914, 5443820.030227892], [566967.1103895347, 5443819.184033185], [566922.499450503, 5443825.591163517], [566894.2653629149, 5443825.743843991], [566880.1329600643, 5443829.966691988], [566869.8963136256, 5443830.445119681], [566861.6973349827, 5443828.246289874], [566837.2099410588, 5443837.908393563], [566826.2517604252, 5443838.0997760305], [566822.2475409857, 5443840.22181897], [566802.9606026883, 5443842.001375393], [566795.3085684368, 5443844.186929363], [566751.4643202225, 5443834.791846671], [566739.681686084, 5443834.191847891], [566736.3154707428, 5443832.15848637], [566722.3758754905, 5443832.296840617], [566709.9671384112, 5443836.189564575], [566691.7431462593, 5443816.411156319], [566655.8378612892, 5443791.836057274], [566651.9339731865, 5443773.207199582], [566643.1292123123, 5443694.326976726], [566641.3034077806, 5443756.569376232], [566641.1630682355, 5443756.34970999], [566610.6916575455, 5443692.489284937], [566600.0868102561, 5443662.673707919], [566591.8061555088, 5443664.008217759], [566581.6610165231, 5443654.603987351], [566569.5292858916, 5443638.094797033], [566566.3016554511, 5443631.536359411], [566564.0122543885, 5443622.55900512], [566556.8918292765, 5443615.445719986], [566549.4557393326, 5443604.239666416], [566540.0290827504, 5443594.551159784], [566532.2356433815, 5443583.872458954], [566513.6223740843, 5443574.757379569], [566495.2391138175, 5443567.884812475], [566473.1661503831, 5443556.230895541], [566467.226542099, 5443555.164935207], [566459.4066997222, 5443550.533760712], [566443.6364738278, 5443548.48946336], [566436.6312265652, 5443549.288965788], [566431.0905421464, 5443547.15638825], [566422.0518364857, 5443550.225437], [566389.1662000695, 5443553.153885836], [566375.3304152719, 5443561.892097473], [566370.0014010756, 5443562.88791587], [566352.4340609094, 5443571.56421216], [566349.584594365, 5443574.359395298], [566339.4329798366, 5443576.816761106], [566333.1179543829, 5443581.939734677], [566322.3418926594, 5443586.004302746], [566311.8539717428, 5443595.284103246], [566304.686633492, 5443605.713410441], [566302.4748288927, 5443611.309783439], [566295.4544199189, 5443617.068838448], [566292.0640664425, 5443621.797507686], [566281.2638330562, 5443626.175455678], [566271.2517482289, 5443633.099253826], [566262.8232970609, 5443634.289364747], [566234.0820382707, 5443656.125461288], [566219.2584820978, 5443661.015000217], [566216.8355238263, 5443663.675258008], [566211.9987391939, 5443665.438292293], [566208.4796324834, 5443663.790495845], [566204.7329148358, 5443658.9139236985], [566181.8059615697, 5443663.976166334], [566174.7170051107, 5443667.907331451], [566168.852228885, 5443668.306575749], [566164.5447656745, 5443670.764746662], [566159.1581004072, 5443677.902849005], [566153.8412568027, 5443680.676940427], [566150.4462287509, 5443684.3730013175], [566136.6663806606, 5443706.541776708], [566135.2354948075, 5443711.274612027], [566129.593758556, 5443721.212283211], [566126.9192149519, 5443732.094252697], [566121.2261977108, 5443742.943368726], [566118.4475249444, 5443759.099923498], [566115.1804338354, 5443766.638562984], [566113.373277878, 5443774.538322571], [566113.4731275837, 5443779.827791704], [566109.4069487931, 5443795.073363588], [566110.4650044343, 5443823.987943633], [566105.8419369617, 5443832.2831413485], [566105.393749075, 5443838.863310187], [566103.1908289649, 5443842.704652017], [566100.4145678714, 5443858.103655785], [566095.5518892161, 5443866.566199393], [566084.1633872524, 5443881.023854732], [566077.4306046269, 5443886.835910365], [566067.0215839036, 5443899.904612281], [566057.530066052, 5443907.395708579], [566054.4405212484, 5443911.592683068], [566051.6413532005, 5443919.110813132], [566041.4947694539, 5443928.187184852], [566032.3293721753, 5443934.234091416], [566025.3108657739, 5443943.029080061], [566006.7688216928, 5443950.929835535], [566000.6997722262, 5443959.53215385], [565993.2287336072, 5443957.363564127], [565968.4139967541, 5443963.689975983], [565960.1091494397, 5443967.045201606], [565956.6700797349, 5443970.040345958], [565951.3914671595, 5443970.685335626], [565937.2924790332, 5443976.892686086], [565918.4917932594, 5443989.456729868], [565909.5731181859, 5443990.554202616], [565904.7275430592, 5443995.109559604], [565893.4746827928, 5443999.972459421], [565880.5056070021, 5444008.828308682], [565868.6676982081, 5444010.77763997], [565868.2395235788, 5444017.581503685], [565864.2803413866, 5444023.4586690245], [565861.3941190816, 5444030.4998179795], [565861.4172839046, 5444034.323195535], [565863.53067374, 5444039.770331934], [565862.350653526, 5444046.691533146], [565845.8096827258, 5444056.05941174], [565817.6701056149, 5444063.129432947], [565804.0945158235, 5444072.796891059], [565799.1149785584, 5444079.730348108], [565792.7395039758, 5444083.606873419], [565789.7788350211, 5444087.214804232], [565785.6764912402, 5444088.465799932], [565781.8122158548, 5444094.154383254], [565767.5190873174, 5444107.483942502], [565758.2134072515, 5444106.966600372], [565725.9277758135, 5444115.939709278], [565718.7295848576, 5444114.428943266], [565712.1281376482, 5444115.051975041], [565690.5633675184, 5444120.692319133], [565677.1787648242, 5444126.269968562], [565675.1868715829, 5444125.233414597], [565675.4900412094, 5444122.597692771], [565680.076311185, 5444120.20479253], [565689.7150945968, 5444110.760410489], [565693.6582814513, 5444097.490307233], [565697.3009044963, 5444068.929789331], [565697.0000505525, 5444063.859771613], [565693.7800652339, 5444059.976303844], [565693.2559834333, 5444057.222700388], [565698.940162623, 5444049.135948303], [565697.0402119997, 5444039.631492791], [565695.1780157145, 5444036.244782888], [565699.5236023001, 5444028.1486064745], [565698.6759079082, 5444024.086013068], [565695.6232020302, 5444019.45144329], [565695.560916707, 5444012.209159159], [565690.980380908, 5443997.334447058], [565688.4535802401, 5443992.131063768], [565684.5571857865, 5443988.616610023], [565682.6328108638, 5443984.221147025], [565679.4607612848, 5443980.791967312], [565678.5727989894, 5443975.093619273], [565652.9887410401, 5443949.188670706], [565648.19281776, 5443945.635240566], [565642.9144947226, 5443944.725255812], [565639.8971372145, 5443939.045870067], [565633.4808468099, 5443936.514031281], [565617.0639388717, 5443920.722133555], [565610.9888641196, 5443917.416816742], [565606.6147881597, 5443917.776365891], [565601.3432507407, 5443912.707905769], [565591.9373606268, 5443907.9422665555], [565583.8423648233, 5443908.113256611], [565574.5408404215, 5443905.1790492805], [565559.036397008, 5443893.061448878], [565548.4441164848, 5443887.852893896], [565544.2989525229, 5443883.504152918], [565537.6602879417, 5443872.095587477], [565531.2448712349, 5443866.533546734], [565520.4855962779, 5443852.254542163], [565511.005996323, 5443842.129742247], [565505.8356690651, 5443839.849987638], [565503.7711212825, 5443835.046393693], [565497.7656101773, 5443829.920375], [565495.5835700161, 5443823.992665757], [565489.6391979306, 5443816.632280262], [565485.6515361541, 5443808.69717781], [565478.371755912, 5443799.570570207], [565475.6050264209, 5443793.891467559], [565466.1078702197, 5443784.198113963], [565462.5576066215, 5443775.001141691], [565456.090818854, 5443771.442779021], [565447.7014799258, 5443757.829450242], [565416.606150588, 5443728.845420624], [565405.7427408793, 5443716.1145355655], [565382.7735792642, 5443702.202120512], [565366.5299977082, 5443699.201106272], [565359.0273873772, 5443699.977425399], [565348.4680390144, 5443695.854405425], [565331.2283772565, 5443697.2729528705], [565316.8716739956, 5443692.99963377], [565308.5618388904, 5443693.148328849], [565303.5770298676, 5443690.616343455], [565281.5661624912, 5443688.2731570685], [565265.8810658578, 5443690.723359365], [565257.6459452467, 5443694.266726821], [565247.9586585147, 5443695.974825633], [565237.4525908508, 5443704.806368361], [565227.7393539603, 5443700.751498288], [565221.4212837253, 5443701.1326671615], [565212.7479546388, 5443708.13534927], [565204.7599431898, 5443707.278373479], [565200.5341489193, 5443708.965130166], [565197.3164416677, 5443712.270367457], [565190.04277328, 5443712.5011321725], [565181.8357306245, 5443710.137837825], [565178.1302244575, 5443712.116831232], [565166.6231461042, 5443712.170900701], [565147.9980458823, 5443708.918191436], [565140.8955320625, 5443709.488636449], [565129.8468835776, 5443706.224152075], [565124.120691264, 5443708.100778551], [565121.5023453541, 5443710.892592091], [565107.8954434434, 5443708.006244233], [565101.4429220423, 5443711.339550086], [565096.0476713488, 5443708.12273391], [565090.1908575827, 5443711.740523888], [565084.0986162729, 5443712.238462131], [565076.0785237325, 5443710.202344289], [565066.2051977856, 5443715.29342494], [565059.5381027914, 5443715.952891987], [565056.1339021687, 5443718.130403674], [565043.7961540425, 5443718.646954015], [565036.0755854729, 5443726.893185488], [565030.6930695383, 5443725.09489925], [565027.2954850742, 5443722.131012856], [565020.2413448689, 5443724.166486016], [565010.6355449742, 5443720.129811891], [564999.413680981, 5443721.75867776], [564997.4491181549, 5443727.444360644], [564994.8836925124, 5443728.2576024765], [564984.8811891318, 5443720.150705954], [564980.0373482252, 5443718.874261871], [564968.2645553383, 5443720.427241539], [564958.8769632122, 5443719.188679703], [564952.7778495343, 5443720.847457278], [564947.9335432136, 5443716.833866615], [564938.4071823444, 5443717.700545005], [564929.5222048301, 5443714.4288170505], [564916.9543088402, 5443716.15845058], [564913.3803529631, 5443714.4626872], [564910.2977513266, 5443707.7696885485], [564904.7206290731, 5443708.898687232], [564893.629648737, 5443704.387348449], [564870.8320718595, 5443704.355905805], [564856.7143397268, 5443699.105253155], [564842.390315127, 5443700.125110149], [564834.4605559382, 5443692.790123614], [564824.4647057676, 5443687.798707519], [564818.212564834, 5443688.2206026055], [564804.2757037871, 5443684.994027033], [564793.4743105763, 5443686.913594089], [564786.1786953288, 5443684.233702731], [564782.2313618106, 5443680.578282345], [564773.0278024301, 5443682.880540287], [564766.4350508387, 5443676.869664275], [564749.6792741076, 5443674.129711763], [564742.3204876353, 5443670.995122748], [564727.776600874, 5443672.321703683], [564723.0205323913, 5443674.704368349], [564716.0523127627, 5443667.662802216], [564708.0041038707, 5443667.108820024], [564703.7181852884, 5443669.05119668], [564698.3817038117, 5443667.284335883], [564693.3430203587, 5443671.154868161], [564692.1408535981, 5443670.184344616], [564691.7843884794, 5443666.339603509], [564683.8674040016, 5443664.90166143], [564677.1307341806, 5443670.117429304], [564675.6555933065, 5443669.668483615], [564674.0740828409, 5443666.140227305], [564670.4753891813, 5443664.612867437], [564653.9798759322, 5443666.956021425], [564648.9356068223, 5443669.093264023], [564648.7946321034, 5443672.908271412], [564647.1957317777, 5443674.888581575], [564644.7313110644, 5443674.8068900965], [564643.507070558, 5443672.19254891], [564641.2430947308, 5443671.291349274], [564635.0955588071, 5443676.727786675], [564631.8250068479, 5443677.28024939], [564627.5212711992, 5443675.04387982], [564626.3298322798, 5443672.6613702085], [564626.6931540945, 5443670.517699828], [564625.0343162585, 5443668.909201245], [564619.038115871, 5443668.180796626], [564611.9940102801, 5443670.293764406], [564589.159295788, 5443667.002033283], [564576.8759269654, 5443661.985154025], [564572.4342396602, 5443657.9656492155], [564562.4194012606, 5443656.833006503], [564556.4956626121, 5443651.624643193], [564555.0082217657, 5443647.489910025], [564551.6606138551, 5443646.086745703], [564534.6026473349, 5443645.274979571], [564521.3074143297, 5443641.522603572], [564515.409996908, 5443643.177448006], [564510.0927512376, 5443642.5251075765], [564504.5506535736, 5443638.308332575], [564496.1566621729, 5443637.164929241], [564491.0910616049, 5443638.942044445], [564483.6192685121, 5443636.055857665], [564478.8264512584, 5443635.892087351], [564475.0722598222, 5443633.100176291], [564469.2414614331, 5443634.909908082], [564462.2647277976, 5443630.461934475], [564457.7352520277, 5443631.405551129], [564456.1076210066, 5443636.746488655], [564449.1601870619, 5443641.0042465255], [564447.2490598663, 5443639.328387494], [564446.8835320901, 5443635.373361893], [564444.5130979263, 5443633.758513736], [564436.0981872936, 5443638.336281511], [564431.5545328747, 5443635.29392394], [564422.0235606733, 5443636.27643869], [564417.3134065924, 5443629.780906134], [564405.2389497324, 5443626.607911352], [564401.0960826636, 5443627.27312457], [564394.4201367473, 5443625.199191658], [564390.3264792952, 5443626.6484149005], [564383.3644372132, 5443625.055673105], [564378.9258453521, 5443627.953643232], [564374.1597024943, 5443628.30597584], [564358.1605297296, 5443625.4762237305], [564354.4913998181, 5443623.81863829], [564352.7458223298, 5443620.808703818], [564361.4666645589, 5443611.928934703], [564367.4275543593, 5443594.182205053], [564375.2945767809, 5443591.8450365625], [564381.0528097687, 5443584.907628668], [564385.4635946453, 5443584.151421135], [564389.4052833432, 5443581.140028621], [564393.2618503834, 5443581.279521766], [564395.3720044391, 5443575.160626496], [564405.9701586334, 5443573.11622391], [564408.8571227314, 5443569.805266886], [564419.8348521708, 5443566.249923678], [564425.432502387, 5443566.060587072], [564432.9711546245, 5443562.6628781445], [564443.9217922285, 5443554.078447493], [564458.120668738, 5443550.295425238], [564464.9875809695, 5443543.146092678], [564477.5906012851, 5443538.638893851], [564497.7250222531, 5443527.280297163], [564500.0226748511, 5443524.178210334], [564505.7513181551, 5443523.183219629], [564516.9316093572, 5443514.987971762], [564531.8706440703, 5443510.093692219], [564538.0716251783, 5443504.979439976], [564543.612238376, 5443505.583975552], [564549.7362971391, 5443502.214059916], [564558.4848038518, 5443502.16170491], [564565.4979167971, 5443499.121995759], [564593.8364663433, 5443495.021498443], [564615.4522688498, 5443489.010727663], [564676.7804266486, 5443488.78495441], [564679.2362429289, 5443486.179936455], [564686.4615194835, 5443487.517057373], [564701.5821212161, 5443485.652175445], [564713.9053081978, 5443487.308056843], [564745.6480642529, 5443481.989732727], [564756.4733996943, 5443482.7475549], [564762.0553907063, 5443480.259118829], [564775.6342598778, 5443481.188732229], [564781.0080116296, 5443478.937418907], [564786.8795236417, 5443480.1607310735], [564792.1644949229, 5443474.905739602], [564805.0231679255, 5443472.323918495], [564811.8674047528, 5443468.12825562], [564827.8610694445, 5443464.316410047], [564836.6394294648, 5443459.747559227], [564866.1217457289, 5443454.241963662], [564924.6259989762, 5443437.206888554], [564930.9777080339, 5443437.022692398], [564958.7414266565, 5443429.8308731355], [564970.6805206086, 5443429.250322017], [564985.6194184129, 5443425.504416796], [565011.3367597716, 5443421.963045766], [565044.21163629, 5443421.301877399], [565058.8215791933, 5443418.68524215], [565066.649040473, 5443420.52404242], [565079.6348420773, 5443417.911093169], [565108.0080106088, 5443416.207523752], [565157.9621178729, 5443405.052782635], [565178.0154826093, 5443406.049845673], [565199.5314720462, 5443398.9472023435], [565221.9893304621, 5443398.269396298], [565226.909819387, 5443395.863201558], [565234.0472549178, 5443397.194385197], [565246.3091235857, 5443393.922083651], [565258.1070865948, 5443393.770115394], [565269.0114123578, 5443395.599585879], [565277.6181858246, 5443402.759926098], [565283.1121967155, 5443404.197320269], [565288.1284708338, 5443403.23748735], [565293.4953294613, 5443394.7483954], [565297.283686231, 5443394.549906597], [565305.1265400905, 5443399.145863818], [565313.4036313716, 5443407.005527191], [565317.3586329392, 5443414.021871663], [565324.8367578672, 5443416.212773754], [565329.7499240027, 5443422.348076938], [565343.7765859319, 5443423.604182638], [565346.9105982794, 5443427.80302014], [565355.6760395215, 5443433.893447549], [565363.748872534, 5443433.109187206], [565367.4719373994, 5443431.066644705], [565371.1499531962, 5443435.400945611], [565376.5371682764, 5443438.375368721], [565388.2888706753, 5443439.225478642], [565393.2906432383, 5443443.4805594655], [565396.3288221847, 5443444.211897745], [565411.9333586701, 5443443.037145152], [565428.9598960844, 5443449.243179363], [565435.3040229199, 5443450.365168891], [565441.9616438715, 5443449.0959887095], [565459.070200249, 5443453.3226243565], [565467.6710684085, 5443449.250333647], [565475.083397262, 5443448.933154618], [565479.0322118661, 5443452.748155672], [565487.8407810376, 5443451.8644056115], [565512.2867939153, 5443457.94319172], [565520.369196711, 5443464.805984063], [565534.1087564003, 5443470.191726743], [565544.0332038493, 5443471.080699073], [565547.8838058683, 5443475.060643324], [565554.0072649674, 5443476.144431831], [565567.5282587501, 5443475.761005958], [565573.9548062143, 5443473.353161364], [565583.5390409111, 5443477.020575744], [565588.3475300682, 5443476.053949832], [565592.3687988877, 5443477.534973699], [565604.669502496, 5443471.056884161], [565614.9804237816, 5443472.637047635], [565624.8275694521, 5443477.132180663], [565632.4486896772, 5443475.189827885], [565640.2723948403, 5443471.0506597655], [565644.3563604171, 5443473.97800859], [565654.0518265835, 5443473.148363562], [565657.8455144285, 5443472.025708579], [565662.246956396, 5443466.383405937], [565673.6843416027, 5443466.87636617], [565682.75104696, 5443464.146456682], [565687.3051039135, 5443461.046209902], [565692.2627910803, 5443462.140706047], [565698.2996913298, 5443457.21342665], [565717.974651223, 5443451.044118029], [565721.9383869304, 5443451.105505636], [565730.9473963036, 5443443.748658393], [565739.1886063629, 5443431.260082641], [565743.1982216933, 5443432.044258594], [565745.1572828783, 5443435.09424725], [565749.225492016, 5443437.600039358], [565753.7449399948, 5443436.373245701], [565769.4537784564, 5443424.883276557], [565779.7953925941, 5443414.31258196], [565792.3320642562, 5443409.252580949], [565804.8415293946, 5443407.205941875], [565811.9858609436, 5443402.732065708], [565816.6040242758, 5443398.645769694], [565820.9596928927, 5443391.886459989], [565827.7756100055, 5443386.352076061], [565833.2995536561, 5443384.046144331], [565837.8419456134, 5443378.197062843], [565843.1368049382, 5443375.717595351], [565850.7182679048, 5443366.215690072], [565861.7851049185, 5443356.982991409], [565863.657263968, 5443352.548512624], [565867.5368287938, 5443351.582020847], [565873.8577176292, 5443347.034010231], [565876.702058534, 5443340.403065706], [565885.0969277419, 5443330.899927409], [565893.989892924, 5443324.61856996], [565896.8080203627, 5443320.291310579], [565903.8436407219, 5443316.724061546], [565913.6223137161, 5443302.310397442], [565923.3642390689, 5443295.409410286], [565934.6649391098, 5443290.156091362], [565937.3364463116, 5443285.382473309], [565949.3632267499, 5443279.359210573], [565959.788640327, 5443269.493754112], [565965.1638122498, 5443266.380412104], [565969.3257335193, 5443258.301204612], [565976.2628490675, 5443249.896905095], [565977.437290288, 5443243.683441069], [565977.3956196394, 5443240.0], [565862.2082804452, 5443240.0], [565851.0846758339, 5443246.248109272], [565830.1712719796, 5443264.157191608], [565805.2596134044, 5443279.1492869], [565773.6823686279, 5443295.604570272], [565762.3988070878, 5443300.759841403], [565754.7336918534, 5443300.763224298], [565745.1813036375, 5443307.919692921], [565694.9063430567, 5443324.9761079885], [565688.2304924121, 5443328.84100252], [565679.1413493212, 5443329.269814895], [565623.1570132892, 5443341.249433111], [565617.5231024591, 5443338.808948295], [565612.6652686864, 5443339.961192734], [565605.4142736924, 5443338.964582735], [565599.4277581514, 5443341.8832814265], [565584.4683602029, 5443343.383396664], [565539.6801060226, 5443344.229323001], [565525.7478479783, 5443341.875540863], [565498.2991869183, 5443343.074748377], [565485.4204933587, 5443337.824833968], [565478.5537915132, 5443338.896702605], [565455.5420915886, 5443335.347153533], [565404.6587137043, 5443322.3883351395], [565358.5771887974, 5443305.87096835], [565350.7881574933, 5443299.242701102], [565338.9904522282, 5443294.98154411], [565327.378455856, 5443298.554860069], [565322.6676926257, 5443295.140668831], [565296.0724277594, 5443293.017390662], [565281.9446590069, 5443298.618738877], [565264.8101555777, 5443314.008722139], [565248.0195125672, 5443311.945283679], [565230.2784337851, 5443315.18970319], [565220.6554225229, 5443312.1335111], [565209.5906212855, 5443316.193857896], [565193.4988668056, 5443309.062552815], [565184.2174805338, 5443299.8335575545], [565165.3550789094, 5443295.972676823], [565155.6469668302, 5443297.126431474], [565151.8982608956, 5443295.506806128], [565142.7385635827, 5443296.06254754], [565134.9158525402, 5443293.989641376], [565110.3299494267, 5443292.174307397], [565103.9901938057, 5443294.024076615], [565085.1052320849, 5443291.008502021], [565077.9863894957, 5443292.21069464], [565065.7909857398, 5443291.468515702], [565061.1058588171, 5443289.381644056], [565053.1427952041, 5443291.249842776], [565038.9202032461, 5443291.350820745], [565023.4390685019, 5443290.167741769], [565018.8748038255, 5443288.343988394], [565008.5952037037, 5443290.312408227], [564991.4973013198, 5443288.235241193], [564969.4144104912, 5443289.084005651], [564938.7846034853, 5443286.944134013], [564929.2827466525, 5443288.254041293], [564922.5296054665, 5443286.187161787], [564910.1680076519, 5443285.924821432], [564897.906772896, 5443291.938450074], [564890.8044396905, 5443288.070169282], [564881.463776764, 5443288.217484285], [564871.7940816422, 5443290.414045959], [564864.7082644207, 5443289.1047217725], [564856.3262287795, 5443295.199904777], [564844.9993174387, 5443290.4333739495], [564823.2696400901, 5443294.947374773], [564812.5272975182, 5443299.351869032], [564810.324487981, 5443298.409749421], [564809.0007367132, 5443294.168409365], [564806.6934822842, 5443292.80076718], [564804.4987727462, 5443294.874220503], [564803.9183123324, 5443298.545205073], [564801.6058646952, 5443300.372455502], [564766.0328095506, 5443307.453243999], [564762.0348258901, 5443311.945812035], [564757.7254066438, 5443321.124422699], [564754.4439789971, 5443322.157730999], [564747.676775283, 5443322.016975827], [564741.9420891136, 5443317.9663211], [564735.0621837422, 5443317.879913727], [564729.8515542347, 5443320.122543851], [564717.3459079285, 5443319.042756842], [564707.8615938856, 5443322.25602226], [564701.0968719246, 5443321.079355861], [564679.6905080489, 5443323.14815906], [564673.7819266823, 5443325.654797754], [564658.5434550791, 5443325.8188135335], [564649.3941895517, 5443328.802418024], [564644.6954433171, 5443333.031970873], [564639.9420161541, 5443333.5813438], [564630.2053059264, 5443338.762668181], [564609.3532112488, 5443345.880931716], [564600.8476199993, 5443343.943092178], [564584.6401819872, 5443346.25865926], [564575.9803023713, 5443344.968648703], [564558.2243713356, 5443350.425655746], [564549.9899840289, 5443349.099655365], [564523.23911471, 5443352.642534145], [564500.9092850452, 5443358.98475678], [564494.8778360264, 5443359.216120027], [564482.9062767867, 5443365.1885856055], [564459.3637628453, 5443367.797546985], [564452.1605394854, 5443371.535639965], [564438.9492222876, 5443374.184069716], [564431.3040797233, 5443380.089746396], [564423.2732418407, 5443380.069500573], [564417.7099127796, 5443382.291599966], [564399.8382670453, 5443384.950917629], [564384.3392203379, 5443391.262677698], [564371.8355345482, 5443392.246757602], [564351.3417437909, 5443401.927120035], [564339.2586643056, 5443403.399739829], [564329.7910336233, 5443401.844020469], [564319.4347733324, 5443403.251725523], [564296.8881250051, 5443403.014738619], [564286.9302490156, 5443404.724971871], [564279.4422052538, 5443400.6968468735], [564265.648564881, 5443402.362338836], [564248.1158601879, 5443408.361106212], [564242.5934568689, 5443407.715332617], [564238.2283203133, 5443404.251818021], [564216.565636134, 5443405.994852189], [564208.1024691854, 5443409.16161672], [564193.4443820931, 5443409.154331752], [564188.1067170384, 5443406.675540557], [564177.731365537, 5443411.001035709], [564167.190477389, 5443412.29350848], [564142.9849839659, 5443405.302259449], [564126.7714785258, 5443408.342589781], [564119.3975807644, 5443408.221281621], [564111.4433467708, 5443405.641379568], [564106.8461883183, 5443408.113806722], [564099.3718401573, 5443406.065682248], [564092.3918059301, 5443409.732633125], [564082.1488336812, 5443405.389449645], [564063.4052529224, 5443411.525665897], [564039.0310118645, 5443404.234398035], [564035.5246747485, 5443404.943628495], [564033.2923354062, 5443410.0521267215], [564030.8670013883, 5443411.23118109], [564020.7382820232, 5443404.870641538], [564009.4561483196, 5443408.210348673], [564005.0595330249, 5443407.634531581], [564003.6997245786, 5443399.803314752], [563998.3889865539, 5443397.97214906], [563994.1485012767, 5443399.871624021], [563989.2719972664, 5443405.0770408595], [563984.4171085884, 5443403.678043588], [563976.2475652314, 5443407.163393749], [563969.8855316569, 5443404.8343396215], [563960.0, 5443407.455894526], [563960.0, 5444480.864395375], [563978.3022446743, 5444485.288782115], [563989.4571414865, 5444490.838866679], [563997.7539807268, 5444497.291421412], [564003.7685548682, 5444498.259353704], [564009.771510469, 5444503.692818225], [564020.7558127453, 5444502.593045217], [564045.7488620284, 5444528.428809087], [564110.8982389127, 5444572.01234051], [564262.0830888542, 5444647.570058455], [564312.6759511995, 5444686.7125010155], [564414.2809138787, 5444743.803163471], [564563.223092235, 5444844.452412093], [564626.6101621338, 5444894.339354211], [564689.6885875633, 5444932.198118513], [564743.6009777118, 5444969.329190687], [564787.4585116593, 5444989.867919693], [564820.7189427637, 5445010.197332647], [564900.2047990941, 5445030.78378028], [564950.8848916645, 5445054.517214844], [564971.1664626315, 5445056.88484163], [565015.7516965634, 5445068.257100851], [565042.2137552646, 5445067.577332817], [565082.3205898172, 5445073.287179012], [565122.8220300402, 5445075.616778666], [565173.3168637273, 5445092.132817601], [565193.7840215763, 5445101.7173455395], [565216.0148117245, 5445104.997684575], [565252.3087583968, 5445093.473199939], [565324.6636966222, 5445098.835434823], [565372.2584191789, 5445096.167842629], [565438.8510510358, 5445083.383025317], [565517.7192724218, 5445079.911270082], [565598.3276687372, 5445087.949358878], [565620.5846188613, 5445086.289321081], [565625.0053960936, 5445091.90063982], [565631.7292605495, 5445094.533425054], [565656.0495611615, 5445094.4849120015], [565670.6574705746, 5445092.418757273], [565680.6136812688, 5445087.2642629035], [565688.456035248, 5445085.0861228425], [565695.1474313125, 5445086.908457818], [565703.1536044707, 5445080.816523222], [565716.2292541432, 5445078.4680118235], [565751.2546808746, 5445063.950282996], [565771.6650448092, 5445057.276241532], [565781.607959862, 5445052.423655853], [565787.0256742961, 5445047.366153387], [565814.3324696205, 5445036.446306653], [565828.2820958626, 5445027.3676488865], [565836.1107455125, 5445025.945158583], [565841.268990461, 5445022.073861439], [565880.5833424841, 5445003.868595651], [565887.1127803287, 5444999.49844446], [565889.443987749, 5444995.439870823], [565900.6336036011, 5444985.353767002], [565915.6664860854, 5444980.1885546995], [565924.1699374828, 5444979.3934930805], [565946.9564011189, 5444973.12404414], [565968.537968283, 5444965.0688341055], [565983.5334369947, 5444961.981269421], [566002.8312683089, 5444952.96060677], [566024.8014620533, 5444946.339711509], [566036.8989144975, 5444943.836788583], [566049.159072509, 5444944.231977883], [566062.3631671404, 5444947.227301532], [566085.7410871165, 5444945.0606157025], [566119.6318122515, 5444948.020847619], [566138.6112287937, 5444943.111963912], [566149.852098095, 5444944.256897791], [566164.7572255116, 5444940.824325827], [566180.590924587, 5444940.942260448], [566194.9101629066, 5444937.869301419], [566242.5049305223, 5444939.289629957], [566271.6750537758, 5444937.284739887], [566289.0461441318, 5444944.040231967], [566297.6222678073, 5444943.061516651], [566301.8979650666, 5444945.360675366], [566334.3647782357, 5444952.2816329], [566345.7108284308, 5444957.060840585], [566355.2406262462, 5444957.199066516], [566362.9027613112, 5444962.052494108], [566379.3471361375, 5444965.746466622], [566384.6029201933, 5444968.415061987], [566390.551468146, 5444974.111773541], [566396.829135288, 5444975.94011416], [566403.8375479517, 5444980.724892628], [566409.626407757, 5444982.094622884], [566417.2468436116, 5444988.230677027], [566448.0252549313, 5444997.422499581], [566462.089035368, 5445003.443263036], [566471.6131026619, 5445004.244754764], [566493.2587820886, 5445014.816248778], [566501.5625078089, 5445014.5018218], [566503.6337740351, 5445021.086774603], [566508.1038216264, 5445025.041930022], [566518.1638113989, 5445027.314777294], [566526.5359059072, 5445026.701013315], [566540.3069457463, 5445030.039965209], [566550.842585933, 5445029.235362223], [566560.0350464785, 5445032.103742053], [566564.8602535449, 5445036.93977339], [566570.0526658907, 5445035.285587403], [566576.7936587456, 5445038.006759002], [566582.378138897, 5445038.319864549], [566592.5176228324, 5445035.250040205], [566600.6087463339, 5445040.895146001], [566611.8973846459, 5445038.244099042], [566619.2655422373, 5445045.128969743], [566629.6181343647, 5445042.167750978], [566645.3162846386, 5445044.422034063], [566664.1191432902, 5445052.43412107], [566679.6470152079, 5445051.950201454], [566681.826343705, 5445053.641029185], [566683.7623848113, 5445058.361257079], [566694.74798142, 5445066.863670004], [566706.6273231631, 5445070.105379903], [566717.0778500111, 5445068.010601145], [566731.4383482048, 5445070.2581156185], [566746.2652974786, 5445080.92358727], [566757.7986020076, 5445079.903579322], [566762.983357524, 5445082.955107939], [566777.1661997472, 5445084.784760012], [566790.2047027815, 5445089.667013374], [566802.8356570887, 5445091.112409912], [566817.9723202742, 5445097.000242567], [566824.130811645, 5445096.17938609], [566830.2787613824, 5445100.7875671415], [566838.1851390601, 5445099.429920331], [566843.6174872268, 5445100.7331300005], [566850.8732524121, 5445104.397691586], [566853.9496616372, 5445110.392940713], [566869.5212840926, 5445112.544765298], [566877.2491088617, 5445116.6424028985], [566894.5434231967, 5445117.070473459], [566904.5508332879, 5445122.824121115], [566922.0022723533, 5445127.858469647], [566936.2518103425, 5445127.064123734], [566943.503875965, 5445130.897012717], [566954.2129314131, 5445131.125491417], [566962.646124334, 5445136.096761239], [566972.4973823803, 5445134.01508382], [566983.9495543296, 5445138.216342543], [566995.2978689714, 5445135.449494061], [567002.5840104847, 5445138.103288352], [567009.1435304852, 5445138.310653251], [567017.5025522055, 5445134.825630798], [567023.510716322, 5445135.186807062], [567032.3474959161, 5445139.0460659955], [567039.6640416286, 5445137.0067466935], [567049.1478606276, 5445138.292814173], [567057.7945047158, 5445137.392150869], [567063.3844151533, 5445139.165587733], [567082.9385913498, 5445137.182503986], [567105.2781223477, 5445138.110525884], [567117.6868153743, 5445143.085389163], [567130.1116398864, 5445140.557449179], [567142.6501842078, 5445143.48578149], [567162.695269058, 5445140.166362071], [567170.7670085389, 5445144.6712205345], [567181.841542297, 5445143.748687919], [567193.8370276392, 5445145.242062663], [567203.6620020217, 5445150.338052498], [567216.4100155126, 5445154.309841992], [567227.3325916523, 5445155.964643323], [567232.0909291469, 5445153.215801342], [567244.0273488973, 5445160.109927886], [567255.7186382978, 5445159.070792917], [567264.365606146, 5445160.266485954], [567270.2295251074, 5445167.1680652285], [567278.108664087, 5445171.178478406], [567294.1547970468, 5445185.611832474], [567306.4577115083, 5445191.567536655], [567308.1465064025, 5445194.867566594], [567312.7523264631, 5445194.952034758], [567315.0097299537, 5445191.248716464], [567318.8327088158, 5445192.245625664], [567318.9443045413, 5445194.179877819], [567315.2500647164, 5445196.477109141], [567311.253557138, 5445207.430967223], [567320.1147458565, 5445215.463054029], [567320.6644577102, 5445219.308828158], [567324.5661976069, 5445227.790006243], [567327.6754736047, 5445231.427078471], [567339.5671368801, 5445239.551562259], [567358.1917471881, 5445247.336072333], [567363.9280889152, 5445253.366124122], [567368.3679143311, 5445261.351506674], [567375.7109736896, 5445261.175694252], [567381.3100593241, 5445257.503930309], [567385.120579263, 5445257.685312827], [567391.8872277781, 5445261.415709971], [567399.62737146, 5445268.50431062], [567404.1236886359, 5445270.242782012], [567426.9933948866, 5445274.079384368], [567477.8365774441, 5445286.432727829], [567520.094407656, 5445289.287153417], [567525.6701194145, 5445287.868567115], [567533.5386433764, 5445281.378224299], [567539.7124855139, 5445281.203870006], [567560.8888844388, 5445286.269835857], [567578.1100427726, 5445288.281230797], [567582.5486488969, 5445289.984918446], [567587.8769513344, 5445294.921526393], [567594.1866502207, 5445297.014166026], [567596.1252622942, 5445300.629938497], [567595.5504961356, 5445305.985863856], [567598.2295204886, 5445310.532548666], [567610.1186761013, 5445317.980784386], [567613.8266438124, 5445325.278985602], [567620.2336766885, 5445327.536470376], [567623.2383686537, 5445331.73199189], [567624.1677488696, 5445337.163702527], [567625.8248966754, 5445339.807201673], [567637.1752270712, 5445343.105617128], [567638.6135052928, 5445345.313096207], [567639.0211267787, 5445353.626157707], [567643.2767279841, 5445358.1765029235], [567652.0960468048, 5445363.259830076], [567658.2190174701, 5445364.305250451], [567666.710948493, 5445358.998028043], [567674.311479684, 5445359.435262582], [567680.2194865815, 5445356.759607709], [567683.8996959364, 5445357.2334735505], [567701.3519152199, 5445378.826838579], [567717.0503711004, 5445389.325400864], [567726.351442751, 5445389.940281149], [567730.2184578028, 5445392.296350577], [567736.7830748761, 5445400.855649058], [567746.2408472898, 5445407.252855525], [567749.8235653103, 5445415.920363494], [567763.3460070238, 5445428.4860017765], [567769.0031525975, 5445437.999911473], [567778.4297439764, 5445442.076387912], [567782.557675146, 5445445.474623841], [567791.4874210532, 5445459.003529952], [567801.0155057819, 5445468.369303617], [567807.6372999762, 5445483.135947618], [567811.4184964712, 5445496.4280043], [567815.9525758345, 5445519.706807539], [567818.2822327864, 5445523.249417095], [567817.2349597202, 5445530.011035241], [567819.221315545, 5445547.884633745], [567823.1154838479, 5445554.242740728], [567821.7575803926, 5445559.057769892], [567800.9354742038, 5445539.662672122], [567771.8882935419, 5445512.6221306715], [567773.8131974243, 5445531.646976652], [567778.8566258822, 5445555.6132586], [567783.8212299757, 5445577.688469281], [567787.9274667749, 5445599.58625149], [567788.8543153442, 5445612.58386319], [567790.8894829162, 5445625.594966419], [567792.8391189573, 5445652.6920028655], [567792.8108234721, 5445665.677841484], [567792.9328237382, 5445689.594778162], [567792.9231385604, 5445742.640139243], [567791.9218859781, 5445757.670923768], [567790.935802559, 5445781.5630780235], [567790.8930242123, 5445801.675574609], [567789.8489773468, 5445810.69080628], [567789.8420810698, 5445826.690034793], [567787.8402003683, 5445846.611657607], [567783.8635832455, 5445867.620906154], [567780.8886169503, 5445889.598571506], [567779.9588335515, 5445913.658353292], [567779.9205867869, 5445937.562218523], [567780.840179919, 5445950.5596772805], [567781.9273236778, 5445963.559265598], [567783.9230263545, 5445975.613783927], [567785.9117321558, 5446003.667367356], [567788.891394411, 5446027.619416397], [567790.9511139012, 5446048.702849427], [567790.8301887667, 5446049.646458502], [567792.8547885129, 5446073.586790233], [567797.8582121904, 5446096.60752914], [567800.9515908078, 5446119.6048183385], [567801.9031123657, 5446140.674560056], [567802.8477760572, 5446151.615460568], [567806.8745827617, 5446171.62234176], [567809.8468679547, 5446195.563219163], [567812.9007561968, 5446217.614977781], [567814.8645851361, 5446237.585375434], [567816.899345303, 5446250.596547511], [567817.8260302715, 5446263.594143192], [567819.8141502743, 5446275.648534005], [567819.8751480493, 5446295.606729559], [567821.9558967601, 5446319.703424759], [567823.869648392, 5446333.658209575], [567824.8142758857, 5446344.599049772], [567830.9576050137, 5446384.5782192], [567834.9195568991, 5446405.684998858], [567839.8660408724, 5446428.549412197], [567845.9122635731, 5446452.694906396], [567849.8570838872, 5446474.5909352545], [567851.9449354765, 5446498.687775198], [567852.8641592024, 5446511.685182568], [567855.9357107643, 5446531.669284087], [567857.8991465042, 5446551.650737849], [567862.9124330783, 5446572.614849729], [567865.805619748, 5446594.653585835], [567864.9114577, 5446614.599982562], [567863.9280782059, 5446627.574052702], [567862.9054859137, 5446639.591490042], [567860.8068514885, 5446652.551950898], [567857.8243304249, 5446665.6571529], [567850.8481765321, 5446684.5726256035], [567840.8999710331, 5446705.664014671], [567829.9618092534, 5446729.600734983], [567815.9021096271, 5446753.654830815], [567803.8349050942, 5446774.564699702], [567790.8906429537, 5446798.632436189], [567784.8269515868, 5446811.544160145], [567770.8885078719, 5446834.654743947], [567760.877179052, 5446855.589911577], [567749.8609870502, 5446877.624602622], [567737.9006950629, 5446897.590894374], [567725.8904780459, 5446918.657237605], [567713.8166466547, 5446939.567126823], [567701.820756601, 5446963.646839123], [567698.8960014905, 5446975.652090003], [567699.815429844, 5446988.649617859], [567702.8838230069, 5447003.563504093], [567702.9300605824, 5447014.649078775], [567717.9396119699, 5446995.676336048], [567726.8605580488, 5446972.670847927], [567735.8531519657, 5446951.556292313], [567746.8190945124, 5446930.63279301], [567755.9148696838, 5446910.631450854], [567767.8858531824, 5446888.6084533315], [567778.9128286638, 5446871.643904498], [567791.9525087004, 5446848.6890563825], [567805.8515743539, 5446824.632997907], [567819.8463955693, 5446801.68997123], [567829.8974850317, 5446781.700483585], [567840.9608763041, 5446760.611570241], [567849.9148411977, 5446738.551655122], [567859.9014551577, 5446719.6732156025], [567868.8553661669, 5446697.624468254], [567879.8404260664, 5446674.633547893], [567888.8158769405, 5446655.587041649], [567891.8162880769, 5446631.552717246], [567892.8314961818, 5446610.66285496], [567892.8599499663, 5446597.676899482], [567891.9408399288, 5446584.6794058895], [567891.8088809638, 5446571.702744906], [567890.8438557971, 5446547.6197159095], [567876.8552285028, 5446503.585899707], [567869.9106793683, 5446479.584982857], [567867.9505255362, 5446464.673457816], [567865.8339627768, 5446444.701114654], [567863.8568867589, 5446430.578801404], [567862.9479323983, 5446406.663284863], [567859.9157141717, 5446387.624799861], [567858.8541240775, 5446372.5686117], [567854.948545334, 5446351.618147087], [567851.8950192602, 5446329.56636831], [567850.868344873, 5446311.664361987], [567849.8460461615, 5446297.553830145], [567847.8610967082, 5446274.570062967], [567843.8343144226, 5446254.574300522], [567842.8470640836, 5446237.617907309], [567838.8843704009, 5446191.639381851], [567836.8209190138, 5446175.625943443], [567831.892654105, 5446140.57600488], [567828.9029119187, 5446127.553171691], [567822.9126950721, 5446103.564022625], [567822.944320039, 5446095.648157259], [567818.8250363093, 5446079.609426238], [567817.6180830355, 5446070.433105733], [567815.9241961932, 5446057.5595105775], [567815.1092812214, 5446052.079340397], [567814.8871710385, 5446050.575636652], [567814.8152295252, 5446032.685387315], [567813.9098641432, 5446022.701192605], [567814.9504941534, 5446008.615919603], [567814.8647272321, 5445980.58557826], [567814.9031276827, 5445956.681761272], [567815.9010495291, 5445936.580953019], [567815.9507025534, 5445926.6084127305], [567816.813000276, 5445914.577863859], [567816.894383345, 5445870.561536451], [567817.9093580571, 5445849.671561454], [567818.8212115681, 5445827.668495684], [567819.8934679074, 5445805.678583402], [567822.8369958629, 5445791.616750708], [567822.8045464702, 5445774.672031638], [567825.8190331096, 5445753.651002876], [567826.8912311951, 5445731.661013237], [567827.9106978317, 5445714.5624764655], [567827.8742831657, 5445702.687689187], [567827.8957326764, 5445679.573050994], [567826.8869470326, 5445659.6032937085], [567824.944290434, 5445642.635102646], [567818.8498015697, 5445601.555969686], [567818.8994006761, 5445591.58341168], [567820.8198970393, 5445580.677760528], [567825.5862755759, 5445573.379145113], [567828.0654424098, 5445574.783812526], [567831.1539534373, 5445588.684986981], [567843.4852953749, 5445605.918211294], [567846.6026903566, 5445615.523166072], [567853.2575620319, 5445623.293057365], [567870.4905587774, 5445637.103275635], [567902.6469682616, 5445648.059419985], [567914.9614252605, 5445647.977668039], [567956.172697561, 5445655.167796076], [567967.7149730179, 5445661.026607968], [567996.8216409854, 5445670.534944876], [568002.5087514402, 5445670.067416108], [568008.3363809978, 5445673.989669948], [568021.5856710271, 5445678.195817792], [568075.9949458567, 5445678.09001875], [568081.8737672525, 5445675.929615087], [568088.2453078124, 5445676.286134216], [568119.5397810749, 5445671.760272552], [568133.9758301508, 5445666.5805418985], [568150.9775310354, 5445664.965511586], [568161.9643548481, 5445666.082260499], [568167.644287418, 5445668.99652937], [568171.7997952495, 5445673.425930772], [568172.6657932481, 5445679.484019508], [568180.8482218924, 5445689.96693419], [568190.0541763098, 5445698.008812803], [568195.0695051963, 5445699.705165478], [568197.7520999913, 5445704.107682192], [568204.8888674519, 5445710.466250557], [568224.3596869106, 5445736.319947546], [568234.3482313302, 5445752.388784498], [568241.4745729254, 5445756.226485295], [568249.0067755781, 5445757.288693822], [568261.9032495519, 5445765.020559656], [568269.338352483, 5445765.978766833], [568270.4763350036, 5445770.038092078], [568270.3847927757, 5445775.803637031], [568274.37753855, 5445781.710816034], [568279.227782643, 5445794.420944754], [568284.382049144, 5445803.183555554], [568285.9702651622, 5445814.66806269], [568292.0434996691, 5445831.956667813], [568307.1078027216, 5445850.447044321], [568309.1358184092, 5445858.684881846], [568313.5905030863, 5445865.827751772], [568317.7084442369, 5445879.86392218], [568318.5258934613, 5445886.41509467], [568324.2302853348, 5445898.183187642], [568325.0139232023, 5445902.192604658], [568332.9173470929, 5445910.598806935], [568335.713060135, 5445918.794029391], [568344.3445451304, 5445924.234283104], [568350.2085855653, 5445945.414342191], [568355.5555706489, 5445954.949753252], [568365.8790956456, 5445965.3349639075], [568375.9458127582, 5445978.87802718], [568384.5047500641, 5445985.008841308], [568389.5511751228, 5445982.9655976305], [568390.800888174, 5445988.978046904], [568399.4893565577, 5445994.544363607], [568404.2859884587, 5446000.058068591], [568411.8590192997, 5446015.705151012], [568412.4665095581, 5446024.57574643], [568415.351816548, 5446029.894896443], [568417.1260018118, 5446036.306407024], [568419.381343394, 5446038.941654402], [568419.4401415723, 5446047.410697172], [568422.7504728984, 5446054.200078927], [568425.1454199824, 5446063.562890945], [568440.0953034323, 5446085.362828485], [568448.8631295951, 5446094.072076717], [568469.1368335461, 5446109.091161821], [568477.7495839366, 5446118.51860941], [568479.4670840867, 5446123.409230522], [568479.4384788026, 5446128.125107637], [568487.3089625665, 5446142.691121746], [568489.2514894312, 5446160.49685001], [568493.4280829777, 5446171.1311312355], [568499.2800638546, 5446192.167568716], [568507.2872998487, 5446210.364984477], [568523.5520856965, 5446235.599141812], [568536.8440257831, 5446250.909434258], [568543.8233436896, 5446255.738641462], [568561.7830213248, 5446274.684194075], [568574.3883645484, 5446294.443310802], [568583.6212728749, 5446319.693440132], [568592.2745350411, 5446353.762140893], [568594.3970752544, 5446357.405462747], [568601.9482378559, 5446363.200290415], [568604.351179643, 5446368.483609179], [568603.375803213, 5446378.562687946], [568605.5174173089, 5446384.765200449], [568603.4379282903, 5446395.133674853], [568605.9440326456, 5446401.657035423], [568613.1946699331, 5446410.752757386], [568612.1505106362, 5446414.023615541], [568609.7105364725, 5446416.442221276], [568609.4183488748, 5446419.633257816], [568615.9145567924, 5446429.094821413], [568617.1681505693, 5446436.6421734765], [568623.2681813224, 5446446.254034383], [568629.0987757673, 5446462.573236579], [568628.3347453643, 5446469.103157475], [568635.3506176725, 5446489.369140664], [568633.8793571194, 5446497.85096389], [568636.5164986702, 5446502.32500047], [568634.8926383957, 5446509.1580648525], [568636.1729462761, 5446517.221698365], [568644.4703776652, 5446530.272275159], [568643.1930934556, 5446537.115284831], [568645.1536949001, 5446549.878812024], [568650.1776336248, 5446559.269674574], [568656.1873343273, 5446562.919183019], [568656.2437759431, 5446568.052782188], [568654.9708497168, 5446571.302714898], [568657.7026052717, 5446582.180724223], [568658.410216999, 5446594.2682227325], [568661.3627133284, 5446602.966587222], [568660.1450286962, 5446607.455120753], [568663.5460414117, 5446614.909943127], [568664.3944013516, 5446623.157848898], [568675.1203811399, 5446638.875083199], [568675.023291559, 5446644.839193019], [568676.9479838725, 5446648.3059693435], [568681.3488156284, 5446652.834738238], [568684.3207779832, 5446661.038575196], [568697.3180965843, 5446678.323767428], [568701.3371386363, 5446686.006180596], [568712.152836009, 5446694.640304938], [568714.9530037122, 5446704.093535865], [568726.659110687, 5446712.271940329], [568728.1987964413, 5446720.291252681], [568737.6284275992, 5446730.756092226], [568756.7441215223, 5446746.537352196], [568766.6854759282, 5446750.926218559], [568769.461451624, 5446754.016155368], [568772.3499702056, 5446760.789265151], [568782.0339947211, 5446766.0958878435], [568793.363207, 5446777.25006484], [568806.7878906932, 5446783.942235915], [568811.7565567236, 5446790.738166189], [568814.384019082, 5446790.710156289], [568818.1323130562, 5446786.96667747], [568823.9702996913, 5446788.2439287715], [568827.4129246975, 5446791.865738631], [568829.7256650623, 5446797.743049727], [568837.1331277882, 5446803.165721685], [568841.2631983754, 5446808.610363779], [568859.1355104557, 5446818.174321397], [568861.962332842, 5446820.355854898], [568864.2241232172, 5446825.14347122], [568871.1408531541, 5446826.291725845], [568877.6936160065, 5446832.044345217], [568897.8327078249, 5446840.175473501], [568898.626667032, 5446835.976180953], [568881.0319787408, 5446817.634761599], [568854.173036468, 5446801.426115399], [568826.3523895642, 5446778.8562843595], [568777.8764284465, 5446743.330434565], [568746.0308937302, 5446709.599527573], [568716.2662694947, 5446675.894654494], [568696.8884436586, 5446643.906551536], [568689.9394111808, 5446616.835307907], [568679.9866987473, 5446580.202571389], [568672.2535748528, 5446532.48616158], [568664.3030139329, 5446502.227654294], [568655.2851634996, 5446448.693413286], [568653.6252229898, 5446433.223313352], [568650.2066645062, 5446417.18286182], [568650.5365159203, 5446412.3306384245], [568644.1999108145, 5446380.933599237], [568645.3846343799, 5446376.65940767], [568647.3796724887, 5446374.688685796], [568652.1343736046, 5446373.891483194], [568666.3365590577, 5446377.75684382], [568667.5774950386, 5446382.993187546], [568673.6343512539, 5446386.199771526], [568678.8275387294, 5446378.831928838], [568679.9666307659, 5446373.676092673], [568683.6175637672, 5446372.834883788], [568690.7608825655, 5446367.371811588], [568697.4712228138, 5446368.989016545], [568700.27221124, 5446373.794867466], [568710.1413664559, 5446379.257754053], [568713.2291078945, 5446384.406592822], [568717.0076227884, 5446386.515653664], [568718.8424340641, 5446390.540059463], [568729.7018448862, 5446395.775110108], [568732.2449158684, 5446401.337178803], [568747.584952964, 5446415.561775625], [568755.764049969, 5446419.694471308], [568763.9623530464, 5446429.3376001045], [568770.306956597, 5446433.930248637], [568778.590110073, 5446446.961788581], [568786.1631347174, 5446452.233437536], [568799.573626565, 5446466.250541064], [568804.558503932, 5446467.698463038], [568811.2245289261, 5446474.147893779], [568819.9874390089, 5446477.856941893], [568824.4817767147, 5446481.4663239205], [568837.4477807828, 5446485.858470562], [568841.8848047229, 5446488.790475796], [568858.7755676565, 5446495.250659966], [568862.6233287974, 5446499.106390031], [568870.6226660133, 5446502.653458478], [568883.4933203063, 5446504.894686833], [568920.232758142, 5446507.278072172], [568926.0042329519, 5446508.996896248], [568964.1061942843, 5446501.740822536], [568982.6021582324, 5446500.716328124], [568998.7979143721, 5446492.273075122], [569015.8483401065, 5446487.397575609], [569026.3748850742, 5446480.38146372], [569068.327583874, 5446467.999503344], [569075.8653151774, 5446463.77464861], [569081.5789167125, 5446458.314824431], [569093.3825824648, 5446452.251098409], [569098.4680714257, 5446446.330463216], [569105.5859527709, 5446444.2505655065], [569118.5484720798, 5446435.166270698], [569121.2622605724, 5446430.893274428], [569125.3905113197, 5446428.315111898], [569128.2917030116, 5446422.669722271], [569147.2396405758, 5446410.923487186], [569149.0654393447, 5446404.946983705], [569158.904415425, 5446405.963278758], [569173.498286534, 5446396.975553706], [569213.2195792866, 5446413.071609267], [569221.459857512, 5446414.3037069], [569224.7651908831, 5446410.479923898], [569229.6903209157, 5446410.946519953], [569231.4353892921, 5446413.313003293], [569231.4106092297, 5446418.433912029], [569238.0256158181, 5446421.538257806], [569241.2791697024, 5446426.068803357], [569246.4927957674, 5446428.210088538], [569250.6433230691, 5446428.936999075], [569258.8821494145, 5446426.423119635], [569269.4073678739, 5446426.339152461], [569273.923745926, 5446430.816933048], [569275.3216912773, 5446439.233607253], [569280.8850929738, 5446443.862443219], [569292.0354231504, 5446450.012078472], [569303.3481832396, 5446451.449831889], [569313.6395200489, 5446459.564244598], [569319.3887932848, 5446462.536110301], [569325.3808541488, 5446462.936640825], [569328.4416986286, 5446468.546607322], [569335.9583671793, 5446470.4184999885], [569342.6154755193, 5446475.134078951], [569349.1275982546, 5446475.693007397], [569360.4282461064, 5446485.199904861], [569387.5099873372, 5446495.227600027], [569395.791556917, 5446496.93069816], [569401.205174431, 5446499.987300399], [569409.9082857156, 5446499.317601922], [569411.3492513073, 5446501.154046803], [569408.7957054265, 5446504.30150914], [569409.3570990453, 5446506.7522762725], [569427.8119795311, 5446514.788182643], [569456.8766992779, 5446521.337186544], [569460.7975165305, 5446524.845846356], [569467.460736659, 5446526.419802096], [569479.3497078785, 5446527.17403834], [569484.7422017497, 5446525.983955604], [569489.3528886152, 5446527.511603507], [569494.2402025161, 5446525.180472459], [569498.221111719, 5446529.490389522], [569508.4532124584, 5446529.92406222], [569512.6475665364, 5446532.190100647], [569518.491862212, 5446529.244428953], [569525.1288981377, 5446532.523575217], [569565.624834112, 5446538.94307293], [569590.0280882996, 5446537.980762865], [569607.5546218858, 5446542.091821508], [569621.7099154458, 5446550.297370384], [569624.8382781345, 5446550.466216717], [569631.6535944548, 5446547.293599305], [569633.8172215798, 5446551.066486517], [569638.0997346304, 5446553.557113196], [569639.8796314913, 5446556.403748769], [569648.2249606001, 5446559.5680109], [569654.3344786264, 5446570.882660292], [569651.7414212275, 5446573.730006287], [569642.7883281339, 5446576.519337042], [569647.5350760567, 5446582.496525408], [569648.6566726698, 5446587.41957738], [569648.1222228967, 5446591.829191859], [569644.5561738273, 5446601.181501814], [569644.5015457572, 5446617.229407323], [569643.3864767259, 5446622.098402553], [569645.6507576167, 5446628.0511614885], [569643.2992388303, 5446637.715771021], [569644.4780008632, 5446643.205682066], [569649.2911370045, 5446651.1622586865], [569650.3230589274, 5446655.108953904], [569647.3439198311, 5446665.630651472], [569646.9584330143, 5446672.704434499], [569643.2654064508, 5446677.750605956], [569639.3425023956, 5446696.583553131], [569632.2598835005, 5446711.732893775], [569630.1383867726, 5446726.903923925], [569632.244162952, 5446747.154050998], [569644.9539659203, 5446773.064899231], [569646.6437359483, 5446780.249749551], [569656.4382421384, 5446798.618562695], [569669.6044306473, 5446832.869876015], [569672.38751965, 5446843.709890983], [569671.6032077194, 5446859.488152041], [569673.6914862673, 5446866.5083329175], [569674.428282549, 5446875.986242154], [569668.203364388, 5446892.550006059], [569665.501123224, 5446907.602698634], [569659.0676397937, 5446920.133664977], [569656.3733886098, 5446929.697591554], [569642.1225577928, 5446955.4601262715], [569640.8568580137, 5446958.449515951], [569641.0248471495, 5446965.070060293], [569629.9950340623, 5446981.115436639], [569620.1817141243, 5446988.148894781], [569614.1954096452, 5446998.171952288], [569604.9875706503, 5447005.117621344], [569585.3628264664, 5447024.121202073], [569569.1004591449, 5447034.91069556], [569559.9037022167, 5447036.398715804], [569540.7682888636, 5447029.64586428], [569510.9648406972, 5447023.017435491], [569495.9011165746, 5447026.352656754], [569492.3943401938, 5447028.582363871], [569466.5243371724, 5447033.741170613], [569437.8791992341, 5447046.064658948], [569395.061206135, 5447056.351661777], [569365.273119756, 5447053.382845549], [569358.9000251276, 5447051.160503547], [569355.2513136013, 5447046.858013912], [569342.4195034562, 5447044.745709239], [569336.8802434758, 5447041.818028394], [569333.6076550847, 5447038.233914515], [569323.7602317347, 5447035.882543792], [569277.1915721071, 5447014.66223579], [569221.5755564403, 5446967.931263517], [569178.3069556626, 5446932.467109508], [569146.2661322978, 5446914.604856578], [569102.8972152702, 5446887.076711367], [569039.7754737324, 5446857.714477794], [568992.1438710911, 5446838.070718476], [568974.4329729947, 5446839.4366612295], [568981.4794631046, 5446858.572861876], [568997.0097960767, 5446865.116436568], [568997.7046363177, 5446865.840767895], [569012.9911533758, 5446881.776952068], [569020.0608923066, 5446889.147088068], [569021.6988153462, 5446888.300173868], [569032.6149385322, 5446886.26090315], [569039.9270608409, 5446889.6529914765], [569043.293398165, 5446894.183405943], [569058.6234534066, 5446898.025351582], [569082.4589234242, 5446908.941500026], [569084.356063948, 5446911.702833398], [569084.0501403195, 5446914.291049859], [569085.9472068939, 5446916.408425483], [569099.469263229, 5446922.291134328], [569102.9054819144, 5446925.905489247], [569109.6540904014, 5446926.226122783], [569118.6600768084, 5446929.307733384], [569131.5643111257, 5446940.983686396], [569143.0017851978, 5446946.324594649], [569146.3996594183, 5446950.931611348], [569162.46261068, 5446953.259911838], [569167.978826639, 5446960.26901732], [569179.045406399, 5446961.143092905], [569191.6659204395, 5446967.585618041], [569196.1680913102, 5446974.351965295], [569207.5477525145, 5446976.812855874], [569209.8692266934, 5446979.248182628], [569212.0371609123, 5446984.453512898], [569225.5409741261, 5446994.582146554], [569232.4704675741, 5447002.250615394], [569244.8767271498, 5447008.384065881], [569246.4693009572, 5447012.676133458], [569251.2550512727, 5447017.85993343], [569270.34474285, 5447030.606718108], [569281.0738051804, 5447032.982809931], [569287.1149964628, 5447036.4238014165], [569291.5802118381, 5447042.382013303], [569303.1642184135, 5447046.98294594], [569323.4856610086, 5447051.058305804], [569335.1298729611, 5447058.041098029], [569348.2567911036, 5447058.515511902], [569357.568049352, 5447063.052082246], [569365.2567416904, 5447061.720785044], [569375.9939241254, 5447066.332832437], [569396.4929770728, 5447063.3562019905], [569408.1886643559, 5447066.857370039], [569413.661486771, 5447065.793196515], [569416.3626466906, 5447060.822742327], [569422.6899418298, 5447058.206906683], [569470.5883376014, 5447052.486067732], [569512.0911929485, 5447041.580025641], [569534.6892164883, 5447040.169032859], [569544.128928242, 5447044.185798375], [569562.4433507288, 5447046.980182953], [569571.6657631764, 5447046.84834198], [569589.7272308355, 5447041.500131194], [569601.6327145484, 5447027.682622427], [569616.2345364855, 5447015.601116765], [569620.6838038552, 5447010.291455511], [569626.7529736531, 5447006.952812921], [569630.4293390755, 5446999.113232946], [569641.285178595, 5446990.343435618], [569646.5841934469, 5446983.525193202], [569652.6971043894, 5446979.368717235], [569657.5233219643, 5446970.514368159], [569663.1117713997, 5446965.42550823], [569667.0883841903, 5446957.758518246], [569670.2692230352, 5446955.125513017], [569678.3845486257, 5446942.602251106], [569684.35815023, 5446927.757468949], [569687.2959283027, 5446916.656327379], [569691.1635388962, 5446910.555301342], [569698.3317008417, 5446888.517417918], [569705.6196788958, 5446875.06228577], [569725.4396982027, 5446854.80825588], [569723.8922499185, 5446853.199201905], [569706.4968956588, 5446855.296133459], [569699.6669648503, 5446861.074102455], [569696.8709011851, 5446861.401008755], [569693.410573839, 5446859.418954363], [569691.3060604557, 5446853.865669508], [569689.558219841, 5446841.993796451], [569684.889448536, 5446833.391270753], [569674.2148534949, 5446805.836450644], [569672.4733885129, 5446800.616579033], [569671.9406472223, 5446794.18539685], [569664.4782680426, 5446783.995748822], [569652.1000320408, 5446753.877403844], [569650.8741112588, 5446743.325639663], [569651.1917250934, 5446727.029662518], [569657.7009467848, 5446680.867548918], [569657.6200145686, 5446669.33974916], [569654.9990394528, 5446655.612354793], [569651.2712675002, 5446618.247910983], [569653.1169725321, 5446610.53450848], [569656.3527355122, 5446603.310543744], [569664.6030070768, 5446595.508120608], [569696.3600417993, 5446593.14156799], [569714.5576702724, 5446596.413613651], [569718.4197800709, 5446601.267613455], [569730.4791276609, 5446610.982584134], [569745.0243686236, 5446615.5049255965], [569753.3233590384, 5446623.159249779], [569771.9791332588, 5446631.533020354], [569806.4532847933, 5446653.237926133], [569853.8486025133, 5446687.592573529], [569868.1022043439, 5446694.177340983], [569878.5544357345, 5446708.418264675], [569892.3049326553, 5446714.565398568], [569897.5364902352, 5446720.424880642], [569913.5284551285, 5446733.54343189], [569920.4827354227, 5446736.50598384], [569926.879967732, 5446745.564062018], [569933.2215623562, 5446748.662833187], [569940.4842060115, 5446756.351101791], [569949.3489873426, 5446758.417571536], [569951.3596492904, 5446764.371974737], [569958.4210258105, 5446775.871468779], [569960.0, 5446776.419588874], [569960.0, 5446083.408681313], [569937.363058125, 5446072.944967839], [569930.3931499837, 5446068.444554992], [569940.375746726, 5446063.528556293], [569947.934569899, 5446054.169738664], [569954.5310975816, 5446055.514012093], [569960.0, 5446057.315915764], [569960.0, 5445303.947203191], [569958.6588961245, 5445304.198655899]], [[567998.4208532176, 5444799.551509215], [568006.5304258977, 5444790.167829487], [568020.049454477, 5444781.095671192], [568043.1777695715, 5444770.976906419], [568062.6169013357, 5444764.855147693], [568087.4398991663, 5444764.301271334], [568105.4332725898, 5444761.512940657], [568116.9254802624, 5444758.192466786], [568120.6973427683, 5444756.115998729], [568123.4313832978, 5444750.686555402], [568128.0705303876, 5444749.168530321], [568140.120014833, 5444751.041338138], [568154.9588953771, 5444756.238931435], [568161.8875433869, 5444755.077087881], [568164.938959006, 5444758.099339355], [568170.1793710014, 5444758.241126811], [568173.2629319936, 5444760.133131375], [568172.1279744068, 5444762.069086769], [568155.3882219858, 5444763.184688481], [568151.0047779855, 5444765.213398571], [568143.7087426143, 5444764.102614717], [568138.2699972872, 5444765.101620758], [568137.4707065286, 5444767.6298692655], [568138.9604790462, 5444769.543305653], [568148.5765014032, 5444774.48142241], [568139.179224758, 5444780.416137488], [568137.7739705107, 5444784.224574211], [568149.2347019935, 5444795.519764734], [568150.440563769, 5444798.586949344], [568147.7169606194, 5444800.240815914], [568135.2987999895, 5444800.278377512], [568130.5127459635, 5444801.89550727], [568122.2053688623, 5444809.85465807], [568118.0714165318, 5444810.852666566], [568116.6548642913, 5444817.015994715], [568066.2095360245, 5444813.025045117], [568058.9144073547, 5444817.25792292], [568003.6440223637, 5444831.032459972], [567990.4695637894, 5444834.190447412], [567978.2949915967, 5444834.408253898], [567983.4551975457, 5444822.574662265], [567988.8254478285, 5444815.293603948], [567994.355434277, 5444818.473448362], [567997.7126566139, 5444816.107881676], [567999.2310354309, 5444808.097008859], [567996.488356584, 5444803.945855793], [567998.4208532176, 5444799.551509215]], [[568084.9307230648, 5444727.11987081], [568087.4724115236, 5444729.810723485], [568043.10952062, 5444734.885218379], [568037.9293956809, 5444738.884536322], [568024.8221778754, 5444743.120991997], [568023.2300133305, 5444745.946223186], [568024.4066800405, 5444749.54754509], [568023.0105074876, 5444752.546262325], [568006.437829243, 5444758.178713961], [568002.4601100779, 5444762.145671655], [568005.5435418832, 5444766.878243149], [568004.2185545714, 5444770.902071186], [567976.0528306639, 5444799.992408861], [567966.5190999871, 5444815.350316588], [567957.0790339797, 5444826.879927619], [567951.1952441165, 5444831.877353313], [567943.8731416614, 5444836.210238067], [567941.8770466709, 5444839.249490689], [567929.2713476523, 5444848.203655576], [567924.0205616384, 5444853.854171898], [567917.023297008, 5444858.047565446], [567911.9863139989, 5444857.917040734], [567907.489555381, 5444861.105357225], [567898.3104606947, 5444863.721741511], [567877.1633199865, 5444875.345633035], [567851.372494989, 5444885.814861405], [567846.634605748, 5444889.161977312], [567833.5538742142, 5444890.819788524], [567810.1842596806, 5444898.233401212], [567767.5361243542, 5444904.083932655], [567720.8667627039, 5444900.276460539], [567703.4951610859, 5444901.290406309], [567661.1233509423, 5444896.597908342], [567655.4948402725, 5444894.090847243], [567654.442540429, 5444891.875243637], [567657.1289599478, 5444889.975374223], [567667.5265849307, 5444890.295378198], [567686.2066279922, 5444886.920772494], [567693.6769022213, 5444887.239632956], [567701.8951495368, 5444885.17297158], [567708.4137874657, 5444881.626932321], [567729.1137661473, 5444877.1107133385], [567736.8118121253, 5444869.238523695], [567743.5623895577, 5444866.253892609], [567744.499119581, 5444864.316795587], [567741.5734550408, 5444861.953059887], [567735.2104247413, 5444860.392118644], [567719.932550299, 5444864.060639521], [567713.2492062945, 5444863.075346971], [567689.0186970821, 5444869.796437502], [567660.5213099882, 5444871.215336087], [567643.3991543889, 5444870.39668016], [567630.7602899566, 5444867.185247779], [567617.1686395755, 5444858.8139607655], [567581.0848784103, 5444844.300123046], [567556.693879544, 5444840.698926993], [567549.4767004518, 5444838.289632502], [567540.1249207096, 5444834.103411533], [567531.6999006227, 5444825.9609193895], [567512.1803109779, 5444823.131746999], [567489.7658246453, 5444813.992658257], [567475.7202318895, 5444809.985577096], [567445.923169504, 5444797.608669243], [567435.8657927652, 5444789.04868147], [567427.5011489032, 5444792.1710382365], [567423.3874006968, 5444788.797081997], [567418.4036279916, 5444788.508039008], [567413.5344439561, 5444784.105575214], [567406.7921545871, 5444783.939712192], [567402.1388897503, 5444781.456253969], [567394.87737294, 5444773.852936365], [567388.8756738931, 5444770.510630516], [567357.8413546089, 5444757.922116492], [567351.8308572366, 5444753.074742147], [567320.1858995599, 5444736.846193975], [567266.2011365892, 5444719.002289432], [567245.0917145857, 5444715.874738181], [567232.1010490878, 5444712.240054778], [567209.7351279005, 5444700.079484011], [567198.090238058, 5444684.399057605], [567190.914383311, 5444679.9436931675], [567187.921146863, 5444676.014178031], [567171.36665718, 5444668.010390681], [567167.816747597, 5444663.958292384], [567158.8980687757, 5444661.137682695], [567142.378097706, 5444651.173082688], [567127.0707581288, 5444646.296721269], [567124.3592449413, 5444644.18338016], [567118.8956562278, 5444643.7491414845], [567111.5063477498, 5444638.041878456], [567101.9893215431, 5444635.234879695], [567089.3381511859, 5444627.075014933], [567086.3161687546, 5444626.874988967], [567050.9813715351, 5444610.875442425], [567037.3145215077, 5444606.816815509], [567003.2611905917, 5444604.066391692], [566972.4211410601, 5444596.38261405], [566948.702900335, 5444598.232572307], [566938.8562554383, 5444601.250644829], [566910.5525930886, 5444605.786782145], [566893.3344828221, 5444611.37916102], [566874.8403709406, 5444614.96492501], [566868.6606422515, 5444626.19845838], [566866.0768206678, 5444628.416875299], [566850.8527881716, 5444632.106790996], [566839.9266574454, 5444630.096693182], [566834.2608247317, 5444634.127969513], [566825.5536024986, 5444631.940801096], [566815.0357843321, 5444632.059075073], [566784.2661829093, 5444623.408536418], [566776.6178961543, 5444624.149161991], [566771.2582223482, 5444620.990236954], [566751.3928579798, 5444615.9840575745], [566735.1534871937, 5444614.9287091335], [566704.6696221767, 5444605.052282487], [566685.7122281552, 5444600.725206784], [566640.988966155, 5444594.006651049], [566634.0462754674, 5444594.848993101], [566627.3513012672, 5444592.034519407], [566557.7986813061, 5444587.040637664], [566544.809668004, 5444584.296445552], [566527.3308486588, 5444584.614396069], [566523.5529843774, 5444582.82781205], [566515.5743910372, 5444575.256226611], [566505.4214884278, 5444553.844988636], [566500.4696574714, 5444546.13776991], [566498.1077404964, 5444539.576964973], [566500.8915995571, 5444534.577360167], [566518.1754102329, 5444515.890599067], [566526.8176595271, 5444509.003125035], [566537.6427056064, 5444505.959568514], [566544.0224419064, 5444500.127735562], [566552.3635496156, 5444500.280377207], [566559.749053871, 5444496.963806279], [566591.092439874, 5444489.3419954395], [566615.6110604594, 5444479.807987296], [566629.4495457867, 5444477.659604694], [566644.803184625, 5444469.916477236], [566649.6570102876, 5444469.610283581], [566677.4160788009, 5444459.031193527], [566682.7956354786, 5444459.036317498], [566694.800467897, 5444454.197078797], [566704.2977339218, 5444453.2343563745], [566725.1867437966, 5444446.908971429], [566741.945080796, 5444444.176136236], [566752.7260150885, 5444440.151006424], [566769.7537774934, 5444436.951223755], [566773.4057448134, 5444434.161653848], [566779.3521228791, 5444435.187596745], [566794.532311454, 5444431.970942281], [566806.7523457749, 5444432.118481772], [566823.6701669677, 5444426.178987786], [566828.1705037033, 5444428.236426683], [566829.8614722437, 5444436.350609276], [566839.5403477813, 5444444.664034964], [566843.6690156541, 5444450.133568881], [566877.7753384681, 5444469.265834482], [566893.9775792635, 5444482.8855385985], [566914.232807063, 5444517.48545089], [566914.2263376169, 5444523.054334504], [566919.4298957242, 5444547.601665903], [566924.1767859352, 5444550.144515715], [566925.5946670658, 5444546.594935694], [566926.525120492, 5444532.374737382], [566926.1023746355, 5444522.179276746], [566927.3898653189, 5444513.671553576], [566926.5092960164, 5444508.513471557], [566924.4814187351, 5444502.208552901], [566911.9911620187, 5444478.818595368], [566891.5641398805, 5444468.681154667], [566887.3919130568, 5444462.007273717], [566877.0574080187, 5444454.490227698], [566875.8572016964, 5444448.613704224], [566869.1237479126, 5444442.897586844], [566852.9563140586, 5444435.857858075], [566847.7478503046, 5444431.845339465], [566834.7149188889, 5444428.124267788], [566830.7637306071, 5444425.87996622], [566830.2604323234, 5444423.0864294395], [566841.3051031118, 5444421.153980188], [566865.1133736724, 5444410.834422563], [566896.4173783474, 5444403.166323901], [566925.9251187115, 5444398.133933923], [566948.538024175, 5444401.029189428], [566984.3245677545, 5444398.810652301], [566990.74170798, 5444396.085411975], [566997.6345699627, 5444396.769318267], [567006.6144993432, 5444393.2669492755], [567037.6846855176, 5444391.3582180245], [567045.4622087406, 5444389.0015346855], [567058.0389954123, 5444388.042594268], [567081.8843002417, 5444382.047546278], [567092.7896671259, 5444377.001555077], [567124.9961478402, 5444371.071181248], [567142.7665160543, 5444366.1127570905], [567160.0063169556, 5444364.667608426], [567165.3451489849, 5444366.288141289], [567190.5009864989, 5444366.820853136], [567196.0619678672, 5444369.143992483], [567204.1469715218, 5444375.091886754], [567208.5537718983, 5444380.568959078], [567212.7795442307, 5444382.059313956], [567217.34979574, 5444386.916016334], [567224.060031307, 5444390.339387772], [567272.6129706249, 5444411.121454982], [567294.363145636, 5444415.090218418], [567330.8871904581, 5444415.426512662], [567352.8035214968, 5444407.95822134], [567369.9126150409, 5444404.027515466], [567379.5178759996, 5444404.860148994], [567415.7226241748, 5444398.103297154], [567422.8775852828, 5444398.710901236], [567455.4252445077, 5444395.063721549], [567471.4396144474, 5444395.065750021], [567504.8482943099, 5444399.286469068], [567517.1450701824, 5444402.447285712], [567527.2197270776, 5444401.958846325], [567539.8231593648, 5444405.210101894], [567546.9568266814, 5444409.95593421], [567556.8278671205, 5444412.228313109], [567574.2845876294, 5444424.402551628], [567580.2638057123, 5444426.511782958], [567592.4011055925, 5444436.033288445], [567598.2044827006, 5444438.470925827], [567606.2908205618, 5444439.311320977], [567607.3581438456, 5444441.190456473], [567606.1635063917, 5444443.381170943], [567606.4792103741, 5444445.872575509], [567609.798133728, 5444448.044925772], [567623.2882795533, 5444449.1710981345], [567638.3186528725, 5444456.443323825], [567648.0382093628, 5444456.935087941], [567686.8722501341, 5444470.239357085], [567705.1476141975, 5444474.246405063], [567716.1271118883, 5444478.446927302], [567749.4866427033, 5444484.990107656], [567756.5080679302, 5444488.539141144], [567766.8971632009, 5444489.712097876], [567772.4190168334, 5444487.20037864], [567777.8011166519, 5444493.203523377], [567795.059802859, 5444498.943373337], [567822.9312377069, 5444511.856285729], [567826.8316863845, 5444512.111886929], [567840.0705465078, 5444522.179912783], [567844.5657865747, 5444524.0359771885], [567863.8671135108, 5444538.066594102], [567872.9464248281, 5444548.571668202], [567878.5743588511, 5444551.752107805], [567887.2663685564, 5444561.310485063], [567893.4283661925, 5444570.884890144], [567907.1026537096, 5444584.1276523275], [567909.336416662, 5444582.583553986], [567907.1703316413, 5444575.474111682], [567907.6231741591, 5444572.437996681], [567915.5043093291, 5444572.971271832], [567933.2151804363, 5444581.649555078], [567937.5807584599, 5444585.660380919], [567955.5213470246, 5444596.426434988], [567962.7995085912, 5444596.898285399], [567968.9090363785, 5444599.2671140125], [567996.5652590385, 5444615.782218963], [568001.3040894261, 5444615.787517458], [568008.9292707334, 5444619.165217617], [568023.1086572336, 5444629.729798229], [568025.190908528, 5444636.58903706], [568031.9688070399, 5444633.677932677], [568032.3365851943, 5444631.403805401], [568031.1823311497, 5444629.330474531], [568031.9524631177, 5444627.961490555], [568039.2989673895, 5444630.943650765], [568041.498637725, 5444629.637487999], [568042.7182159827, 5444626.1785066165], [568048.2542743031, 5444626.906031617], [568052.4879741501, 5444639.351461801], [568051.2377839229, 5444643.394824158], [568052.2859556726, 5444648.589304976], [568054.5101654049, 5444649.502492038], [568058.0572786999, 5444647.092207608], [568060.3311554119, 5444650.954278078], [568059.9475270436, 5444653.93223806], [568055.6401354172, 5444654.467996909], [568054.6945065616, 5444661.0549761], [568055.874080033, 5444665.879145466], [568061.9920928301, 5444673.155589455], [568064.289733798, 5444678.233720451], [568066.2666519294, 5444687.566166914], [568062.8545322848, 5444691.445596797], [568052.6635142752, 5444693.687636192], [568047.6347394829, 5444700.60502607], [568045.7572652254, 5444712.197290484], [568040.6131349475, 5444713.272354204], [568033.3330642714, 5444712.068507486], [568032.3170019523, 5444714.901697088], [568039.3782219004, 5444721.6378956605], [568050.7515241223, 5444721.340944233], [568052.7584918302, 5444727.761834545], [568059.6345384262, 5444728.290574413], [568072.8101457261, 5444725.873097632], [568084.9307230648, 5444727.11987081]], [[566129.1608110453, 5443839.073777497], [566130.5141128958, 5443832.961714576], [566131.9580812133, 5443831.380395052], [566154.8817083717, 5443833.191610387], [566167.2337244166, 5443831.070988472], [566175.4833748956, 5443832.963543838], [566188.0379604126, 5443833.202947173], [566214.00743079, 5443828.006902122], [566232.65443405, 5443815.095872652], [566239.5703199573, 5443813.114661542], [566246.7309387763, 5443805.933545607], [566256.266375467, 5443801.506699364], [566259.4892360641, 5443795.954078786], [566265.4881684305, 5443794.020621971], [566277.1207614085, 5443778.517750474], [566278.4265472429, 5443772.6957905], [566276.4704956788, 5443763.697714524], [566270.5713607678, 5443755.877241581], [566253.6543898209, 5443747.684338031], [566248.3881756609, 5443740.219859201], [566240.8645567308, 5443737.43253466], [566236.0738720784, 5443726.990098723], [566233.9095389772, 5443717.722211162], [566236.5304957702, 5443709.55854841], [566243.4570913662, 5443705.054236928], [566249.7755109165, 5443695.855417608], [566258.8697769399, 5443690.004957105], [566271.5257163198, 5443684.9872735245], [566281.5091502966, 5443686.181887553], [566283.8408346534, 5443689.207515605], [566287.2519689128, 5443690.76277604], [566288.4986482335, 5443695.303660425], [566290.9724954045, 5443698.811116769], [566312.1127590679, 5443708.508808689], [566316.6664591058, 5443712.037014553], [566334.6569212278, 5443717.989138797], [566339.6883609224, 5443718.03459912], [566349.5084015079, 5443722.198670394], [566355.005918729, 5443722.602623878], [566361.762931403, 5443718.969899776], [566368.4587366256, 5443717.913843434], [566372.8240533092, 5443724.62291485], [566375.8027017979, 5443724.986096432], [566379.5895767775, 5443721.512145258], [566385.8486546539, 5443727.00954172], [566394.3447588295, 5443724.1182230655], [566399.3487620128, 5443720.17712209], [566402.9915998903, 5443713.401985611], [566406.3121959353, 5443711.647962657], [566424.3904639655, 5443713.709402794], [566436.1165924718, 5443719.189920223], [566446.4780646131, 5443727.683990974], [566450.797578937, 5443729.049399937], [566457.6299202805, 5443736.287387628], [566465.1124754141, 5443740.624798844], [566466.7571374807, 5443744.980933621], [566476.1475754527, 5443749.906853681], [566487.056504665, 5443760.562259943], [566505.7658015206, 5443773.94232096], [566513.4971382205, 5443783.1805545315], [566525.3637213924, 5443792.222396038], [566529.3973723602, 5443798.0218251245], [566528.0949152092, 5443801.084175842], [566523.2471896303, 5443805.012338098], [566515.3440843849, 5443806.866002154], [566508.0546494336, 5443802.366116976], [566496.3345377482, 5443787.628872988], [566487.3030504219, 5443780.551747777], [566463.1859884263, 5443766.934566223], [566451.5362244014, 5443764.298249397], [566421.8084403196, 5443769.954573399], [566420.0851409723, 5443772.1042026235], [566421.4278310915, 5443775.680597595], [566425.3371205019, 5443780.386974383], [566440.8143918887, 5443787.333550204], [566454.7980513107, 5443798.260194362], [566454.3281966543, 5443801.544524694], [566450.0571509737, 5443803.314074352], [566426.5355812084, 5443802.940496754], [566391.6988926196, 5443811.367832607], [566353.3731988677, 5443813.790143815], [566322.6498560666, 5443824.26602589], [566282.8562673542, 5443834.156011207], [566238.3008524119, 5443838.777990399], [566201.2749889477, 5443846.000060397], [566183.3597449277, 5443854.067342013], [566144.0025073945, 5443867.232920526], [566133.9082341233, 5443865.871514455], [566128.409007679, 5443860.0108419815], [566129.5478733565, 5443847.771382605], [566129.1608110453, 5443839.073777497]], [[566415.2850617759, 5443684.741197802], [566412.4174944161, 5443679.480028356], [566411.8080590327, 5443668.249887251], [566415.3027249846, 5443664.340928291], [566421.2034889709, 5443662.315112606], [566446.338101274, 5443662.309785603], [566484.9692380556, 5443656.012604217], [566496.7892350105, 5443657.945592218], [566505.6052378755, 5443664.90965456], [566507.9273178262, 5443664.936683347], [566516.3086763398, 5443659.431584587], [566522.0335185255, 5443658.880605986], [566541.3571188289, 5443663.483208623], [566561.2669075488, 5443665.913986205], [566580.1658733295, 5443675.504066949], [566587.4576000724, 5443686.9760662485], [566595.5206820971, 5443695.404320715], [566600.4006392282, 5443711.968241935], [566598.1665228611, 5443719.737622357], [566593.9272105584, 5443721.60928682], [566591.9374294654, 5443725.052213557], [566585.2462840459, 5443721.388014286], [566582.6948617429, 5443722.3248939635], [566582.948167123, 5443728.548716699], [566586.5066806702, 5443735.167116981], [566586.39291491, 5443741.714953013], [566588.6472502241, 5443744.915273145], [566589.2604516295, 5443749.719459982], [566585.8969761682, 5443753.961560152], [566581.0828451703, 5443754.223317836], [566568.8032123272, 5443758.562518242], [566567.1388183523, 5443767.8488764735], [566568.3050775724, 5443772.705499674], [566573.2895940781, 5443777.879955325], [566572.3706742477, 5443781.779015933], [566565.252108354, 5443787.566202957], [566556.3082193402, 5443789.210863663], [566545.1837340227, 5443787.686406579], [566540.0842027663, 5443784.231788265], [566537.0195468212, 5443779.450434052], [566516.5896238043, 5443768.0114422245], [566512.0930792063, 5443762.672283066], [566499.921903023, 5443754.62537082], [566482.3947433522, 5443738.583857361], [566474.9996019264, 5443734.496117014], [566462.9826684172, 5443720.463669905], [566455.5933963117, 5443715.717125193], [566454.7059883907, 5443713.140264154], [566452.8869083977, 5443711.586101184], [566449.514089636, 5443711.8501120685], [566442.6272915804, 5443705.851186276], [566434.8645725842, 5443701.59794866], [566415.2850617759, 5443684.741197802]], [[566170.2481633847, 5443801.471262227], [566169.3827935517, 5443807.697037635], [566171.4956110411, 5443813.433181854], [566178.5350308195, 5443819.835001708], [566177.9772177609, 5443822.519317273], [566150.4773605102, 5443826.18145537], [566144.3550374097, 5443825.076266982], [566136.0526861527, 5443818.3006443195], [566133.19880374, 5443812.02200897], [566132.05578474, 5443802.205183264], [566133.0320599889, 5443785.664079989], [566135.0836643004, 5443772.796209193], [566141.3549426093, 5443748.336321071], [566147.7743915386, 5443734.539477551], [566153.4181788375, 5443715.273689873], [566160.4954861138, 5443700.194534752], [566170.3198028182, 5443687.171443848], [566179.5355895908, 5443681.278508121], [566198.0034819073, 5443679.007667792], [566212.8126578443, 5443684.2179591535], [566227.827105658, 5443687.041618572], [566231.3793866432, 5443689.439386214], [566226.1692845924, 5443700.60406575], [566221.1458012692, 5443704.501783796], [566216.9656691031, 5443717.037806494], [566218.2675440197, 5443720.941893532], [566223.0240748433, 5443726.2493393235], [566224.517980927, 5443732.068955712], [566220.5362524557, 5443746.542281199], [566220.7392573885, 5443750.484045806], [566218.5216247039, 5443755.472499037], [566211.0532421254, 5443765.803983879], [566201.7901919853, 5443774.677757943], [566183.7889521589, 5443786.896030484], [566178.5836591243, 5443788.111019665], [566174.6904488395, 5443792.6705260165], [566170.2481633847, 5443801.471262227]], [[566656.1971757275, 5444202.28582942], [566662.2656923792, 5444197.821425563], [566670.149538441, 5444194.8508882085], [566677.2088705893, 5444194.058787756], [566681.7254987338, 5444196.003497895], [566686.2149372052, 5444194.163835102], [566705.8174814971, 5444196.308062613], [566721.070582078, 5444195.997190143], [566732.7403740485, 5444198.343426914], [566738.6419663688, 5444197.301907471], [566743.8634562897, 5444192.195712954], [566749.6687301709, 5444191.010799347], [566753.1669491472, 5444192.121703051], [566754.2141603994, 5444196.026934498], [566756.2883503174, 5444201.489509553], [566762.3607382106, 5444210.625343016], [566763.582817257, 5444211.4027489405], [566769.9123448306, 5444215.4291574815], [566773.9017834177, 5444219.827348704], [566773.6158462806, 5444223.811346799], [566772.3550325145, 5444224.779143309], [566763.7763356654, 5444231.3644352695], [566759.9911351083, 5444233.98004303], [566700.3975950927, 5444246.225461803], [566695.396274547, 5444245.233347979], [566678.2593267646, 5444248.324465485], [566670.7218402962, 5444245.092325766], [566655.4242226197, 5444244.283425243], [566650.7914405153, 5444242.015945942], [566601.5994920444, 5444240.094292794], [566599.3717910779, 5444237.58232157], [566600.6104200713, 5444235.724789516], [566627.1098554581, 5444223.988450468], [566640.3739441046, 5444216.445503059], [566643.9349780414, 5444212.314584997], [566651.4248053923, 5444210.185579237], [566656.1971757275, 5444202.28582942]], [[567245.326139953, 5444743.015792808], [567250.9401718464, 5444744.442649541], [567259.8268007443, 5444750.046883337], [567262.1378001822, 5444753.044002697], [567262.9682744599, 5444758.495611059], [567269.0274535331, 5444759.3632912915], [567275.0087929816, 5444764.22575349], [567296.1476096365, 5444770.246324211], [567300.9407238753, 5444772.89578535], [567310.3427237195, 5444779.484589092], [567323.3486360314, 5444792.2889625365], [567333.1671441217, 5444806.1147179315], [567342.0676428641, 5444823.125519109], [567349.4586622337, 5444832.64607283], [567350.6988943187, 5444836.8592732325], [567348.8343514928, 5444840.473671776], [567346.8002452934, 5444840.963718936], [567334.8840510513, 5444839.313114497], [567325.4695459044, 5444846.409200209], [567324.9211252901, 5444849.090263938], [567329.4487517664, 5444853.557040736], [567336.8688517378, 5444854.985672605], [567342.1144376851, 5444860.589318944], [567347.1868593683, 5444862.425239656], [567348.2503991831, 5444863.7062396], [567348.5293106289, 5444870.170839103], [567349.5710896509, 5444872.083335745], [567353.6510640902, 5444875.744117409], [567359.887935595, 5444877.567479803], [567361.8535894788, 5444881.210258476], [567363.8994529417, 5444889.649663411], [567366.2354804632, 5444892.399945952], [567377.4072321368, 5444892.286191845], [567383.0567505655, 5444894.307256302], [567393.0029091039, 5444903.968258827], [567392.9798863615, 5444905.99187582], [567376.9874709779, 5444898.622480176], [567374.1896215127, 5444899.498245287], [567369.4699580364, 5444905.516670238], [567367.8362198672, 5444905.828599531], [567367.3904889962, 5444900.5482760975], [567365.5091117531, 5444899.133973619], [567362.784963618, 5444901.758350745], [567362.4496222393, 5444906.404598451], [567357.6044994786, 5444908.579333456], [567355.3970893057, 5444912.86707403], [567349.4019724266, 5444913.167000324], [567336.5728356511, 5444910.489251805], [567329.6495881532, 5444905.907002384], [567291.9334006424, 5444890.692497032], [567264.0316609609, 5444883.674675586], [567234.5947349792, 5444879.143163427], [567225.2220986566, 5444875.952104552], [567218.9595948351, 5444876.207434135], [567214.0115763004, 5444874.197798282], [567198.8862001658, 5444875.051540914], [567192.6483338192, 5444872.87645738], [567177.0831157893, 5444871.282215607], [567153.7037285736, 5444864.982313429], [567147.182294361, 5444865.000426432], [567134.6907072628, 5444862.066447112], [567129.0658776877, 5444863.434299911], [567116.6140333869, 5444862.094973201], [567111.8188539222, 5444859.122004752], [567105.4157329861, 5444857.94857579], [567094.6163935673, 5444859.283715543], [567061.3642941569, 5444849.919631409], [567058.3070638587, 5444850.957766128], [567053.6736434688, 5444856.730479834], [567067.3317317831, 5444861.88612007], [567066.1820885284, 5444863.619707793], [567060.8799501699, 5444864.06952454], [567037.8719679315, 5444857.160352919], [567036.3254377355, 5444854.743125104], [567036.4463524626, 5444851.307456758], [567034.2497290059, 5444848.285437794], [567026.2637733903, 5444843.927839428], [567021.1196163917, 5444844.203003216], [567016.4478223776, 5444847.984197131], [567016.3162369453, 5444852.447534122], [567019.4394523386, 5444858.470146505], [567018.8373411966, 5444861.725797921], [567014.285590507, 5444867.942084922], [567010.6546455217, 5444870.0899565695], [567002.677759076, 5444871.018097495], [566986.6243044022, 5444862.229352643], [566980.2278878675, 5444862.062981913], [566972.868714318, 5444857.874028217], [566959.1724496594, 5444853.580711058], [566954.8974053254, 5444849.067549222], [566924.7283732898, 5444839.926395056], [566918.0429306922, 5444834.392879712], [566898.0559866676, 5444828.251966209], [566889.2967086942, 5444823.090457727], [566890.7725652006, 5444817.586591371], [566895.8073958686, 5444813.169255422], [566914.9044378117, 5444805.88524884], [566960.336185531, 5444800.223828913], [566990.5530459536, 5444793.972499916], [567044.1645985551, 5444798.300252003], [567085.2983022013, 5444798.839070251], [567088.9878633992, 5444797.681726047], [567106.6558317435, 5444799.420066422], [567110.3824794743, 5444797.461686402], [567115.6219967238, 5444790.465188996], [567134.4890988177, 5444773.667924981], [567146.020740308, 5444758.674565792], [567151.582883873, 5444760.08488046], [567180.0539715637, 5444760.081165939], [567216.106482005, 5444754.830142937], [567237.2587089982, 5444756.231620592], [567249.7530983092, 5444754.465243812], [567250.6624361047, 5444751.029853015], [567243.4445346824, 5444744.578962106], [567245.326139953, 5444743.015792808]], [[568388.570951532, 5445480.940322923], [568386.5145539315, 5445470.805111006], [568380.3268295563, 5445471.6744953785], [568376.7863813508, 5445460.889802715], [568369.5933604741, 5445459.096206546], [568366.285083448, 5445456.476100036], [568361.4759009021, 5445445.235501], [568350.2110997504, 5445434.193261171], [568345.5737412358, 5445424.027112882], [568340.390534839, 5445418.164609444], [568341.0181155985, 5445411.808499007], [568336.685761683, 5445404.496576921], [568336.2931568739, 5445401.334066017], [568337.3822291594, 5445398.191494812], [568344.6403906425, 5445393.839497593], [568348.8371049295, 5445389.461340094], [568363.4234529214, 5445386.34994025], [568371.4252557919, 5445382.082116129], [568381.7114037304, 5445380.257654545], [568388.6122787383, 5445375.083448927], [568391.4021168702, 5445371.676827877], [568391.3199806955, 5445369.360997196], [568376.1120803898, 5445366.333352136], [568357.7402611686, 5445371.93243488], [568346.23316029, 5445376.973561644], [568344.6312327181, 5445379.524818239], [568343.5946677031, 5445384.996960923], [568332.6240773225, 5445388.130052848], [568325.259028425, 5445386.987052927], [568326.1299845518, 5445383.177995639], [568325.2861715028, 5445379.662880424], [568326.435785764, 5445375.883774586], [568325.1405874734, 5445374.038223745], [568319.7348051869, 5445372.451778902], [568315.734369685, 5445378.106897293], [568311.5915342869, 5445378.746297962], [568310.1912416555, 5445374.735413852], [568312.1092173769, 5445366.101902356], [568311.6151861007, 5445364.644676185], [568305.5248819324, 5445358.9528066935], [568303.472889444, 5445348.605414541], [568298.767642359, 5445340.264076613], [568292.3253275949, 5445335.82662959], [568283.2969911674, 5445320.47922387], [568278.2368812816, 5445316.316664107], [568269.6250309793, 5445303.5829868], [568265.2085344631, 5445282.255963152], [568259.2414628946, 5445271.783187436], [568256.9461800763, 5445265.30787254], [568255.5246143854, 5445260.1251563905], [568256.6080285303, 5445253.06909984], [568263.691256971, 5445243.065525911], [568266.5485717036, 5445234.643194146], [568272.5369665346, 5445232.052698739], [568276.7030875653, 5445233.043226996], [568296.3370652578, 5445231.827815863], [568318.2130806688, 5445236.064342394], [568331.6660403785, 5445240.606356673], [568334.2744226967, 5445243.416785374], [568334.7212233013, 5445250.639198141], [568349.3015131898, 5445255.151222365], [568355.145706188, 5445260.427439597], [568369.8408531406, 5445264.118499879], [568385.2359903381, 5445272.028222534], [568401.0065758959, 5445273.348962481], [568402.128989661, 5445276.64879541], [568405.5477011264, 5445279.872812588], [568399.3865574897, 5445282.169418613], [568399.3729310867, 5445284.57183973], [568406.8830676903, 5445294.961815339], [568415.869834175, 5445300.442421624], [568423.845448818, 5445307.419987397], [568428.4224052842, 5445314.152785609], [568431.0019954002, 5445312.587155641], [568429.2215935934, 5445309.470762843], [568430.4429882714, 5445305.387312227], [568431.983766562, 5445305.2526830565], [568440.502762588, 5445315.200466032], [568440.4508263776, 5445317.852230198], [568438.402338716, 5445321.947183793], [568440.0478302089, 5445326.234087294], [568452.1245202086, 5445327.122107881], [568459.1177196967, 5445332.3055709405], [568460.6114336265, 5445335.687559702], [568465.5299851671, 5445340.102992208], [568466.424611323, 5445344.927458251], [568461.1188614058, 5445349.124381621], [568463.0434950967, 5445353.494475004], [568481.1609816058, 5445360.026824922], [568482.6768057637, 5445365.999158902], [568485.4323823092, 5445368.391421592], [568487.480739972, 5445372.544427498], [568486.6317809776, 5445379.597606251], [568487.3562007665, 5445383.912763158], [568491.4877468726, 5445388.973642483], [568495.7585129213, 5445400.746280311], [568496.3188697088, 5445411.56936977], [568495.2831434753, 5445417.367718041], [568498.4879863656, 5445436.369203007], [568494.5973067564, 5445441.334642645], [568494.2703904426, 5445443.717419427], [568500.1070699714, 5445449.410892965], [568501.7372149051, 5445452.96389074], [568502.0159808939, 5445463.8340934655], [568504.4107265043, 5445474.456912116], [568508.0470890471, 5445475.170674826], [568510.8935908467, 5445478.085942598], [568509.5304723727, 5445489.490762697], [568514.6329291181, 5445497.493410242], [568514.4865685991, 5445502.0172121925], [568512.1248258766, 5445507.047914155], [568512.138939354, 5445510.299408822], [568517.1567822078, 5445512.438547794], [568521.2714397246, 5445520.538830344], [568523.8927464021, 5445536.660672555], [568530.0757764803, 5445545.179133791], [568531.7401844257, 5445555.052412332], [568548.2776099343, 5445577.095972444], [568549.4176270566, 5445583.4866022635], [568555.6965185557, 5445597.174622875], [568564.039527789, 5445601.669051412], [568563.9799480007, 5445610.074796538], [568567.1033509562, 5445613.88729278], [568572.1765483328, 5445616.854281121], [568570.703616638, 5445621.317029467], [568571.2602235227, 5445624.105707312], [568575.1465740091, 5445629.633858098], [568579.7160277398, 5445641.620381028], [568583.929742476, 5445646.984806918], [568587.1934570153, 5445655.834158937], [568591.950543936, 5445660.457844463], [568592.393464779, 5445667.198072319], [568595.3104801235, 5445676.415262572], [568607.3109123226, 5445687.587535051], [568606.8256750363, 5445698.988130087], [568608.4718639008, 5445702.936317697], [568630.2274794655, 5445732.499959058], [568629.8726722759, 5445737.407753787], [568631.076214678, 5445740.017752155], [568636.393868338, 5445741.445791604], [568636.7708959429, 5445747.019798735], [568639.9650933865, 5445753.019137466], [568647.1308514685, 5445761.727067908], [568652.8680009615, 5445765.156178609], [568655.2323373281, 5445769.205313672], [568667.8519894321, 5445772.293420188], [568672.116139806, 5445776.108699094], [568673.3913295281, 5445779.639121327], [568672.4165727153, 5445787.053196599], [568675.9591582546, 5445794.846921564], [568680.2431046825, 5445798.3368154615], [568683.7647885603, 5445805.528763801], [568691.1347719319, 5445813.080937264], [568696.7505464513, 5445821.393483422], [568697.5913733151, 5445824.426777445], [568701.0544801288, 5445827.148046492], [568703.1399379147, 5445836.947897666], [568706.1257886806, 5445842.920498226], [568713.1854391111, 5445848.745686173], [568713.2164143125, 5445857.208236577], [568715.1370500932, 5445867.088873131], [568719.638888857, 5445872.552836084], [568715.852667151, 5445874.770785392], [568711.48781592, 5445880.350441936], [568710.5739053533, 5445884.227810613], [568711.3619906437, 5445889.100757612], [568708.7221540966, 5445893.430346994], [568702.4979544706, 5445894.710202008], [568701.4337761474, 5445898.469734482], [568702.304999418, 5445903.252382367], [568694.1577451348, 5445901.144716405], [568690.8635498354, 5445904.132978986], [568681.8984173691, 5445906.105688155], [568674.5683533535, 5445912.4774276195], [568670.2425178975, 5445913.22453379], [568665.979447064, 5445916.333658167], [568662.2310851489, 5445922.757474659], [568658.805391556, 5445925.16077075], [568649.2731907718, 5445927.9083046], [568644.7867696824, 5445927.427166204], [568641.7132015817, 5445932.168901433], [568637.1331383332, 5445935.7050564], [568621.8361780954, 5445939.258216524], [568614.7418687849, 5445944.017462249], [568587.2139253682, 5445949.125508328], [568576.2590312967, 5445943.271487759], [568565.2124296238, 5445941.350402085], [568542.8739752518, 5445931.650376588], [568523.4551940614, 5445920.797875117], [568507.942243535, 5445910.123792464], [568499.474181659, 5445908.762708967], [568496.4732520889, 5445910.407266823], [568493.4728136915, 5445907.528143739], [568489.7693798583, 5445898.164700852], [568454.8036604555, 5445872.214192561], [568448.540733481, 5445864.31207973], [568442.3072060873, 5445860.947635868], [568407.867828863, 5445834.026349678], [568400.5159451924, 5445834.577193546], [568397.0223804603, 5445825.246832951], [568383.1032146742, 5445806.516199535], [568378.4241462098, 5445798.187038326], [568373.4180754765, 5445793.191594743], [568369.5105651107, 5445785.559400703], [568366.5508047434, 5445774.284372274], [568362.2626202672, 5445721.62159572], [568359.6545856764, 5445712.011113473], [568360.0092732462, 5445701.599703541], [568363.902019337, 5445696.920131063], [568368.5670061045, 5445700.386351348], [568379.3268210848, 5445704.028671404], [568395.1058923452, 5445715.570705055], [568410.5863314988, 5445729.74181672], [568430.0004742192, 5445752.385702998], [568431.8003735892, 5445756.828887552], [568441.2241945418, 5445766.269302024], [568454.5570474464, 5445788.80970576], [568469.5813478921, 5445805.781340013], [568473.014923505, 5445808.070227235], [568475.3645550432, 5445812.018628908], [568493.1108494045, 5445822.1567738885], [568498.630069109, 5445830.647175342], [568510.3348276278, 5445842.776749945], [568514.0405339384, 5445843.368449317], [568518.6700491114, 5445846.620339209], [568523.1047017332, 5445844.489499855], [568523.2781129733, 5445840.978954373], [568521.1102705012, 5445836.809723403], [568511.8232007028, 5445826.584018019], [568506.5446801328, 5445817.96873403], [568505.2383450367, 5445812.537282097], [568513.6106754717, 5445800.324949507], [568520.6244315804, 5445799.1916729845], [568525.4028102427, 5445796.40445043], [568528.2084540952, 5445793.886517754], [568531.937248759, 5445787.36301583], [568531.7513045561, 5445781.3030201215], [568528.332542397, 5445772.843806886], [568527.4021945772, 5445764.72892525], [568517.5616196144, 5445746.649822686], [568517.5123443712, 5445741.2557481285], [568513.6763139851, 5445719.247136074], [568507.2441191496, 5445702.67090292], [568507.2582244166, 5445697.981333592], [568502.2938205717, 5445686.399653067], [568498.561954534, 5445673.107647486], [568486.2972804016, 5445655.993199369], [568484.284612448, 5445645.05902527], [568485.7238339316, 5445636.912467762], [568480.5802084514, 5445630.663278231], [568478.2852818639, 5445625.123577284], [568474.5218937243, 5445613.019587961], [568472.4346167415, 5445601.463920002], [568472.7476181659, 5445596.963993956], [568469.3112407646, 5445589.155926614], [568467.8928775772, 5445582.59079858], [568460.9400722191, 5445570.340027411], [568460.5000298447, 5445566.91784031], [568442.6191079366, 5445542.247282987], [568437.1769190361, 5445531.43154905], [568430.3325192796, 5445524.507520053], [568429.4311296553, 5445520.374558958], [568426.995987371, 5445516.354119729], [568414.2083360307, 5445507.045344659], [568405.1540594446, 5445504.7426699875], [568401.4133428708, 5445494.74667753], [568395.9091458212, 5445486.349497864], [568388.570951532, 5445480.940322923]], [[568035.0100861255, 5445117.015493951], [568032.5683931673, 5445117.352330306], [568031.1180992412, 5445115.807462075], [568031.3194314644, 5445113.46420449], [568039.6333543952, 5445107.298319598], [568048.778054552, 5445103.224434462], [568058.5778173604, 5445094.170243656], [568064.0314401011, 5445093.311816449], [568069.3253298596, 5445090.459080162], [568071.1732752159, 5445084.365115436], [568095.9252544135, 5445084.671244146], [568145.6618445076, 5445088.299243191], [568172.5469345646, 5445086.037698479], [568175.0824035422, 5445083.143789933], [568155.2676860313, 5445077.748295409], [568104.5351335723, 5445071.279477012], [568095.021527077, 5445066.914996282], [568088.4468216182, 5445056.751935812], [568083.9909190189, 5445054.030778962], [568074.4381030599, 5445042.057091398], [568063.4763875359, 5445038.936264006], [568056.3432491478, 5445039.027277095], [568043.3684464438, 5445035.33960089], [568040.435251273, 5445033.119265145], [568036.1313595474, 5445033.220435888], [567985.6059077907, 5445020.168648701], [567958.9746462492, 5445010.6517497795], [567953.7362342345, 5445007.240618068], [567946.5732353092, 5444998.329542774], [567944.8558267856, 5444993.731735568], [567944.3971690475, 5444987.676706125], [567939.7264905514, 5444982.005506344], [567936.5341605769, 5444975.167649455], [567937.2051611571, 5444968.063248229], [567935.653844693, 5444961.334317879], [567929.174438493, 5444958.957983427], [567927.2394568773, 5444956.837191393], [567926.292000643, 5444950.151308585], [567916.8576707055, 5444938.707950904], [567919.0626313961, 5444935.21314507], [567922.8386824577, 5444933.835538045], [567940.3460536548, 5444930.104031762], [567957.3342065308, 5444924.04204054], [567966.4512180085, 5444923.268587336], [567972.9247285929, 5444920.038220142], [567982.7227350774, 5444919.279863131], [567994.4967798294, 5444915.086294324], [568017.268273604, 5444913.248257332], [568029.195025901, 5444910.46475155], [568057.9240060791, 5444910.025299515], [568098.7855148786, 5444915.230506833], [568129.2225283191, 5444912.8317368], [568151.4939132252, 5444914.2958726855], [568158.7231232479, 5444909.328564906], [568162.5621251755, 5444909.8712011855], [568169.9282464568, 5444907.869344873], [568179.5732175359, 5444909.905402867], [568184.3905006903, 5444913.763097393], [568194.9561574854, 5444914.887073321], [568199.7466738664, 5444917.084524292], [568206.1527203269, 5444914.101954992], [568215.8655793353, 5444918.125628152], [568216.1420167602, 5444919.717319147], [568213.1059014909, 5444921.399397558], [568212.7690720637, 5444923.623977425], [568223.2788630043, 5444928.722056866], [568225.8320209938, 5444931.890971616], [568226.0473106316, 5444936.142235716], [568227.830217135, 5444938.559579159], [568239.7814360746, 5444944.112687118], [568246.4548696339, 5444949.325406523], [568252.242407445, 5444951.801857311], [568256.9947986398, 5444951.289934934], [568262.9288832366, 5444954.10447295], [568270.5533188402, 5444959.078758527], [568275.7339559083, 5444965.088013505], [568287.9203932681, 5444974.052490986], [568307.0735933067, 5444991.719842876], [568326.2466355604, 5444999.993286336], [568328.2863564298, 5445002.28909124], [568328.1352758482, 5445004.029640286], [568321.3610146227, 5445005.9916591635], [568320.568578555, 5445008.455768498], [568324.1369414508, 5445012.228175144], [568333.8055524256, 5445018.07096963], [568335.8060612069, 5445022.193934102], [568348.0038129819, 5445032.04259469], [568350.8310868082, 5445035.810319497], [568359.3070962569, 5445037.8710358525], [568362.3961716978, 5445029.934993642], [568368.8419141357, 5445033.796385239], [568369.2276189324, 5445035.928497331], [568367.988235704, 5445038.811794711], [568372.7468040993, 5445043.498017684], [568376.6326851181, 5445055.096904179], [568374.6618475239, 5445056.046384213], [568369.600487055, 5445052.735906652], [568367.5730161489, 5445053.13636281], [568366.7406332061, 5445054.888187172], [568371.2448528939, 5445063.222580803], [568371.0957024917, 5445067.344104011], [568373.1230857223, 5445073.304074907], [568385.4349489127, 5445091.5458831405], [568388.5037135454, 5445092.134325089], [568392.0294263463, 5445088.269323599], [568386.3897081413, 5445079.904758608], [568392.1922957242, 5445080.032451074], [568395.8345440857, 5445077.874249889], [568399.9945215938, 5445082.91197759], [568408.1612007308, 5445088.556450608], [568408.8311701776, 5445097.073879635], [568412.1708509536, 5445108.056027178], [568415.4280531111, 5445112.790398168], [568415.1818009731, 5445116.2181609655], [568417.2476568867, 5445122.402675114], [568416.0591562438, 5445132.372706402], [568417.6783989245, 5445137.758368631], [568418.8459616273, 5445150.71447533], [568419.4618356636, 5445164.400789482], [568418.1650089532, 5445169.445111368], [568419.3468851997, 5445173.783335356], [568414.0628289183, 5445174.779753447], [568404.9381345325, 5445172.988695434], [568400.9518507479, 5445170.432118348], [568397.8380967638, 5445174.915206375], [568395.8738720807, 5445173.691926781], [568394.4026421797, 5445170.070868758], [568387.9204706679, 5445169.047410748], [568376.5854555957, 5445164.020307004], [568371.3771241844, 5445164.118912814], [568357.3799915942, 5445158.082974172], [568340.384401382, 5445155.2929911725], [568334.9114264046, 5445156.060685988], [568307.394070766, 5445149.931941545], [568274.2522565782, 5445150.943260174], [568266.6923543223, 5445152.495519418], [568256.1806996224, 5445150.623769536], [568251.7993362298, 5445154.018613189], [568236.7164934669, 5445152.450949265], [568233.5699967094, 5445154.210708018], [568169.3201166176, 5445157.201723726], [568158.6005217088, 5445159.376469872], [568128.7541695858, 5445161.301015738], [568096.3642634712, 5445159.974711522], [568052.1732858184, 5445152.986653284], [568046.7198786186, 5445148.21581272], [568047.2828235861, 5445139.091556907], [568045.4013618331, 5445135.856145001], [568036.4034186078, 5445128.252831888], [568039.256129484, 5445119.146933892], [568040.7765869179, 5445117.253372386], [568040.5718619494, 5445114.5035403995], [568037.4286393267, 5445114.272278323], [568035.0100861255, 5445117.015493951]], [[569108.7776818466, 5446372.271394384], [569123.0308545304, 5446378.177146684], [569127.6892539376, 5446384.793440913], [569134.4646502107, 5446391.058810285], [569134.820521577, 5446392.830209482], [569128.1420183026, 5446406.046816498], [569116.2932479741, 5446417.050744234], [569095.1196069074, 5446430.6918739565], [569081.0488457175, 5446441.846266261], [569075.4983964448, 5446443.937583547], [569070.8633143204, 5446448.376997258], [569037.9622896148, 5446462.980602318], [568941.7624934535, 5446487.839453185], [568926.9816001713, 5446487.180262707], [568914.2997562736, 5446491.297608395], [568874.6716716998, 5446490.038190589], [568852.6012032899, 5446483.162052629], [568834.6783343202, 5446474.164352078], [568818.4765705167, 5446463.172367801], [568802.2939588453, 5446449.091255026], [568791.7298249996, 5446437.112414219], [568789.6559853062, 5446432.098047591], [568783.5515631122, 5446429.528603325], [568772.1018015665, 5446412.592522403], [568762.4372593786, 5446404.948993768], [568759.2894515697, 5446399.1899782885], [568754.1260813815, 5446393.654838687], [568736.6474909903, 5446379.223233758], [568733.7207737244, 5446374.539665001], [568722.1005505522, 5446365.210873981], [568716.4850037387, 5446359.667271078], [568715.3852811542, 5446356.696183179], [568706.679262282, 5446348.998820394], [568693.3471011939, 5446329.812927171], [568688.4820552282, 5446317.9782997575], [568689.3889581421, 5446314.314063609], [568700.1399973489, 5446306.910604023], [568716.2987962572, 5446291.577089577], [568723.6013389754, 5446290.445246248], [568726.0656539956, 5446285.572843043], [568742.8744114502, 5446285.03328878], [568749.1002276365, 5446283.0848134495], [568752.3378116594, 5446280.153816448], [568760.2311537873, 5446281.990161401], [568769.8803110782, 5446274.91137192], [568778.1067270052, 5446277.862325137], [568782.8209017676, 5446274.544603503], [568793.0722474338, 5446276.265465028], [568809.4207931377, 5446274.349624174], [568815.8978065551, 5446275.059034878], [568819.8301995961, 5446272.937061989], [568833.810734563, 5446271.165134938], [568839.3552140193, 5446263.43603997], [568851.7939623233, 5446256.874548739], [568862.2480497189, 5446254.333130941], [568872.665215876, 5446255.751649737], [568894.4480458436, 5446259.204996969], [568914.0329520138, 5446256.70343784], [568929.8107523093, 5446260.135512373], [568943.7241075371, 5446260.198654113], [568959.8376115187, 5446262.819237725], [568977.5122923855, 5446270.2516854135], [568984.4322015906, 5446269.05000364], [568995.3459216737, 5446271.033372473], [569002.1035845215, 5446270.428360211], [569010.2326533304, 5446266.143527372], [569013.0495963785, 5446266.401922794], [569016.5543349043, 5446272.620643423], [569030.5847487345, 5446281.201032231], [569039.0964113448, 5446295.403087576], [569046.9653455717, 5446300.330392578], [569048.9029383414, 5446304.347638512], [569054.8556260096, 5446309.029535068], [569057.253808532, 5446316.585766273], [569063.0024858481, 5446327.472096203], [569072.3792541921, 5446337.120026796], [569078.8266933741, 5446339.2303615175], [569081.216155867, 5446341.510841362], [569082.6265611447, 5446346.184760112], [569089.2952264436, 5446352.494056908], [569096.8468678558, 5446364.990906896], [569103.4339086672, 5446367.15222752], [569108.7776818466, 5446372.271394384]], [[568981.6051281417, 5444285.216522077], [568974.9465415486, 5444277.960720846], [568971.3035270781, 5444275.111389556], [568956.1671073912, 5444263.27294122], [568942.6708973502, 5444252.717294599], [568942.0737304792, 5444252.250216804], [568927.1317183622, 5444243.246527754], [568918.2692437747, 5444237.906317632], [568912.6395398659, 5444235.051552476], [568902.6811474159, 5444226.921918845], [568885.6835494108, 5444218.508706976], [568879.1020384299, 5444212.314398532], [568850.651953794, 5444198.975026084], [568841.3462509499, 5444196.469694876], [568827.376430694, 5444188.168445245], [568809.3128104501, 5444182.294338514], [568804.5655527901, 5444179.25693906], [568789.9662609698, 5444175.949953447], [568782.2590164327, 5444167.175547571], [568774.7791210145, 5444168.55759257], [568771.5802434613, 5444165.248871116], [568766.2257717733, 5444163.216038237], [568762.5098669195, 5444154.266979352], [568750.9290217079, 5444146.465588542], [568738.5496673547, 5444131.895919132], [568732.0673368063, 5444121.170277154], [568721.023944321, 5444113.214057571], [568720.2524395342, 5444110.40333472], [568722.750326052, 5444107.289838783], [568728.1830271813, 5444105.074244899], [568748.76957891, 5444104.197717338], [568765.1289007354, 5444100.94467557], [568807.1162913161, 5444103.156514001], [568898.008838559, 5444150.965371063], [568923.0283851326, 5444166.3388375575], [568943.083264707, 5444173.44431956], [568954.8498433805, 5444182.92509829], [568955.2136459481, 5444186.771938363], [568956.4733021655, 5444187.8133165585], [568969.08467661, 5444190.311092414], [568993.4914003926, 5444205.429635683], [569014.5467197436, 5444221.330537081], [569040.7887029925, 5444246.589515955], [569059.1448867074, 5444266.402057512], [569075.064779446, 5444290.359754696], [569086.3439396049, 5444303.677597018], [569092.4058598846, 5444315.530523333], [569104.1857151911, 5444333.468539019], [569110.1090907501, 5444342.488434941], [569112.7095384811, 5444346.448316028], [569118.5201410736, 5444353.832373917], [569119.1909377163, 5444356.368330078], [569126.1625441181, 5444368.722203214], [569126.6291084939, 5444381.569430993], [569120.4000591992, 5444386.996125246], [569111.7430322687, 5444385.025380959], [569107.443853736, 5444387.280248036], [569105.2705852533, 5444386.503652953], [569103.0369370595, 5444384.221103772], [569096.4452965773, 5444383.804748543], [569089.5105529131, 5444375.198780503], [569070.881230458, 5444371.042456603], [569067.591219764, 5444369.110263079], [569055.9936724474, 5444356.2861066405], [569049.1385539061, 5444345.183908473], [569021.9540092985, 5444317.200859923], [569006.4508305859, 5444303.901252961], [569001.9984793455, 5444301.800314864], [568997.9442120178, 5444296.352976129], [568981.6051281417, 5444285.216522077]]], [[[563961.8059488388, 5448017.64219989], [563980.8623639164, 5448021.665585688], [563996.8544801391, 5448024.697323906], [564015.8778949005, 5448031.566762575], [564033.9395289412, 5448034.6336459275], [564055.8687223833, 5448041.692602145], [564079.8504910924, 5448054.634722662], [564089.8156159909, 5448057.607831637], [564110.8606033913, 5448068.614799425], [564133.9106982234, 5448084.559341482], [564157.9484879973, 5448097.669235155], [564178.8726803459, 5448109.631189017], [564201.8825580648, 5448124.619447124], [564220.9206295459, 5448139.572621478], [564241.8271244519, 5448158.661354758], [564258.8998267254, 5448169.622639541], [564281.9437912195, 5448171.636698649], [564285.8117220912, 5448170.56995121], [564295.9550501072, 5448162.616391968], [564304.8397995026, 5448152.580059712], [564324.9364884279, 5448128.587820074], [564333.9482361989, 5448122.677983762], [564344.8214645418, 5448119.636097482], [564355.8384126122, 5448118.652822325], [564377.9279135882, 5448120.656029743], [564397.8570220312, 5448131.662192723], [564418.9401650042, 5448148.685750462], [564433.876160198, 5448166.593670588], [564439.8175257156, 5448184.563424729], [564447.8795214444, 5448192.573741322], [564457.8602759395, 5448198.549653083], [564469.8076062556, 5448199.634344426], [564480.8873273921, 5448202.621155904], [564484.8357304388, 5448199.654334943], [564500.9262816531, 5448188.601924427], [564508.8861790791, 5448186.638135676], [564520.9373969352, 5448187.568429243], [564542.8096235839, 5448190.670568842], [564551.9559711678, 5448195.691869916], [564563.8468480101, 5448196.620399689], [564576.8808097468, 5448184.57625386], [564591.8060839924, 5448179.692213528], [564609.885014956, 5448175.623410215], [564656.8593055643, 5448165.5669745], [564680.819161245, 5448161.567367743], [564706.8170277228, 5448159.659708361], [564719.913134854, 5448156.644647329], [564739.8771472808, 5448154.666375884], [564759.8885309986, 5448153.633737678], [564771.8937818221, 5448148.549180907], [564793.841799162, 5448139.623195207], [564817.9149689502, 5448134.680416645], [564830.8508471788, 5448131.663737823], [564844.9415538395, 5448129.6057451395], [564866.8319799632, 5448125.59370212], [564910.9108055211, 5448114.549255787], [564931.9442494727, 5448106.569267011], [564953.9326064419, 5448098.589531195], [564975.8810949579, 5448089.66434525], [565005.8694830355, 5448080.678302827], [565022.8340851497, 5448076.597684057], [565043.8508610859, 5448070.674802861], [565067.8057141071, 5448061.606855773], [565090.8621918027, 5448052.695240087], [565109.8565691992, 5448047.704849801], [565122.8325812735, 5448045.634412275], [565146.9066086669, 5448040.693047328], [565169.867155793, 5448030.668754878], [565182.940884656, 5448024.652559028], [565194.9071417314, 5448018.61227305], [565207.827941714, 5448012.594268713], [565230.9247185368, 5448004.628778649], [565241.8457714798, 5448002.545392769], [565259.7990897517, 5447995.630881288], [565282.9204231302, 5447985.609047143], [565303.9152205567, 5447976.673772689], [565315.8007761214, 5447972.545077021], [565329.9501735789, 5447965.5858742595], [565351.8998417661, 5447956.662191581], [565359.8774269805, 5447952.642900881], [565375.9307503962, 5447940.636383271], [565395.8280690508, 5447929.631652564], [565419.8819462879, 5447916.608293827], [565440.8699574192, 5447907.673557903], [565451.9063596636, 5447899.577023241], [565467.8222582985, 5447890.582123361], [565473.8112091144, 5447884.638222872], [565485.9181720951, 5447876.621166172], [565491.9274677247, 5447872.656510144], [565512.8950154308, 5447855.649957044], [565535.8118360514, 5447839.611660382], [565554.9228603292, 5447828.587098997], [565575.8509589194, 5447810.635219335], [565592.8545755398, 5447793.570637248], [565610.8468609365, 5447773.671719644], [565618.819565367, 5447764.582828564], [565634.8063664192, 5447743.559355713], [565646.8679625512, 5447724.701853759], [565659.8377766211, 5447703.642509975], [565671.8133721013, 5447681.615254358], [565678.8127490677, 5447660.629544432], [565683.8096824505, 5447648.659020196], [565687.9089523477, 5447635.566079141], [565695.8333874264, 5447611.589380354], [565700.8304859231, 5447599.618957744], [565711.8344162245, 5447579.637125547], [565738.809086747, 5447540.688727637], [565757.8937229064, 5447521.5926849805], [565775.8873157734, 5447501.705301872], [565795.919709314, 5447482.620643246], [565814.90810973, 5447463.6903231535], [565832.9005419968, 5447447.5945457965], [565850.8758520846, 5447433.5554249715], [565869.9021735007, 5447420.640713811], [565886.8586499119, 5447407.701403044], [565921.8326586209, 5447376.610007518], [565931.8988650157, 5447370.548536589], [565940.9213113295, 5447367.654437662], [565954.8317017119, 5447362.595098809], [565976.9377884804, 5447353.675613919], [565988.9063872374, 5447347.636977468], [566012.9495400287, 5447334.627133518], [566034.9201731358, 5447323.649467047], [566054.9567050125, 5447314.705611459], [566059.918463353, 5447310.640174238], [566066.9254110351, 5447308.667125219], [566073.9497580834, 5447304.6374601275], [566094.8998319119, 5447298.550961177], [566114.9486650438, 5447294.677379623], [566149.9350471676, 5447287.6586455675], [566163.8855020321, 5447283.54529142], [566187.9342483281, 5447275.595018143], [566200.9539337024, 5447270.692471518], [566216.8656090936, 5447261.699711626], [566239.8589265489, 5447247.5663998015], [566260.8461213111, 5447233.564707287], [566280.828840255, 5447220.662913275], [566299.9360460598, 5447209.651846362], [566307.9329435645, 5447203.566233224], [566327.9086415983, 5447190.664463998], [566350.8454321993, 5447177.642810745], [566370.9400722733, 5447167.588935046], [566387.8688427513, 5447162.566881545], [566396.9213463113, 5447162.675813367], [566440.8213085814, 5447162.57049912], [566461.9197709385, 5447163.613949839], [566482.9045777252, 5447165.612291438], [566501.9155904832, 5447168.687642956], [566521.8248776697, 5447171.6182742305], [566541.8373752958, 5447175.662004556], [566558.9041702983, 5447181.571394417], [566579.8687355373, 5447190.685641047], [566602.8393007669, 5447199.679545692], [566625.8890849741, 5447210.564621491], [566645.920459576, 5447222.680883986], [566666.8720698985, 5447237.6656469405], [566690.8954032897, 5447256.634652637], [566723.8242005772, 5447289.653749295], [566742.8658386947, 5447304.615756646], [566764.847809714, 5447326.573462975], [566780.8543035073, 5447343.544617944], [566797.8591770522, 5447366.554052513], [566808.8416936628, 5447383.631261587], [566810.8520720865, 5447388.569953086], [566826.8187095205, 5447404.595708688], [566849.8288153082, 5447424.665046801], [566867.8230974668, 5447443.5729215015], [566877.8724853903, 5447463.640871313], [566884.9032666702, 5447473.54360121], [566900.8339450805, 5447493.694028481], [566912.8923898179, 5447508.560875854], [566928.9414211035, 5447531.559146041], [566934.9382888629, 5447539.548144215], [566948.8164318311, 5447557.616950614], [566964.9248290692, 5447575.701761926], [566968.9162803955, 5447582.554623223], [566977.9125445131, 5447592.648055037], [566992.827507711, 5447607.549744835], [567014.8886119062, 5447627.608286585], [567033.9323051377, 5447647.641347681], [567046.8625056081, 5447665.687786773], [567058.8556507269, 5447681.665921494], [567092.8317714732, 5447724.6732069915], [567108.9044031177, 5447745.61551528], [567125.8381536128, 5447764.667044324], [567137.859740265, 5447783.658812098], [567145.8804797832, 5447799.588943523], [567163.9508015303, 5447821.656343198], [567179.8231503965, 5447841.640208117], [567195.9093634895, 5447865.595931599], [567209.8326521796, 5447884.611113932], [567226.8051009824, 5447904.6084580505], [567245.8864761838, 5447925.587794768], [567265.8004454222, 5447938.649921967], [567287.8160451328, 5447952.694036845], [567297.8230456242, 5447961.688497655], [567305.8070806229, 5447971.603403108], [567322.9465429165, 5447991.603123067], [567338.8105536359, 5448011.587334845], [567351.7997810752, 5448033.604559837], [567359.8257904495, 5448040.662585431], [567379.8572023241, 5448056.584013646], [567392.8845286442, 5448070.685589345], [567395.8200621193, 5448072.622673936], [567406.9560373868, 5448084.633074124], [567421.8289241503, 5448098.590474622], [567438.9461225801, 5448115.577271776], [567451.9131791173, 5448134.581314094], [567466.9461592631, 5448158.680740236], [567477.9072479282, 5448167.676042538], [567486.9338130951, 5448168.586974094], [567495.867472302, 5448164.5714127645], [567509.8768215098, 5448155.559122227], [567533.9409378606, 5448136.696696097], [567543.908030693, 5448134.606224238], [567554.9397182943, 5448136.642483804], [567574.9481297712, 5448140.678944094], [567589.9345199885, 5448143.55319325], [567611.8305369869, 5448144.621964608], [567617.9252504137, 5448148.654801955], [567623.8209556516, 5448160.601394725], [567627.9604727277, 5448179.653386791], [567630.8391969881, 5448191.563101675], [567638.9215580579, 5448207.650358433], [567644.8242431667, 5448219.608293938], [567652.8852433796, 5448232.6822173055], [567668.9469599548, 5448253.626024423], [567680.8660756531, 5448276.57596686], [567696.8095680367, 5448294.661006269], [567702.889910792, 5448314.69307329], [567702.8724310372, 5448325.622188382], [567693.8927932128, 5448344.66895144], [567690.8583860917, 5448355.561012941], [567690.9226674351, 5448364.578843628], [567690.8653342087, 5448384.69112964], [567684.8783372692, 5448404.575169647], [567673.8861427506, 5448413.62405267], [567669.8185404332, 5448422.602202683], [567669.8400342459, 5448425.604466404], [567700.9147518735, 5448462.565129364], [567703.8532775809, 5448469.572402404], [567704.9326642421, 5448482.571804383], [567708.9395248747, 5448488.636123076], [567719.9175314414, 5448495.575246316], [567726.8273922624, 5448502.631323944], [567733.918930492, 5448512.6915424075], [567743.9247394573, 5448530.548173811], [567763.9170820776, 5448550.595478383], [567785.9503848328, 5448567.6439009905], [567807.9414831235, 5448568.547924282], [567811.873450811, 5448567.651201412], [567815.8841147107, 5448568.645588426], [567818.9008374292, 5448568.68264703], [567829.8391806388, 5448574.676517258], [567831.8663606517, 5448577.547694112], [567841.8280663351, 5448590.656465249], [567839.8264972726, 5448594.590035552], [567829.8282227509, 5448604.606970839], [567810.8969102026, 5448618.6279266225], [567809.8033980853, 5448621.616398145], [567815.8657684356, 5448633.5654391395], [567830.8530614988, 5448651.650190842], [567843.9565950092, 5448667.643914639], [567857.9541600255, 5448688.563035092], [567871.9122297316, 5448699.652926343], [567875.8623583672, 5448705.560889688], [567875.8655366022, 5448710.6308948025], [567873.8634382489, 5448733.565720528], [567874.860474346, 5448739.593020023], [567880.8153202382, 5448746.63750008], [567891.870319382, 5448765.619176308], [567896.8419764696, 5448785.626782935], [567897.8563635738, 5448808.598594157], [567897.8448175568, 5448829.667827833], [567896.9181782994, 5448851.659678261], [567892.8539466345, 5448874.569066771], [567890.8123773695, 5448896.558236678], [567889.8070274221, 5448916.65900409], [567894.9102042946, 5448933.666226646], [567898.8061533355, 5448954.616673435], [567900.8144102537, 5448978.545915475], [567906.8678471833, 5449000.634835992], [567917.9508241835, 5449022.618879807], [567926.9462222748, 5449046.645217593], [567936.9534564508, 5449069.572332734], [567939.834085174, 5449077.6797093805], [567948.8655269208, 5449097.581679283], [567957.8182323414, 5449115.592604892], [567971.9352161922, 5449135.557286482], [567988.8689132704, 5449154.611593106], [568003.9329203177, 5449174.588073215], [568015.8697504948, 5449191.679630168], [568031.9484583571, 5449215.626798903], [568036.9269464602, 5449219.646431821], [568059.8154125088, 5449235.605778351], [568066.6438094543, 5449240.0], [568137.0301072515, 5449240.0], [568125.8656406853, 5449232.618791202], [568102.902891133, 5449218.559562695], [568078.888948099, 5449204.642989598], [568054.907813822, 5449181.554315241], [568035.9507963927, 5449164.687323717], [568030.808895114, 5449155.595838226], [568027.8681325273, 5449134.656963747], [568026.8288802109, 5449122.614057778], [568028.88894117, 5449098.5682356795], [568024.9011870814, 5449081.574639551], [568014.9154169081, 5449061.660703322], [568005.8809842425, 5449045.5610834705], [567993.9076597057, 5449032.5829246845], [567976.9555423902, 5449015.585207969], [567968.8138853302, 5449005.667360665], [567962.9591890562, 5448994.676961877], [567958.9106537497, 5448982.585865434], [567957.9528873891, 5448968.64269764], [567954.8907609729, 5448948.647535664], [567955.8570079696, 5448927.601257259], [567977.9103095799, 5448928.662406486], [567990.9097586834, 5448934.682051058], [568003.9345861021, 5448938.645103925], [568026.8775034399, 5448949.701761098], [568029.8589565539, 5448952.584828562], [568062.8239461174, 5448970.569669347], [568079.8757538903, 5448983.610802341], [568097.9213610828, 5448997.609180259], [568117.868641556, 5449011.631187003], [568136.8866753192, 5449023.584876072], [568154.9109212491, 5449034.570256512], [568175.9122654368, 5449044.6473158505], [568188.8157153704, 5449049.554428137], [568212.9119384377, 5449061.571149821], [568236.8083980219, 5449072.640471555], [568249.832761327, 5449076.60416692], [568263.8044008143, 5449080.568393065], [568275.9486356145, 5449082.619986911], [568299.8313179204, 5449090.676304265], [568312.8875239443, 5449095.585606991], [568331.9446410282, 5449099.624115252], [568343.8147434234, 5449102.628627363], [568357.9073020422, 5449105.649639442], [568395.8184235122, 5449116.57092506], [568418.9174804009, 5449122.561174836], [568436.9015959689, 5449132.601903579], [568440.9117931066, 5449133.596734124], [568448.8319309653, 5449139.554443874], [568460.8832399799, 5449145.563401171], [568479.8352896967, 5449158.629295805], [568497.8984007433, 5449161.6999544455], [568518.9562724883, 5449170.667211728], [568537.8381677474, 5449180.5637161825], [568568.8369261002, 5449180.626640846], [568587.9118019465, 5449182.609437845], [568600.829207121, 5449181.658235012], [568606.9058696362, 5449177.620072804], [568612.8149616956, 5449173.57979001], [568613.908984334, 5449170.580339216], [568636.850572463, 5449157.568118655], [568642.8233530477, 5449153.684348646], [568650.8385659957, 5449145.545379357], [568649.8899097935, 5449131.602258052], [568623.9061663836, 5449146.633300901], [568601.838024226, 5449152.696263661], [568577.9440764469, 5449155.567801209], [568566.8316865616, 5449156.69716555], [568560.9126730179, 5449155.66734041], [568547.8349681207, 5449156.616709792], [568537.9522803455, 5449155.548775521], [568532.9485158569, 5449153.585344118], [568511.8097242275, 5449137.645787579], [568491.9567904536, 5449119.665341416], [568471.9107254469, 5449109.598911398], [568448.9045489958, 5449099.651458132], [568435.8876517391, 5449095.6873854], [568421.9481889, 5449092.668055997], [568377.8509323138, 5449081.669854132], [568356.8501341322, 5449071.592012797], [568343.9468554911, 5449066.68451712], [568329.8725797838, 5449061.595855561], [568317.8027515167, 5449057.643867374], [568294.8634427345, 5449051.667111619], [568284.9341608724, 5449049.642883178], [568264.8874820033, 5449039.57720817], [568243.868083372, 5449031.556485216], [568221.9365684597, 5449020.678170131], [568203.9517710938, 5449010.638179055], [568179.8946182895, 5448999.567050561], [568176.9133204836, 5448996.683854341], [568173.8575469751, 5448995.68988508], [568164.8867102395, 5448988.6189592425], [568156.9450835369, 5448979.648367885], [568144.955042952, 5448958.5976290535], [568125.8340917901, 5448936.669449798], [568105.8836403716, 5448917.5774429], [568089.8073771313, 5448898.700089436], [568061.890314057, 5448862.565435927], [568047.8546957495, 5448840.700273662], [568040.860888553, 5448821.612744971], [568034.9457003725, 5448806.652265992], [568027.8521255786, 5448782.649121098], [568016.9547320814, 5448758.610278787], [568000.9097569017, 5448740.678623033], [567975.9145331031, 5448718.667460382], [567952.92793109, 5448701.606650759], [567950.0232351474, 5448700.169969843], [567934.8841886618, 5448692.667547377], [567924.9580874154, 5448685.585192043], [567919.9364322417, 5448675.550211948], [567916.8134421039, 5448651.596171925], [567917.8146398223, 5448627.692890903], [567917.9546707253, 5448614.552695429], [567917.9480873357, 5448595.5513151055], [567919.8254037194, 5448578.63008982], [567919.8441956697, 5448557.572172955], [567917.8170504811, 5448554.700913362], [567916.8412575746, 5448551.675803936], [567912.8952519023, 5448549.5703389], [567905.8891542179, 5448551.540976388], [567881.8391601401, 5448564.553592804], [567873.8604951862, 5448568.569224927], [567853.9282722162, 5448562.620243556], [567853.8889015489, 5448561.674733843], [567849.8357178807, 5448554.653719926], [567848.8245486226, 5448545.613161239], [567854.8515218794, 5448535.558421353], [567870.8867412638, 5448530.68574968], [567886.940674776, 5448513.627584983], [567900.8859780766, 5448495.587405054], [567904.8327831547, 5448478.691597373], [567900.8761707209, 5448462.643583141], [567897.8167641347, 5448456.5908899885], [567892.9583786675, 5448451.627861131], [567892.5663080084, 5448451.51190204], [567879.9323155244, 5448447.665139807], [567873.8595011096, 5448446.634253129], [567860.8194052348, 5448439.669333805], [567840.9480644476, 5448427.55049051], [567828.91224269, 5448410.613824971], [567822.8323909437, 5448390.59270805], [567820.8875468231, 5448375.681318107], [567815.9545200218, 5448356.6194211], [567811.8617315345, 5448348.652822861], [567805.90278108, 5448327.677100153], [567797.9388462056, 5448305.5648591565], [567788.8981521428, 5448285.663108335], [567777.8991494912, 5448265.570551189], [567763.8183776297, 5448246.563087264], [567744.4853296096, 5448223.777614434], [567729.8649479232, 5448206.553674], [567718.903841085, 5448188.6853533685], [567704.8408201071, 5448167.610258836], [567689.9118959357, 5448144.623346338], [567676.920266395, 5448127.686328592], [567665.9025918508, 5448109.6506931195], [567653.8835351618, 5448090.65767236], [567641.8895751805, 5448069.608098472], [567627.9468091604, 5448047.589673321], [567612.831723974, 5448026.657581637], [567600.8767564428, 5448006.564819333], [567588.839328182, 5447989.628629255], [567567.8358140951, 5447965.622608685], [567547.9541679479, 5447944.632290698], [567535.937882301, 5447920.580776836], [567529.8169791566, 5447899.60336758], [567523.8921185564, 5447884.64340255], [567518.8082053358, 5447870.638838049], [567515.9119684278, 5447869.658277858], [567511.8191364462, 5447870.564415695], [567508.8872979005, 5447873.686100347], [567505.8530221703, 5447884.578363911], [567504.8060758932, 5447898.663567282], [567502.9255798853, 5447901.642475092], [567496.9127966427, 5447904.5819889875], [567489.8667549553, 5447905.596500199], [567465.8103724949, 5447904.679637551], [567445.862044613, 5447904.591399379], [567422.8393810338, 5447905.577519043], [567411.8288190085, 5447906.543673269], [567401.8002663943, 5447904.686719517], [567398.9003928375, 5447898.636254507], [567399.8683002694, 5447882.648858578], [567401.9522110025, 5447875.547413937], [567411.8120526979, 5447868.541000873], [567417.8641665403, 5447866.558139273], [567450.9251840049, 5447866.6508757835], [567455.830140469, 5447863.697812881], [567459.8555625154, 5447857.576297159], [567460.8882509631, 5447850.617806523], [567456.8161224329, 5447845.653710526], [567448.2753437256, 5447841.33539564], [567438.8653635085, 5447836.572896187], [567404.9226295617, 5447815.56696203], [567388.9158285214, 5447803.663843792], [567377.9013558493, 5447799.560071886], [567356.9012072817, 5447799.626109691], [567352.850498244, 5447797.675440911], [567318.8170441221, 5447759.56894257], [567303.8818518108, 5447741.653020434], [567277.9445079244, 5447703.65671999], [567265.9448391983, 5447687.666830385], [567245.9256311946, 5447664.630233125], [567233.9546302169, 5447651.653851345], [567216.8354889234, 5447634.656628267], [567194.9138112325, 5447611.585951615], [567190.0616824029, 5447606.001028456], [567174.8940467241, 5447588.549610528], [567153.9436078462, 5447564.701519168], [567129.9587602393, 5447541.6060020495], [567113.9324141328, 5447521.609334773], [567097.9234825819, 5447499.56722788], [567082.9474626139, 5447480.695237282], [567069.935450732, 5447464.548982504], [567056.9477714053, 5447447.602491418], [567041.9148135639, 5447428.585423371], [567027.8118011603, 5447411.625469333], [567009.9218670155, 5447392.562599811], [566995.9570507031, 5447372.602430771], [566984.8711683304, 5447355.679302584], [566970.8497790233, 5447335.562858845], [566942.82475551, 5447304.65858326], [566925.9065870729, 5447283.5509714335], [566910.8333732343, 5447263.577590384], [566891.8796093222, 5447239.58810187], [566884.9275307655, 5447231.5875319755], [566875.8555253465, 5447224.6732384935], [566867.8527499079, 5447215.548243643], [566839.8181076633, 5447195.573640392], [566837.868927751, 5447194.604991695], [566821.9236240214, 5447181.581409696], [566801.835316625, 5447170.575671419], [566783.802287985, 5447159.583772741], [566762.8578349113, 5447144.609779698], [566738.8489947694, 5447128.6425428735], [566714.8868627143, 5447113.621106322], [566706.2520340271, 5447109.102761205], [566693.8431127205, 5447102.604212151], [566669.8954624431, 5447090.596197999], [566648.8341544416, 5447081.625057793], [566628.8066113489, 5447074.578819833], [566616.8519980819, 5447069.686999864], [566593.927679435, 5447061.649757411], [566572.8068805153, 5447057.592546632], [566553.844649964, 5447054.67316541], [566529.8491888581, 5447052.638221889], [566513.8775513137, 5447052.601412481], [566500.8765425032, 5447051.65532815], [566475.9085184106, 5447051.676910732], [566451.9523771843, 5447050.598954551], [566433.8242973407, 5447048.6351548545], [566409.9272961132, 5447042.643875389], [566387.9327033414, 5447036.675623776], [566367.9441376477, 5447030.586952854], [566343.8224098561, 5447025.693899841], [566327.8680243772, 5447023.61203207], [566316.8264142055, 5447021.578131988], [566292.8132074517, 5447021.600944192], [566270.9197303983, 5447020.548571749], [566256.9242473063, 5447018.634912463], [566233.9054342496, 5447019.626086315], [566209.8921258386, 5447019.660378191], [566196.8100415742, 5447020.604176484], [566178.8890041289, 5447019.599803216], [566165.9449385976, 5447017.543415114], [566145.879329619, 5447019.682196749], [566125.8955223566, 5447018.653305881], [566109.9165135509, 5447018.617449429], [566085.8636264562, 5447017.69566957], [566071.9474035035, 5447017.684728463], [566047.8307564813, 5447016.606588488], [566002.9185016224, 5447016.547348354], [565981.883142585, 5447015.662070454], [565957.8626539605, 5447015.686269735], [565938.8336560202, 5447014.669477975], [565928.9293662852, 5447015.662945811], [565908.9382130612, 5447014.634766465], [565882.8623032076, 5447014.634749854], [565868.8326433081, 5447015.579050897], [565855.893573577, 5447018.59333106], [565832.872839083, 5447024.644921608], [565811.95455615, 5447031.6779098855], [565805.9266198569, 5447031.606031856], [565767.8060567613, 5447044.615750225], [565743.8305875997, 5447050.66756775], [565731.9259960033, 5447055.584475765], [565711.8870378064, 5447069.599439077], [565697.8322716727, 5447088.588850513], [565683.9060092736, 5447109.647761009], [565671.9536616778, 5447129.61838883], [565659.8186602507, 5447146.573863176], [565640.9557954653, 5447169.619900772], [565633.8838267262, 5447188.703605797], [565631.9211970851, 5447198.653392795], [565631.8682554946, 5447208.625823413], [565635.9272161395, 5447229.576349149], [565638.861147507, 5447252.57040046], [565638.8908150179, 5447274.584896197], [565639.9529551072, 5447284.570527924], [565638.9484197253, 5447304.671554361], [565635.8905359531, 5447338.679168955], [565632.8824099989, 5447352.574628905], [565627.828334162, 5447365.6561809005], [565617.8413067831, 5447389.60844294], [565616.9521337292, 5447403.695805418], [565615.8933481468, 5447418.559354981], [565612.9415953782, 5447432.622201563], [565609.893745221, 5447445.572150634], [565605.9476578337, 5447458.666918933], [565597.8630335956, 5447482.641809914], [565589.8992933941, 5447505.661977895], [565580.8600764489, 5447529.625550195], [565574.8515594236, 5447542.6959035965], [565564.8180775366, 5447565.691447762], [565556.8888476782, 5447584.598368589], [565544.8737868259, 5447605.6802941905], [565533.9273733514, 5447624.551344945], [565518.8311633201, 5447646.697551775], [565507.8451087266, 5447664.623100693], [565496.8195499927, 5447681.592036568], [565479.8385690696, 5447701.659091825], [565452.9248783449, 5447735.695067306], [565440.859762103, 5447745.691743119], [565435.8651936299, 5447752.592571659], [565414.9127923533, 5447772.612679303], [565403.8196701786, 5447780.564063268], [565381.8405964016, 5447798.67097259], [565361.8548087345, 5447811.575836033], [565339.8947866601, 5447822.5563128255], [565301.9321557052, 5447840.629846739], [565291.891876995, 5447844.635877758], [565270.8966353615, 5447853.571075082], [565248.8500454595, 5447862.649627134], [565224.9582681232, 5447870.605721389], [565211.9011384165, 5447874.5651446525], [565187.9055532285, 5447882.675854208], [565167.8595762253, 5447886.552751117], [565143.8656998572, 5447889.5937802605], [565110.8036269498, 5447894.584690978], [565098.9348623443, 5447896.668246453], [565077.877505712, 5447901.645416479], [565055.8956131648, 5447909.613670111], [565035.9518728033, 5447919.674010927], [565001.9003954941, 5447932.570093908], [564978.9168006587, 5447939.592912238], [564956.8483276705, 5447945.659314817], [564936.8255502561, 5447952.550384275], [564922.877748507, 5447956.666680575], [564900.826296126, 5447960.676620917], [564886.9353423875, 5447963.682000046], [564873.8785996266, 5447967.642163721], [564852.838627486, 5447970.563506464], [564829.8385996004, 5447979.632460785], [564796.8171151472, 5447985.581903027], [564782.8864285462, 5447987.641977614], [564758.8126210307, 5447992.584904446], [564735.9102849773, 5447997.697325361], [564711.8534292951, 5448000.583747354], [564687.9002708266, 5448004.572184894], [564664.9017493573, 5448008.583172359], [564657.8322609729, 5448011.6578772785], [564641.8792548416, 5448014.639601185], [564630.862020957, 5448015.62227565], [564604.8005236455, 5448013.5715461075], [564590.8866613136, 5448013.575333743], [564575.848502118, 5448015.61187235], [564566.9105334601, 5448014.562176516], [564558.8538263877, 5448016.68043484], [564534.9416366199, 5448016.556347042], [564517.9301658747, 5448019.6816616], [564501.8178850332, 5448017.592095424], [564481.8062161888, 5448018.625592568], [564455.8880028302, 5448018.645162929], [564434.8086006002, 5448020.611495804], [564390.8281645249, 5448022.632886559], [564375.8465787675, 5448023.569883941], [564363.8183404544, 5448025.642018848], [564354.9108968321, 5448027.594990759], [564330.9348328891, 5448028.582889314], [564317.9518132268, 5448030.655117549], [564281.9319397097, 5448030.668873362], [564278.914595025, 5448030.667134714], [564256.8645421133, 5448029.620896702], [564247.8699768268, 5448029.671748189], [564225.8206515902, 5448023.555717927], [564213.9060153974, 5448019.625676178], [564190.8054145027, 5448013.653308998], [564166.9430626895, 5448008.628173072], [564153.8076772131, 5448005.618065385], [564141.9329850073, 5448002.633695689], [564114.8611578183, 5447991.545510894], [564099.8260702037, 5447982.665257645], [564077.9133291243, 5447973.549499442], [564054.9259345772, 5447961.563984108], [564054.6865603798, 5447961.461154478], [564030.8069058429, 5447951.622338924], [564017.8410064334, 5447946.557623449], [564004.8423148714, 5447940.547560814], [563980.8998817661, 5447928.551237577], [563976.8081261329, 5447925.657522178], [563960.0, 5447919.772659218], [563960.0, 5448017.109230742], [563961.8059488388, 5448017.64219989]], [[565789.9382782023, 5447283.666086148], [565773.8310428136, 5447300.574013353], [565760.9579718239, 5447317.687155808], [565751.9423551568, 5447339.582675767], [565742.8228654992, 5447361.643862166], [565735.8474707715, 5447380.561850843], [565725.9164924937, 5447404.670160245], [565722.8819300331, 5447406.690911604], [565717.96229361, 5447406.632355992], [565710.9105579433, 5447402.59029111], [565706.9571490367, 5447396.683807845], [565703.9102299844, 5447374.644580942], [565703.8447997359, 5447360.545880565], [565703.875557622, 5447347.560129423], [565700.9247690932, 5447326.622695308], [565699.9007505878, 5447303.651353015], [565698.8235415949, 5447290.652361442], [565698.8541832229, 5447277.677742896], [565700.904461886, 5447253.631156696], [565712.8811223966, 5447231.604050961], [565729.8174297923, 5447210.5810004175], [565739.9571963254, 5447202.629932089], [565763.8400399295, 5447189.6170971], [565777.8714257984, 5447183.602555865], [565799.8625047851, 5447180.696042153], [565822.8068404823, 5447181.603483516], [565835.8811431694, 5447180.658711386], [565858.8220552303, 5447172.693774967], [565880.865052046, 5447163.617575192], [565903.8060356906, 5447155.652872972], [565921.8271147375, 5447147.64065169], [565941.8865181581, 5447141.698606165], [565964.8084944823, 5447139.604325519], [565977.9301843385, 5447139.5944973], [565991.959434614, 5447138.661520074], [566006.8799479218, 5447137.572389068], [566016.8872879074, 5447137.692142535], [566039.831806607, 5447138.600389075], [566051.838331125, 5447138.577325693], [566071.9423454214, 5447138.662348253], [566094.9536037138, 5447148.599638642], [566113.868641311, 5447150.571831378], [566132.909376598, 5447156.65935636], [566155.8537532229, 5447157.568098271], [566167.8204398074, 5447156.599715622], [566188.9190276593, 5447157.642107558], [566212.8108550808, 5447158.562453172], [566221.804453346, 5447163.584650152], [566227.9062159101, 5447172.674797274], [566229.9368792578, 5447185.685312849], [566225.8929828838, 5447197.677823598], [566215.8660720334, 5447215.602440257], [566203.8255458239, 5447233.669759033], [566193.8280131846, 5447243.678520733], [566181.8248972276, 5447252.562606323], [566162.9593771007, 5447261.68678262], [566141.9455089454, 5447267.6055849], [566117.8498625775, 5447274.599177939], [566093.8822740066, 5447280.649556594], [566073.9367270863, 5447285.636281916], [566050.9564158265, 5447292.643555251], [566027.8950658219, 5447301.551270774], [566013.8141677218, 5447308.665237175], [565989.9361425214, 5447314.561435461], [565971.9003142328, 5447319.571292213], [565957.8692221241, 5447325.574176884], [565945.8833559726, 5447333.6695874445], [565926.8638757167, 5447346.584049795], [565903.8817861617, 5447358.661942043], [565881.9414070989, 5447372.642466636], [565861.8222100171, 5447388.557047177], [565843.8467100399, 5447402.596159909], [565819.8020299411, 5447420.676660188], [565800.81566731, 5447434.53701735], [565783.8761762538, 5447446.687426093], [565765.8425761743, 5447465.640331398], [565745.8274934667, 5447482.657236146], [565740.9476832452, 5447483.544189646], [565731.8898284222, 5447479.644990869], [565725.8290670112, 5447467.698476937], [565725.9464533976, 5447456.61500939], [565728.913652175, 5447445.565496939], [565736.8212426184, 5447423.645545582], [565745.8836758868, 5447402.695516698], [565757.9395798185, 5447382.570663848], [565767.8514472686, 5447365.588850093], [565777.9086009986, 5447345.59586846], [565785.8733596782, 5447322.576006479], [565798.9185033704, 5447299.60560041], [565800.8964566465, 5447292.669157305], [565799.8643811857, 5447285.685708701], [565795.830052813, 5447281.679446154], [565789.9382782023, 5447283.666086148]], [[567938.8314797767, 5448771.5787747735], [567949.8478363799, 5448770.602594953], [567963.9380995523, 5448768.56364652], [567970.851567673, 5448770.550084698], [567977.8925435885, 5448774.59497239], [567982.8787827846, 5448778.614572264], [567990.937919319, 5448791.700132681], [568001.8394196127, 5448810.6802557595], [568010.8530283388, 5448832.638943203], [568016.8360676984, 5448851.558366609], [568023.8437540637, 5448873.659124759], [568029.8980740606, 5448885.6082620965], [568040.8204875825, 5448907.590542568], [568040.9020645623, 5448914.562824569], [568036.8767656517, 5448920.683833509], [568032.9056874489, 5448920.634887944], [568017.8368435571, 5448914.58964186], [567999.8405306607, 5448906.607050152], [567978.930843807, 5448892.573678119], [567956.8240775036, 5448878.681261092], [567942.827431178, 5448866.634427369], [567935.9573701591, 5448851.673423355], [567933.9070759044, 5448830.578885617], [567933.8006993935, 5448806.673091368], [567931.8712108906, 5448784.634936071], [567935.9571000725, 5448773.600287706], [567938.8314797767, 5448771.5787747735]]], [[[569256.9168483082, 5447412.546904022], [569277.8610196455, 5447413.59921111], [569284.8822729927, 5447414.643606719], [569287.9573332453, 5447413.570327644], [569289.7999401725, 5447409.635312996], [569285.9080275588, 5447402.615254446], [569262.9031390205, 5447392.675598675], [569238.8223338522, 5447383.656644786], [569218.9315575891, 5447373.589527815], [569199.9305058058, 5447364.645453016], [569177.87076711, 5447349.648118915], [569153.9423738967, 5447326.700040572], [569138.808461806, 5447311.622885093], [569130.8451675663, 5447299.648654594], [569129.8697679441, 5447296.623388085], [569115.9234226657, 5447274.601073736], [569110.8975778199, 5447269.623800999], [569103.9300712709, 5447263.68821267], [569095.944392283, 5447257.5620577], [569083.9488173703, 5447241.579319139], [569073.8348838746, 5447222.606996849], [569069.9218104065, 5447212.58489387], [569064.8359114097, 5447203.659813253], [569057.815394835, 5447181.557528722], [569054.8928961803, 5447168.69036863], [569053.4776261725, 5447161.779296957], [569049.953327509, 5447144.568370414], [569046.8553355177, 5447137.558455228], [569040.8745038565, 5447132.569298445], [569036.9243906597, 5447126.660514215], [569023.8751313315, 5447119.692797087], [569015.9377534706, 5447119.593567094], [569007.8215372432, 5447121.548944424], [569000.8226959337, 5447128.588247368], [568998.9152810941, 5447133.634385756], [568998.9026885885, 5447144.552534098], [569004.8545904374, 5447167.597509434], [569010.8458923951, 5447191.576913925], [569016.9301491112, 5447211.610570273], [569019.8700028831, 5447223.677380187], [569024.8671588247, 5447246.699368283], [569034.8991067002, 5447267.571776571], [569049.9424063454, 5447291.6644826615], [569065.8095212013, 5447311.664914996], [569080.9287139897, 5447332.5899419915], [569093.899496669, 5447351.598012173], [569105.954544495, 5447371.539713292], [569110.9226426664, 5447377.62805917], [569116.9574225643, 5447377.703733703], [569117.8279875885, 5447374.5458870055], [569118.8370793856, 5447369.644132057], [569112.9157668427, 5447354.682435997], [569106.9330119436, 5447344.634358212], [569105.9369045408, 5447338.606816754], [569107.9581827235, 5447332.61711434], [569111.9488995868, 5447330.610192013], [569115.8389584693, 5447332.560127114], [569131.8272255406, 5447351.595007231], [569143.8222652356, 5447367.588992731], [569162.8481547503, 5447389.675011093], [569171.8236719269, 5447400.561312613], [569180.9170281963, 5447406.690283788], [569200.8912055867, 5447413.58962179], [569223.890654741, 5447414.667460512], [569242.9046136914, 5447412.693449231], [569256.9168483082, 5447412.546904022]]], [[[569551.8280123499, 5447342.630203484], [569559.877617172, 5447361.566173174], [569577.8875366943, 5447379.693893792], [569595.8690263706, 5447400.656496675], [569618.8747832419, 5447415.67864458], [569639.9562793864, 5447422.593418534], [569645.8955721641, 5447421.567704273], [569648.8651441142, 5447415.57898321], [569645.880445558, 5447402.554993642], [569628.8223774456, 5447380.647703764], [569617.8167705003, 5447370.691314034], [569611.9218775205, 5447367.615001007], [569592.9539227599, 5447345.683689353], [569578.8956837899, 5447324.603845923], [569576.8053842634, 5447321.564352177], [569566.8145879228, 5447301.647604223], [569547.8650125525, 5447277.648743331], [569530.9232242644, 5447258.600640238], [569526.8134361542, 5447252.689437751], [569505.9197290803, 5447236.582518505], [569489.8203242779, 5447223.560262839], [569471.9271796076, 5447214.618124498], [569464.847829632, 5447214.695806089], [569460.8960309986, 5447217.647981528], [569458.940904415, 5447227.607724807], [569476.8305766183, 5447246.66751005], [569492.9217464052, 5447265.560132679], [569501.8391600596, 5447277.546969497], [569519.8275103435, 5447287.5911096055], [569530.867003369, 5447303.56275076], [569541.876253328, 5447323.659046346], [569551.8280123499, 5447342.630203484]]], [[[569745.8752091525, 5447754.5708170645], [569730.948135694, 5447755.649656188], [569715.8319706763, 5447759.5724797975], [569706.8756783565, 5447760.571167981], [569692.8830462095, 5447758.648803916], [569669.8185388172, 5447753.609895396], [569647.9236931808, 5447743.671646507], [569635.8891258553, 5447735.6034014765], [569616.9504149905, 5447716.674349313], [569607.9125463293, 5447705.642025559], [569591.908488398, 5447688.651320164], [569574.8560144552, 5447675.60559304], [569566.8543500697, 5447676.616574836], [569565.9199432129, 5447679.617878089], [569567.8888460909, 5447683.600828152], [569580.8368090477, 5447699.59670576], [569592.9529267375, 5447719.69594343], [569600.8615735811, 5447741.654579674], [569605.9461274437, 5447750.580096107], [569613.8556372734, 5447758.596190811], [569633.9437082967, 5447769.623394972], [569644.8614912366, 5447772.607520991], [569648.8333098304, 5447772.6576474095], [569672.9493064279, 5447777.554117746], [569696.9018564206, 5447778.645958301], [569710.8553815403, 5447779.622874876], [569734.9118933738, 5447780.560556579], [569746.9244899364, 5447780.54562372], [569759.8843220496, 5447780.553815789], [569768.9473058364, 5447778.611533118], [569781.8072642691, 5447768.645304796], [569797.8159434977, 5447750.635776702], [569798.922270234, 5447745.579795161], [569794.8723191409, 5447743.62724866], [569785.8843666787, 5447743.669313321], [569762.8258064495, 5447752.561495458], [569745.8752091525, 5447754.5708170645]]], [[[569923.8449198296, 5447743.681498319], [569933.885833394, 5447748.556309337], [569939.9202324405, 5447748.632813061], [569957.925121892, 5447756.621705787], [569960.0, 5447757.368124651], [569960.0, 5447734.436987649], [569957.8590147727, 5447733.661309901], [569949.8372753568, 5447731.65838747], [569938.9197034179, 5447728.662559437], [569932.8852179316, 5447728.586013297], [569926.9345726223, 5447731.679354997], [569922.9279118864, 5447739.5449391855], [569923.8449198296, 5447743.681498319]]], [[[568089.8973189694, 5447955.574769353], [568093.8268099484, 5447949.597163766], [568090.9023532768, 5447945.602933059], [568079.8388660199, 5447926.631854922], [568066.8552388857, 5447909.682930927], [568050.825914601, 5447889.694562414], [568035.961305208, 5447884.596984782], [568032.8867079787, 5447885.670846713], [568029.8909112951, 5447888.635816677], [568030.9484638438, 5447898.633198831], [568045.8555334561, 5447918.607700171], [568061.9453096163, 5447942.554951471], [568080.8129370871, 5447964.646439263], [568083.8692963914, 5447965.629217721], [568089.8973189694, 5447955.574769353]]], [[[569704.838412747, 5448040.663034428], [569691.8978532065, 5448038.598301249], [569678.8996429918, 5448037.644686261], [569656.9440031858, 5448032.608728976], [569635.8215607513, 5448028.550719773], [569617.9401361971, 5448024.6782069905], [569607.9140508365, 5448021.538571597], [569600.8471714741, 5448019.559273352], [569595.9454109602, 5448018.696975103], [569589.9502398339, 5448019.577528109], [569585.9093978321, 5448022.695264418], [569583.9064297032, 5448026.628215319], [569583.9269142472, 5448029.630430321], [569588.9053852381, 5448033.651379458], [569592.9160128653, 5448034.658078213], [569595.9330803712, 5448034.696237055], [569609.9453756809, 5448039.620553512], [569628.8841432065, 5448044.607109571], [569638.8075826919, 5448046.633584086], [569652.8067908924, 5448048.555921348], [569674.876361722, 5448052.637103028], [569697.8371482124, 5448056.562855641], [569715.9031902073, 5448059.648595484], [569727.9541000156, 5448060.590298128], [569741.8418998129, 5448062.667094921], [569764.8099205684, 5448066.593191775], [569782.9149271636, 5448070.624710559], [569789.9540557695, 5448069.613035313], [569790.8495829582, 5448065.655077751], [569780.9245849055, 5448058.569394053], [569758.9113805337, 5448054.644138394], [569740.927489788, 5448049.669140811], [569718.8116198584, 5448044.642067785], [569708.888126251, 5448042.615487588], [569704.838412747, 5448040.663034428]]], [[[567493.8074048393, 5448296.609762769], [567490.9313515205, 5448296.974862989], [567477.8140620479, 5448298.637805985], [567466.9394570958, 5448301.662363645], [567457.9317011435, 5448307.578377613], [567449.8535197714, 5448315.551472101], [567431.9235164877, 5448340.67100753], [567423.8070098828, 5448356.559942752], [567413.8558795231, 5448377.663251632], [567405.8998394767, 5448393.554107481], [567402.8078687836, 5448396.685061803], [567401.935629728, 5448403.645586379], [567397.8686970146, 5448412.612887452], [567397.9296253579, 5448416.571750264], [567394.8565527283, 5448436.647290573], [567391.8433517395, 5448441.68044636], [567388.8096304958, 5448452.5726664], [567381.9330033094, 5448472.590676636], [567366.8922500127, 5448488.56190797], [567361.8528059144, 5448499.585303586], [567362.8647585824, 5448508.625745748], [567366.8193419557, 5448519.592252932], [567383.8085254204, 5448504.600964951], [567404.819141682, 5448488.547131726], [567410.9483598591, 5448479.605027553], [567415.9233470138, 5448459.5527218925], [567416.9342059643, 5448449.591968309], [567417.94063096, 5448425.688716391], [567417.9117545877, 5448412.546536779], [567424.9133023983, 5448396.632825471], [567429.9349652581, 5448387.6772168875], [567432.8093758646, 5448385.655466669], [567441.9388067386, 5448387.657168838], [567446.8226501755, 5448390.574270629], [567460.9174188271, 5448393.593008916], [567475.8628475433, 5448386.6489132205], [567483.9336574872, 5448378.675758947], [567485.7747328945, 5448374.139758758], [567490.8396370703, 5448361.660239937], [567495.9071536616, 5448337.651007237], [567501.8192675465, 5448319.667167921], [567500.878091395, 5448303.667512642], [567493.8074048393, 5448296.609762769]]], [[[568260.8613468499, 5448491.635925644], [568251.9138192831, 5448492.637079425], [568247.8636450941, 5448499.547043636], [568248.8166488686, 5448509.698775171], [568267.9146585183, 5448523.555134109], [568270.9314327762, 5448523.592502128], [568293.9040574476, 5448537.652543808], [568316.9057633999, 5448547.5881074015], [568333.9416975257, 5448552.557788465], [568353.9088462535, 5448555.651510587], [568363.8500646002, 5448555.619097332], [568364.8973512005, 5448551.673863167], [568361.8851417007, 5448546.56654612], [568344.8069734437, 5448535.592304173], [568329.9049880637, 5448529.548373921], [568306.8358167277, 5448515.642656673], [568287.9021276508, 5448505.590648202], [568265.8657343579, 5448493.5991558395], [568260.8613468499, 5448491.635925644]]], [[[569944.92199073, 5448713.676913247], [569922.9169205683, 5448723.6935616685], [569903.8073931546, 5448734.692142067], [569880.9259328598, 5448746.599116749], [569859.8295564376, 5448755.671341715], [569835.9547838393, 5448766.609768822], [569815.8909713301, 5448777.59649934], [569794.8799158543, 5448788.58241978], [569775.8458735836, 5448797.681121984], [569753.8993457067, 5448806.587426941], [569742.902946765, 5448810.562130318], [569728.8321469934, 5448815.609913924], [569714.9217904677, 5448820.65967551], [569701.8632056531, 5448824.619640972], [569679.9530298455, 5448830.669187968], [569658.8759017063, 5448837.6854812745], [569636.8833117996, 5448845.64653769], [569618.8619634508, 5448853.657824991], [569595.8082932383, 5448862.550700676], [569571.951780692, 5448872.7010726025], [569547.9178291524, 5448883.638663744], [569535.946930322, 5448884.5884749815], [569522.8292831286, 5448884.589913356], [569509.8331574411, 5448883.625510947], [569496.868441108, 5448883.628938106], [569479.9401568231, 5448883.571334484], [569467.8910384476, 5448882.630150985], [569453.9403739412, 5448881.653868838], [569431.8479013481, 5448879.641288473], [569416.9221908315, 5448875.650920919], [569397.8444644104, 5448868.606382359], [569373.9307639818, 5448859.588637389], [569350.9062332301, 5448851.705186769], [569337.8258587323, 5448847.582615654], [569324.8408166501, 5448844.561959339], [569300.9471211717, 5448838.568984835], [569286.8153809228, 5448834.589017324], [569262.9144816066, 5448828.58501231], [569246.8809180178, 5448824.581161606], [569232.902213095, 5448820.60321456], [569219.9242045424, 5448817.5939698], [569198.8609705004, 5448813.682866344], [569176.9284706982, 5448811.673263906], [569158.9108339415, 5448809.54606282], [569139.9374737203, 5448808.674478383], [569127.8060157055, 5448809.634219066], [569115.9171749712, 5448808.684727256], [569092.8157383195, 5448811.56399929], [569079.8212266852, 5448815.681838564], [569058.8231162329, 5448824.602678311], [569038.9142407663, 5448835.594180483], [569019.8889796801, 5448844.6955148475], [568997.9181131761, 5448855.661386241], [568975.928839326, 5448868.69501902], [568961.9371420939, 5448875.646933777], [568941.8571819512, 5448888.693588661], [568919.8866647909, 5448899.659717959], [568896.8477722183, 5448911.568718379], [568876.8819133568, 5448923.671898155], [568862.8721614243, 5448932.68080412], [568840.9411726121, 5448944.5927183805], [568819.8887151406, 5448959.695699092], [568795.8982518001, 5448976.652088034], [568783.9299438361, 5448982.684689229], [568766.8036126735, 5448995.613034735], [568745.9095059407, 5449005.648191555], [568729.8494021982, 5449012.56381566], [568712.9054618434, 5449019.646353068], [568703.8119647516, 5449023.6468353495], [568693.9524311353, 5449030.65095452], [568684.9580609942, 5449039.567087671], [568682.8986671808, 5449044.600353093], [568681.927174022, 5449060.587581041], [568661.9475964495, 5449078.550813348], [568657.9144186137, 5449084.6713027], [568655.8329278477, 5449095.574744384], [568663.9156192029, 5449106.604758768], [568669.8299536404, 5449112.693390429], [568689.8194324446, 5449122.593099041], [568696.8458826097, 5449123.6368727], [568702.9363286357, 5449122.600924306], [568705.9135509357, 5449121.69295169], [568724.8455157931, 5449107.675039785], [568744.9498603608, 5449092.571069941], [568760.8081338414, 5449079.615685658], [568769.8343087962, 5449071.656292484], [568792.8980084311, 5449057.690081764], [568800.8559165545, 5449050.662467005], [568819.845821797, 5449035.544902695], [568835.8966108257, 5449023.548300853], [568852.8234399597, 5449009.672558174], [568875.9243898795, 5448991.59341795], [568896.8985605879, 5448974.588534462], [568908.8278487957, 5448967.61066725], [568931.8102034678, 5448955.545250488], [568949.8450558728, 5448941.683653619], [568967.8237909186, 5448927.654734216], [568986.8782249934, 5448912.694099529], [569004.9147871388, 5448897.554100331], [569022.8104451788, 5448886.692997684], [569042.9184327481, 5448876.660115503], [569054.9006169189, 5448873.641395071], [569068.819627549, 5448873.659974595], [569082.891774944, 5448873.669490729], [569104.8424506924, 5448873.633151158], [569118.9144402585, 5448873.653842305], [569132.865394515, 5448874.618058972], [569156.8781649924, 5448874.596626511], [569179.8859464843, 5448875.685689474], [569199.9276644969, 5448875.614671066], [569211.8165253722, 5448876.553301672], [569224.9155011212, 5448878.618981688], [569243.8514427879, 5448883.61534498], [569266.8368039447, 5448890.552825258], [569286.8876081237, 5448895.552229219], [569309.9477799354, 5448900.589477828], [569317.9289092161, 5448901.6460218895], [569324.8735230514, 5448904.579589554], [569343.9491303405, 5448906.565021646], [569358.9570536177, 5448908.654948021], [569373.8437759333, 5448911.688540514], [569396.9482705203, 5448912.612928465], [569419.8088006739, 5448916.703119029], [569434.874364522, 5448917.682164911], [569453.828753083, 5448920.611514738], [569473.8979203359, 5448923.55492222], [569486.9576665205, 5448924.675590103], [569506.8203267892, 5448926.660407108], [569529.885566344, 5448926.639791557], [569535.9577407388, 5448927.661469425], [569539.8260943696, 5448926.609462428], [569563.806978868, 5448925.644351864], [569581.807749113, 5448914.619545034], [569594.8454280694, 5448907.668249432], [569614.8260970435, 5448898.569879202], [569621.953666655, 5448895.657807395], [569639.8130772234, 5448882.574514452], [569654.8725038473, 5448869.622656202], [569674.8143753618, 5448859.578942037], [569685.8105720994, 5448855.604040955], [569708.9496419695, 5448848.613822052], [569720.939543357, 5448845.596594329], [569744.9118863577, 5448839.573326692], [569764.8165623378, 5448833.643235919], [569788.9305861725, 5448829.678782749], [569791.891046386, 5448829.549446139], [569803.9155629014, 5448818.616537971], [569810.8628494121, 5448812.689431253], [569825.8217369369, 5448803.694974739], [569832.8657608425, 5448797.613336889], [569847.8132740814, 5448790.675768685], [569858.8415280448, 5448787.646650146], [569879.9176643001, 5448775.560973252], [569887.9177633909, 5448774.55055229], [569910.8380759553, 5448763.600281286], [569928.9352063437, 5448753.700780599], [569946.8158562568, 5448743.631792989], [569960.0, 5448736.275093831], [569960.0, 5448704.963467988], [569944.92199073, 5448713.676913247]]], [[[568566.9379385979, 5449232.548184482], [568551.8522984298, 5449228.558135458], [568543.8347341008, 5449231.627240591], [568541.3791140626, 5449240.0], [568578.3628546735, 5449240.0], [568566.9379385979, 5449232.548184482]]], [[[569616.8160173256, 5449238.574671496], [569593.813896246, 5449233.69250329], [569570.9289206427, 5449231.658084989], [569547.9225004981, 5449230.578484011], [569521.8419052307, 5449230.572067614], [569508.8277660477, 5449231.675571077], [569496.9170830466, 5449236.584285521], [569490.060465399, 5449240.0], [569621.3371796532, 5449240.0], [569616.8160173256, 5449238.574671496]]]]}}, {"type": "Feature", "properties": {"class": 2, "timestamp_utc": "2025-12-14 14:24:23+00:00", "source_product": "Flood_CAN_BC_LowerFraser_20251214_142423"}, "geometry": {"type": "MultiPolygon", "coordinates": [[[[565209.5906212855, 5443316.193857896], [565217.9780976693, 5443313.115999713], [565216.1554943373, 5443312.524914534], [565209.6210068052, 5443309.896304305], [565202.544505406, 5443306.582487554], [565197.0714274934, 5443304.450915859], [565193.2017295975, 5443303.501680413], [565190.935544058, 5443303.734733558], [565190.2727800577, 5443305.150033271], [565189.7532973575, 5443305.338155155], [565193.4988668056, 5443309.062552815], [565209.5906212855, 5443316.193857896]]], [[[565246.7224887867, 5443311.739367498], [565245.9937817437, 5443312.315791714], [565248.0195125672, 5443311.945283679], [565254.165891578, 5443312.70060453], [565254.0854212772, 5443312.598865146], [565251.7743429262, 5443311.085129133], [565249.3200341159, 5443310.798704467], [565246.7224887867, 5443311.739367498]]], [[[565267.7197464289, 5443395.3829276], [565269.2734475593, 5443395.817604242], [565269.0114123578, 5443395.599585879], [565267.7197464289, 5443395.3829276]]], [[[565781.2596550398, 5443456.351448442], [565788.6985174958, 5443453.36353549], [565794.1801154052, 5443449.02772662], [565798.5777381454, 5443443.321563743], [565801.8914280989, 5443436.244957578], [565804.121185538, 5443427.797909527], [565805.2669686426, 5443417.980511626], [565807.3534675719, 5443410.760654822], [565810.3807304378, 5443406.138469938], [565814.3487094918, 5443404.113822465], [565819.2574056195, 5443404.686711498], [565824.1211325969, 5443403.512890405], [565828.9399801124, 5443400.592401803], [565833.7139472947, 5443395.925246221], [565838.4429426735, 5443389.511382081], [565843.0287240873, 5443384.324613303], [565847.4712073947, 5443380.365120489], [565851.7705686294, 5443377.632764465], [565855.9266754028, 5443376.127593137], [565858.8555966726, 5443374.479167759], [565860.5573807578, 5443372.687621743], [565861.031979692, 5443370.752822339], [565860.2793937017, 5443368.674769625], [565862.719682161, 5443361.620593223], [565867.4049169199, 5443351.61490054], [565863.657263968, 5443352.548512624], [565861.7851049185, 5443356.982991409], [565850.7182679048, 5443366.215690072], [565843.1368049382, 5443375.717595351], [565837.8419456134, 5443378.197062843], [565833.2995536561, 5443384.046144331], [565827.7756100055, 5443386.352076061], [565820.9596928927, 5443391.886459989], [565816.6040242758, 5443398.645769694], [565811.9858609436, 5443402.732065708], [565804.8415293946, 5443407.205941875], [565792.3320642562, 5443409.252580949], [565779.7953925941, 5443414.31258196], [565769.4537784564, 5443424.883276557], [565753.7449399948, 5443436.373245701], [565749.225492016, 5443437.600039358], [565745.1572828783, 5443435.09424725], [565743.1982216933, 5443432.044258594], [565739.1886063629, 5443431.260082641], [565730.9473963036, 5443443.748658393], [565721.9383869304, 5443451.105505636], [565717.974651223, 5443451.044118029], [565698.2996913298, 5443457.21342665], [565692.2627910803, 5443462.140706047], [565687.3051039135, 5443461.046209902], [565682.75104696, 5443464.146456682], [565673.6843416027, 5443466.87636617], [565662.246956396, 5443466.383405937], [565657.8455144285, 5443472.025708579], [565654.0518265835, 5443473.148363562], [565644.3563604171, 5443473.97800859], [565640.2723948403, 5443471.0506597655], [565632.4486896772, 5443475.189827885], [565630.7776344649, 5443475.61567745], [565644.1722654549, 5443474.558653702], [565668.6259566811, 5443473.929858898], [565688.336660941, 5443472.374233342], [565703.3042919366, 5443469.891967985], [565713.5289339965, 5443466.482889267], [565719.0105452286, 5443462.147093155], [565726.4495056539, 5443459.15923831], [565735.8456827727, 5443457.519370975], [565747.199120058, 5443457.227398469], [565760.509909692, 5443458.283360925], [565771.8634803612, 5443457.991330569], [565781.2596550398, 5443456.351448442]]], [[[565579.0081122261, 5443489.342985571], [565587.0339850276, 5443488.787039301], [565593.7876715865, 5443486.341201755], [565599.2693038417, 5443482.005426113], [565609.4939612147, 5443478.59638331], [565623.0942565798, 5443476.340958844], [565614.9804237816, 5443472.637047635], [565604.669502496, 5443471.056884161], [565592.3687988877, 5443477.534973699], [565588.3475300682, 5443476.053949832], [565583.5390409111, 5443477.020575744], [565573.9548062143, 5443473.353161364], [565567.5282587501, 5443475.761005958], [565554.0072649674, 5443476.144431831], [565547.8838058683, 5443475.060643324], [565544.0332038493, 5443471.080699073], [565534.1087564003, 5443470.191726743], [565520.369196711, 5443464.805984063], [565512.2867939153, 5443457.94319172], [565487.8407810376, 5443451.8644056115], [565479.0322118661, 5443452.748155672], [565475.083397262, 5443448.933154618], [565467.6710684085, 5443449.250333647], [565459.070200249, 5443453.3226243565], [565441.9616438715, 5443449.0959887095], [565435.3040229199, 5443450.365168891], [565428.9598960844, 5443449.243179363], [565411.9333586701, 5443443.037145152], [565396.3288221847, 5443444.211897745], [565393.2906432383, 5443443.4805594655], [565388.2888706753, 5443439.225478642], [565377.022658631, 5443438.410542859], [565384.8621747664, 5443443.296921819], [565402.8850149118, 5443450.873713539], [565430.5819408543, 5443460.82368589], [565467.9530551017, 5443473.146632957], [565497.1861131397, 5443481.658695126], [565518.2810954956, 5443486.359893033], [565531.2380799005, 5443487.25028464], [565536.0569695301, 5443484.329837887], [565542.3136271558, 5443482.945432503], [565550.0081017866, 5443483.097200369], [565559.1403041078, 5443484.785097973], [565569.7102782982, 5443488.009033703], [565579.0081122261, 5443489.342985571]]], [[[566481.5419449642, 5443560.653114888], [566480.7947392099, 5443560.00273917], [566477.9640517866, 5443558.677322659], [566477.8074146755, 5443558.681399563], [566481.5419449642, 5443560.653114888]]], [[[564696.5570235548, 5443647.301819777], [564697.3631240899, 5443644.659326676], [564697.2734123527, 5443641.165922854], [564696.8522814284, 5443638.380216559], [564696.0997738196, 5443636.302116998], [564695.0158895345, 5443634.931623988], [564693.6005861366, 5443634.268827979], [564692.0419783011, 5443634.83322048], [564690.3401082476, 5443636.624710955], [564688.4949814635, 5443639.643523178], [564686.5065919199, 5443643.889433918], [564685.8886957358, 5443647.0514609115], [564686.6412028627, 5443649.129561501], [564688.7641135136, 5443650.123735337], [564692.2575181961, 5443650.034024428], [564694.85515301, 5443649.093311274], [564696.5570235548, 5443647.301819777]]], [[[564635.0955588071, 5443676.727786675], [564641.2430947308, 5443671.291349274], [564643.507070558, 5443672.19254891], [564644.7313110644, 5443674.8068900965], [564647.1957317777, 5443674.888581575], [564648.7946321034, 5443672.908271412], [564648.9356068223, 5443669.093264023], [564653.9798759322, 5443666.956021425], [564670.4753891813, 5443664.612867437], [564674.0740828409, 5443666.140227305], [564675.6555933065, 5443669.668483615], [564677.1307341806, 5443670.117429304], [564683.8674040016, 5443664.90166143], [564691.7843884794, 5443666.339603509], [564692.1408535981, 5443670.184344616], [564693.3430203587, 5443671.154868161], [564698.3817038117, 5443667.284335883], [564703.7181852884, 5443669.05119668], [564708.0041038707, 5443667.108820024], [564710.1793382451, 5443667.258517454], [564708.7578024013, 5443666.389695987], [564700.9287682504, 5443660.997613606], [564693.4984414339, 5443657.517942704], [564686.4667297568, 5443655.950640428], [564679.8338129257, 5443656.29579153], [564673.5995084634, 5443658.553311477], [564667.5084181998, 5443659.583598293], [564661.5607240816, 5443659.386736818], [564655.7562032797, 5443657.962732931], [564650.0949894922, 5443655.311538751], [564644.2904701473, 5443653.88753281], [564638.3427775198, 5443653.690666647], [564632.2517354394, 5443654.7210788615], [564626.0174279661, 5443656.978588321], [564619.9263366804, 5443658.008865027], [564613.9786435462, 5443657.811993802], [564608.1741257183, 5443656.387980533], [564602.5129169235, 5443653.736777348], [564597.5817864559, 5443652.290380978], [564593.3806854243, 5443652.048658582], [564589.9097944336, 5443653.011695282], [564587.1688895259, 5443655.179497181], [564584.0516677669, 5443656.308271239], [564580.5582624379, 5443656.3979690615], [564576.6886739279, 5443655.4485905105], [564572.442769684, 5443653.460183724], [564566.9920576942, 5443652.201852479], [564560.336670719, 5443651.673547824], [564556.6586812049, 5443651.768026828], [564562.4194012606, 5443656.833006503], [564572.4342396602, 5443657.9656492155], [564576.8759269654, 5443661.985154025], [564589.159295788, 5443667.002033283], [564611.9940102801, 5443670.293764406], [564619.038115871, 5443668.180796626], [564625.0343162585, 5443668.909201245], [564626.6931540945, 5443670.517699828], [564626.3298322798, 5443672.6613702085], [564627.5212711992, 5443675.04387982], [564631.8250068479, 5443677.28024939], [564635.0955588071, 5443676.727786675]]], [[[564728.2942942535, 5443671.655845996], [564724.4245651951, 5443670.706534634], [564722.1583482844, 5443670.939552898], [564721.4955526856, 5443672.3548587635], [564720.5910022331, 5443672.249222712], [564723.0205323913, 5443674.704368349], [564727.776600874, 5443672.321703683], [564729.581240346, 5443672.157141498], [564728.2942942535, 5443671.655845996]]], [[[564893.629648737, 5443704.387348449], [564904.7206290731, 5443708.898687232], [564910.2977513266, 5443707.7696885485], [564913.3803529631, 5443714.4626872], [564916.9543088402, 5443716.15845058], [564929.5222048301, 5443714.4288170505], [564938.4071823444, 5443717.700545005], [564947.9335432136, 5443716.833866615], [564952.7778495343, 5443720.847457278], [564958.8769632122, 5443719.188679703], [564968.2645553383, 5443720.427241539], [564980.0373482252, 5443718.874261871], [564984.8811891318, 5443720.150705954], [564994.8836925124, 5443728.2576024765], [564997.4491181549, 5443727.444360644], [564999.413680981, 5443721.75867776], [565010.6355449742, 5443720.129811891], [565020.2413448689, 5443724.166486016], [565027.2954850742, 5443722.131012856], [565030.6930695383, 5443725.09489925], [565036.0755854729, 5443726.893185488], [565043.7961540425, 5443718.646954015], [565056.1339021687, 5443718.130403674], [565059.5381027914, 5443715.952891987], [565066.2051977856, 5443715.29342494], [565076.0785237325, 5443710.202344289], [565084.0986162729, 5443712.238462131], [565090.1908575827, 5443711.740523888], [565096.0476713488, 5443708.12273391], [565101.4429220423, 5443711.339550086], [565107.8954434434, 5443708.006244233], [565121.5023453541, 5443710.892592091], [565124.120691264, 5443708.100778551], [565129.8468835776, 5443706.224152075], [565140.8955320625, 5443709.488636449], [565147.9980458823, 5443708.918191436], [565166.6231461042, 5443712.170900701], [565178.1302244575, 5443712.116831232], [565181.8357306245, 5443710.137837825], [565190.04277328, 5443712.5011321725], [565197.3164416677, 5443712.270367457], [565200.5341489193, 5443708.965130166], [565204.7599431898, 5443707.278373479], [565212.7479546388, 5443708.13534927], [565221.4212837253, 5443701.1326671615], [565227.7393539603, 5443700.751498288], [565237.4525908508, 5443704.806368361], [565247.9586585147, 5443695.974825633], [565257.6459452467, 5443694.266726821], [565265.8810658578, 5443690.723359365], [565281.5661624912, 5443688.2731570685], [565303.5770298676, 5443690.616343455], [565308.5618388904, 5443693.148328849], [565316.8716739956, 5443692.99963377], [565331.2283772565, 5443697.2729528705], [565348.4680390144, 5443695.854405425], [565359.0273873772, 5443699.977425399], [565366.5299977082, 5443699.201106272], [565382.7735792642, 5443702.202120512], [565405.7427408793, 5443716.1145355655], [565416.606150588, 5443728.845420624], [565447.7014799258, 5443757.829450242], [565456.090818854, 5443771.442779021], [565462.5576066215, 5443775.001141691], [565466.1078702197, 5443784.198113963], [565475.6050264209, 5443793.891467559], [565477.3184436617, 5443797.408525318], [565476.8779121572, 5443793.124429225], [565477.450868502, 5443788.215676552], [565475.9232346454, 5443783.186059991], [565472.2951504599, 5443778.0357547235], [565466.566435958, 5443772.764675245], [565458.7372254014, 5443767.372772242], [565452.8204285861, 5443761.582112135], [565448.8160445358, 5443755.392696325], [565446.7240297389, 5443748.804616395], [565446.5444253747, 5443741.817782409], [565445.1825696939, 5443736.43440592], [565442.6383301602, 5443732.6545340475], [565438.9119304311, 5443730.478160105], [565434.0031890228, 5443729.905198434], [565429.0495025051, 5443727.585507264], [565424.0509623591, 5443723.519129449], [565419.0075694789, 5443717.706065732], [565413.9192341985, 5443710.146274759], [565407.4604307706, 5443703.670406336], [565399.6312500414, 5443698.27850125], [565390.4316919534, 5443693.970557761], [565379.8616655642, 5443690.746531656], [565371.5578563983, 5443687.28943291], [565365.5202637829, 5443683.599263547], [565361.748935106, 5443679.676158039], [565360.2438213322, 5443675.519984342], [565355.7647883862, 5443671.265475553], [565348.3119706836, 5443666.912582235], [565337.8851942827, 5443662.4614409255], [565324.4845456338, 5443657.911867333], [565314.5997522561, 5443654.145797838], [565308.230769445, 5443651.163326233], [565305.3776861158, 5443648.964496968], [565306.0404530339, 5443647.549177878], [565301.3957513991, 5443643.648472284], [565291.4436751822, 5443637.262421184], [565276.1841400054, 5443628.390978541], [565255.6171549103, 5443617.034138536], [565238.6333633817, 5443609.080912051], [565225.232756356, 5443604.531302277], [565215.4153272992, 5443603.385312365], [565209.181072202, 5443605.642945425], [565204.3171990167, 5443606.816626873], [565200.8237990219, 5443606.9063997045], [565198.7008725998, 5443605.912264428], [565197.9483292565, 5443603.834179043], [565195.0952110591, 5443601.635209954], [565190.1416573029, 5443599.315532008], [565183.0874874172, 5443596.875059334], [565173.9328350814, 5443594.313742286], [565165.862132468, 5443593.122806112], [565158.8753358575, 5443593.302342096], [565152.9724442441, 5443594.852351012], [565148.1534993614, 5443597.772743125], [565142.4387714937, 5443599.842147791], [565135.8282667336, 5443601.0607878715], [565128.3219798227, 5443601.428439083], [565119.919869009, 5443600.945191301], [565113.640681362, 5443601.456082465], [565109.4845068956, 5443602.961156412], [565107.4513454622, 5443605.460414201], [565107.5411068092, 5443608.953814139], [565104.1149382067, 5443611.6636389885], [565097.1730625803, 5443613.589881518], [565086.715298719, 5443614.7324541835], [565072.7416953628, 5443615.091486103], [565060.72542054, 5443616.798504655], [565050.6663398293, 5443619.853560637], [565042.5644947819, 5443624.25656591], [565036.4199756564, 5443630.007565139], [565030.5844286584, 5443634.177568078], [565025.0577643164, 5443636.766531858], [565019.8401647868, 5443637.774541086], [565014.9314498022, 5443637.201510976], [565009.8794863668, 5443637.855580201], [565004.6841889919, 5443639.736929907], [564999.3457323995, 5443642.845421493], [564993.8639828617, 5443647.181103405], [564989.0450139318, 5443650.101473446], [564984.8888265205, 5443651.606531565], [564981.3954213454, 5443651.696277829], [564978.5647989042, 5443650.370712495], [564973.8442028343, 5443650.317165327], [564967.2336806838, 5443651.535768373], [564958.7331832496, 5443654.026387448], [564948.3427089569, 5443657.789021173], [564938.4493313625, 5443660.490145906], [564929.0530516966, 5443662.129761914], [564920.1538286529, 5443662.7079601195], [564911.7517056304, 5443662.224650365], [564903.9138968807, 5443663.299901405], [564896.640624771, 5443665.933708087], [564889.9316222422, 5443670.126167551], [564883.7870638345, 5443675.877142103], [564878.1172153037, 5443679.693224334], [564872.9219025706, 5443681.574552545], [564868.201392774, 5443681.521030334], [564863.9554632652, 5443679.532663715], [564859.7319233346, 5443678.417683372], [564855.5308150165, 5443678.175998628], [564851.3522285142, 5443678.807651862], [564847.196030448, 5443680.312691296], [564841.9558964875, 5443680.447330833], [564835.6318697961, 5443679.211479284], [564828.2239514269, 5443676.605136172], [564819.7321003326, 5443672.628391651], [564813.1975716955, 5443669.9996576], [564808.6202310317, 5443668.718983103], [564806.0001198453, 5443668.786278289], [564805.3373283327, 5443670.201586114], [564804.2983451254, 5443670.577820162], [564802.883037326, 5443669.915028537], [564801.0914050948, 5443668.213211252], [564798.9235817094, 5443665.472320264], [564794.5344016874, 5443664.711044734], [564787.9238700933, 5443665.92960704], [564779.0919795902, 5443669.127782272], [564768.0386852527, 5443674.305659549], [564761.9897017883, 5443676.142713688], [564766.4350508387, 5443676.869664275], [564773.0278024301, 5443682.880540287], [564782.2313618106, 5443680.578282345], [564786.1786953288, 5443684.233702731], [564793.4743105763, 5443686.913594089], [564804.2757037871, 5443684.994027033], [564818.212564834, 5443688.2206026055], [564824.4647057676, 5443687.798707519], [564834.4605559382, 5443692.790123614], [564842.390315127, 5443700.125110149], [564856.7143397268, 5443699.105253155], [564870.8320718595, 5443704.355905805], [564893.629648737, 5443704.387348449]]], [[[565679.6155991014, 5443948.890783008], [565677.8240297253, 5443947.188953054], [565677.590934972, 5443944.922719617], [565678.9164474874, 5443942.092034675], [565679.0372561909, 5443939.99152248], [565677.9533132024, 5443938.621049912], [565675.6645337677, 5443937.980797892], [565672.1710932399, 5443938.070627326], [565669.882446997, 5443937.4303267], [565668.7985045391, 5443936.0598539235], [565668.919223354, 5443933.959299827], [565670.2447361674, 5443931.12861636], [565669.657829358, 5443928.696705677], [565667.1585458061, 5443926.663476964], [565662.7468009974, 5443925.029110834], [565656.4226799482, 5443923.793425186], [565650.2194125591, 5443920.457137059], [565644.1368247118, 5443915.020386064], [565638.1750024304, 5443907.482992325], [565632.3339950402, 5443897.845090614], [565627.4337059446, 5443890.804777821], [565623.4741813465, 5443886.362185464], [565620.4553716249, 5443884.5171796875], [565618.3772757746, 5443885.269760233], [565612.2188868935, 5443883.680164525], [565601.9801223864, 5443879.7485715635], [565587.6610713622, 5443873.474796954], [565569.2616976766, 5443864.858926958], [565555.085798046, 5443857.35798451], [565545.133590928, 5443850.971969008], [565539.4048910914, 5443845.70079912], [565537.8997436718, 5443841.544609629], [565534.1283709983, 5443837.621503646], [565528.0907257693, 5443833.931347221], [565519.7869050831, 5443830.474404878], [565509.2168133014, 5443827.250408584], [565501.6205696726, 5443824.1246884735], [565496.9983542486, 5443821.0973316375], [565495.3499424059, 5443818.168345193], [565496.6754662202, 5443815.337681422], [565497.1500975786, 5443813.402859476], [565496.7737885185, 5443812.363746231], [565495.5466354346, 5443812.220607554], [565493.4685419091, 5443812.973177331], [565491.0141394193, 5443812.686633644], [565488.1834764186, 5443811.361109444], [565486.2879275975, 5443809.963444398], [565489.6391979306, 5443816.632280262], [565495.5835700161, 5443823.992665757], [565497.7656101773, 5443829.920375], [565503.7711212825, 5443835.046393693], [565505.8356690651, 5443839.849987638], [565511.005996323, 5443842.129742247], [565520.4855962779, 5443852.254542163], [565531.2448712349, 5443866.533546734], [565537.6602879417, 5443872.095587477], [565544.2989525229, 5443883.504152918], [565548.4441164848, 5443887.852893896], [565559.036397008, 5443893.061448878], [565574.5408404215, 5443905.1790492805], [565583.8423648233, 5443908.113256611], [565591.9373606268, 5443907.9422665555], [565601.3432507407, 5443912.707905769], [565606.6147881597, 5443917.776365891], [565610.9888641196, 5443917.416816742], [565617.0639388717, 5443920.722133555], [565633.4808468099, 5443936.514031281], [565639.8971372145, 5443939.045870067], [565642.9144947226, 5443944.725255812], [565648.19281776, 5443945.635240566], [565652.9887410401, 5443949.188670706], [565678.5727989894, 5443975.093619273], [565679.4607612848, 5443980.791967312], [565682.6328108638, 5443984.221147025], [565684.5571857865, 5443988.616610023], [565688.4535802401, 5443992.131063768], [565690.980380908, 5443997.334447058], [565693.8614947798, 5444006.690339656], [565693.799556111, 5444004.283360235], [565694.7711656346, 5444001.286947754], [565696.8043973463, 5443998.787656125], [565699.8990699264, 5443996.785400156], [565704.055273906, 5443995.280221812], [565706.4423181288, 5443992.94660843], [565707.0601122292, 5443989.784518243], [565705.9088378863, 5443985.794036482], [565702.9883147425, 5443980.975078481], [565701.1292330725, 5443976.653156203], [565700.3317734604, 5443972.828354441], [565700.5957542981, 5443969.500588244], [565701.9212658098, 5443966.669899807], [565702.373472024, 5443963.861668368], [565701.95224021, 5443961.0759421345], [565700.6576130221, 5443958.312630473], [565698.489681304, 5443955.571775713], [565695.6365801839, 5443953.372869143], [565692.0981766722, 5443951.715958613], [565687.874651866, 5443950.60112861], [565682.9658668644, 5443950.0282033365], [565679.6155991014, 5443948.890783008]]], [[[566004.0308002201, 5443954.810767224], [566003.3066267462, 5443955.073036814], [565997.448631288, 5443958.3698462155], [565997.2464221132, 5443958.529733796], [566000.6997722262, 5443959.53215385], [566004.0308002201, 5443954.810767224]]], [[[565695.6059295449, 5444037.023005057], [565695.6694848548, 5444036.221450837], [565695.535501035, 5444035.5787674], [565695.1780157145, 5444036.244782888], [565695.6059295449, 5444037.023005057]]], [[[565698.5716058257, 5444049.660270485], [565693.2559834333, 5444057.222700388], [565693.7800652339, 5444059.976303844], [565697.0000505525, 5444063.859771613], [565697.3009044963, 5444068.929789331], [565696.6339768844, 5444074.159155022], [565698.5785848186, 5444067.78339033], [565700.288843259, 5444059.524261789], [565700.4854975637, 5444053.576471741], [565699.1684524564, 5444049.939752834], [565698.5716058257, 5444049.660270485]]], [[[564127.9160769818, 5444580.517358145], [564128.7081150382, 5444581.613503602], [564131.9150538319, 5444583.978353833], [564135.9729496724, 5444585.447380639], [564138.3316216801, 5444585.722769183], [564127.9160769818, 5444580.517358145]]], [[[564384.8497286324, 5444727.457950359], [564390.8874023509, 5444731.148460614], [564394.6587271835, 5444735.071835362], [564396.1637504303, 5444739.228208571], [564399.4155211049, 5444743.339790351], [564404.4140823951, 5444747.40648954], [564411.1594350401, 5444751.428305242], [564419.6515373524, 5444755.405326815], [564425.8549624274, 5444758.741928067], [564429.7695759995, 5444761.438158348], [564431.3954195793, 5444763.493927805], [564430.7325831357, 5444764.909279098], [564433.9396099568, 5444767.274021786], [564441.0163683303, 5444770.588203027], [564451.9628603625, 5444774.8518203795], [564466.7792219989, 5444780.064821802], [564470.5645779868, 5444781.837571476], [564414.2809138787, 5444743.803163471], [564312.6759511995, 5444686.7125010155], [564262.0830888542, 5444647.570058455], [564152.1364640988, 5444592.622072159], [564154.7485373318, 5444595.103401924], [564159.084192449, 5444600.585457201], [564165.6861425983, 5444605.834533552], [564174.5544370667, 5444610.850762327], [564185.6890287412, 5444615.6340083545], [564199.0899185566, 5444620.184268932], [564209.6825460114, 5444624.282161568], [564217.4668668819, 5444627.927779674], [564222.4429702652, 5444631.121167718], [564224.6108067799, 5444633.862193955], [564225.9053187516, 5444636.625632315], [564226.3264153472, 5444639.4114405], [564225.8740538798, 5444642.219709132], [564224.5483671153, 5444645.050389995], [564224.2617962367, 5444647.504889045], [564225.0142933624, 5444649.583073235], [564226.8058586905, 5444651.28494239], [564229.6365404999, 5444652.6106292745], [564231.6162668469, 5444654.832144213], [564232.7449895577, 5444657.949354579], [564233.0228047442, 5444661.962526767], [564232.4496157748, 5444666.871395144], [564232.5392702918, 5444670.364922413], [564233.2917685558, 5444672.443108072], [564234.707110608, 5444673.105951746], [564236.7852962858, 5444672.353453241], [564240.6550493544, 5444673.302824282], [564246.3164188412, 5444675.95419734], [564253.7694062633, 5444680.307571887], [564263.013965592, 5444686.362814378], [564271.1521234021, 5444690.174126732], [564278.1840585211, 5444691.741593764], [564284.1095879392, 5444691.065131011], [564288.9288009234, 5444688.144781688], [564293.6047273206, 5444686.4515716685], [564298.1373734846, 5444685.9857244175], [564302.5267342674, 5444686.747016375], [564306.7727677866, 5444688.73553831], [564309.4825442143, 5444692.161776716], [564310.6561115603, 5444697.025865529], [564310.2935116115, 5444703.327715066], [564308.3946526821, 5444711.067283747], [564307.4900757937, 5444716.6837900365], [564307.5797393244, 5444720.177323399], [564308.6636436554, 5444721.547883074], [564310.7418311154, 5444720.795378067], [564312.842433078, 5444720.916200423], [564314.9654073151, 5444721.910440749], [564317.1108445987, 5444723.77814156], [564319.2786969638, 5444726.519170015], [564321.7555764948, 5444727.679152108], [564324.5413922359, 5444727.258045126], [564327.6363248993, 5444725.255933869], [564331.0401927292, 5444721.672733707], [564334.4664749764, 5444718.962861018], [564337.9151295384, 5444717.126406141], [564341.3862473002, 5444716.163411328], [564344.8797804209, 5444716.073743488], [564350.1424746094, 5444716.812613628], [564357.1744210853, 5444718.380063283], [564365.9755301654, 5444720.776048908], [564376.5458031192, 5444724.00056913], [564384.8497286324, 5444727.457950359]]], [[[565124.6728341711, 5446976.647887078], [565124.7263819926, 5446971.926748205], [565123.2211479006, 5446967.770084888], [565121.3844643699, 5446964.321204406], [565119.2163738182, 5446961.580015851], [565116.7168761907, 5446959.54651894], [565113.8859289635, 5446958.220804035], [565110.0606743068, 5446959.01834439], [565105.2411537258, 5446961.93904918], [565099.4273658517, 5446966.982918491], [565092.6192664519, 5446974.150043359], [565086.7830365716, 5446978.320516243], [565081.9185878746, 5446979.494294077], [565078.026103169, 5446977.671461903], [565075.1054022526, 5446972.851935853], [565071.6875468568, 5446969.094037757], [565067.7725792433, 5446966.397676421], [565063.3604142829, 5446964.763032517], [565058.4511364438, 5446964.189924455], [565054.7916266582, 5446964.633521533], [565052.3818846003, 5446966.093824271], [565051.2218677505, 5446968.570923725], [565051.3116187154, 5446972.064729712], [565050.5278833453, 5446975.580929998], [565048.8707094865, 5446979.1196575165], [565046.3401392426, 5446982.680821525], [565042.9360817062, 5446986.264379372], [565039.6752440587, 5446988.620562399], [565036.5578079493, 5446989.7494552145], [565033.5835501831, 5446989.651063489], [565030.7526041479, 5446988.325339116], [565027.9440515474, 5446987.87310123], [565025.158025157, 5446988.294301622], [565022.3944341238, 5446989.588897909], [565019.653235769, 5446991.756980795], [565016.9344298543, 5446994.798550475], [565014.2380585419, 5446998.713516628], [565011.5642121829, 5447003.50192203], [565008.912757518, 5447009.16381528], [565007.9857936638, 5447013.907394357], [565008.7832309761, 5447017.732616573], [565011.3052512566, 5447020.6395663], [565015.551673636, 5447022.628157968], [565019.4217247316, 5447023.577604224], [565022.915537108, 5447023.487856947], [565026.0331103937, 5447022.358916258], [565028.774311259, 5447020.190830563], [565032.9309861575, 5447018.6856076615], [565038.5031351574, 5447017.8432468455], [565045.4907585628, 5447017.663747248], [565053.8938568636, 5447018.147107853], [565061.5667360425, 5447017.425617048], [565068.5094376004, 5447015.499184883], [565074.7220513846, 5447012.367854537], [565080.2044438096, 5447008.031674997], [565085.5435251237, 5447004.922828362], [565090.739429078, 5447003.04126616], [565095.7919809278, 5447002.387127016], [565100.7012661711, 5447002.960229768], [565105.5656275939, 5447001.786405507], [565110.3851549088, 5446998.865696884], [565115.159847244, 5446994.198104409], [565119.8896131271, 5446987.783586486], [565123.0606366772, 5446981.933453583], [565124.6728341711, 5446976.647887078]]], [[[565878.9178603335, 5447600.378384412], [565875.1544283505, 5447589.986587486], [565873.8456760858, 5447579.881220859], [565874.9916491155, 5447570.062417478], [565878.5923449921, 5447560.530176687], [565884.647713266, 5447551.284364174], [565888.812881832, 5447543.310794861], [565891.0878527917, 5447536.609468594], [565891.4726759546, 5447531.180518006], [565889.9673042721, 5447527.023809474], [565887.7766374216, 5447523.409208681], [565884.9006273778, 5447520.336582251], [565881.3394553892, 5447517.806014666], [565877.0928978524, 5447515.817511277], [565872.0178080932, 5447515.59838341], [565866.1141427994, 5447517.148721161], [565859.3819431961, 5447520.468433673], [565851.8212077488, 5447525.557520911], [565846.3388251043, 5447529.8939244095], [565842.934796589, 5447533.47764505], [565841.609123226, 5447536.30868333], [565842.3618057237, 5447538.387039344], [565841.721428917, 5447540.675971679], [565839.6879500387, 5447543.175570882], [565836.2614592856, 5447545.88587912], [565831.4419080459, 5447548.806762937], [565827.8497594597, 5447551.870837331], [565825.484838408, 5447555.0782416], [565824.3474112808, 5447558.428879753], [565824.4372548752, 5447561.922757746], [565823.6311346862, 5447564.565639453], [565821.9290929821, 5447566.357433953], [565819.3311354998, 5447567.298364549], [565815.8372566501, 5447567.388207309], [565813.073642202, 5447568.682904149], [565811.0401588767, 5447571.182503604], [565809.7369877805, 5447574.887090978], [565809.1639902539, 5447579.796491404], [565810.1497052955, 5447584.141327243], [565812.6943147777, 5447587.921682972], [565816.797595546, 5447591.137563708], [565822.459680942, 5447593.788920444], [565827.3915017045, 5447595.235421031], [565831.5931901077, 5447595.477017468], [565835.0646550109, 5447594.513667593], [565837.8058536261, 5447592.345462375], [565841.2997355119, 5447592.255616987], [565845.5463014228, 5447594.244131167], [565850.5455524276, 5447598.311005053], [565856.2974899084, 5447604.456239174], [565861.838761703, 5447609.208368466], [565867.1694150969, 5447612.56752536], [565872.2894916885, 5447614.533618863], [565877.1989001015, 5447615.106606342], [565879.9400977049, 5447612.938395562], [565880.5130841486, 5447608.02898773], [565878.9178603335, 5447600.378384412]]], [[[565819.9116584259, 5447664.652455551], [565819.5855046393, 5447664.770572727], [565820.0536779983, 5447664.669031233], [565819.9116584259, 5447664.652455551]]], [[[565787.1998098285, 5447677.380639266], [565783.7508823101, 5447679.217445345], [565780.2794056755, 5447680.180791476], [565776.7855132567, 5447680.2706294], [565774.3757447298, 5447681.73102741], [565773.0500574963, 5447684.562076563], [565772.8084516608, 5447688.763777418], [565773.6509700575, 5447694.336040011], [565777.9649679261, 5447698.9449576605], [565781.0938908157, 5447700.410128681], [565791.9557867747, 5447686.682230702], [565792.2945935316, 5447686.386125355], [565811.9999701376, 5447668.966624875], [565811.8087699601, 5447669.056255757], [565809.0226865234, 5447669.477539503], [565806.2140959632, 5447669.025273089], [565803.3830467048, 5447667.699589568], [565800.4087141206, 5447667.601271712], [565797.2912308569, 5447668.730271273], [565794.03042105, 5447671.086727103], [565790.626369101, 5447674.670458259], [565787.1998098285, 5447677.380639266]]], [[[565904.4584436029, 5447709.851802375], [565914.2772944594, 5447710.997770577], [565919.119166539, 5447711.18874708], [565916.8067155317, 5447710.664614143], [565904.8585939182, 5447709.565753224], [565903.5615944811, 5447709.676617863], [565904.4584436029, 5447709.851802375]]], [[[566345.9852203159, 5448156.500584448], [566340.6094608612, 5448151.39458392], [566331.3633638093, 5448145.339226824], [566324.5944327452, 5448140.443786161], [566320.3028467657, 5448136.708347826], [566318.4884231699, 5448134.132827599], [566319.1512516813, 5448132.717268008], [566318.6092561412, 5448132.031917145], [566316.8622611744, 5448132.076913665], [566313.9103514751, 5448132.852076151], [566309.7535749257, 5448134.357537308], [566306.4477976392, 5448134.967002449], [566303.9930681464, 5448134.680604828], [566302.3893384577, 5448133.498211673], [566301.6366086226, 5448131.419823249], [566299.3250968528, 5448129.905903632], [566295.4547184455, 5448128.956633559], [566290.0256487902, 5448128.57187357], [566283.0377546336, 5448128.751670947], [566277.2548183282, 5448128.201211662], [566272.6767071869, 5448126.920544663], [566269.3034638043, 5448124.909580035], [566267.1351787527, 5448122.168360779], [566263.9501965663, 5448120.677002149], [566259.7484264133, 5448120.435461189], [566254.5300489762, 5448121.443822255], [566248.2948823071, 5448123.702000062], [566241.8490253544, 5448124.567048825], [566235.1925696434, 5448124.03901074], [566228.3254737161, 5448122.117976366], [566221.247690431, 5448118.803812844], [566213.8609420934, 5448117.070901893], [566206.1652275658, 5448116.9192429595], [566198.1606361996, 5448118.348878151], [566189.8470760471, 5448121.359764965], [566181.6767847028, 5448123.143262076], [566173.6496302127, 5448123.699417589], [566165.7658372183, 5448123.028225845], [566158.0252255094, 5448121.12960221], [566152.4079018065, 5448120.2252097875], [566148.9139558984, 5448120.315092095], [566147.5433874119, 5448121.39924991], [566148.2961058284, 5448123.477641219], [566148.1753030261, 5448125.578459312], [566147.1810693991, 5448127.701746601], [566145.31336234, 5448129.847593588], [566142.5721334853, 5448132.0158670945], [566141.5778567973, 5448134.13924524], [566142.33057508, 5448136.217637604], [566144.830288714, 5448138.251044073], [566149.0769556559, 5448140.239554782], [566152.9471970543, 5448141.188892813], [566156.4411454928, 5448141.0990100475], [566159.5588005746, 5448139.969906593], [566162.3000289953, 5448137.801630872], [566165.5832912945, 5448136.318618135], [566169.4086358165, 5448135.521001114], [566173.7761052153, 5448135.408688957], [566178.6856092161, 5448135.981638988], [566188.8809546492, 5448138.166665828], [566204.362192787, 5448141.963897399], [566225.1293285486, 5448147.373326026], [566251.1823205573, 5448154.394808456], [566271.9494268853, 5448159.804073472], [566287.4306889031, 5448163.601264318], [566297.6261016965, 5448165.786388671], [566302.5356139932, 5448166.359318595], [566306.9030400619, 5448166.246853393], [566310.7283853288, 5448165.4492169125], [566314.0117344066, 5448163.966228223], [566316.7529541239, 5448161.797935781], [566319.3509085438, 5448160.857033227], [566321.8056404406, 5448161.143429891], [566324.11715588, 5448162.657349477], [566326.2854493598, 5448165.398568599], [566329.470439824, 5448166.889922969], [566333.6722176312, 5448167.1314544715], [566338.8906916886, 5448166.123120191], [566345.1258612253, 5448163.864919671], [566347.4906877097, 5448160.657362987], [566345.9852203159, 5448156.500584448]]], [[[564820.2771700703, 5448254.107311977], [564825.1866593541, 5448254.680493251], [564829.3659522865, 5448254.048676149], [564832.8150059506, 5448252.211951643], [564835.533910625, 5448249.170362643], [564837.522618022, 5448244.923776717], [564838.1182259949, 5448240.887722894], [564837.320783288, 5448237.062334215], [564835.1301998557, 5448233.447568074], [564831.5465186036, 5448230.043333511], [564828.1734116725, 5448228.032106586], [564825.0108842802, 5448227.41411068], [564822.0590208095, 5448228.189164565], [564819.3176878218, 5448230.357316575], [564814.4305891898, 5448230.657659055], [564807.3977682607, 5448229.090100291], [564798.2193173703, 5448225.654681516], [564786.8951060897, 5448220.351449607], [564778.2362349043, 5448216.727882288], [564772.2426588124, 5448214.784071832], [564768.9144186359, 5448214.519928908], [564768.2515136846, 5448215.935454357], [564765.9625551844, 5448215.294976738], [564762.0474531442, 5448212.598453391], [564756.506166419, 5448207.8459748635], [564749.3388300134, 5448201.0374931535], [564743.466206562, 5448196.9927733475], [564738.8881608415, 5448195.711863173], [564735.6047337749, 5448197.194672236], [564733.616015206, 5448201.4412437845], [564732.6889617684, 5448206.185006268], [564732.8234833238, 5448211.42591761], [564734.019761645, 5448217.164062933], [564736.2776162225, 5448223.399357587], [564737.639563566, 5448228.783513471], [564738.1055182077, 5448233.316711411], [564737.6756551514, 5448236.998812273], [564736.3498410839, 5448239.829863848], [564736.4171262439, 5448242.450388959], [564737.8774628602, 5448244.8602545215], [564740.7310324262, 5448247.059545146], [564744.9776116128, 5448249.048266116], [564748.8478149245, 5448249.99779399], [564752.3417749354, 5448249.908080647], [564755.4594912769, 5448248.779126208], [564758.2008306138, 5448246.61097908], [564761.484171692, 5448245.128122666], [564765.309562844, 5448244.330689703], [564769.6770467187, 5448244.21858933], [564774.5865330393, 5448244.791778875], [564779.5184473604, 5448246.238401594], [564784.4727476926, 5448248.558548211], [564789.4495250778, 5448251.752261369], [564794.4487317976, 5448255.819408337], [564798.883460082, 5448258.327697157], [564802.75379966, 5448259.277170079], [564806.0596168273, 5448258.667875328], [564808.8009535111, 5448256.499722582], [564812.0842933374, 5448255.016859882], [564815.9096846376, 5448254.219419961], [564820.2771700703, 5448254.107311977]]], [[[565196.3560995688, 5448310.701744127], [565203.2007222887, 5448311.749598421], [565208.8628858187, 5448314.401143804], [565214.8564722136, 5448316.344963019], [565221.1815235325, 5448317.5809651185], [565227.8380393721, 5448318.109149772], [565234.8259768481, 5448317.929607299], [565240.7297935078, 5448316.379452717], [565245.5495310989, 5448313.458596284], [565249.2851892345, 5448309.167038949], [565251.9367253928, 5448303.504872333], [565251.6363997532, 5448298.617806183], [565248.3840807689, 5448294.505888241], [565242.1798119206, 5448291.169026616], [565233.0236843918, 5448288.607261605], [565226.1341351605, 5448285.81241165], [565221.5112542822, 5448282.784520847], [565219.154908091, 5448279.523638503], [565219.0651382802, 5448276.029674631], [565220.5341290965, 5448271.971165787], [565223.5620185664, 5448267.348287376], [565228.1486670047, 5448262.160863715], [565234.2941639177, 5448256.408936755], [565239.2122715319, 5448250.513698578], [565242.9030810802, 5448244.475192347], [565245.3664602406, 5448238.293466812], [565246.6024521742, 5448231.9684318025], [565246.6558989517, 5448227.247045262], [565245.5269399486, 5448224.129481842], [565243.2154366081, 5448222.615565478], [565239.7214793608, 5448222.705338037], [565236.2724533699, 5448224.542110076], [565232.8682674101, 5448228.125839486], [565229.5089208671, 5448233.456526915], [565226.194503716, 5448240.534215748], [565223.3548597104, 5448245.67670492], [565220.9898142533, 5448248.884132327], [565219.0996340292, 5448250.156401127], [565217.684095885, 5448249.4935169285], [565216.4791077228, 5448250.2237298265], [565215.4848024085, 5448252.346991769], [565214.7010949837, 5448255.863484275], [565214.1279796418, 5448260.772984257], [565211.1000894291, 5448265.395860598], [565205.6174714529, 5448269.732245385], [565197.6801248281, 5448273.782137071], [565187.2880006671, 5448277.54540045], [565179.162450396, 5448281.075581886], [565173.3034749663, 5448284.372683229], [565169.7111234226, 5448287.436838826], [565168.3853483684, 5448290.267916451], [565166.1636075233, 5448292.247955792], [565163.0460339371, 5448293.376908289], [565159.0324523456, 5448293.654912338], [565154.1229479394, 5448293.081786347], [565149.190956678, 5448291.635091052], [565144.2366177819, 5448289.315002032], [565139.2597504981, 5448286.12143464], [565134.2604882937, 5448282.054341015], [565129.8257681064, 5448279.546009691], [565125.9554136316, 5448278.596579287], [565122.6496902318, 5448279.205953504], [565119.9083737863, 5448281.3741383515], [565116.6249548676, 5448282.856995262], [565112.7995666633, 5448283.654475781], [565108.4321245546, 5448283.76676084], [565103.5226231201, 5448283.193626575], [565099.6972345668, 5448283.991105368], [565096.9559160086, 5448286.159288328], [565095.2986672823, 5448289.69817607], [565094.725530955, 5448294.607678692], [565094.8152857474, 5448298.101644667], [565095.5679319155, 5448300.18007349], [565096.9834694993, 5448300.842964794], [565099.0618983514, 5448300.090318389], [565101.8704881076, 5448300.542531856], [565105.4093779253, 5448302.199780507], [565109.6783871804, 5448305.061979444], [565114.6776496391, 5448309.129080558], [565119.8202299487, 5448311.968792714], [565125.1060368981, 5448313.581073021], [565130.5352086307, 5448313.966096621], [565136.1076056916, 5448313.123687926], [565140.8288720003, 5448313.177201097], [565144.699231604, 5448314.126630825], [565147.7184187183, 5448315.972073893], [565149.8866088853, 5448318.7133919755], [565154.1108318933, 5448319.828532359], [565160.3909542788, 5448319.317542113], [565168.7271561176, 5448317.1805048045], [565179.1192968382, 5448313.417243504], [565188.3288836716, 5448311.257628049], [565196.3560995688, 5448310.701744127]]], [[[569929.8194544544, 5443748.049228101], [569931.2724967338, 5443756.925849208], [569934.2840626051, 5443765.237792245], [569938.2894297021, 5443771.426623777], [569943.2886402592, 5443775.49225144], [569949.2816936375, 5443777.434673803], [569956.2685463591, 5443777.25398037], [569960.0, 5443775.743542141], [569960.0, 5443698.308240354], [569956.29108728, 5443697.025783151], [569950.6745619396, 5443696.1223344365], [569946.4960578441, 5443696.7547278125], [569943.7555319966, 5443698.9230545815], [569940.8945074109, 5443703.191905013], [569937.9130315754, 5443709.561412962], [569934.811146113, 5443718.031489171], [569931.5887595768, 5443728.602093009], [569929.9248013917, 5443738.607977804], [569929.8194544544, 5443748.049228101]]], [[[568731.8197756457, 5444141.494573235], [568730.0532189304, 5444139.261573194], [568726.5604108626, 5444139.905936173], [568720.5144768222, 5444142.6838504225], [568715.033162584, 5444147.020328584], [568710.6472382592, 5444149.440144935], [568710.9201192661, 5444149.586444853], [568718.8563554811, 5444156.104662428], [568732.1213155411, 5444158.3033130495], [568734.3614107848, 5444155.655563433], [568735.1504463997, 5444148.348268162], [568731.8197756457, 5444141.494573235]]], [[[568923.6148856203, 5444210.152020554], [568923.4344420771, 5444203.165066792], [568921.0103164616, 5444197.284778833], [568916.3424674838, 5444192.511246059], [568909.4309382075, 5444188.844376276], [568900.2757287532, 5444186.28416744], [568893.1985618338, 5444182.971130389], [568888.1994372003, 5444178.905266894], [568885.2783543448, 5444174.086578332], [568884.4353124005, 5444168.515065669], [568880.0987991961, 5444163.033770864], [568872.2688167304, 5444157.6426923545], [568860.9453670018, 5444152.341827336], [568846.1284519561, 5444147.131171716], [568834.8501622934, 5444143.577054438], [568827.110404042, 5444141.6794365095], [568822.9091750928, 5444141.438320357], [568822.2465651633, 5444142.85374987], [568821.2076119038, 5444143.23013556], [568819.7921824021, 5444142.567525513], [568818.0002768551, 5444140.8659197595], [568815.8320285007, 5444138.125270244], [568813.520689297, 5444136.611766597], [568811.066264769, 5444136.325632168], [568808.468748832, 5444137.266643289], [568805.728098726, 5444139.434890605], [568803.1304917645, 5444140.375858919], [568800.6760670489, 5444140.089723556], [568798.3646861288, 5444138.576309211], [568796.1964398479, 5444135.83565852], [568792.4922717643, 5444134.532986409], [568787.2520909781, 5444134.668249692], [568780.4758542906, 5444136.2415381], [568772.1636934832, 5444139.252802574], [568763.9946668147, 5444141.036828642], [568755.9686423537, 5444141.593664432], [568748.0858447109, 5444140.923304244], [568745.7289069501, 5444140.3454076685], [568750.9290217079, 5444146.465588542], [568762.5098669195, 5444154.266979352], [568766.2257717733, 5444163.216038237], [568771.5802434613, 5444165.248871116], [568774.7791210145, 5444168.55759257], [568782.2590164327, 5444167.175547571], [568789.9662609698, 5444175.949953447], [568804.5655527901, 5444179.25693906], [568809.3128104501, 5444182.294338514], [568827.376430694, 5444188.168445245], [568841.3462509499, 5444196.469694876], [568850.651953794, 5444198.975026084], [568879.1020384299, 5444212.314398532], [568885.6835494108, 5444218.508706976], [568902.6811474159, 5444226.921918845], [568912.6395398659, 5444235.051552476], [568918.2692437747, 5444237.906317632], [568927.1317183622, 5444243.246527754], [568942.0737304792, 5444252.250216804], [568942.6708973502, 5444252.717294599], [568956.1671073912, 5444263.27294122], [568971.3035270781, 5444275.111389556], [568974.9465415486, 5444277.960720846], [568981.6051281417, 5444285.216522077], [568997.9442120178, 5444296.352976129], [569001.9984793455, 5444301.800314864], [569006.4508305859, 5444303.901252961], [569018.2261353545, 5444314.002909331], [569019.2303260491, 5444311.857777816], [569017.724650534, 5444307.701683704], [569013.3880914621, 5444302.220380823], [569006.220651061, 5444295.413868731], [568996.2223323535, 5444287.282146368], [568988.1589376228, 5444279.624831792], [568982.030597883, 5444272.441877992], [568977.8371359674, 5444265.733424558], [568975.5786351203, 5444259.499290761], [568971.5959281431, 5444254.183632032], [568965.889015658, 5444249.786447179], [568958.4579885491, 5444246.307777174], [568949.3027561973, 5444243.74757794], [568941.7060917116, 5444240.622741182], [568935.6679043809, 5444236.933225884], [568931.188332691, 5444232.679208642], [568928.2672374123, 5444227.860514992], [568926.0312616979, 5444222.499790367], [568924.4804476895, 5444216.5969446], [568923.6148856203, 5444210.152020554]]], [[[569040.4013554403, 5444332.9850839805], [569031.9703191291, 5444327.511363421], [569049.1385539061, 5444345.183908473], [569055.9936724474, 5444356.2861066405], [569067.591219764, 5444369.110263079], [569070.881230458, 5444371.042456603], [569082.9938686407, 5444373.7449156325], [569082.6082334825, 5444369.9993844265], [569077.8274830757, 5444360.858900173], [569069.1994928262, 5444351.643059757], [569056.7240854293, 5444342.351775147], [569040.4013554403, 5444332.9850839805]]], [[[569192.4080356915, 5444404.28867175], [569191.1465722015, 5444403.552155835], [569181.7726255148, 5444398.823109173], [569192.4080356915, 5444404.28867175]]], [[[568039.2989673895, 5444630.943650765], [568031.9524631177, 5444627.961490555], [568031.1823311497, 5444629.330474531], [568032.3365851943, 5444631.403805401], [568031.9688070399, 5444633.677932677], [568031.4334337047, 5444633.90782511], [568033.2251411508, 5444636.726663876], [568034.3542777984, 5444639.843738362], [568033.8798472716, 5444641.778795691], [568031.8017529722, 5444642.531569532], [568030.2656758182, 5444643.969488102], [568029.2717063542, 5444646.092594001], [568028.8198022172, 5444648.900978027], [568028.9099153426, 5444652.394507413], [568030.746772272, 5444655.843025897], [568034.330416044, 5444659.246442562], [568039.6608473001, 5444662.604756761], [568046.7380242237, 5444665.918058129], [568052.2114944557, 5444668.049165196], [568056.0814805318, 5444668.9980728105], [568058.304203043, 5444668.769356279], [568055.874080033, 5444665.879145466], [568054.6945065616, 5444661.0549761], [568055.6401354172, 5444654.467996909], [568059.9475270436, 5444653.93223806], [568060.3311554119, 5444650.954278078], [568058.0572786999, 5444647.092207608], [568054.5101654049, 5444649.502492038], [568052.2859556726, 5444648.589304976], [568051.2377839229, 5444643.394824158], [568052.4879741501, 5444639.351461801], [568048.2542743031, 5444626.906031617], [568042.7182159827, 5444626.1785066165], [568041.498637725, 5444629.637487999], [568039.2989673895, 5444630.943650765]]], [[[568009.5138592034, 5444666.179011628], [568011.757610583, 5444665.07240284], [568013.0829340616, 5444662.241533644], [568014.9503650155, 5444660.0958525995], [568017.3597704783, 5444658.635407626], [568020.3111929459, 5444657.860107888], [568023.8047231857, 5444657.7699956], [568024.655565548, 5444656.874051665], [568022.8638107884, 5444655.172318813], [568018.4293265252, 5444652.664844889], [568011.3521562772, 5444649.351538351], [568005.3590692428, 5444647.408654299], [568000.4501067464, 5444646.836102502], [567996.6252680193, 5444647.633883404], [567993.884510169, 5444649.802088118], [567993.0786762085, 5444652.44477442], [567994.2078090205, 5444655.561852032], [567997.2719150565, 5444659.153544492], [568002.2709894362, 5444663.219627808], [568006.3516378049, 5444665.561450203], [568009.5138592034, 5444666.179011628]]], [[[567258.2450329205, 5444699.7054623], [567251.2129093085, 5444698.138713063], [567245.2874266106, 5444698.8157857], [567240.4684929174, 5444701.736638599], [567233.6695909572, 5444702.4361695], [567224.8908127884, 5444700.914419312], [567214.1320277961, 5444697.171434835], [567204.0805338816, 5444692.4653025465], [567209.7351279005, 5444700.079484011], [567232.1010490878, 5444712.240054778], [567245.0917145857, 5444715.874738181], [567266.2011365892, 5444719.002289432], [567300.7257802912, 5444730.413943931], [567299.7504188771, 5444729.923816528], [567291.5892689411, 5444725.239874598], [567287.8400015814, 5444722.190283899], [567288.5026995648, 5444720.774864371], [567286.6883909013, 5444718.199712922], [567282.3971670624, 5444714.464871832], [567275.6289389491, 5444709.570298097], [567266.3837086858, 5444703.515990634], [567258.2450329205, 5444699.7054623]]], [[[567249.6521420903, 5444750.126982366], [567249.7549508683, 5444750.08974383], [567252.4957716956, 5444747.921604391], [567255.246208373, 5444747.15818345], [567250.9401718464, 5444744.442649541], [567245.326139953, 5444743.015792808], [567243.4445346824, 5444744.578962106], [567249.6521420903, 5444750.126982366]]], [[[567234.2494025523, 5444860.6090491], [567231.9605121644, 5444859.968895979], [567228.4669584672, 5444860.058912369], [567226.1782012751, 5444859.418710631], [567225.0941500794, 5444858.04824867], [567225.2147623718, 5444855.947617328], [567226.5401708819, 5444853.116768549], [567226.6383229058, 5444850.1427147165], [567225.5092669745, 5444847.025588905], [567223.15295535, 5444843.76525804], [567219.569388479, 5444840.361721861], [567216.3621578813, 5444837.997182991], [567213.5313112949, 5444836.671774276], [567211.0768483692, 5444836.385495676], [567208.9987206404, 5444837.138214245], [567207.4625935084, 5444838.576096982], [567206.4685575209, 5444840.699186497], [567206.0165703023, 5444843.507573592], [567206.1065838012, 5444847.001125484], [567203.9077508305, 5444849.854432127], [567199.4201190531, 5444852.06762582], [567192.643730703, 5444853.640614722], [567183.5784953359, 5444854.5733547425], [567176.2825158453, 5444856.334464721], [567170.7557918888, 5444858.923946135], [567166.9984140017, 5444862.341842643], [567165.0102918679, 5444866.588112822], [567164.580584264, 5444867.913274328], [567177.0831157893, 5444871.282215607], [567192.6483338192, 5444872.87645738], [567198.8862001658, 5444875.051540914], [567214.0115763004, 5444874.197798282], [567218.9595948351, 5444876.207434135], [567225.2220986566, 5444875.952104552], [567234.5947349792, 5444879.143163427], [567264.0316609609, 5444883.674675586], [567267.879669068, 5444884.64256365], [567266.6528615103, 5444883.54609831], [567258.3259672087, 5444879.216045376], [567247.7552805217, 5444875.992546918], [567240.15856181, 5444872.86715356], [567235.5359911361, 5444869.839952402], [567233.8873438747, 5444866.910950558], [567235.2127520877, 5444864.080100298], [567235.33345428, 5444861.979510855], [567234.2494025523, 5444860.6090491]]], [[[568400.9518507479, 5445170.432118348], [568404.9381345325, 5445172.988695434], [568414.0628289183, 5445174.779753447], [568419.3468851997, 5445173.783335356], [568418.1650089532, 5445169.445111368], [568419.4618356636, 5445164.400789482], [568418.8459616273, 5445150.71447533], [568417.6783989245, 5445137.758368631], [568416.0591562438, 5445132.372706402], [568417.2476568867, 5445122.402675114], [568415.1818009731, 5445116.2181609655], [568415.4280531111, 5445112.790398168], [568412.1708509536, 5445108.056027178], [568408.8311701776, 5445097.073879635], [568408.1612007308, 5445088.556450608], [568399.9945215938, 5445082.91197759], [568395.8345440857, 5445077.874249889], [568392.1922957242, 5445080.032451074], [568386.3897081413, 5445079.904758608], [568392.0294263463, 5445088.269323599], [568388.5037135454, 5445092.134325089], [568385.4349489127, 5445091.5458831405], [568373.1230857223, 5445073.304074907], [568371.0957024917, 5445067.344104011], [568371.2448528939, 5445063.222580803], [568366.7406332061, 5445054.888187172], [568367.5730161489, 5445053.13636281], [568369.600487055, 5445052.735906652], [568374.6618475239, 5445056.046384213], [568376.6326851181, 5445055.096904179], [568372.7468040993, 5445043.498017684], [568367.988235704, 5445038.811794711], [568369.2276189324, 5445035.928497331], [568368.8419141357, 5445033.796385239], [568362.3961716978, 5445029.934993642], [568359.3070962569, 5445037.8710358525], [568350.8310868082, 5445035.810319497], [568348.0038129819, 5445032.04259469], [568335.8060612069, 5445022.193934102], [568333.8055524256, 5445018.07096963], [568324.1369414508, 5445012.228175144], [568320.568578555, 5445008.455768498], [568321.3610146227, 5445005.9916591635], [568328.1352758482, 5445004.029640286], [568328.2863564298, 5445002.28909124], [568326.2466355604, 5444999.993286336], [568307.7538104731, 5444992.013330647], [568308.0103789065, 5444996.179995027], [568307.4378694711, 5445001.089024769], [568307.7162043457, 5445005.102092354], [568308.8453838597, 5445008.219197384], [568310.8254563826, 5445010.4404724855], [568313.656373762, 5445011.765784276], [568315.6589822867, 5445014.860396866], [568316.8332396152, 5445019.724401587], [568317.1791879245, 5445026.357708841], [568316.6968266633, 5445034.760319841], [568317.5848969407, 5445042.078822386], [568319.8433091298, 5445048.313173119], [568323.4720639096, 5445053.463371066], [568328.471252233, 5445057.529457554], [568332.0775162244, 5445061.806226592], [568334.29090351, 5445066.293811784], [568335.1113228814, 5445070.992171118], [568334.5388160853, 5445075.9012142], [568334.8396910088, 5445080.787631568], [568336.013953862, 5445085.651646806], [568338.0616899088, 5445090.493078618], [568340.9827665926, 5445095.311975011], [568342.8422237869, 5445099.633868901], [568343.6400609239, 5445103.45876025], [568343.3763681323, 5445106.786691354], [568342.0510544836, 5445109.617619572], [568341.9530150669, 5445112.591707917], [568343.0822020894, 5445115.708823473], [568345.4387123261, 5445118.969232155], [568349.0224498673, 5445122.372667716], [568351.2132595114, 5445125.986787349], [568352.0110983575, 5445129.811682023], [568351.4160564652, 5445133.8473943155], [568349.4280850486, 5445138.093791212], [568346.8981215758, 5445141.6549466625], [568343.8259906229, 5445144.530999023], [568340.2117770849, 5445146.721766748], [568336.0555292914, 5445148.227382488], [568332.7501292566, 5445148.837029654], [568330.2956254957, 5445148.550841507], [568328.6919700392, 5445147.368685281], [568327.9391629053, 5445145.29056124], [568324.0241171239, 5445142.594807705], [568316.9467914623, 5445139.281514205], [568306.7071875194, 5445135.350678684], [568293.3053497747, 5445130.802207516], [568281.8610119021, 5445127.60154342], [568272.3742621895, 5445125.748730593], [568264.8450564549, 5445125.243861237], [568259.273345319, 5445126.08680376], [568255.1170967342, 5445127.592406759], [568252.3763106302, 5445129.760670954], [568251.0509870996, 5445132.59159689], [568251.1411264584, 5445136.08518497], [568252.435959284, 5445138.848463091], [568254.9355340032, 5445140.88156387], [568258.6398931197, 5445142.184396266], [568263.5489459385, 5445142.756917293], [568267.253257537, 5445144.059615697], [568269.7528337836, 5445146.092715617], [568271.0477594195, 5445148.856036345], [568271.1182170933, 5445151.58673811], [568274.2522565782, 5445150.943260174], [568307.394070766, 5445149.931941545], [568334.9114264046, 5445156.060685988], [568340.384401382, 5445155.2929911725], [568357.3799915942, 5445158.082974172], [568371.3771241844, 5445164.118912814], [568376.5854555957, 5445164.020307004], [568387.9204706679, 5445169.047410748], [568394.4026421797, 5445170.070868758], [568395.8738720807, 5445173.691926781], [568397.8380967638, 5445174.915206375], [568400.9518507479, 5445170.432118348]]], [[[568051.5014066917, 5445152.398860812], [568052.1732858184, 5445152.986653284], [568054.461396049, 5445153.348484771], [568052.2994140646, 5445152.576643221], [568051.5014066917, 5445152.398860812]]], [[[568313.0209913015, 5445319.073350717], [568311.3947922292, 5445317.017839584], [568309.3166553306, 5445317.770649416], [568307.2159351117, 5445317.649979409], [568305.0927705357, 5445316.656005016], [568302.9469806122, 5445314.788641497], [568300.7786985312, 5445312.047840833], [568298.4672962583, 5445310.534232258], [568296.0127792965, 5445310.248039115], [568293.4151415741, 5445311.189037733], [568290.6743403191, 5445313.357318778], [568286.8493770753, 5445314.155244082], [568281.9402947102, 5445313.582722543], [568275.947094021, 5445311.639753706], [568274.6693189534, 5445311.041552691], [568278.2368812816, 5445316.316664107], [568283.2969911674, 5445320.47922387], [568292.3253275949, 5445335.82662959], [568298.767642359, 5445340.264076613], [568303.472889444, 5445348.605414541], [568305.5248819324, 5445358.9528066935], [568311.6151861007, 5445364.644676185], [568312.1092173769, 5445366.101902356], [568310.1912416555, 5445374.735413852], [568311.5915342869, 5445378.746297962], [568315.734369685, 5445378.106897293], [568319.7348051869, 5445372.451778902], [568325.1405874734, 5445374.038223745], [568326.435785764, 5445375.883774586], [568325.2861715028, 5445379.662880424], [568326.1299845518, 5445383.177995639], [568325.259028425, 5445386.987052927], [568332.6240773225, 5445388.130052848], [568334.3169072149, 5445387.646586942], [568334.159433634, 5445386.349241548], [568334.73194854, 5445381.440146063], [568333.9115222617, 5445376.741736033], [568331.6981130488, 5445372.254101839], [568328.0918121057, 5445367.977285496], [568323.0925718251, 5445363.91115341], [568319.2755412156, 5445358.241264118], [568316.6407259367, 5445350.967842622], [568315.1881197075, 5445342.0906668315], [568314.9176792231, 5445331.609828976], [568314.195258671, 5445323.937407081], [568313.0209913015, 5445319.073350717]]], [[[568495.7585129213, 5445400.746280311], [568491.4877468726, 5445388.973642483], [568487.3562007665, 5445383.912763158], [568486.6317809776, 5445379.597606251], [568487.480739972, 5445372.544427498], [568485.4323823092, 5445368.391421592], [568482.6768057637, 5445365.999158902], [568481.1609816058, 5445360.026824922], [568463.0434950967, 5445353.494475004], [568461.1188614058, 5445349.124381621], [568466.424611323, 5445344.927458251], [568465.5299851671, 5445340.102992208], [568460.6114336265, 5445335.687559702], [568459.1177196967, 5445332.3055709405], [568452.1245202086, 5445327.122107881], [568440.0478302089, 5445326.234087294], [568438.402338716, 5445321.947183793], [568440.4508263776, 5445317.852230198], [568440.502762588, 5445315.200466032], [568431.983766562, 5445305.2526830565], [568430.4429882714, 5445305.387312227], [568429.2215935934, 5445309.470762843], [568431.0019954002, 5445312.587155641], [568428.4224052842, 5445314.152785609], [568423.845448818, 5445307.419987397], [568415.869834175, 5445300.442421624], [568406.8830676903, 5445294.961815339], [568399.3729310867, 5445284.57183973], [568399.3865574897, 5445282.169418613], [568405.5477011264, 5445279.872812588], [568402.128989661, 5445276.64879541], [568401.0065758959, 5445273.348962481], [568385.2359903381, 5445272.028222534], [568369.8408531406, 5445264.118499879], [568355.145706188, 5445260.427439597], [568349.3015131898, 5445255.151222365], [568334.7212233013, 5445250.639198141], [568334.2744226967, 5445243.416785374], [568331.6660403785, 5445240.606356673], [568318.2130806688, 5445236.064342394], [568296.3686797626, 5445231.833891289], [568293.7433174297, 5445235.843202913], [568290.4829814725, 5445238.199758788], [568286.9893807977, 5445238.2899025595], [568284.5799388357, 5445239.750397966], [568283.2546129773, 5445242.581336062], [568283.013403335, 5445246.782717403], [568283.8563527341, 5445252.3544520475], [568286.235443518, 5445256.48813531], [568290.1505006104, 5445259.183904988], [568295.6016087157, 5445260.441578863], [568302.588815434, 5445260.261288865], [568309.2446698436, 5445260.788777781], [568315.569214795, 5445262.023955288], [568321.5624507078, 5445263.966821726], [568327.2243355275, 5445266.61746804], [568331.3275884808, 5445269.83273329], [568333.8723422638, 5445273.612570136], [568334.8584209658, 5445277.957117964], [568334.2859087591, 5445282.866195967], [568334.7299034601, 5445286.52545711], [568336.1904053959, 5445288.934900862], [568338.6675052502, 5445290.094569175], [568342.1611122513, 5445290.004419224], [568344.4500639924, 5445290.6444962], [568345.5341851315, 5445292.0149392085], [568345.4135604093, 5445294.115567304], [568344.0882377165, 5445296.946513624], [568343.6363514939, 5445299.754966443], [568344.0578538105, 5445302.540792783], [568345.3526601134, 5445305.304173813], [568347.520946052, 5445308.044970627], [568351.2704035977, 5445311.094492555], [568356.6009485887, 5445314.4529202785], [568363.5126665907, 5445318.120071875], [568372.0055160418, 5445322.096036954], [568379.2936695219, 5445326.8023204515], [568385.377078767, 5445332.23879063], [568390.2556586894, 5445338.40562983], [568393.9295842615, 5445345.302700349], [568400.2237783677, 5445352.132152962], [568409.1381523001, 5445358.893943565], [568420.6726655033, 5445365.588160353], [568434.8274528339, 5445372.214752025], [568446.00813027, 5445378.743308039], [568454.2148285712, 5445385.17378351], [568459.4473701735, 5445391.506319602], [568461.7058378393, 5445397.740736614], [568462.3831711679, 5445403.666344167], [568461.4793691717, 5445409.28314215], [568458.9943885636, 5445414.591220811], [568454.9282709926, 5445419.590488934], [568452.443288257, 5445424.898568837], [568451.5394835303, 5445430.515370537], [568452.2167728798, 5445436.441075582], [568454.4752421207, 5445442.675502903], [568458.834394843, 5445449.030458484], [568465.2941901138, 5445455.506032106], [568473.8547200586, 5445462.102264904], [568484.5159381084, 5445468.819022165], [568492.1805362185, 5445474.56430871], [568496.8485117696, 5445479.3381262645], [568498.5198203658, 5445483.140566313], [568497.1945030645, 5445485.971538356], [568497.6159798932, 5445488.757471602], [568499.7842937582, 5445491.4982754085], [568503.6994451605, 5445494.193949368], [568509.3613922026, 5445496.8445833875], [568513.4421992176, 5445499.186407482], [568514.5489702887, 5445500.086681895], [568514.6329291181, 5445497.493410242], [568509.5304723727, 5445489.490762697], [568510.8935908467, 5445478.085942598], [568508.0470890471, 5445475.170674826], [568504.4107265043, 5445474.456912116], [568502.0159808939, 5445463.8340934655], [568501.7372149051, 5445452.96389074], [568500.1070699714, 5445449.410892965], [568494.2703904426, 5445443.717419427], [568494.5973067564, 5445441.334642645], [568498.4879863656, 5445436.369203007], [568495.2831434753, 5445417.367718041], [568496.3188697088, 5445411.56936977], [568495.7585129213, 5445400.746280311]]], [[[568360.8325501136, 5445444.567634267], [568360.012075745, 5445439.869305102], [568362.0000679604, 5445435.622863912], [568362.0530767185, 5445430.901951411], [568360.1710123528, 5445425.706525467], [568356.3540147758, 5445420.036761413], [568350.6019465654, 5445413.892483381], [568346.6192063898, 5445408.576525098], [568344.4057929105, 5445404.08888678], [568343.9617957262, 5445400.429610827], [568345.287123534, 5445397.598654566], [568345.4077489745, 5445395.498018984], [568344.3236241395, 5445394.127570929], [568344.2119786968, 5445394.096398546], [568337.3822291594, 5445398.191494812], [568336.2931568739, 5445401.334066017], [568336.685761683, 5445404.496576921], [568341.0181155985, 5445411.808499007], [568340.390534839, 5445418.164609444], [568345.5737412358, 5445424.027112882], [568350.2110997504, 5445434.193261171], [568360.917365437, 5445444.687966159], [568360.8325501136, 5445444.567634267]]], [[[568386.5145539315, 5445470.805111006], [568388.3759794766, 5445479.979508212], [568390.6996234689, 5445477.532852677], [568392.0249505884, 5445474.701886702], [568390.7075046792, 5445471.065097405], [568386.7473350267, 5445466.622617777], [568380.1443950187, 5445461.374314152], [568370.8986867022, 5445455.320185228], [568364.4613594783, 5445449.717899622], [568361.7429570523, 5445445.859738111], [568366.285083448, 5445456.476100036], [568369.5933604741, 5445459.096206546], [568376.7863813508, 5445460.889802715], [568380.3268295563, 5445471.6744953785], [568386.5145539315, 5445470.805111006]]], [[[568404.9202380782, 5445504.117976991], [568408.1362139657, 5445502.952971169], [568409.6497339389, 5445500.641505614], [568408.5205261512, 5445497.524350413], [568404.7485433628, 5445493.601372546], [568398.3337869804, 5445488.87257137], [568397.0035950281, 5445488.019227106], [568401.4133428708, 5445494.74667753], [568404.9202380782, 5445504.117976991]]], [[[568592.177528333, 5445663.911942874], [568591.950543936, 5445660.457844463], [568588.7726480305, 5445657.368992221], [568588.690388258, 5445658.233598848], [568589.4882708228, 5445662.058558947], [568591.6340624994, 5445663.926015828], [568592.177528333, 5445663.911942874]]], [[[568608.4718639008, 5445702.936317697], [568606.8256750363, 5445698.988130087], [568607.3109123226, 5445687.587535051], [568595.3104801235, 5445676.415262572], [568594.9496410745, 5445675.275075612], [568592.0849616386, 5445681.39428343], [568590.1421195046, 5445687.387625861], [568589.5696397779, 5445692.296779606], [568590.3675232347, 5445696.1217442155], [568592.5358609442, 5445698.862561581], [568596.4510487642, 5445701.558243641], [568602.1130448047, 5445704.2088802885], [568609.5218495299, 5445706.814470496], [568611.7932192851, 5445707.449711486], [568608.4718639008, 5445702.936317697]]], [[[568697.406283086, 5445823.759070688], [568696.7505464513, 5445821.393483422], [568691.1347719319, 5445813.080937264], [568683.7647885603, 5445805.528763801], [568680.2431046825, 5445798.3368154615], [568675.9591582546, 5445794.846921564], [568672.4165727153, 5445787.053196599], [568673.3913295281, 5445779.639121327], [568672.116139806, 5445776.108699094], [568667.8519894321, 5445772.293420188], [568655.2323373281, 5445769.205313672], [568652.8680009615, 5445765.156178609], [568647.1308514685, 5445761.727067908], [568639.9650933865, 5445753.019137466], [568636.7708959429, 5445747.019798735], [568636.393868338, 5445741.445791604], [568631.076214678, 5445740.017752155], [568629.8726722759, 5445737.407753787], [568630.2274794655, 5445732.499959058], [568623.2956107189, 5445723.080355155], [568621.040926354, 5445726.444228159], [568618.7216417141, 5445731.398435546], [568616.9444554823, 5445737.037937561], [568615.70931965, 5445743.362601709], [568616.2209934482, 5445749.642221182], [568618.4795204303, 5445755.876705307], [568622.4849017225, 5445762.066053672], [568628.2370960462, 5445768.210356178], [568633.4246477544, 5445772.796003806], [568638.0475133515, 5445775.82308667], [568642.1058249255, 5445777.2915563295], [568645.5994911384, 5445777.201370355], [568648.2873898306, 5445779.75390183], [568650.1695272615, 5445784.949375278], [568651.2458976824, 5445792.787568698], [568651.5164582491, 5445803.268574894], [568652.2388852098, 5445810.941076626], [568653.4132269911, 5445815.805204644], [568655.0395259443, 5445817.860866874], [568657.1176911152, 5445817.1080202125], [568659.2184016911, 5445817.228535282], [568661.3416154364, 5445818.222502669], [568663.4874231429, 5445820.089964888], [568665.6557768205, 5445822.830789104], [568667.9672816773, 5445824.344306744], [568670.4218468481, 5445824.630475155], [568673.019610804, 5445823.689469668], [568675.7604344299, 5445821.521114951], [568678.3581073515, 5445820.580066672], [568680.8126723393, 5445820.86623416], [568683.1241354698, 5445822.3798411], [568685.2924912228, 5445825.120664138], [568687.6039973391, 5445826.634180364], [568690.0585629566, 5445826.920347151], [568692.6563265498, 5445825.979339821], [568695.3971489895, 5445823.81098303], [568697.406283086, 5445823.759070688]]], [[[568701.1453725778, 5445902.952385429], [568702.304999418, 5445903.252382367], [568702.1404979568, 5445902.349120915], [568701.1453725778, 5445902.952385429]]], [[[568644.7867696824, 5445927.427166204], [568649.2731907718, 5445927.9083046], [568658.805391556, 5445925.16077075], [568662.2310851489, 5445922.757474659], [568665.979447064, 5445916.333658167], [568669.6966545121, 5445913.622615818], [568664.5069984528, 5445913.756585586], [568655.4640061535, 5445915.56317509], [568647.8591166405, 5445918.905921922], [568641.692238544, 5445923.7847853135], [568636.9634139697, 5445930.199676362], [568632.3551474186, 5445934.513758416], [568627.8674457679, 5445936.727254246], [568623.5003948528, 5445936.839982269], [568619.2538626272, 5445934.85199074], [568615.3836876899, 5445933.903110107], [568611.8900025969, 5445933.993292235], [568608.7728069697, 5445935.122537242], [568606.0319675003, 5445937.290893548], [568601.8756171912, 5445938.796584919], [568596.3037561245, 5445939.639610637], [568589.3163845983, 5445939.819969839], [568580.9135030933, 5445939.337661501], [568574.4231419207, 5445938.456362052], [568569.8452587163, 5445937.1761633875], [568567.1798957791, 5445935.496975874], [568566.4270528852, 5445933.418800108], [568562.1579346498, 5445930.55730233], [568554.372681293, 5445926.91265668], [568543.071113675, 5445922.484775873], [568528.2533674729, 5445917.27360806], [568516.0559444806, 5445911.994804698], [568506.4787526407, 5445906.648326662], [568499.521748061, 5445901.234267142], [568495.1850622568, 5445895.7525798315], [568491.4130174145, 5445891.829557013], [568488.2055645267, 5445889.465065221], [568485.5627993087, 5445888.659370254], [568483.4846249194, 5445889.412206111], [568478.9067963425, 5445888.131905075], [568471.8292724796, 5445884.818556869], [568471.657830279, 5445884.722833475], [568489.7693798583, 5445898.164700852], [568493.4728136915, 5445907.528143739], [568496.4732520889, 5445910.407266823], [568499.474181659, 5445908.762708967], [568507.942243535, 5445910.123792464], [568523.4551940614, 5445920.797875117], [568542.8739752518, 5445931.650376588], [568565.2124296238, 5445941.350402085], [568576.2590312967, 5445943.271487759], [568587.2139253682, 5445949.125508328], [568614.7418687849, 5445944.017462249], [568621.8361780954, 5445939.258216524], [568637.1331383332, 5445935.7050564], [568641.7132015817, 5445932.168901433], [568644.7867696824, 5445927.427166204]]], [[[569954.5310975816, 5446055.514012093], [569947.934569899, 5446054.169738664], [569940.375746726, 5446063.528556293], [569930.3931499837, 5446068.444554992], [569937.363058125, 5446072.944967839], [569943.1631168751, 5446075.62600716], [569945.3774253716, 5446073.294140568], [569949.5110999404, 5446070.914744622], [569954.375226845, 5446069.740173913], [569959.9696254111, 5446069.770343152], [569960.0, 5446069.776273515], [569960.0, 5446057.315915764], [569954.5310975816, 5446055.514012093]]], [[[568766.7497261009, 5446277.208013425], [568768.9700965268, 5446276.744810319], [568771.6349916912, 5446275.540847588], [568769.8803110782, 5446274.91137192], [568766.7497261009, 5446277.208013425]]], [[[568716.2172523972, 5446291.741366996], [568716.3434564881, 5446291.57016393], [568716.2987962572, 5446291.577089577], [568709.2067295308, 5446298.306899752], [568710.592409363, 5446297.305387621], [568716.2172523972, 5446291.741366996]]], [[[569089.3874115943, 5446352.646554442], [569089.2952264436, 5446352.494056908], [569087.7293411781, 5446351.012521243], [569087.8150833937, 5446351.367766871], [569089.3874115943, 5446352.646554442]]], [[[569669.0562144083, 5447353.024051613], [569667.7082512692, 5447354.981809942], [569667.7534503014, 5447356.7287601875], [569669.1916305616, 5447358.264817488], [569672.0228404433, 5447359.590114621], [569674.5452808037, 5447362.496668226], [569676.7590425335, 5447366.98452129], [569678.6640352253, 5447373.053632215], [569680.2602589582, 5447380.704002056], [569683.4151176257, 5447387.78960095], [569688.1287510002, 5447394.310603443], [569694.4010211194, 5447400.266832982], [569702.2320192365, 5447405.658330654], [569708.481760507, 5447410.741058781], [569713.1502438899, 5447415.515018174], [569716.2374260218, 5447419.9803000195], [569717.7433484572, 5447424.136814043], [569720.1001475551, 5447427.397250241], [569723.3078715983, 5447429.761741096], [569727.3664723207, 5447431.230153103], [569732.275949497, 5447431.802485763], [569735.250195149, 5447431.900356641], [569736.289390293, 5447431.523851141], [569735.3933113302, 5447430.672975276], [569732.5620914978, 5447429.347680721], [569731.1239043679, 5447427.811622538], [569731.0787015585, 5447426.064667968], [569732.4266640227, 5447424.106901852], [569735.167567824, 5447421.938329813], [569736.5153967987, 5447419.98061196], [569736.4701936624, 5447418.233657854], [569735.0320492632, 5447416.697509872], [569732.2008307857, 5447415.372215968], [569730.7174415492, 5447412.089204813], [569730.5820143694, 5447406.848429079], [569731.7944579086, 5447399.6498474], [569734.3547284463, 5447390.493551633], [569734.3171228579, 5447382.278406061], [569731.6817821624, 5447375.004585368], [569726.4485693197, 5447368.671912779], [569718.6175761939, 5447363.280428733], [569712.3678853968, 5447358.197620828], [569707.699411028, 5447353.423671097], [569704.6122369578, 5447348.958398897], [569703.1063199354, 5447344.8018951835], [569700.2299995272, 5447341.729694712], [569695.9831852897, 5447339.7417543195], [569690.3658770423, 5447338.838073173], [569683.3781649268, 5447339.018692774], [569678.3255866837, 5447339.673731393], [569675.2082751805, 5447340.80314188], [569674.0260550358, 5447342.407063712], [569674.7790113317, 5447344.485316006], [569674.6584687851, 5447346.586101665], [569673.6645178105, 5447348.709463106], [569671.7971158185, 5447350.855490814], [569669.0562144083, 5447353.024051613]]], [[[567401.9522110025, 5447875.547413937], [567399.8683002694, 5447882.648858578], [567398.9003928375, 5447898.636254507], [567401.8002663943, 5447904.686719517], [567411.8288190085, 5447906.543673269], [567422.8393810338, 5447905.577519043], [567445.862044613, 5447904.591399379], [567465.8103724949, 5447904.679637551], [567489.8667549553, 5447905.596500199], [567496.9127966427, 5447904.5819889875], [567502.9255798853, 5447901.642475092], [567504.8060758932, 5447898.663567282], [567505.8530221703, 5447884.578363911], [567508.8872979005, 5447873.686100347], [567511.8191364462, 5447870.564415695], [567515.3868923852, 5447869.774515907], [567511.4516901167, 5447864.268574745], [567506.4521514585, 5447860.201940064], [567499.374273891, 5447856.8881155215], [567490.2180576191, 5447854.327099326], [567478.9835025739, 5447852.518889327], [567465.670608341, 5447851.46348294], [567460.854802649, 5447850.842830341], [567459.8555625154, 5447857.576297159], [567455.830140469, 5447863.697812881], [567450.9251840049, 5447866.6508757835], [567417.8641665403, 5447866.558139273], [567411.8120526979, 5447868.541000873], [567401.9522110025, 5447875.547413937]]], [[[568078.0692409597, 5448374.6250873655], [568085.0120957819, 5448372.697847101], [568091.2247026069, 5448369.56572256], [568096.706927846, 5448365.228762773], [568101.5264029191, 5448362.307416935], [568105.6831287191, 5448360.801684986], [568109.1771059653, 5448360.71156701], [568112.0083351684, 5448362.037063259], [568114.4631553225, 5448362.323444435], [568116.5415179754, 5448361.570577591], [568118.2434229203, 5448359.7784628635], [568119.5689182177, 5448356.947233542], [568119.147403815, 5448354.161109477], [568116.9789226227, 5448351.419999992], [568113.0634751408, 5448348.723904712], [568107.4010194509, 5448346.072913526], [568100.8876123874, 5448344.317977886], [568093.523205346, 5448343.458964018], [568085.307894103, 5448343.496137213], [568076.2415815761, 5448344.4292306835], [568066.0910519516, 5448343.99171985], [568054.8562643697, 5448342.183694287], [568042.5372206381, 5448339.005153054], [568029.1339653223, 5448334.456004706], [568017.8991842279, 5448332.647965636], [568008.8328736931, 5448333.581037739], [568001.9350312626, 5448337.255223202], [567997.2056557238, 5448343.6705246], [567993.8467918057, 5448349.001570944], [567991.858531248, 5448353.2484045755], [567991.2408748756, 5448356.411025342], [567991.9937326226, 5448358.489390558], [567994.1396293496, 5448360.356938255], [567997.6787040727, 5448362.013843517], [568002.6107757743, 5448363.460020967], [568008.9359776003, 5448364.695421697], [568013.7249885907, 5448367.368958845], [568016.9777183953, 5448371.4805911835], [568018.6941243828, 5448377.030410431], [568018.8743389068, 5448384.018369469], [568019.7173066643, 5448389.590716454], [568021.2230279521, 5448393.747450512], [568023.3915028542, 5448396.4885709435], [568026.2227312684, 5448397.814077184], [568028.8432733857, 5448397.7464945195], [568031.2529957996, 5448396.285871192], [568033.4519406159, 5448393.432116847], [568035.440198159, 5448389.185274353], [568037.639275025, 5448386.331472173], [568040.0489960542, 5448384.870848641], [568042.6694464086, 5448384.803222296], [568045.5006746504, 5448386.128726109], [568047.6015244676, 5448386.249393464], [568048.9721285964, 5448385.165176288], [568049.6123963409, 5448382.876032423], [568049.5222853689, 5448379.382052782], [568051.5555498691, 5448376.882179427], [568055.7122801208, 5448375.37645405], [568061.9924762677, 5448374.864875591], [568070.396048282, 5448375.347400211], [568078.0692409597, 5448374.6250873655]]], [[[567657.6722621187, 5448355.57126838], [567654.3584127259, 5448362.6492849], [567652.4151791377, 5448368.643105417], [567651.8424718434, 5448373.552687129], [567652.640291613, 5448377.378029607], [567654.8087295204, 5448380.119174745], [567655.9605189057, 5448384.1102424655], [567656.0955688754, 5448389.35119099], [567655.2140600765, 5448395.842105817], [567653.3158104809, 5448403.582902829], [567652.2685276858, 5448410.427657067], [567652.0722124161, 5448416.376368019], [567652.726913427, 5448421.4291681675], [567654.2325829184, 5448425.585924012], [567658.4037840553, 5448431.42210259], [567665.2404767553, 5448438.9377944665], [567674.7427067105, 5448448.13290858], [567686.9104781543, 5448459.007444062], [567696.05888427, 5448468.036785263], [567702.1877450258, 5448475.221071955], [567704.6772141019, 5448479.495458056], [567703.8532775809, 5448469.572402404], [567700.9147518735, 5448462.565129364], [567669.8400342459, 5448425.604466404], [567669.8185404332, 5448422.602202683], [567673.8861427506, 5448413.62405267], [567684.8783372692, 5448404.575169647], [567690.8653342087, 5448384.69112964], [567690.9226674351, 5448364.578843628], [567690.8583860917, 5448355.561012941], [567693.8927932128, 5448344.66895144], [567700.0691317995, 5448331.5682280855], [567698.1410446069, 5448331.802132548], [567692.4480990162, 5448334.74592256], [567688.3814251488, 5448339.745567277], [567684.1039896568, 5448343.352081849], [567679.615841278, 5448345.565598687], [567674.9170230391, 5448346.3860268], [567670.0074450162, 5448345.813323579], [567665.4967323276, 5448347.153267478], [567661.3850653366, 5448350.405943756], [567657.6722621187, 5448355.57126838]]], [[[567705.3873923488, 5448484.054199587], [567707.7665145423, 5448488.188446109], [567712.4348237497, 5448492.9628992975], [567719.3922366026, 5448498.377739634], [567727.6330001705, 5448503.7740852935], [567726.8273922624, 5448502.631323944], [567719.9175314414, 5448495.575246316], [567708.9395248747, 5448488.636123076], [567705.3660445702, 5448483.227807453], [567705.3873923488, 5448484.054199587]]], [[[567769.8989170337, 5448565.603513073], [567775.7270633437, 5448567.900709226], [567782.0522979812, 5448569.136169396], [567787.4815220626, 5448569.520568983], [567792.0147408051, 5448569.0541320555], [567794.8930881139, 5448568.011515464], [567785.9503848328, 5448567.6439009905], [567763.9170820776, 5448550.595478383], [567746.7279834067, 5448533.359201541], [567748.7789573091, 5448539.750789897], [567751.7452529288, 5448546.317306628], [567755.3969277125, 5448552.34169606], [567759.7338488788, 5448557.824005791], [567764.5678595576, 5448562.244581509], [567769.8989170337, 5448565.603513073]]], [[[567831.8663606517, 5448577.547694112], [567829.8391806388, 5448574.676517258], [567818.9008374292, 5448568.68264703], [567815.8841147107, 5448568.645588426], [567811.873450811, 5448567.651201412], [567807.9414831235, 5448568.547924282], [567805.6074696042, 5448568.451956177], [567807.2406843738, 5448569.710459387], [567812.1952994387, 5448572.030125177], [567819.2508677931, 5448574.470517887], [567828.4073419266, 5448577.031503004], [567832.8551613234, 5448578.84890202], [567831.8663606517, 5448577.547694112]]], [[[568881.2356907555, 5448627.661234528], [568878.5925758255, 5448626.855447367], [568875.09856551, 5448626.9456577655], [568872.8094727201, 5448626.305490803], [568871.7252069347, 5448624.934904393], [568871.8457256464, 5448622.833989379], [568873.1711615969, 5448620.002697699], [568873.4574396367, 5448617.547936678], [568872.7045118455, 5448615.469573228], [568870.912378432, 5448613.76760721], [568868.0810876999, 5448612.44217138], [568865.935023686, 5448610.574626976], [568864.4743193969, 5448608.164926054], [568863.698884127, 5448605.213026446], [568863.6086752797, 5448601.719018969], [568862.6449300358, 5448598.247520252], [568860.8076968906, 5448594.798663226], [568858.0970185688, 5448591.372357124], [568854.5128047874, 5448587.968559292], [568849.8893869253, 5448584.9411576465], [568844.226813333, 5448582.290284586], [568837.5250840965, 5448580.015939403], [568829.7841510449, 5448578.117988277], [568822.8941570793, 5448575.3239499815], [568816.8551025537, 5448571.633825417], [568811.6670358574, 5448567.047748471], [568807.3299088501, 5448561.565587011], [568801.9761761264, 5448557.333397677], [568795.605746879, 5448554.351136934], [568788.2188018286, 5448552.618888545], [568779.8151590525, 5448552.136566639], [568773.0153743916, 5448552.836520435], [568767.8194046693, 5448554.718841714], [568764.227382542, 5448557.78348337], [568762.2392174329, 5448562.030403964], [568761.2902994415, 5448565.900841689], [568761.380495993, 5448569.394844715], [568762.5098074704, 5448572.512412907], [568764.6783671946, 5448575.253497836], [568768.9929823558, 5448579.862132205], [568775.4535217833, 5448586.338364195], [568784.06016939, 5448594.682278545], [568794.81278991, 5448604.8936996525], [568803.750739746, 5448612.529704423], [568810.8740150987, 5448617.590292347], [568816.1827037303, 5448620.075505727], [568819.6767131452, 5448619.985302416], [568822.6737141169, 5448620.95676416], [568825.1736220926, 5448622.990072438], [568827.1765220481, 5448626.085046396], [568828.6823716129, 5448630.241777088], [568831.5813172597, 5448634.187781715], [568835.8733113091, 5448637.922926782], [568841.5585354451, 5448641.447296425], [568848.6367664661, 5448644.760895549], [568853.7797035989, 5448647.599951241], [568856.9874847798, 5448649.964639792], [568858.2599705685, 5448651.854786276], [568857.5972511277, 5448653.270433244], [568858.6815596496, 5448654.640930937], [568861.5128539655, 5448655.966369748], [568866.0911343283, 5448657.246749173], [568872.416443383, 5448658.481977786], [568877.8231548166, 5448657.992727979], [568882.3112676932, 5448655.779000336], [568885.8807389756, 5448651.840886253], [568888.5316107759, 5448646.178296157], [568890.0002059564, 5448642.119574484], [568890.2863922575, 5448639.664768962], [568889.3903936639, 5448638.813873457], [568887.3120289244, 5448639.566802886], [568885.7307130479, 5448639.257974247], [568884.6464461751, 5448637.887387665], [568884.0591859403, 5448635.455133961], [568883.9689746784, 5448631.961122808], [568883.0277350241, 5448629.363158364], [568881.2356907555, 5448627.661234528]]], [[[567950.0232351474, 5448700.169969843], [567952.92793109, 5448701.606650759], [567975.9145331031, 5448718.667460382], [568000.9097569017, 5448740.678623033], [568016.9547320814, 5448758.610278787], [568027.8255039784, 5448782.590375257], [568027.264458108, 5448777.138899962], [568025.3146344455, 5448769.322361517], [568022.3482549058, 5448762.755819221], [568018.3651386296, 5448757.439187099], [568013.3653762935, 5448753.372506463], [568009.5930835146, 5448749.448932467], [568007.0480842803, 5448745.668604301], [568005.7306440978, 5448742.031425844], [568005.6405388681, 5448738.537402968], [568004.865055801, 5448735.585518377], [568003.4044186993, 5448733.175766095], [568001.2584464478, 5448731.308061043], [567998.4271872636, 5448729.98253599], [567996.6351484663, 5448728.280643866], [567995.8822817407, 5448726.20225192], [567996.1685868914, 5448723.747360283], [567997.4941118199, 5448720.916102044], [567997.0501229775, 5448717.256401741], [567994.8365304675, 5448712.768217223], [567990.8535165013, 5448707.451633332], [567985.1009012044, 5448701.306565015], [567980.9295957874, 5448695.470375336], [567978.3396415776, 5448689.942974163], [567977.3309527406, 5448684.724542906], [567977.9036132151, 5448679.814900337], [567976.3527886583, 5448673.911094036], [567972.6785711143, 5448667.013166752], [567966.8809624722, 5448659.121118459], [567958.9598744826, 5448650.2349063475], [567953.1397013607, 5448641.469280278], [567949.4203986792, 5448632.824331922], [567947.8020550811, 5448624.300104351], [567948.2846205052, 5448615.896464699], [567947.2084064167, 5448608.057394233], [567944.5734198065, 5448600.783115986], [567940.3796559548, 5448594.07340552], [567934.6270733209, 5448587.928352403], [567930.6439963955, 5448582.611741728], [567928.4304238666, 5448578.123573713], [567927.9864453134, 5448574.463890768], [567929.311969438, 5448571.63265021], [567929.0561933329, 5448568.492530337], [567927.2190750865, 5448565.043621825], [567923.8006577683, 5448561.2858339], [567919.8437626734, 5448558.067375471], [567919.8254037194, 5448578.63008982], [567917.9480873357, 5448595.5513151055], [567917.9546707253, 5448614.552695429], [567917.8146398223, 5448627.692890903], [567916.8134421039, 5448651.596171925], [567919.9364322417, 5448675.550211948], [567924.9580874154, 5448685.585192043], [567934.8841886618, 5448692.667547377], [567950.0232351474, 5448700.169969843]]], [[[567956.8240775036, 5448878.681261092], [567978.930843807, 5448892.573678119], [567999.8405306607, 5448906.607050152], [568017.8368435571, 5448914.58964186], [568032.9056874489, 5448920.634887944], [568036.8767656517, 5448920.683833509], [568040.9020645623, 5448914.562824569], [568040.8204875825, 5448907.590542568], [568029.8980740606, 5448885.6082620965], [568023.8437540637, 5448873.659124759], [568016.8360676984, 5448851.558366609], [568010.8530283388, 5448832.638943203], [568001.8394196127, 5448810.6802557595], [567990.937919319, 5448791.700132681], [567982.8787827846, 5448778.614572264], [567977.8925435885, 5448774.59497239], [567970.851567673, 5448770.550084698], [567963.9380995523, 5448768.56364652], [567949.8478363799, 5448770.602594953], [567938.8314797767, 5448771.5787747735], [567935.9571000725, 5448773.600287706], [567931.8712108906, 5448784.634936071], [567933.8006993935, 5448806.673091368], [567933.9070759044, 5448830.578885617], [567935.9573701591, 5448851.673423355], [567942.827431178, 5448866.634427369], [567956.8240775036, 5448878.681261092]]], [[[568119.1980092339, 5448925.460991722], [568115.9903521225, 5448923.096242638], [568111.7434273747, 5448921.107957332], [568108.8895260196, 5448918.908935885], [568107.4288714115, 5448916.499172958], [568107.3612820096, 5448913.87858399], [568108.6868056308, 5448911.047302034], [568108.0771208517, 5448907.741466371], [568105.532095323, 5448903.961125254], [568101.0519535834, 5448899.706272621], [568094.6365155099, 5448894.976822982], [568089.0720489935, 5448889.351300509], [568084.3585540225, 5448882.829706206], [568080.4960786012, 5448875.412174109], [568077.484574224, 5448867.098572206], [568073.4338957344, 5448859.161476671], [568068.3439956695, 5448851.6007537665], [568062.2148746907, 5448844.416402652], [568055.0465815348, 5448837.6085554585], [568050.0017904935, 5448831.794873393], [568047.0804091551, 5448826.975314479], [568046.2824361462, 5448823.149878819], [568047.6079611593, 5448820.3186085755], [568047.3521709912, 5448817.1784622865], [568045.5150237371, 5448813.729530624], [568042.0965624421, 5448809.971722812], [568037.0967878501, 5448805.905038454], [568033.1797549919, 5448800.676560364], [568034.9457003725, 5448806.652265992], [568040.860888553, 5448821.612744971], [568047.8546957495, 5448840.700273662], [568061.890314057, 5448862.565435927], [568089.8073771313, 5448898.700089436], [568105.8836403716, 5448917.5774429], [568122.5529570169, 5448933.529450256], [568122.4959189697, 5448931.31973833], [568121.3665315893, 5448928.202156847], [568119.1980092339, 5448925.460991722]]], [[[568149.5348724924, 5448962.963766395], [568144.4899504345, 5448957.150031746], [568140.4598551351, 5448953.442451181], [568144.955042952, 5448958.5976290535], [568156.9450835369, 5448979.648367885], [568164.8867102395, 5448988.6189592425], [568173.8575469751, 5448995.68988508], [568176.9133204836, 5448996.683854341], [568179.8946182895, 5448999.567050561], [568201.0777193421, 5449009.315507975], [568199.9996150598, 5449008.163924017], [568197.8085912025, 5449004.549208273], [568196.3028157456, 5449000.392393796], [568193.2382022853, 5448996.800257421], [568188.6148842708, 5448993.772750281], [568182.4326865115, 5448991.310010243], [568174.6916939268, 5448989.411854963], [568167.9673520661, 5448986.263731366], [568162.2596614284, 5448981.865640594], [568157.5687128548, 5448976.217626221], [568153.8944157052, 5448969.319647061], [568149.5348724924, 5448962.963766395]]], [[[568275.571235978, 5449043.975408467], [568272.5517218005, 5449042.130325506], [568271.7988277192, 5449040.051917214], [568270.0067055908, 5449038.349889498], [568267.1754037245, 5449037.0243751155], [568263.3049221602, 5449036.075373713], [568258.3952126821, 5449035.50275182], [568254.3364723533, 5449034.034047491], [568251.1287013985, 5449031.669261241], [568248.7719480712, 5449028.408526591], [568247.2661641003, 5449024.2517110305], [568245.6171912751, 5449021.322334683], [568243.8251624617, 5449019.620348964], [568241.8899020291, 5449019.145892407], [568239.8114945742, 5449019.898783704], [568237.7105070548, 5449019.778083536], [568235.5870784612, 5449018.7839673385], [568233.4410277708, 5449016.916350373], [568231.2724881939, 5449014.175184627], [568228.9608015254, 5449012.661366597], [568226.5059732645, 5449012.3751196675], [568223.9079973532, 5449013.316220138], [568221.16683102, 5449015.484758677], [568218.0491529552, 5449016.614117296], [568214.8064449467, 5449016.697763976], [568221.9365684597, 5449020.678170131], [568243.868083372, 5449031.556485216], [568264.8874820033, 5449039.57720817], [568284.9341608724, 5449049.642883178], [568294.8634427345, 5449051.667111619], [568317.8027515167, 5449057.643867374], [568321.1754664001, 5449058.748200295], [568314.8184226415, 5449054.151299953], [568307.0323782121, 5449050.506165795], [568298.229598819, 5449048.110961415], [568288.4101742336, 5449046.965727957], [568280.857370626, 5449045.587165366], [568275.571235978, 5449043.975408467]]], [[[568651.217723143, 5449083.056947352], [568652.5578940964, 5449087.567645639], [568654.3951310688, 5449091.016574668], [568656.3261201446, 5449092.991354125], [568657.9144186137, 5449084.6713027], [568661.9475964495, 5449078.550813348], [568681.927174022, 5449060.587581041], [568682.5989500945, 5449049.5331972195], [568680.7683590117, 5449049.4281053385], [568677.9370358558, 5449048.102629813], [568674.2773011238, 5449048.546708186], [568669.7891116915, 5449050.760430815], [568664.4725089673, 5449054.7437070785], [568658.3274916331, 5449060.496537191], [568653.9295245667, 5449066.204230327], [568651.2785663839, 5449071.866877891], [568650.3746180987, 5449077.484480381], [568651.217723143, 5449083.056947352]]], [[[568737.1222966522, 5449106.0136441], [568739.8859818783, 5449104.718509969], [568741.9193323555, 5449102.218567821], [568743.2222574091, 5449098.513775711], [568743.7947995374, 5449093.604043576], [568743.8601127721, 5449093.389732071], [568724.8455157931, 5449107.675039785], [568713.9701208328, 5449115.727630098], [568718.6725800096, 5449115.930087289], [568722.4979965386, 5449115.132108758], [568725.0734631296, 5449113.31740818], [568726.3989373182, 5449110.486076686], [568728.2666157316, 5449108.340028799], [568730.6763653746, 5449106.879312463], [568733.6282287525, 5449106.103836832], [568737.1222966522, 5449106.0136441]]], [[[568662.5194244073, 5449107.764430672], [568665.8704108816, 5449108.901734025], [568666.1821199604, 5449108.938084431], [568663.9156192029, 5449106.604758768], [568661.0254310332, 5449102.660683339], [568660.4940089895, 5449103.795841797], [568660.7273650388, 5449106.062464542], [568662.5194244073, 5449107.764430672]]], [[[568623.9061663836, 5449146.633300901], [568647.4964921043, 5449132.986778669], [568641.5765365787, 5449129.458161325], [568635.9138790432, 5449126.807194662], [568631.3354944173, 5449125.526846459], [568627.8414243057, 5449125.617026407], [568623.5189368599, 5449127.476763216], [568618.368031149, 5449131.106056825], [568612.388663484, 5449136.50499801], [568605.5808747091, 5449143.67349659], [568598.7054065529, 5449148.2214751905], [568591.7623939178, 5449150.148884415], [568584.7517480755, 5449149.455681356], [568577.6734285207, 5449146.141956808], [568571.6793802376, 5449144.19885329], [568566.7696445697, 5449143.626280553], [568562.944220723, 5449144.424239041], [568560.2030658141, 5449146.592819879], [568556.3775990065, 5449147.390868171], [568551.467863189, 5449146.818292768], [568545.4738591369, 5449144.875093252], [568538.3955455142, 5449141.561359848], [568533.395642804, 5449137.494709931], [568530.4741504618, 5449132.675144885], [568529.6310676328, 5449127.102665664], [568530.8663931903, 5449120.777272843], [568532.8320016301, 5449115.656785229], [568535.5281164644, 5449111.741196253], [568538.9545565522, 5449109.030420382], [568543.1113703327, 5449107.524590047], [568545.332954271, 5449105.544230467], [568545.6191756165, 5449103.0893903645], [568543.9702584636, 5449100.160064173], [568540.3860222767, 5449096.756166885], [568537.5321125288, 5449094.5570818735], [568535.4086674835, 5449093.5629844805], [568534.0155055921, 5449093.773789911], [568533.3527597146, 5449095.189450097], [568530.2125857705, 5449095.445294188], [568524.5950746937, 5449094.541363794], [568516.5001368406, 5449092.477615175], [568505.9277737736, 5449089.254046583], [568496.6279353452, 5449087.920574573], [568488.6005346912, 5449088.477381235], [568481.8457457023, 5449090.924328891], [568476.3634343188, 5449095.261467066], [568465.7380550144, 5449096.75939303], [568449.9697433463, 5449095.418052567], [568429.0583295197, 5449091.23757669], [568403.0039070857, 5449084.2177746], [568381.7160761238, 5449078.997905653], [568365.1947449222, 5449075.578160347], [568365.1413889389, 5449075.570854716], [568377.8509323138, 5449081.669854132], [568421.9481889, 5449092.668055997], [568435.8876517391, 5449095.6873854], [568448.9045489958, 5449099.651458132], [568471.9107254469, 5449109.598911398], [568491.9567904536, 5449119.665341416], [568511.8097242275, 5449137.645787579], [568532.9485158569, 5449153.585344118], [568537.9522803455, 5449155.548775521], [568547.8349681207, 5449156.616709792], [568560.9126730179, 5449155.66734041], [568566.8316865616, 5449156.69716555], [568577.9440764469, 5449155.567801209], [568601.838024226, 5449152.696263661], [568623.9061663836, 5449146.633300901]]], [[[568654.5194146993, 5449163.563636578], [568657.6369604514, 5449162.434273488], [568658.8193613609, 5449160.830430252], [568658.0664364785, 5449158.752022363], [568658.1870166768, 5449156.650979625], [568659.1811075481, 5449154.52752564], [568661.0487937301, 5449152.381479107], [568663.7899420084, 5449150.21288805], [568663.8879771625, 5449147.238383585], [568661.3428575764, 5449143.458056624], [568656.1547175278, 5449138.871858628], [568650.1009041441, 5449134.703538705], [568650.8385659957, 5449145.545379357], [568642.8233530477, 5449153.684348646], [568636.850572463, 5449157.568118655], [568613.908984334, 5449170.580339216], [568612.9751263015, 5449173.140692604], [568614.0208213263, 5449172.65067998], [568616.8070188022, 5449172.229108654], [568619.6158500374, 5449172.6810425], [568622.4471822665, 5449174.006529755], [568624.9020774572, 5449174.292878439], [568626.9804871237, 5449173.5399555825], [568628.6824110857, 5449171.74776134], [568630.0078973962, 5449168.916428984], [568632.7490494947, 5449166.747839767], [568636.9058672709, 5449165.241993132], [568642.4783508213, 5449164.398888374], [568649.4665004272, 5449164.218524617], [568654.5194146993, 5449163.563636578]]], [[[568412.6862275272, 5449235.886482089], [568419.7725451362, 5449232.7317048395], [568428.1763748546, 5449233.214149323], [568435.684111845, 5449232.8456218485], [568442.2957978772, 5449231.626032518], [568448.0114382235, 5449229.555605665], [568452.831026783, 5449226.634118353], [568456.9878616481, 5449225.12829504], [568460.4819435346, 5449225.03813581], [568463.313272953, 5449226.363640905], [568465.4818502207, 5449229.104810732], [568470.4367232875, 5449231.424465237], [568478.1778020789, 5449233.322560494], [568488.7050868875, 5449234.799094187], [568502.0186683834, 5449235.854105654], [568512.7342632172, 5449237.850244301], [568518.6754735366, 5449240.0], [568541.3791140626, 5449240.0], [568543.8347341008, 5449231.627240591], [568551.8522984298, 5449228.558135458], [568564.4625230092, 5449231.89345201], [568562.3671851389, 5449230.450682608], [568558.1201832055, 5449228.462438834], [568553.5417865843, 5449227.182073408], [568548.6320373913, 5449226.60949547], [568545.281042581, 5449225.472173638], [568543.4889833423, 5449223.77019335], [568543.2556358703, 5449221.503560758], [568544.5811328238, 5449218.67222784], [568543.9713928519, 5449215.366364255], [568541.4262836209, 5449211.586018247], [568536.9460296482, 5449207.331183763], [568530.5304508219, 5449202.601775308], [568526.3815048459, 5449197.6390203675], [568524.4991906055, 5449192.442919978], [568524.8835551115, 5449187.013607694], [568527.5345488805, 5449181.350950487], [568530.2306708423, 5449177.435353379], [568530.8837701416, 5449176.91873207], [568518.9562724883, 5449170.667211728], [568497.8984007433, 5449161.6999544455], [568479.8352896967, 5449158.629295805], [568460.8832399799, 5449145.563401171], [568448.8319309653, 5449139.554443874], [568440.9117931066, 5449133.596734124], [568436.9015959689, 5449132.601903579], [568418.9174804009, 5449122.561174836], [568395.8184235122, 5449116.57092506], [568357.9073020422, 5449105.649639442], [568343.8147434234, 5449102.628627363], [568331.9446410282, 5449099.624115252], [568312.8875239443, 5449095.585606991], [568299.8313179204, 5449090.676304265], [568275.9486356145, 5449082.619986911], [568263.8044008143, 5449080.568393065], [568249.832761327, 5449076.60416692], [568236.8083980219, 5449072.640471555], [568212.9119384377, 5449061.571149821], [568188.8157153704, 5449049.554428137], [568175.9122654368, 5449044.6473158505], [568154.9109212491, 5449034.570256512], [568136.8866753192, 5449023.584876072], [568117.868641556, 5449011.631187003], [568097.9213610828, 5448997.609180259], [568079.8757538903, 5448983.610802341], [568062.8239461174, 5448970.569669347], [568029.8589565539, 5448952.584828562], [568026.8775034399, 5448949.701761098], [568003.9345861021, 5448938.645103925], [567990.9097586834, 5448934.682051058], [567977.9103095799, 5448928.662406486], [567955.8570079696, 5448927.601257259], [567954.8907609729, 5448948.647535664], [567957.9528873891, 5448968.64269764], [567958.9106537497, 5448982.585865434], [567962.9591890562, 5448994.676961877], [567968.8138853302, 5449005.667360665], [567976.9555423902, 5449015.585207969], [567993.9076597057, 5449032.5829246845], [568005.8809842425, 5449045.5610834705], [568014.9154169081, 5449061.660703322], [568024.9011870814, 5449081.574639551], [568028.88894117, 5449098.5682356795], [568026.8288802109, 5449122.614057778], [568027.8681325273, 5449134.656963747], [568030.808895114, 5449155.595838226], [568035.9507963927, 5449164.687323717], [568054.907813822, 5449181.554315241], [568078.888948099, 5449204.642989598], [568102.902891133, 5449218.559562695], [568125.8656406853, 5449232.618791202], [568137.0301072515, 5449240.0], [568148.0692143055, 5449240.0], [568145.7957930989, 5449238.226201139], [568135.8411771613, 5449231.839803773], [568126.9933449979, 5449227.697511267], [568119.252294069, 5449225.799323577], [568112.9043241242, 5449223.690305824], [568107.9495737535, 5449221.370634393], [568104.3878614949, 5449218.840225201], [568102.2193200594, 5449216.099030628], [568100.7360761805, 5449212.815645046], [568099.9381778797, 5449208.9902017675], [568099.8255343137, 5449204.622658631], [568100.3981875982, 5449199.712925285], [568099.6001990318, 5449195.88744132], [568097.4316597009, 5449193.146248633], [568093.8925697652, 5449191.489346614], [568088.98283849, 5449190.916692157], [568085.6318676911, 5449189.779319436], [568083.8398385728, 5449188.077313915], [568083.6065273286, 5449185.81068174], [568084.9320666126, 5449182.97937487], [568084.5105464183, 5449180.193170654], [568082.3420096724, 5449177.45197841], [568078.4264568696, 5449174.755797765], [568072.7638460915, 5449172.104718612], [568068.6825706115, 5449169.762518273], [568066.1826723082, 5449167.729106703], [568065.2640659395, 5449166.004665451], [568065.9268360059, 5449164.589013396], [568065.5504615264, 5449163.549778284], [568064.1348095891, 5449162.887008232], [568061.6798802045, 5449162.600703057], [568058.1858063478, 5449162.690814299], [568055.8291075797, 5449159.429959055], [568054.6096088522, 5449152.818277518], [568054.5275757588, 5449142.855675763], [568055.5827834064, 5449129.542162953], [568054.5820548439, 5449117.855088116], [568051.5254348838, 5449107.794358536], [568046.4130158348, 5449099.360014351], [568039.2446657068, 5449092.552101284], [568033.9665286181, 5449084.4717394], [568030.5785554344, 5449075.118797738], [568029.0808410714, 5449064.493544186], [568029.4732872208, 5449052.5957143195], [568028.3294146002, 5449042.136017593], [568025.6493153687, 5449033.114494747], [568021.4329482038, 5449025.531234649], [568015.6802655698, 5449019.3861025], [568011.885323613, 5449014.588991055], [568010.0481690043, 5449011.140033376], [568010.16884321, 5449009.039138722], [568012.2472552435, 5449008.286264331], [568014.2805688949, 5449005.786341104], [568016.268874406, 5449001.539411902], [568018.2121714111, 5448995.545477483], [568020.110368931, 5448987.80449652], [568025.5927244992, 5448983.467462353], [568034.6592385639, 5448982.534371442], [568047.309914094, 5448985.005220201], [568063.544756609, 5448990.880004999], [568077.8894040613, 5448998.027230329], [568090.3438568108, 5449006.446899947], [568100.9081629014, 5449016.139150415], [568109.5822735262, 5449027.1038520355], [568117.5035078588, 5449035.990143845], [568124.6718635584, 5449042.798024464], [568131.0873385835, 5449047.527492913], [568136.749931205, 5449050.178548616], [568140.8311960552, 5449052.520729326], [568143.331090185, 5449054.554126216], [568144.2496555841, 5449056.278649018], [568143.5868919358, 5449057.694297815], [568144.317290596, 5449058.899160296], [568146.440718707, 5449059.893284541], [568149.9573575895, 5449060.676755058], [568154.8670684973, 5449061.249395869], [568158.2179794504, 5449062.386622091], [568160.0100056018, 5449064.088615522], [568160.2433222079, 5449066.355237761], [568158.917795888, 5449069.1865371475], [568158.7972226244, 5449071.287479575], [568159.8814696701, 5449072.6581131], [568162.1705795352, 5449073.298346881], [568165.6646427509, 5449073.208222986], [568169.3695360495, 5449074.5111710215], [568173.285084559, 5449077.207329899], [568177.4113737183, 5449081.296518732], [568181.7484523808, 5449086.778871068], [568185.8748346905, 5449090.868102565], [568189.7903869613, 5449093.5642608665], [568193.4951510063, 5449094.867255053], [568196.9892168602, 5449094.777127411], [568200.4607944973, 5449093.81344821], [568203.9097505857, 5449091.976265709], [568207.3362660202, 5449089.265664906], [568210.7402017002, 5449085.681470609], [568215.228429069, 5449083.4678177945], [568220.8009061265, 5449082.624796266], [568227.4576336087, 5449083.152405304], [568235.1986549366, 5449085.050553667], [568241.2151555205, 5449087.867272421], [568245.5071353687, 5449091.602562908], [568248.0746847921, 5449096.25646866], [568248.917712559, 5449101.828948142], [568250.2578210547, 5449106.339665682], [568252.0950103957, 5449109.788620721], [568254.4292381349, 5449112.175903389], [568257.2605465845, 5449113.501422693], [568259.0526724155, 5449115.203455748], [568259.805567332, 5449117.281869786], [568259.519231118, 5449119.736664964], [568258.1937116918, 5449122.567974361], [568259.15739901, 5449126.039553902], [568262.4102457699, 5449130.151270593], [568267.9521683321, 5449134.903305186], [568275.7833436857, 5449140.295517954], [568282.5753806698, 5449146.06415428], [568288.3281458927, 5449152.209263297], [568293.0416388763, 5449158.730845848], [568296.7159920989, 5449165.628854486], [568301.926701886, 5449171.088624369], [568308.6735929569, 5449175.11029266], [568316.9567498371, 5449177.693676457], [568326.7762199556, 5449178.838907059], [568335.0368450354, 5449180.548822925], [568341.7387582524, 5449182.823377304], [568346.8817841467, 5449185.662710193], [568350.4660073679, 5449189.06664138], [568352.7247174894, 5449195.3018935835], [568353.6579142383, 5449204.368468924], [568353.2655965562, 5449216.266370154], [568351.5477625714, 5449230.9956006305], [568350.9749786725, 5449240.0], [568409.1925303786, 5449240.0], [568412.6862275272, 5449235.886482089]]], [[[568590.3345204028, 5449237.07135594], [568585.7561208217, 5449235.790995117], [568582.0963613224, 5449236.235063823], [568579.3551988632, 5449238.403653067], [568576.9029662429, 5449239.0478467755], [568578.362789296, 5449240.0], [568595.6918515597, 5449240.0], [568590.3345204028, 5449237.07135594]]]]}}, {"type": "Feature", "properties": {"role": "valid_footprint"}, "geometry": {"type": "Polygon", "coordinates": [[[563960.0, 5443240.0, 76.84874521404521], [563960.0, 5449240.0, 76.84874521404521], [569960.0, 5449240.0, 76.84874521404521], [569960.0, 5443240.0, 76.84874521404521], [563960.0, 5443240.0, 76.84874521404521]]]}}]}