{"type": "FeatureCollection", "crs": {"type": "name", "properties": {"name": "EPSG:32610"}}, "features": [{"type": "Feature", "properties": {"class": 1, "timestamp_utc": "2025-12-21 14:16:46+00:00", "source_product": "Flood_CAN_BC_LowerFraser_20251221_141646"}, "geometry": {"type": "MultiPolygon", "coordinates": [[[[563961.8059488407, 5448017.642199893], [563980.8623639164, 5448021.665585687], [563996.8544801354, 5448024.697323906], [564015.8778949061, 5448031.566762574], [564033.9395289375, 5448034.6336459275], [564055.8687223814, 5448041.692602144], [564079.8504910944, 5448054.634722659], [564089.8156159926, 5448057.6078316355], [564110.860603395, 5448068.614799427], [564133.9106982234, 5448084.559341483], [564157.9484879973, 5448097.669235155], [564178.8726803515, 5448109.631189017], [564201.8825580685, 5448124.619447124], [564220.9206295441, 5448139.572621478], [564241.8271244519, 5448158.661354758], [564258.8998267216, 5448169.622639541], [564281.9437912158, 5448171.636698646], [564285.8117220949, 5448170.569951212], [564295.9550501092, 5448162.616391967], [564304.8397994989, 5448152.580059714], [564324.9364884279, 5448128.587820072], [564333.9482361987, 5448122.677983764], [564344.8214645418, 5448119.636097482], [564355.8384126122, 5448118.652822326], [564377.9279135864, 5448120.656029744], [564397.8570220312, 5448131.662192719], [564418.9401650024, 5448148.685750459], [564433.8761601998, 5448166.593670593], [564439.8175257137, 5448184.563424729], [564447.8795214426, 5448192.573741324], [564457.8602759376, 5448198.549653084], [564469.8076062594, 5448199.634344423], [564480.8873273921, 5448202.621155904], [564484.835730437, 5448199.654334942], [564500.926281655, 5448188.601924427], [564508.8861790753, 5448186.638135676], [564520.9373969351, 5448187.5684292475], [564542.8096235858, 5448190.67056884], [564551.9559711642, 5448195.691869914], [564563.8468480101, 5448196.620399688], [564576.8808097468, 5448184.576253865], [564591.806083998, 5448179.692213528], [564609.8850149597, 5448175.623410216], [564656.8593055662, 5448165.566974497], [564680.8191612506, 5448161.567367741], [564706.8170277228, 5448159.659708359], [564719.913134854, 5448156.644647331], [564739.8771472808, 5448154.6663758885], [564759.8885309986, 5448153.633737676], [564771.8937818258, 5448148.549180908], [564793.841799162, 5448139.623195203], [564817.9149689465, 5448134.680416645], [564830.8508471826, 5448131.663737823], [564844.9415538395, 5448129.6057451395], [564866.8319799614, 5448125.593702122], [564910.9108055192, 5448114.549255789], [564931.9442494727, 5448106.569267007], [564953.9326064419, 5448098.589531195], [564975.8810949543, 5448089.66434525], [565005.8694830355, 5448080.678302831], [565022.8340851478, 5448076.597684057], [565043.850861084, 5448070.674802866], [565067.8057141071, 5448061.6068557715], [565090.862191799, 5448052.695240087], [565109.8565691975, 5448047.7048497945], [565122.8325812754, 5448045.634412277], [565146.9066086706, 5448040.693047328], [565169.8671557967, 5448030.668754877], [565182.9408846542, 5448024.652559029], [565194.9071417332, 5448018.612273051], [565207.8279417158, 5448012.594268711], [565230.9247185348, 5448004.628778652], [565241.8457714817, 5448002.545392766], [565259.7990897498, 5447995.630881287], [565282.920423132, 5447985.609047143], [565303.9152205604, 5447976.673772687], [565315.8007761214, 5447972.545077021], [565329.9501735789, 5447965.585874262], [565351.899841768, 5447956.662191577], [565359.8774269824, 5447952.642900881], [565375.9307503942, 5447940.636383275], [565395.8280690545, 5447929.631652564], [565419.8819462823, 5447916.608293828], [565440.869957423, 5447907.673557904], [565451.9063596654, 5447899.577023243], [565467.8222583022, 5447890.582123358], [565473.8112091125, 5447884.638222869], [565485.9181720968, 5447876.621166175], [565491.9274677228, 5447872.6565101445], [565512.8950154326, 5447855.649957042], [565535.8118360495, 5447839.611660383], [565554.9228603292, 5447828.587098997], [565575.8509589212, 5447810.635219333], [565592.8545755416, 5447793.570637251], [565610.8468609382, 5447773.671719645], [565618.8195653651, 5447764.5828285655], [565634.8063664193, 5447743.559355708], [565646.8679625512, 5447724.701853757], [565659.837776623, 5447703.642509975], [565671.8133721012, 5447681.615254363], [565678.8127490677, 5447660.629544432], [565683.8096824524, 5447648.659020201], [565687.9089523496, 5447635.56607914], [565695.8333874301, 5447611.589380355], [565700.8304859231, 5447599.618957739], [565711.8344162264, 5447579.637125547], [565738.809086747, 5447540.688727638], [565757.8937229064, 5447521.592684982], [565775.8873157697, 5447501.705301874], [565795.9197093159, 5447482.620643246], [565814.9081097319, 5447463.690323155], [565832.9005419931, 5447447.5945457965], [565850.8758520865, 5447433.5554249715], [565869.9021735026, 5447420.640713811], [565886.858649912, 5447407.70140304], [565921.8326586209, 5447376.610007517], [565931.8988650157, 5447370.5485365875], [565940.9213113295, 5447367.654437661], [565954.831701712, 5447362.595098808], [565976.9377884786, 5447353.6756139165], [565988.9063872336, 5447347.63697747], [566012.9495400324, 5447334.62713352], [566034.9201731359, 5447323.649467043], [566054.9567050162, 5447314.705611459], [566059.9184633492, 5447310.640174238], [566066.9254110351, 5447308.66712522], [566073.9497580798, 5447304.637460124], [566094.8998319156, 5447298.550961175], [566114.9486650438, 5447294.677379627], [566149.9350471676, 5447287.65864557], [566163.8855020357, 5447283.545291424], [566187.93424833, 5447275.595018147], [566200.9539337062, 5447270.692471513], [566216.8656090917, 5447261.699711626], [566239.858926549, 5447247.566399797], [566260.8461213148, 5447233.564707286], [566280.8288402532, 5447220.662913272], [566299.9360460581, 5447209.651846359], [566307.9329435626, 5447203.566233225], [566327.9086415983, 5447190.664463998], [566350.8454321974, 5447177.642810745], [566370.9400722733, 5447167.588935044], [566387.868842753, 5447162.56688155], [566396.921346315, 5447162.675813371], [566440.8213085851, 5447162.570499118], [566461.9197709347, 5447163.613949839], [566482.9045777196, 5447165.612291438], [566501.9155904795, 5447168.687642958], [566521.8248776715, 5447171.618274231], [566541.8373752995, 5447175.662004555], [566558.9041702983, 5447181.571394417], [566579.8687355336, 5447190.68564105], [566602.8393007632, 5447199.679545685], [566625.8890849759, 5447210.564621491], [566645.9204595741, 5447222.680883986], [566666.8720699023, 5447237.665646939], [566690.8954032898, 5447256.634652632], [566723.824200579, 5447289.653749296], [566742.8658386949, 5447304.615756642], [566764.8478097103, 5447326.5734629715], [566780.854303509, 5447343.544617948], [566797.859177054, 5447366.554052512], [566808.841693661, 5447383.631261585], [566810.852072081, 5447388.569953087], [566826.8187095168, 5447404.595708688], [566849.82881531, 5447424.6650468], [566867.8230974632, 5447443.572921499], [566877.872485392, 5447463.640871315], [566884.9032666683, 5447473.543601215], [566900.8339450804, 5447493.694028486], [566912.8923898141, 5447508.560875853], [566928.9414211034, 5447531.559146047], [566934.9382888611, 5447539.548144215], [566948.816431833, 5447557.616950614], [566964.924829071, 5447575.701761921], [566968.9162803917, 5447582.554623226], [566977.9125445168, 5447592.648055036], [566992.8275077092, 5447607.549744837], [567014.8886119081, 5447627.6082865875], [567033.9323051396, 5447647.641347682], [567046.8625056064, 5447665.687786773], [567058.8556507307, 5447681.665921494], [567092.8317714769, 5447724.6732069915], [567108.9044031232, 5447745.615515281], [567125.8381536072, 5447764.667044326], [567137.859740265, 5447783.658812095], [567145.8804797832, 5447799.588943526], [567163.9508015284, 5447821.656343198], [567179.8231503946, 5447841.640208112], [567195.9093634876, 5447865.595931599], [567209.8326521796, 5447884.611113932], [567226.8051009825, 5447904.608458047], [567245.8864761838, 5447925.587794762], [567265.8004454222, 5447938.649921967], [567287.816045131, 5447952.694036843], [567297.8230456278, 5447961.688497658], [567305.8070806192, 5447971.603403109], [567322.9465429165, 5447991.603123062], [567338.8105536378, 5448011.587334847], [567351.7997810752, 5448033.604559837], [567359.8257904514, 5448040.662585431], [567379.8572023261, 5448056.584013642], [567392.8845286404, 5448070.685589348], [567395.8200621211, 5448072.622673941], [567406.9560373868, 5448084.633074122], [567421.8289241521, 5448098.590474627], [567438.9461225838, 5448115.577271775], [567451.9131791173, 5448134.581314094], [567466.9461592669, 5448158.680740236], [567477.9072479301, 5448167.676042541], [567486.933813097, 5448168.586974091], [567495.8674723038, 5448164.571412769], [567509.8768215117, 5448155.559122227], [567533.9409378662, 5448136.696696094], [567543.9080306948, 5448134.606224238], [567554.9397182905, 5448136.642483808], [567574.9481297712, 5448140.678944094], [567589.9345199886, 5448143.553193247], [567611.8305369907, 5448144.621964607], [567617.9252504081, 5448148.654801955], [567623.8209556534, 5448160.601394727], [567627.9604727239, 5448179.6533867875], [567630.83919699, 5448191.563101678], [567638.9215580543, 5448207.650358433], [567644.8242431686, 5448219.608293939], [567652.8852433778, 5448232.682217302], [567668.946959953, 5448253.626024421], [567680.8660756495, 5448276.575966856], [567696.8095680386, 5448294.661006273], [567702.889910792, 5448314.693073286], [567702.8724310354, 5448325.622188383], [567693.8927932109, 5448344.66895144], [567690.8583860917, 5448355.5610129405], [567690.9226674389, 5448364.578843626], [567690.8653342105, 5448384.691129642], [567684.878337273, 5448404.575169643], [567673.8861427506, 5448413.62405267], [567669.818540435, 5448422.602202683], [567669.8400342441, 5448425.604466401], [567700.9147518716, 5448462.56512936], [567703.8532775827, 5448469.572402404], [567704.9326642441, 5448482.571804377], [567708.9395248765, 5448488.636123073], [567719.9175314397, 5448495.575246311], [567726.8273922624, 5448502.631323948], [567733.9189304883, 5448512.6915424075], [567743.9247394517, 5448530.548173813], [567763.9170820777, 5448550.595478382], [567785.9503848347, 5448567.643900989], [567807.9414831271, 5448568.547924284], [567811.8734508092, 5448567.651201412], [567815.8841147143, 5448568.645588431], [567818.9008374255, 5448568.682647029], [567829.8391806425, 5448574.676517256], [567831.8663606481, 5448577.547694111], [567841.8280663352, 5448590.656465245], [567839.8264972762, 5448594.590035554], [567829.8282227473, 5448604.606970836], [567810.8969101988, 5448618.627926624], [567809.8033980835, 5448621.616398145], [567815.8657684358, 5448633.565439136], [567830.8530614951, 5448651.650190842], [567843.9565950055, 5448667.643914639], [567857.9541600217, 5448688.563035094], [567871.9122297297, 5448699.6529263435], [567875.8623583689, 5448705.560889692], [567875.8655366041, 5448710.6308948025], [567873.8634382507, 5448733.565720531], [567874.8604743478, 5448739.593020023], [567880.8153202382, 5448746.63750008], [567891.8703193858, 5448765.619176308], [567896.841976464, 5448785.626782937], [567897.856363572, 5448808.598594156], [567897.8448175549, 5448829.667827835], [567896.9181782994, 5448851.659678261], [567892.8539466345, 5448874.569066772], [567890.8123773695, 5448896.558236676], [567889.8070274221, 5448916.65900409], [567894.9102042946, 5448933.666226644], [567898.8061533336, 5448954.616673432], [567900.8144102537, 5448978.545915477], [567906.8678471795, 5449000.634835989], [567917.9508241815, 5449022.618879812], [567926.9462222748, 5449046.6452175975], [567936.9534564508, 5449069.572332734], [567939.8340851722, 5449077.679709379], [567948.8655269207, 5449097.5816792855], [567957.8182323396, 5449115.59260489], [567971.9352161939, 5449135.557286483], [567988.8689132704, 5449154.611593106], [568003.9329203141, 5449174.5880732145], [568015.8697504894, 5449191.679630162], [568031.9484583554, 5449215.6267989], [568036.9269464583, 5449219.646431819], [568059.8154125051, 5449235.605778353], [568066.6438094492, 5449240.0], [568137.0301072529, 5449240.0], [568125.8656406834, 5449232.618791202], [568102.9028911311, 5449218.559562694], [568078.8889480972, 5449204.642989595], [568054.907813822, 5449181.554315243], [568035.9507963927, 5449164.687323717], [568030.8088951177, 5449155.5958382245], [568027.8681325255, 5449134.656963744], [568026.8288802147, 5449122.614057776], [568028.8889411737, 5449098.568235676], [568024.9011870795, 5449081.574639551], [568014.9154169062, 5449061.660703322], [568005.8809842387, 5449045.561083474], [567993.9076597057, 5449032.582924684], [567976.9555423902, 5449015.585207969], [567968.8138853321, 5449005.667360667], [567962.9591890543, 5448994.676961872], [567958.910653746, 5448982.585865435], [567957.9528873891, 5448968.64269764], [567954.8907609747, 5448948.647535664], [567955.8570079696, 5448927.601257254], [567977.9103095836, 5448928.662406486], [567990.9097586834, 5448934.682051058], [568003.9345860984, 5448938.645103922], [568026.877503438, 5448949.701761098], [568029.8589565556, 5448952.584828567], [568062.8239461154, 5448970.569669351], [568079.8757538866, 5448983.610802341], [568097.9213610846, 5448997.609180261], [568117.868641558, 5449011.631186997], [568136.8866753229, 5449023.584876068], [568154.9109212472, 5449034.570256512], [568175.9122654388, 5449044.647315849], [568188.8157153667, 5449049.554428135], [568212.9119384377, 5449061.571149818], [568236.8083980219, 5449072.640471555], [568249.8327613252, 5449076.604166918], [568263.8044008143, 5449080.568393067], [568275.9486356127, 5449082.619986911], [568299.8313179222, 5449090.676304269], [568312.8875239444, 5449095.585606987], [568331.9446410282, 5449099.624115255], [568343.8147434234, 5449102.628627363], [568357.9073020441, 5449105.64963944], [568395.818423514, 5449116.570925058], [568418.9174803973, 5449122.561174832], [568436.901595967, 5449132.601903579], [568440.9117931065, 5449133.596734128], [568448.8319309634, 5449139.554443875], [568460.88323998, 5449145.563401169], [568479.8352896911, 5449158.6292958055], [568497.8984007414, 5449161.699954443], [568518.9562724883, 5449170.667211728], [568537.8381677455, 5449180.563716185], [568568.8369260965, 5449180.626640849], [568587.9118019466, 5449182.609437841], [568600.8292071192, 5449181.658235008], [568606.9058696381, 5449177.620072808], [568612.8149616993, 5449173.579790006], [568613.9089843321, 5449170.580339216], [568636.8505724611, 5449157.568118654], [568642.8233530496, 5449153.684348648], [568650.8385659994, 5449145.545379359], [568649.8899097898, 5449131.602258055], [568623.9061663836, 5449146.633300901], [568601.8380242259, 5449152.6962636635], [568577.9440764488, 5449155.567801209], [568566.8316865597, 5449156.697165549], [568560.9126730179, 5449155.66734041], [568547.8349681207, 5449156.616709792], [568537.9522803474, 5449155.548775523], [568532.9485158586, 5449153.585344121], [568511.8097242313, 5449137.645787579], [568491.9567904518, 5449119.665341417], [568471.910725447, 5449109.598911395], [568448.9045489976, 5449099.651458133], [568435.8876517373, 5449095.687385394], [568421.9481889019, 5449092.668055996], [568377.850932312, 5449081.669854135], [568356.8501341341, 5449071.592012797], [568343.9468554894, 5449066.684517115], [568329.87257978, 5449061.595855561], [568317.8027515148, 5449057.64386737], [568294.8634427345, 5449051.667111619], [568284.9341608741, 5449049.642883184], [568264.8874820034, 5449039.577208167], [568243.868083372, 5449031.556485212], [568221.9365684579, 5449020.678170132], [568203.9517710939, 5449010.638179053], [568179.8946182895, 5448999.56705056], [568176.9133204836, 5448996.68385434], [568173.8575469751, 5448995.689885076], [568164.8867102393, 5448988.618959244], [568156.945083535, 5448979.648367881], [568144.9550429482, 5448958.597629055], [568125.8340917864, 5448936.6694498], [568105.8836403736, 5448917.5774428975], [568089.8073771313, 5448898.700089436], [568061.8903140589, 5448862.565435928], [568047.8546957476, 5448840.700273661], [568040.8608885512, 5448821.612744969], [568034.9457003706, 5448806.652265994], [568027.8521255804, 5448782.649121099], [568016.9547320777, 5448758.610278784], [568000.9097569037, 5448740.678623031], [567975.9145331068, 5448718.667460382], [567952.92793109, 5448701.606650761], [567950.0232351475, 5448700.16996984], [567934.88418866, 5448692.667547379], [567924.9580874136, 5448685.585192043], [567919.9364322417, 5448675.550211945], [567916.813442104, 5448651.596171921], [567917.8146398261, 5448627.692890903], [567917.9546707214, 5448614.552695429], [567917.948087332, 5448595.551315109], [567919.8254037176, 5448578.630089821], [567919.8441956697, 5448557.572172955], [567917.8170504791, 5448554.700913364], [567916.8412575747, 5448551.675803933], [567912.8952519023, 5448549.570338898], [567905.889154216, 5448551.540976391], [567881.839160142, 5448564.553592805], [567873.860495188, 5448568.569224929], [567853.92827222, 5448562.620243558], [567853.8889015489, 5448561.674733843], [567849.8357178825, 5448554.653719929], [567848.8245486245, 5448545.613161239], [567854.8515218777, 5448535.558421349], [567870.8867412694, 5448530.68574968], [567886.9406747778, 5448513.627584983], [567900.8859780766, 5448495.587405051], [567904.8327831583, 5448478.691597376], [567900.8761707172, 5448462.643583142], [567897.8167641328, 5448456.590889992], [567892.9583786692, 5448451.627861136], [567892.5663080084, 5448451.511902039], [567879.932315528, 5448447.665139812], [567873.8595011078, 5448446.634253128], [567860.8194052366, 5448439.669333802], [567840.9480644495, 5448427.55049051], [567828.91224269, 5448410.613824974], [567822.8323909419, 5448390.5927080475], [567820.8875468269, 5448375.681318108], [567815.9545200181, 5448356.6194211], [567811.8617315363, 5448348.6528228605], [567805.9027810819, 5448327.677100157], [567797.9388462037, 5448305.5648591565], [567788.8981521446, 5448285.663108332], [567777.8991494931, 5448265.570551187], [567763.8183776315, 5448246.563087266], [567744.4853296096, 5448223.777614434], [567729.864947927, 5448206.553674003], [567718.9038410832, 5448188.6853533685], [567704.840820109, 5448167.610258833], [567689.9118959319, 5448144.623346342], [567676.920266395, 5448127.686328592], [567665.9025918508, 5448109.6506931195], [567653.8835351618, 5448090.657672358], [567641.8895751823, 5448069.608098472], [567627.9468091622, 5448047.5896733245], [567612.8317239777, 5448026.657581637], [567600.876756441, 5448006.564819336], [567588.8393281802, 5447989.628629257], [567567.835814095, 5447965.622608688], [567547.954167946, 5447944.632290696], [567535.9378822973, 5447920.580776836], [567529.8169791603, 5447899.603367576], [567523.8921185564, 5447884.643402549], [567518.8082053339, 5447870.63883805], [567515.9119684278, 5447869.658277858], [567511.8191364444, 5447870.564415693], [567508.8872979005, 5447873.686100346], [567505.8530221684, 5447884.578363914], [567504.8060758933, 5447898.6635672785], [567502.925579887, 5447901.642475098], [567496.9127966446, 5447904.581988985], [567489.8667549553, 5447905.596500197], [567465.8103724949, 5447904.679637551], [567445.8620446186, 5447904.591399375], [567422.8393810338, 5447905.577519047], [567411.8288190123, 5447906.543673271], [567401.8002663905, 5447904.686719519], [567398.9003928375, 5447898.636254507], [567399.8683002656, 5447882.648858575], [567401.9522110026, 5447875.547413933], [567411.8120526997, 5447868.541000872], [567417.8641665421, 5447866.558139274], [567450.9251840048, 5447866.650875786], [567455.830140467, 5447863.697812883], [567459.8555625117, 5447857.576297159], [567460.8882509631, 5447850.617806528], [567456.8161224329, 5447845.6537105255], [567448.2753437256, 5447841.33539564], [567438.8653635102, 5447836.572896189], [567404.9226295617, 5447815.566962029], [567388.9158285214, 5447803.663843794], [567377.9013558456, 5447799.5600718865], [567356.9012072819, 5447799.6261096895], [567352.8504982459, 5447797.675440911], [567318.8170441204, 5447759.568942566], [567303.881851809, 5447741.653020433], [567277.9445079206, 5447703.65671999], [567265.9448391981, 5447687.66683039], [567245.9256311946, 5447664.630233123], [567233.9546302169, 5447651.653851346], [567216.8354889196, 5447634.656628265], [567194.9138112325, 5447611.5859516105], [567190.061682401, 5447606.001028459], [567174.8940467204, 5447588.549610528], [567153.9436078462, 5447564.701519166], [567129.958760243, 5447541.606002048], [567113.9324141383, 5447521.609334773], [567097.9234825817, 5447499.567227882], [567082.9474626083, 5447480.695237285], [567069.9354507283, 5447464.548982504], [567056.9477714052, 5447447.602491421], [567041.9148135639, 5447428.58542337], [567027.8118011586, 5447411.625469328], [567009.9218670174, 5447392.562599809], [566995.9570507031, 5447372.602430773], [566984.8711683286, 5447355.679302588], [566970.8497790196, 5447335.562858845], [566942.824755512, 5447304.658583257], [566925.9065870747, 5447283.550971432], [566910.8333732361, 5447263.577590384], [566891.8796093259, 5447239.58810187], [566884.9275307655, 5447231.5875319755], [566875.8555253465, 5447224.673238495], [566867.8527499079, 5447215.548243638], [566839.8181076652, 5447195.573640392], [566837.868927751, 5447194.604991692], [566821.9236240195, 5447181.581409693], [566801.8353166231, 5447170.5756714195], [566783.8022879869, 5447159.583772742], [566762.8578349132, 5447144.609779696], [566738.8489947675, 5447128.642542868], [566714.8868627162, 5447113.621106324], [566706.2520340234, 5447109.102761205], [566693.8431127187, 5447102.604212148], [566669.8954624394, 5447090.596197997], [566648.8341544397, 5447081.625057791], [566628.8066113507, 5447074.578819833], [566616.8519980819, 5447069.686999865], [566593.9276794369, 5447061.649757412], [566572.8068805154, 5447057.592546631], [566553.8446499677, 5447054.673165408], [566529.8491888619, 5447052.638221888], [566513.8775513156, 5447052.601412478], [566500.8765425032, 5447051.65532815], [566475.9085184106, 5447051.676910732], [566451.9523771824, 5447050.598954553], [566433.8242973426, 5447048.6351548545], [566409.9272961114, 5447042.643875389], [566387.9327033432, 5447036.675623781], [566367.9441376496, 5447030.586952851], [566343.822409856, 5447025.693899844], [566327.8680243809, 5447023.612032073], [566316.8264142055, 5447021.578131986], [566292.8132074536, 5447021.600944188], [566270.9197303946, 5447020.548571747], [566256.9242473083, 5447018.634912458], [566233.9054342515, 5447019.626086312], [566209.8921258404, 5447019.660378193], [566196.810041576, 5447020.604176482], [566178.8890041307, 5447019.599803214], [566165.944938592, 5447017.543415114], [566145.8793296173, 5447019.682196745], [566125.8955223585, 5447018.653305883], [566109.916513551, 5447018.617449426], [566085.8636264544, 5447017.69566957], [566071.9474035016, 5447017.684728464], [566047.830756485, 5447016.606588488], [566002.9185016225, 5447016.547348349], [565981.8831425833, 5447015.662070452], [565957.8626539623, 5447015.686269731], [565938.8336560183, 5447014.669477977], [565928.9293662851, 5447015.662945812], [565908.9382130612, 5447014.634766465], [565882.8623032058, 5447014.634749855], [565868.83264331, 5447015.579050896], [565855.8935735789, 5447018.59333106], [565832.8728390812, 5447024.644921605], [565811.9545561482, 5447031.6779098855], [565805.9266198569, 5447031.60603185], [565767.806056763, 5447044.615750231], [565743.8305876014, 5447050.667567751], [565731.9259960033, 5447055.584475765], [565711.8870378083, 5447069.59943908], [565697.8322716764, 5447088.58885051], [565683.9060092756, 5447109.647761002], [565671.9536616759, 5447129.618388827], [565659.8186602507, 5447146.573863171], [565640.9557954615, 5447169.619900772], [565633.8838267262, 5447188.703605795], [565631.9211970851, 5447198.6533927955], [565631.8682554946, 5447208.62582341], [565635.9272161395, 5447229.576349148], [565638.861147507, 5447252.57040046], [565638.8908150216, 5447274.584896195], [565639.9529551109, 5447284.570527924], [565638.9484197235, 5447304.671554358], [565635.8905359531, 5447338.679168955], [565632.8824100008, 5447352.574628906], [565627.8283341583, 5447365.6561809005], [565617.8413067869, 5447389.608442941], [565616.9521337274, 5447403.695805415], [565615.8933481431, 5447418.559354981], [565612.9415953781, 5447432.622201567], [565609.8937452228, 5447445.572150631], [565605.9476578374, 5447458.666918934], [565597.8630335993, 5447482.641809916], [565589.8992933979, 5447505.661977892], [565580.8600764469, 5447529.6255501965], [565574.8515594236, 5447542.6959035965], [565564.8180775404, 5447565.691447763], [565556.8888476801, 5447584.598368589], [565544.8737868296, 5447605.680294189], [565533.9273733497, 5447624.551344941], [565518.831163322, 5447646.697551772], [565507.8451087266, 5447664.6231006915], [565496.8195499927, 5447681.592036567], [565479.8385690696, 5447701.659091825], [565452.9248783469, 5447735.695067303], [565440.8597621047, 5447745.691743119], [565435.865193628, 5447752.592571656], [565414.9127923496, 5447772.612679302], [565403.8196701786, 5447780.564063268], [565381.8405964016, 5447798.670972592], [565361.8548087382, 5447811.575836033], [565339.8947866601, 5447822.5563128255], [565301.932155707, 5447840.629846739], [565291.8918769968, 5447844.635877756], [565270.8966353616, 5447853.571075078], [565248.8500454596, 5447862.649627131], [565224.9582681251, 5447870.605721392], [565211.9011384146, 5447874.565144648], [565187.9055532247, 5447882.675854206], [565167.8595762216, 5447886.55275112], [565143.865699861, 5447889.593780258], [565110.8036269498, 5447894.584690978], [565098.9348623424, 5447896.668246454], [565077.877505712, 5447901.645416479], [565055.8956131648, 5447909.613670111], [565035.9518728051, 5447919.674010927], [565001.9003954978, 5447932.570093906], [564978.9168006607, 5447939.592912236], [564956.8483276705, 5447945.659314817], [564936.8255502542, 5447952.550384272], [564922.877748507, 5447956.666680575], [564900.8262961279, 5447960.67662092], [564886.9353423894, 5447963.682000049], [564873.8785996283, 5447967.642163722], [564852.8386274842, 5447970.563506464], [564829.8385996004, 5447979.632460784], [564796.8171151434, 5447985.58190303], [564782.886428548, 5447987.641977614], [564758.8126210307, 5447992.584904446], [564735.910284981, 5447997.697325359], [564711.8534292951, 5448000.583747354], [564687.9002708265, 5448004.572184898], [564664.9017493575, 5448008.583172353], [564657.8322609692, 5448011.6578772785], [564641.8792548435, 5448014.639601185], [564630.8620209533, 5448015.622275649], [564604.8005236437, 5448013.571546105], [564590.88666131, 5448013.5753337415], [564575.8485021198, 5448015.611872354], [564566.9105334658, 5448014.5621765135], [564558.8538263933, 5448016.68043484], [564534.9416366199, 5448016.556347045], [564517.9301658747, 5448019.6816616], [564501.8178850351, 5448017.592095426], [564481.806216187, 5448018.625592568], [564455.8880028322, 5448018.645162926], [564434.8086006002, 5448020.611495806], [564390.8281645249, 5448022.632886563], [564375.8465787675, 5448023.569883941], [564363.8183404545, 5448025.642018844], [564354.9108968321, 5448027.594990756], [564330.934832891, 5448028.582889312], [564317.9518132285, 5448030.655117555], [564281.9319397116, 5448030.668873364], [564278.9145950268, 5448030.667134716], [564256.8645421134, 5448029.6208967], [564247.869976825, 5448029.671748185], [564225.8206515939, 5448023.555717927], [564213.9060153974, 5448019.625676181], [564190.8054145046, 5448013.653308998], [564166.9430626895, 5448008.628173068], [564153.8076772112, 5448005.618065389], [564141.9329850056, 5448002.633695688], [564114.8611578202, 5447991.545510894], [564099.8260702054, 5447982.6652576495], [564077.9133291262, 5447973.5494994465], [564054.9259345735, 5447961.563984105], [564054.686560378, 5447961.461154478], [564030.806905841, 5447951.622338925], [564017.8410064334, 5447946.557623448], [564004.8423148731, 5447940.547560816], [563980.8998817643, 5447928.551237577], [563976.8081261329, 5447925.657522178], [563960.0, 5447919.772659215], [563960.0, 5448017.109230744], [563961.8059488407, 5448017.642199893]], [[567963.9380995522, 5448768.563646523], [567970.8515676749, 5448770.550084701], [567977.8925435884, 5448774.594972392], [567982.8787827864, 5448778.614572269], [567990.9379193228, 5448791.700132679], [568001.8394196127, 5448810.6802557595], [568010.853028335, 5448832.638943203], [568016.8360677002, 5448851.558366614], [568023.8437540618, 5448873.659124758], [568029.8980740625, 5448885.608262094], [568040.8204875805, 5448907.59054257], [568040.9020645623, 5448914.562824565], [568036.8767656516, 5448920.683833511], [568032.9056874489, 5448920.634887946], [568017.8368435589, 5448914.589641857], [567999.8405306626, 5448906.607050151], [567978.930843807, 5448892.573678117], [567956.8240775036, 5448878.681261092], [567942.8274311817, 5448866.634427369], [567935.9573701572, 5448851.673423355], [567933.9070759063, 5448830.578885614], [567933.8006993954, 5448806.673091365], [567931.8712108943, 5448784.634936075], [567935.9571000744, 5448773.600287707], [567938.8314797729, 5448771.578774775], [567949.8478363762, 5448770.602594949], [567963.9380995522, 5448768.563646523]], [[566093.8822740066, 5447280.64955659], [566073.9367270882, 5447285.636281916], [566050.9564158227, 5447292.643555251], [566027.8950658201, 5447301.551270774], [566013.8141677199, 5447308.665237173], [565989.9361425233, 5447314.561435464], [565971.9003142347, 5447319.57129221], [565957.8692221241, 5447325.574176887], [565945.8833559706, 5447333.669587447], [565926.8638757148, 5447346.584049799], [565903.8817861617, 5447358.661942042], [565881.9414071026, 5447372.6424666345], [565861.8222100171, 5447388.557047174], [565843.8467100417, 5447402.596159907], [565819.8020299411, 5447420.676660188], [565800.815667312, 5447434.537017346], [565783.8761762538, 5447446.687426092], [565765.842576178, 5447465.640331395], [565745.8274934666, 5447482.657236149], [565740.9476832452, 5447483.544189646], [565731.8898284222, 5447479.644990872], [565725.8290670075, 5447467.698476939], [565725.9464533995, 5447456.615009391], [565728.913652175, 5447445.565496942], [565736.8212426165, 5447423.64554558], [565745.8836758831, 5447402.695516698], [565757.9395798167, 5447382.570663854], [565767.8514472722, 5447365.588850093], [565777.9086010004, 5447345.59586846], [565785.8733596782, 5447322.576006479], [565798.9185033704, 5447299.605600412], [565800.8964566502, 5447292.669157304], [565799.8643811876, 5447285.685708701], [565795.8300528113, 5447281.6794461515], [565789.9382782059, 5447283.666086151], [565773.831042808, 5447300.57401335], [565760.9579718276, 5447317.687155809], [565751.9423551586, 5447339.582675768], [565742.822865501, 5447361.643862167], [565735.8474707697, 5447380.56185084], [565725.9164924956, 5447404.670160245], [565722.8819300367, 5447406.690911606], [565717.96229361, 5447406.632355992], [565710.9105579433, 5447402.590291113], [565706.9571490347, 5447396.683807848], [565703.9102299827, 5447374.644580939], [565703.8447997341, 5447360.545880571], [565703.8755576239, 5447347.5601294255], [565700.9247690932, 5447326.6226953035], [565699.9007505878, 5447303.651353015], [565698.8235415912, 5447290.652361441], [565698.8541832266, 5447277.677742893], [565700.9044618859, 5447253.631156702], [565712.8811223966, 5447231.604050963], [565729.8174297904, 5447210.58100042], [565739.9571963236, 5447202.629932084], [565763.8400399276, 5447189.6170971], [565777.8714257964, 5447183.602555866], [565799.8625047832, 5447180.696042153], [565822.8068404767, 5447181.603483516], [565835.8811431656, 5447180.658711389], [565858.8220552341, 5447172.693774964], [565880.8650520478, 5447163.617575196], [565903.8060356906, 5447155.652872972], [565921.8271147431, 5447147.64065169], [565941.8865181581, 5447141.69860617], [565964.8084944804, 5447139.604325519], [565977.9301843385, 5447139.594497297], [565991.9594346103, 5447138.661520074], [566006.87994792, 5447137.572389069], [566016.8872879074, 5447137.692142535], [566039.8318066107, 5447138.600389071], [566051.838331127, 5447138.577325692], [566071.9423454214, 5447138.662348253], [566094.9536037138, 5447148.599638643], [566113.8686413072, 5447150.571831376], [566132.9093765961, 5447156.659356358], [566155.853753221, 5447157.568098275], [566167.8204398073, 5447156.599715627], [566188.9190276593, 5447157.642107554], [566212.810855079, 5447158.562453173], [566221.8044533497, 5447163.5846501505], [566227.9062159064, 5447172.674797275], [566229.936879256, 5447185.685312849], [566225.8929828876, 5447197.677823598], [566215.8660720297, 5447215.602440255], [566203.8255458239, 5447233.669759029], [566193.8280131827, 5447243.678520733], [566181.8248972276, 5447252.562606319], [566162.9593771007, 5447261.68678262], [566141.9455089417, 5447267.605584903], [566117.8498625775, 5447274.599177936], [566093.8822740066, 5447280.64955659]]], [[[563978.3022446762, 5444485.288782111], [563989.4571414883, 5444490.8388666855], [563997.7539807268, 5444497.291421412], [564003.7685548646, 5444498.259353702], [564009.771510469, 5444503.692818225], [564020.7558127453, 5444502.593045215], [564045.7488620265, 5444528.428809083], [564110.8982389108, 5444572.0123405075], [564262.0830888579, 5444647.570058458], [564312.6759511995, 5444686.7125010155], [564414.2809138788, 5444743.803163469], [564563.2230922388, 5444844.452412092], [564626.6101621357, 5444894.3393542105], [564689.6885875671, 5444932.198118513], [564743.6009777118, 5444969.329190687], [564787.4585116574, 5444989.867919693], [564820.7189427656, 5445010.197332648], [564900.204799096, 5445030.783780278], [564950.8848916645, 5445054.517214841], [564971.1664626278, 5445056.88484163], [565015.7516965652, 5445068.25710085], [565042.2137552628, 5445067.577332817], [565082.3205898172, 5445073.287179012], [565122.822030044, 5445075.616778663], [565173.3168637292, 5445092.132817603], [565193.7840215726, 5445101.717345539], [565216.0148117227, 5445104.997684574], [565252.308758395, 5445093.473199936], [565324.663696626, 5445098.8354348205], [565372.2584191752, 5445096.167842629], [565438.8510510377, 5445083.38302532], [565517.7192724199, 5445079.911270086], [565598.3276687316, 5445087.949358877], [565620.5846188613, 5445086.289321081], [565625.0053960956, 5445091.900639815], [565631.7292605478, 5445094.533425052], [565656.0495611597, 5445094.4849120015], [565670.6574705727, 5445092.418757275], [565680.6136812688, 5445087.264262904], [565688.456035246, 5445085.086122844], [565695.1474313069, 5445086.9084578175], [565703.1536044688, 5445080.816523222], [565716.2292541396, 5445078.468011822], [565751.254680871, 5445063.950282995], [565771.6650448074, 5445057.276241531], [565781.607959864, 5445052.423655849], [565787.0256742998, 5445047.366153385], [565814.3324696205, 5445036.446306653], [565828.2820958626, 5445027.367648887], [565836.1107455125, 5445025.945158583], [565841.2689904592, 5445022.073861439], [565880.5833424878, 5445003.8685956495], [565887.1127803287, 5444999.49844446], [565889.4439877473, 5444995.439870817], [565900.633603603, 5444985.353767002], [565915.6664860835, 5444980.188554702], [565924.1699374847, 5444979.393493081], [565946.9564011208, 5444973.12404414], [565968.5379682849, 5444965.068834104], [565983.5334369947, 5444961.981269416], [566002.8312683072, 5444952.960606763], [566024.8014620534, 5444946.339711503], [566036.8989144993, 5444943.836788581], [566049.1590725053, 5444944.231977883], [566062.3631671423, 5444947.227301532], [566085.7410871128, 5444945.060615701], [566119.6318122478, 5444948.020847619], [566138.6112287919, 5444943.111963912], [566149.8520980931, 5444944.256897791], [566164.7572255135, 5444940.824325827], [566180.5909245888, 5444940.942260445], [566194.9101629104, 5444937.869301418], [566242.504930526, 5444939.289629955], [566271.6750537739, 5444937.28473989], [566289.0461441299, 5444944.040231969], [566297.622267809, 5444943.061516657], [566301.8979650647, 5444945.3606753675], [566334.3647782394, 5444952.281632903], [566345.7108284308, 5444957.060840585], [566355.2406262481, 5444957.199066518], [566362.9027613149, 5444962.052494103], [566379.3471361413, 5444965.746466617], [566384.6029201916, 5444968.415061987], [566390.5514681443, 5444974.111773538], [566396.8291352824, 5444975.940114159], [566403.8375479517, 5444980.724892628], [566409.6264077552, 5444982.094622884], [566417.2468436135, 5444988.230677026], [566448.0252549332, 5444997.422499581], [566462.0890353735, 5445003.443263036], [566471.6131026656, 5445004.244754762], [566493.2587820849, 5445014.816248779], [566501.562507807, 5445014.501821798], [566503.6337740333, 5445021.086774603], [566508.1038216227, 5445025.041930022], [566518.1638114026, 5445027.314777295], [566526.5359059036, 5445026.701013313], [566540.3069457426, 5445030.039965212], [566550.8425859312, 5445029.235362223], [566560.0350464786, 5445032.103742049], [566564.8602535505, 5445036.939773391], [566570.0526658945, 5445035.2855874], [566576.7936587473, 5445038.0067590065], [566582.3781388933, 5445038.319864551], [566592.5176228324, 5445035.250040205], [566600.608746332, 5445040.895146002], [566611.8973846459, 5445038.24409904], [566619.2655422355, 5445045.128969741], [566629.6181343629, 5445042.167750979], [566645.3162846442, 5445044.4220340615], [566664.1191432883, 5445052.434121073], [566679.6470152042, 5445051.9502014555], [566681.8263437031, 5445053.641029185], [566683.7623848112, 5445058.361257084], [566694.7479814162, 5445066.863670003], [566706.6273231594, 5445070.105379903], [566717.0778500092, 5445068.0106011415], [566731.4383482048, 5445070.2581156185], [566746.2652974786, 5445080.923587266], [566757.7986020132, 5445079.903579322], [566762.983357524, 5445082.955107939], [566777.1661997417, 5445084.784760012], [566790.2047027834, 5445089.667013376], [566802.8356570887, 5445091.112409912], [566817.9723202742, 5445097.000242566], [566824.1308116394, 5445096.179386095], [566830.2787613843, 5445100.787567147], [566838.1851390639, 5445099.429920329], [566843.6174872231, 5445100.733130003], [566850.873252412, 5445104.397691588], [566853.9496616336, 5445110.392940713], [566869.5212840888, 5445112.544765298], [566877.2491088598, 5445116.642402902], [566894.5434231967, 5445117.070473454], [566904.5508332916, 5445122.824121115], [566922.0022723495, 5445127.858469648], [566936.2518103444, 5445127.064123736], [566943.5038759669, 5445130.897012719], [566954.2129314112, 5445131.125491414], [566962.6461243358, 5445136.096761239], [566972.4973823803, 5445134.015083818], [566983.9495543259, 5445138.216342542], [566995.2978689695, 5445135.449494061], [567002.5840104829, 5445138.103288351], [567009.1435304834, 5445138.310653246], [567017.5025522036, 5445134.825630798], [567023.5107163183, 5445135.186807062], [567032.3474959105, 5445139.046065996], [567039.6640416305, 5445137.0067466935], [567049.1478606202, 5445138.292814173], [567057.7945047177, 5445137.392150869], [567063.3844151532, 5445139.165587739], [567082.9385913535, 5445137.182503982], [567105.2781223494, 5445138.110525886], [567117.6868153762, 5445143.085389167], [567130.1116398845, 5445140.557449179], [567142.650184206, 5445143.48578149], [567162.6952690543, 5445140.166362066], [567170.7670085371, 5445144.671220538], [567181.8415422932, 5445143.748687919], [567193.8370276355, 5445145.2420626655], [567203.6620020217, 5445150.338052495], [567216.4100155107, 5445154.309841992], [567227.3325916523, 5445155.96464333], [567232.090929145, 5445153.215801345], [567244.0273488954, 5445160.109927885], [567255.7186383033, 5445159.070792914], [567264.3656061498, 5445160.266485954], [567270.2295251057, 5445167.168065225], [567278.1086640852, 5445171.178478407], [567294.1547970412, 5445185.611832474], [567306.4577115083, 5445191.567536655], [567308.1465064025, 5445194.867566594], [567312.752326465, 5445194.952034761], [567315.0097299556, 5445191.24871646], [567318.8327088177, 5445192.245625664], [567318.9443045432, 5445194.179877818], [567315.2500647164, 5445196.477109144], [567311.253557138, 5445207.430967228], [567320.1147458585, 5445215.463054027], [567320.6644577102, 5445219.30882816], [567324.566197605, 5445227.790006245], [567327.6754736047, 5445231.427078471], [567339.5671368783, 5445239.551562261], [567358.1917471881, 5445247.336072333], [567363.9280889152, 5445253.366124125], [567368.3679143293, 5445261.351506671], [567375.7109736914, 5445261.17569425], [567381.310059326, 5445257.503930307], [567385.1205792611, 5445257.685312823], [567391.8872277781, 5445261.415709971], [567399.6273714638, 5445268.504310616], [567404.123688634, 5445270.242782013], [567426.9933948885, 5445274.079384368], [567477.8365774424, 5445286.432727823], [567520.0944076541, 5445289.287153416], [567525.6701194126, 5445287.868567115], [567533.5386433764, 5445281.378224305], [567539.7124855157, 5445281.203870006], [567560.8888844406, 5445286.26983586], [567578.1100427745, 5445288.281230797], [567582.5486488987, 5445289.984918441], [567587.8769513381, 5445294.921526395], [567594.1866502188, 5445297.0141660245], [567596.1252622978, 5445300.629938499], [567595.5504961375, 5445305.985863856], [567598.2295204868, 5445310.532548669], [567610.1186761031, 5445317.980784386], [567613.8266438104, 5445325.2789856065], [567620.2336766867, 5445327.536470375], [567623.23836865, 5445331.731991888], [567624.1677488697, 5445337.163702524], [567625.8248966773, 5445339.807201675], [567637.175227073, 5445343.105617127], [567638.6135052947, 5445345.313096209], [567639.0211267804, 5445353.626157709], [567643.276727984, 5445358.176502925], [567652.0960468065, 5445363.259830082], [567658.219017472, 5445364.305250454], [567666.7109484967, 5445358.998028042], [567674.3114796804, 5445359.435262581], [567680.2194865834, 5445356.759607709], [567683.8996959382, 5445357.233473555], [567701.3519152236, 5445378.826838578], [567717.0503711004, 5445389.32540086], [567726.3514427529, 5445389.940281151], [567730.218457799, 5445392.296350572], [567736.7830748742, 5445400.855649056], [567746.2408472917, 5445407.252855529], [567749.8235653085, 5445415.920363494], [567763.3460070256, 5445428.486001779], [567769.0031525975, 5445437.99991147], [567778.4297439727, 5445442.07638791], [567782.557675146, 5445445.474623846], [567791.487421057, 5445459.00352995], [567801.01550578, 5445468.3693036195], [567807.6372999742, 5445483.13594762], [567811.4184964711, 5445496.428004303], [567815.9525758363, 5445519.706807536], [567818.2822327883, 5445523.249417093], [567817.2349597239, 5445530.011035238], [567819.221315545, 5445547.884633744], [567823.115483848, 5445554.242740722], [567821.7575803907, 5445559.057769892], [567800.9354742094, 5445539.66267212], [567771.8882935419, 5445512.622130674], [567773.8131974243, 5445531.646976649], [567778.8566258841, 5445555.613258601], [567783.8212299794, 5445577.688469286], [567787.9274667767, 5445599.586251495], [567788.8543153442, 5445612.583863193], [567790.889482918, 5445625.594966427], [567792.8391189536, 5445652.692002865], [567792.8108234721, 5445665.677841484], [567792.9328237382, 5445689.5947781615], [567792.9231385641, 5445742.640139241], [567791.9218859798, 5445757.670923772], [567790.9358025629, 5445781.563078018], [567790.8930242105, 5445801.675574612], [567789.8489773467, 5445810.690806284], [567789.8420810698, 5445826.69003479], [567787.8402003646, 5445846.61165761], [567783.8635832455, 5445867.6209061565], [567780.8886169521, 5445889.598571509], [567779.9588335534, 5445913.658353298], [567779.9205867869, 5445937.562218521], [567780.8401799189, 5445950.559677284], [567781.9273236833, 5445963.5592656], [567783.9230263545, 5445975.613783927], [567785.9117321558, 5446003.667367358], [567788.8913944128, 5446027.619416397], [567790.9511139031, 5446048.702849429], [567790.8301887648, 5446049.646458498], [567792.8547885129, 5446073.58679023], [567797.8582121849, 5446096.607529143], [567800.9515908059, 5446119.6048183385], [567801.9031123675, 5446140.674560056], [567802.8477760516, 5446151.615460568], [567806.8745827617, 5446171.622341757], [567809.8468679528, 5446195.563219163], [567812.9007561969, 5446217.61497778], [567814.8645851343, 5446237.585375432], [567816.8993453048, 5446250.596547511], [567817.8260302733, 5446263.59414319], [567819.8141502741, 5446275.648534006], [567819.8751480492, 5446295.606729562], [567821.9558967582, 5446319.703424758], [567823.869648392, 5446333.658209578], [567824.8142758874, 5446344.599049777], [567830.9576050175, 5446384.5782192], [567834.9195568973, 5446405.684998853], [567839.8660408761, 5446428.549412194], [567845.9122635731, 5446452.694906392], [567849.8570838853, 5446474.590935256], [567851.9449354783, 5446498.687775201], [567852.8641592026, 5446511.685182564], [567855.9357107679, 5446531.669284089], [567857.8991465025, 5446551.650737845], [567862.9124330764, 5446572.614849726], [567865.805619748, 5446594.653585837], [567864.9114576998, 5446614.599982564], [567863.928078206, 5446627.574052698], [567862.9054859157, 5446639.59149004], [567860.8068514885, 5446652.5519509], [567857.824330425, 5446665.657152898], [567850.8481765302, 5446684.572625598], [567840.8999710312, 5446705.664014669], [567829.9618092497, 5446729.600734983], [567815.9021096271, 5446753.654830816], [567803.8349050886, 5446774.564699703], [567790.8906429501, 5446798.632436189], [567784.8269515866, 5446811.544160148], [567770.8885078682, 5446834.654743948], [567760.8771790501, 5446855.589911577], [567749.8609870502, 5446877.624602621], [567737.9006950592, 5446897.590894377], [567725.890478044, 5446918.657237605], [567713.8166466511, 5446939.567126822], [567701.8207566029, 5446963.646839121], [567698.8960014905, 5446975.652090004], [567699.815429844, 5446988.649617859], [567702.8838230106, 5447003.563504093], [567702.9300605824, 5447014.649078772], [567717.9396119699, 5446995.676336048], [567726.8605580507, 5446972.670847925], [567735.8531519675, 5446951.556292317], [567746.8190945124, 5446930.632793011], [567755.9148696802, 5446910.631450854], [567767.8858531805, 5446888.608453333], [567778.9128286676, 5446871.643904497], [567791.9525086986, 5446848.6890563825], [567805.851574352, 5446824.632997907], [567819.8463955693, 5446801.689971228], [567829.8974850317, 5446781.700483585], [567840.9608763078, 5446760.61157024], [567849.9148412014, 5446738.551655118], [567859.901455154, 5446719.673215604], [567868.8553661669, 5446697.624468256], [567879.8404260701, 5446674.633547893], [567888.8158769405, 5446655.587041647], [567891.8162880751, 5446631.552717245], [567892.8314961855, 5446610.662854961], [567892.859949968, 5446597.676899487], [567891.9408399287, 5446584.679405894], [567891.8088809694, 5446571.702744908], [567890.8438557952, 5446547.61971591], [567876.8552285009, 5446503.585899708], [567869.9106793645, 5446479.58498286], [567867.9505255343, 5446464.673457811], [567865.8339627804, 5446444.701114656], [567863.8568867571, 5446430.578801408], [567862.9479323964, 5446406.663284862], [567859.9157141717, 5446387.624799864], [567858.8541240793, 5446372.568611696], [567854.9485453359, 5446351.618147087], [567851.8950192565, 5446329.566368312], [567850.8683448785, 5446311.664361987], [567849.8460461595, 5446297.55383015], [567847.8610967045, 5446274.570062966], [567843.8343144224, 5446254.574300524], [567842.8470640836, 5446237.61790731], [567838.884370401, 5446191.639381847], [567836.8209190138, 5446175.6259434465], [567831.8926541068, 5446140.576004881], [567828.9029119131, 5446127.553171692], [567822.9126950759, 5446103.564022621], [567822.9443200371, 5446095.648157259], [567818.8250363093, 5446079.609426238], [567817.6180830372, 5446070.433105738], [567815.9241961932, 5446057.559510578], [567815.1092812195, 5446052.079340398], [567814.8871710385, 5446050.575636652], [567814.8152295252, 5446032.685387316], [567813.9098641432, 5446022.701192606], [567814.9504941534, 5446008.615919601], [567814.8647272321, 5445980.585578256], [567814.9031276827, 5445956.681761272], [567815.9010495308, 5445936.5809530215], [567815.9507025571, 5445926.6084127305], [567816.8130002723, 5445914.577863862], [567816.8943833432, 5445870.561536447], [567817.9093580608, 5445849.671561455], [567818.82121157, 5445827.668495682], [567819.8934679057, 5445805.678583399], [567822.8369958666, 5445791.616750706], [567822.804546472, 5445774.672031638], [567825.8190331077, 5445753.651002876], [567826.8912311988, 5445731.661013237], [567827.9106978317, 5445714.562476466], [567827.8742831656, 5445702.687689189], [567827.8957326745, 5445679.573050995], [567826.8869470289, 5445659.603293709], [567824.9442904359, 5445642.635102649], [567818.8498015697, 5445601.555969685], [567818.8994006724, 5445591.583411677], [567820.819897043, 5445580.677760528], [567825.586275576, 5445573.379145111], [567828.065442408, 5445574.783812524], [567831.1539534373, 5445588.684986983], [567843.4852953766, 5445605.918211299], [567846.6026903547, 5445615.523166073], [567853.2575620337, 5445623.293057361], [567870.4905587774, 5445637.103275639], [567902.6469682634, 5445648.059419988], [567914.9614252568, 5445647.977668039], [567956.1726975573, 5445655.167796074], [567967.7149730161, 5445661.026607971], [567996.8216409873, 5445670.534944878], [568002.5087514402, 5445670.067416108], [568008.3363809941, 5445673.989669943], [568021.5856710253, 5445678.195817791], [568075.9949458549, 5445678.090018747], [568081.8737672488, 5445675.929615087], [568088.2453078124, 5445676.286134216], [568119.539781073, 5445671.760272555], [568133.9758301525, 5445666.580541903], [568150.9775310335, 5445664.965511589], [568161.9643548481, 5445666.082260499], [568167.64428742, 5445668.996529368], [568171.7997952513, 5445673.425930772], [568172.6657932462, 5445679.484019504], [568180.8482218925, 5445689.966934187], [568190.0541763061, 5445698.0088128], [568195.0695052, 5445699.705165478], [568197.7520999894, 5445704.107682194], [568204.8888674537, 5445710.466250559], [568224.3596869069, 5445736.319947549], [568234.3482313264, 5445752.388784499], [568241.4745729272, 5445756.226485294], [568249.0067755817, 5445757.288693822], [568261.9032495501, 5445765.020559653], [568269.3383524867, 5445765.978766829], [568270.4763350055, 5445770.038092075], [568270.3847927756, 5445775.803637033], [568274.37753855, 5445781.710816031], [568279.2277826429, 5445794.420944755], [568284.3820491477, 5445803.1835555555], [568285.9702651585, 5445814.6680626925], [568292.0434996653, 5445831.956667811], [568307.1078027197, 5445850.447044318], [568309.1358184073, 5445858.684881843], [568313.5905030826, 5445865.82775177], [568317.708444235, 5445879.86392218], [568318.5258934596, 5445886.415094669], [568324.2302853385, 5445898.183187642], [568325.0139232023, 5445902.192604656], [568332.9173470929, 5445910.598806936], [568335.7130601332, 5445918.794029393], [568344.3445451267, 5445924.2342831055], [568350.2085855653, 5445945.414342188], [568355.5555706526, 5445954.949753248], [568365.8790956474, 5445965.3349639075], [568375.9458127546, 5445978.87802718], [568384.5047500585, 5445985.00884131], [568389.5511751246, 5445982.965597631], [568390.8008881758, 5445988.978046903], [568399.489356554, 5445994.544363609], [568404.2859884568, 5446000.058068595], [568411.8590193035, 5446015.705151012], [568412.46650956, 5446024.575746431], [568415.3518165462, 5446029.894896446], [568417.1260018118, 5446036.30640702], [568419.3813433959, 5446038.941654397], [568419.440141576, 5446047.4106971705], [568422.7504728964, 5446054.200078932], [568425.1454199861, 5446063.562890944], [568440.0953034323, 5446085.362828482], [568448.8631295951, 5446094.07207672], [568469.1368335442, 5446109.091161823], [568477.7495839349, 5446118.518609407], [568479.4670840886, 5446123.409230525], [568479.4384788026, 5446128.125107636], [568487.3089625684, 5446142.691121742], [568489.251489433, 5446160.496850015], [568493.4280829814, 5446171.131131233], [568499.2800638565, 5446192.167568716], [568507.2872998469, 5446210.364984476], [568523.5520856983, 5446235.599141811], [568536.8440257849, 5446250.909434264], [568543.8233436858, 5446255.738641462], [568561.7830213266, 5446274.684194073], [568574.3883645483, 5446294.4433108065], [568583.6212728712, 5446319.693440135], [568592.2745350373, 5446353.762140895], [568594.3970752562, 5446357.4054627465], [568601.9482378539, 5446363.200290417], [568604.3511796431, 5446368.483609175], [568603.375803213, 5446378.562687943], [568605.5174173107, 5446384.765200446], [568603.4379282905, 5446395.13367485], [568605.9440326475, 5446401.657035421], [568613.1946699331, 5446410.752757387], [568612.1505106362, 5446414.023615547], [568609.7105364706, 5446416.442221278], [568609.4183488712, 5446419.633257813], [568615.9145567924, 5446429.094821411], [568617.1681505656, 5446436.6421734765], [568623.2681813205, 5446446.254034382], [568629.0987757635, 5446462.573236582], [568628.3347453679, 5446469.103157478], [568635.3506176763, 5446489.369140662], [568633.8793571194, 5446497.85096389], [568636.5164986665, 5446502.3250004705], [568634.8926383975, 5446509.158064856], [568636.1729462743, 5446517.221698364], [568644.4703776652, 5446530.272275159], [568643.1930934575, 5446537.115284832], [568645.1536949038, 5446549.878812021], [568650.1776336266, 5446559.269674574], [568656.1873343273, 5446562.9191830205], [568656.2437759467, 5446568.052782189], [568654.9708497149, 5446571.302714897], [568657.7026052697, 5446582.180724226], [568658.410216999, 5446594.268222734], [568661.3627133303, 5446602.96658722], [568660.145028698, 5446607.455120754], [568663.5460414098, 5446614.909943125], [568664.3944013552, 5446623.157848901], [568675.1203811436, 5446638.875083199], [568675.0232915588, 5446644.839193023], [568676.9479838744, 5446648.3059693435], [568681.3488156302, 5446652.83473824], [568684.3207779849, 5446661.038575199], [568697.3180965862, 5446678.323767428], [568701.3371386344, 5446686.0061805975], [568712.1528360127, 5446694.640304938], [568714.9530037141, 5446704.093535864], [568726.659110687, 5446712.271940327], [568728.1987964413, 5446720.291252678], [568737.6284275973, 5446730.756092226], [568756.7441215204, 5446746.537352192], [568766.6854759301, 5446750.926218561], [568769.4614516222, 5446754.016155368], [568772.3499702112, 5446760.789265151], [568782.0339947193, 5446766.0958878435], [568793.3632070037, 5446777.250064838], [568806.7878906914, 5446783.942235917], [568811.7565567236, 5446790.738166189], [568814.3840190818, 5446790.710156292], [568818.1323130543, 5446786.966677474], [568823.9702996894, 5446788.243928771], [568827.4129246956, 5446791.865738635], [568829.7256650605, 5446797.743049729], [568837.1331277826, 5446803.165721686], [568841.2631983754, 5446808.6103637805], [568859.1355104576, 5446818.174321398], [568861.9623328383, 5446820.355854898], [568864.2241232209, 5446825.143471219], [568871.140853154, 5446826.29172585], [568877.6936160047, 5446832.044345215], [568897.8327078249, 5446840.175473498], [568898.6266670283, 5446835.976180955], [568881.0319787427, 5446817.6347616], [568854.1730364698, 5446801.426115403], [568826.3523895642, 5446778.856284355], [568777.8764284446, 5446743.3304345645], [568746.0308937284, 5446709.599527572], [568716.2662694947, 5446675.894654497], [568696.8884436586, 5446643.906551536], [568689.9394111808, 5446616.8353079045], [568679.9866987473, 5446580.2025713865], [568672.2535748547, 5446532.486161582], [568664.303013931, 5446502.227654294], [568655.2851634959, 5446448.693413287], [568653.6252229861, 5446433.223313352], [568650.20666451, 5446417.18286182], [568650.536515924, 5446412.3306384245], [568644.1999108127, 5446380.933599239], [568645.3846343762, 5446376.6594076725], [568647.3796724887, 5446374.6886858], [568652.1343736044, 5446373.8914832], [568666.3365590557, 5446377.756843821], [568667.5774950387, 5446382.993187542], [568673.6343512539, 5446386.199771526], [568678.8275387313, 5446378.831928835], [568679.9666307695, 5446373.676092673], [568683.617563769, 5446372.834883789], [568690.7608825618, 5446367.371811588], [568697.471222812, 5446368.989016545], [568700.2722112418, 5446373.794867473], [568710.1413664597, 5446379.257754053], [568713.2291078982, 5446384.406592822], [568717.0076227922, 5446386.515653663], [568718.8424340643, 5446390.54005946], [568729.701844888, 5446395.77511011], [568732.2449158666, 5446401.3371787965], [568747.5849529658, 5446415.561775629], [568755.7640499729, 5446419.694471303], [568763.9623530483, 5446429.337600103], [568770.3069565969, 5446433.9302486405], [568778.5901100748, 5446446.961788583], [568786.1631347156, 5446452.233437532], [568799.573626565, 5446466.250541064], [568804.558503932, 5446467.698463038], [568811.2245289279, 5446474.147893782], [568819.9874390089, 5446477.85694189], [568824.4817767147, 5446481.4663239205], [568837.4477807829, 5446485.858470558], [568841.884804721, 5446488.790475796], [568858.7755676585, 5446495.250659967], [568862.6233287955, 5446499.106390028], [568870.6226660096, 5446502.653458481], [568883.4933203063, 5446504.89468684], [568920.232758142, 5446507.27807217], [568926.0042329519, 5446508.996896248], [568964.1061942787, 5446501.740822536], [568982.602158236, 5446500.716328124], [568998.7979143739, 5446492.27307512], [569015.8483401083, 5446487.397575612], [569026.3748850742, 5446480.381463719], [569068.3275838703, 5446467.999503344], [569075.8653151754, 5446463.774648615], [569081.5789167145, 5446458.3148244275], [569093.3825824648, 5446452.251098413], [569098.4680714275, 5446446.330463215], [569105.5859527709, 5446444.2505655065], [569118.5484720799, 5446435.166270696], [569121.2622605705, 5446430.893274428], [569125.3905113197, 5446428.315111897], [569128.2917030079, 5446422.6697222665], [569147.2396405741, 5446410.923487185], [569149.065439341, 5446404.946983704], [569158.9044154232, 5446405.963278757], [569173.4982865357, 5446396.975553707], [569213.2195792865, 5446413.071609272], [569221.459857512, 5446414.303706897], [569224.7651908849, 5446410.4799239], [569229.6903209175, 5446410.94651995], [569231.4353892902, 5446413.313003293], [569231.4106092297, 5446418.433912032], [569238.025615818, 5446421.5382578075], [569241.2791697005, 5446426.068803357], [569246.4927957711, 5446428.210088537], [569250.6433230654, 5446428.936999075], [569258.8821494126, 5446426.423119638], [569269.4073678758, 5446426.33915246], [569273.9237459297, 5446430.816933045], [569275.3216912792, 5446439.233607256], [569280.8850929756, 5446443.862443222], [569292.0354231485, 5446450.012078474], [569303.3481832396, 5446451.449831891], [569313.6395200526, 5446459.564244596], [569319.3887932829, 5446462.536110304], [569325.3808541469, 5446462.936640826], [569328.4416986267, 5446468.546607323], [569335.9583671793, 5446470.418499992], [569342.6154755212, 5446475.13407895], [569349.1275982527, 5446475.6930073965], [569360.4282461045, 5446485.199904861], [569387.509987341, 5446495.227600025], [569395.7915569133, 5446496.930698161], [569401.2051744328, 5446499.987300397], [569409.9082857156, 5446499.317601922], [569411.3492513129, 5446501.154046803], [569408.7957054302, 5446504.301509138], [569409.3570990416, 5446506.752276275], [569427.8119795292, 5446514.788182643], [569456.876699276, 5446521.337186542], [569460.7975165304, 5446524.845846358], [569467.4607366627, 5446526.419802093], [569479.3497078748, 5446527.17403834], [569484.7422017497, 5446525.983955606], [569489.3528886115, 5446527.511603509], [569494.240202518, 5446525.18047246], [569498.221111719, 5446529.490389519], [569508.4532124565, 5446529.92406222], [569512.6475665327, 5446532.190100647], [569518.4918622121, 5446529.24442895], [569525.1288981396, 5446532.523575216], [569565.6248341101, 5446538.943072932], [569590.0280882996, 5446537.980762863], [569607.5546218876, 5446542.091821508], [569621.7099154495, 5446550.297370383], [569624.8382781362, 5446550.466216719], [569631.653594453, 5446547.293599301], [569633.8172215798, 5446551.066486521], [569638.0997346267, 5446553.557113197], [569639.8796314913, 5446556.403748772], [569648.2249605983, 5446559.568010899], [569654.3344786264, 5446570.882660291], [569651.7414212275, 5446573.730006287], [569642.788328134, 5446576.519337036], [569647.5350760549, 5446582.496525404], [569648.6566726717, 5446587.4195773825], [569648.1222228948, 5446591.829191854], [569644.5561738255, 5446601.18150181], [569644.5015457552, 5446617.229407324], [569643.3864767259, 5446622.098402553], [569645.6507576187, 5446628.051161487], [569643.2992388303, 5446637.715771021], [569644.4780008651, 5446643.205682064], [569649.2911370044, 5446651.162258689], [569650.3230589256, 5446655.108953908], [569647.3439198311, 5446665.630651472], [569646.9584330162, 5446672.704434499], [569643.2654064527, 5446677.750605953], [569639.3425023975, 5446696.583553129], [569632.2598835024, 5446711.732893779], [569630.1383867763, 5446726.903923925], [569632.2441629518, 5446747.154051003], [569644.9539659184, 5446773.064899234], [569646.6437359501, 5446780.249749547], [569656.4382421365, 5446798.6185626965], [569669.6044306454, 5446832.869876018], [569672.38751965, 5446843.709890983], [569671.6032077176, 5446859.488152038], [569673.6914862728, 5446866.508332914], [569674.4282825472, 5446875.986242155], [569668.203364388, 5446892.550006057], [569665.5011232242, 5446907.60269863], [569659.0676397937, 5446920.133664977], [569656.3733886098, 5446929.697591554], [569642.122557791, 5446955.460126271], [569640.8568580155, 5446958.4495159555], [569641.0248471459, 5446965.07006029], [569629.995034066, 5446981.11543664], [569620.1817141261, 5446988.14889478], [569614.1954096433, 5446998.171952282], [569604.9875706522, 5447005.117621344], [569585.3628264683, 5447024.121202069], [569569.100459143, 5447034.9106955575], [569559.9037022148, 5447036.398715809], [569540.7682888692, 5447029.645864278], [569510.9648406954, 5447023.017435487], [569495.9011165746, 5447026.352656758], [569492.3943401976, 5447028.58236387], [569466.5243371723, 5447033.741170619], [569437.8791992303, 5447046.064658948], [569395.061206135, 5447056.351661781], [569365.2731197599, 5447053.382845545], [569358.9000251256, 5447051.160503552], [569355.2513135994, 5447046.858013913], [569342.4195034544, 5447044.745709241], [569336.8802434776, 5447041.818028394], [569333.6076550884, 5447038.233914515], [569323.7602317291, 5447035.882543792], [569277.1915721071, 5447014.662235795], [569221.5755564403, 5446967.9312635185], [569178.3069556626, 5446932.467109509], [569146.2661322978, 5446914.604856575], [569102.8972152721, 5446887.076711367], [569039.7754737324, 5446857.714477791], [568992.1438710892, 5446838.070718474], [568974.432972993, 5446839.436661227], [568981.4794631083, 5446858.572861876], [568997.0097960804, 5446865.116436565], [568997.7046363177, 5446865.840767891], [569012.9911533758, 5446881.776952068], [569020.0608923066, 5446889.147088063], [569021.6988153444, 5446888.300173867], [569032.6149385304, 5446886.260903149], [569039.9270608408, 5446889.652991481], [569043.293398165, 5446894.183405949], [569058.6234534066, 5446898.025351582], [569082.4589234224, 5446908.941500026], [569084.3560639443, 5446911.7028334], [569084.0501403195, 5446914.2910498595], [569085.947206892, 5446916.408425488], [569099.469263229, 5446922.291134331], [569102.9054819124, 5446925.905489251], [569109.6540903994, 5446926.226122785], [569118.6600768066, 5446929.307733384], [569131.564311122, 5446940.983686391], [569143.0017851978, 5446946.324594652], [569146.3996594164, 5446950.93161135], [569162.46261068, 5446953.259911842], [569167.9788266371, 5446960.269017323], [569179.045406399, 5446961.143092904], [569191.6659204395, 5446967.585618041], [569196.1680913101, 5446974.351965297], [569207.5477525163, 5446976.812855879], [569209.8692266915, 5446979.24818263], [569212.0371609122, 5446984.453512901], [569225.5409741242, 5446994.582146553], [569232.4704675741, 5447002.250615396], [569244.8767271517, 5447008.384065881], [569246.469300959, 5447012.676133453], [569251.2550512746, 5447017.8599334285], [569270.3447428502, 5447030.606718105], [569281.0738051804, 5447032.982809929], [569287.1149964628, 5447036.423801414], [569291.5802118363, 5447042.382013301], [569303.1642184153, 5447046.982945944], [569323.4856610086, 5447051.0583058], [569335.1298729575, 5447058.041098026], [569348.2567911036, 5447058.515511905], [569357.568049352, 5447063.052082245], [569365.2567416923, 5447061.72078504], [569375.9939241235, 5447066.332832437], [569396.492977071, 5447063.3562019905], [569408.188664354, 5447066.857370039], [569413.6614867728, 5447065.793196518], [569416.3626466888, 5447060.822742324], [569422.6899418242, 5447058.206906683], [569470.5883376014, 5447052.486067734], [569512.0911929522, 5447041.580025641], [569534.6892164901, 5447040.169032859], [569544.1289282438, 5447044.185798378], [569562.4433507307, 5447046.980182953], [569571.6657631781, 5447046.848341985], [569589.7272308392, 5447041.500131194], [569601.6327145465, 5447027.682622427], [569616.2345364873, 5447015.601116768], [569620.6838038515, 5447010.291455511], [569626.7529736569, 5447006.952812919], [569630.4293390773, 5446999.113232946], [569641.285178595, 5446990.34343562], [569646.5841934488, 5446983.525193206], [569652.697104395, 5446979.368717236], [569657.5233219643, 5446970.514368157], [569663.111771396, 5446965.425508233], [569667.0883841923, 5446957.758518241], [569670.2692230371, 5446955.125513017], [569678.3845486274, 5446942.60225111], [569684.3581502299, 5446927.757468953], [569687.2959283026, 5446916.656327382], [569691.1635388962, 5446910.555301336], [569698.3317008398, 5446888.517417917], [569705.6196788977, 5446875.062285771], [569725.4396981989, 5446854.808255878], [569723.8922499168, 5446853.199201906], [569706.4968956569, 5446855.296133459], [569699.6669648465, 5446861.074102453], [569696.8709011832, 5446861.401008759], [569693.410573839, 5446859.418954363], [569691.3060604539, 5446853.86566951], [569689.558219841, 5446841.993796451], [569684.8894485378, 5446833.391270755], [569674.2148534968, 5446805.836450645], [569672.473388511, 5446800.616579032], [569671.9406472223, 5446794.185396854], [569664.4782680407, 5446783.995748822], [569652.1000320427, 5446753.877403846], [569650.874111257, 5446743.325639663], [569651.1917250896, 5446727.029662521], [569657.700946781, 5446680.867548924], [569657.6200145703, 5446669.339749167], [569654.9990394546, 5446655.612354793], [569651.2712674984, 5446618.247910982], [569653.1169725303, 5446610.534508479], [569656.3527355122, 5446603.310543747], [569664.6030070768, 5446595.508120605], [569696.3600417993, 5446593.141567993], [569714.5576702706, 5446596.413613653], [569718.4197800726, 5446601.2676134575], [569730.479127659, 5446610.982584133], [569745.0243686199, 5446615.5049255965], [569753.3233590403, 5446623.159249783], [569771.9791332551, 5446631.533020355], [569806.4532847914, 5446653.237926133], [569853.8486025134, 5446687.592573527], [569868.102204342, 5446694.177340983], [569878.5544357345, 5446708.418264676], [569892.3049326553, 5446714.56539857], [569897.5364902334, 5446720.424880645], [569913.5284551323, 5446733.543431887], [569920.4827354245, 5446736.505983841], [569926.8799677321, 5446745.564062014], [569933.2215623506, 5446748.662833189], [569940.4842060134, 5446756.351101788], [569949.3489873407, 5446758.417571536], [569951.3596492904, 5446764.371974737], [569958.4210258105, 5446775.871468781], [569960.0, 5446776.419588877], [569960.0, 5446083.408681312], [569937.3630581213, 5446072.944967837], [569930.3931499856, 5446068.444554989], [569940.3757467261, 5446063.528556289], [569947.934569899, 5446054.169738664], [569954.5310975761, 5446055.514012091], [569960.0, 5446057.315915766], [569960.0, 5445303.947203195], [569958.6588961245, 5445304.198655901], [569955.0460148731, 5445302.384920417], [569948.1744646722, 5445302.037722743], [569936.8992442384, 5445296.689243215], [569929.7919433119, 5445295.946747194], [569925.7731556393, 5445292.591193439], [569925.0212083902, 5445288.534981161], [569926.3198085391, 5445282.323031579], [569923.6632704921, 5445278.746995642], [569918.9368544819, 5445276.907907282], [569908.8309905076, 5445277.047964031], [569898.7546870278, 5445279.092626023], [569890.931312335, 5445276.234601843], [569881.4857105121, 5445269.167009072], [569876.5490427718, 5445259.906069397], [569872.7689178361, 5445259.1173544945], [569863.5865333611, 5445262.090679922], [569854.6438563744, 5445260.680102883], [569838.0075982736, 5445249.558549962], [569834.6361214068, 5445246.41983777], [569833.2996833941, 5445237.3929194845], [569823.0703612191, 5445231.096006547], [569817.2477184597, 5445225.296860605], [569810.5725565241, 5445223.164032442], [569809.8378847701, 5445218.148432207], [569806.9101538768, 5445213.757386278], [569806.0966811525, 5445206.784311862], [569801.7007282902, 5445197.960908106], [569790.1686051283, 5445189.700129482], [569779.0478386679, 5445176.3207395235], [569771.4171059799, 5445170.406355715], [569760.2435157757, 5445166.83930792], [569756.2772371568, 5445162.951680499], [569749.742990326, 5445161.301162974], [569738.3645347729, 5445153.375144618], [569734.3864640996, 5445149.550468171], [569725.3448681964, 5445132.680245111], [569713.5815878782, 5445122.7285961965], [569713.2071375346, 5445118.491261191], [569716.196912514, 5445113.045574926], [569716.4659101362, 5445109.568876187], [569714.8183983951, 5445104.224280584], [569710.4414737077, 5445101.103062328], [569708.9125788708, 5445096.01941347], [569707.6642249046, 5445087.818990602], [569709.1580967393, 5445079.708323049], [569702.8042892695, 5445073.958717526], [569701.8577942909, 5445070.216768618], [569694.9627943811, 5445062.1574047385], [569687.3219498845, 5445049.30694405], [569681.1754813576, 5445043.273918393], [569678.1584203062, 5445040.312469816], [569675.6303535578, 5445029.623477929], [569675.5191214922, 5445029.153057236], [569668.862157768, 5445019.982637063], [569666.9797571074, 5445017.389530738], [569658.1865084202, 5444998.205313857], [569655.2960431945, 5444992.4187213145], [569649.1833699665, 5444987.538287267], [569645.5176523691, 5444983.210863692], [569640.4396132935, 5444977.254532539], [569640.8124627497, 5444973.8292218335], [569638.7340338634, 5444970.820871401], [569633.4408481324, 5444967.774354807], [569627.3633060416, 5444960.387104486], [569624.6276912813, 5444951.185587637], [569620.2356199354, 5444944.43037077], [569620.3017862779, 5444925.64544104], [569614.4949981775, 5444905.045278506], [569613.8649918871, 5444902.8101390675], [569606.9370645763, 5444881.207632956], [569605.5056201569, 5444876.744026372], [569591.8941281383, 5444853.790602951], [569582.3786620528, 5444836.716726826], [569562.5325413377, 5444812.095382607], [569561.5580719743, 5444811.411279955], [569553.5470201506, 5444805.78709415], [569552.5426101419, 5444805.082018046], [569539.45891737, 5444795.380636117], [569521.7509769425, 5444780.975907958], [569513.6587413662, 5444774.393182051], [569511.2855508274, 5444770.986874018], [569506.4651890838, 5444764.068061372], [569505.4661562057, 5444762.634271211], [569489.8121647219, 5444739.772259446], [569471.5027929551, 5444711.867639774], [569465.8990409954, 5444703.327398294], [569465.034850536, 5444702.188543864], [569451.1668854578, 5444683.915579484], [569447.7080161477, 5444679.358070095], [569446.4127791984, 5444677.651328241], [569437.3643284984, 5444665.967002776], [569406.7716275047, 5444626.462511782], [569397.5090611959, 5444614.518916918], [569391.0599895589, 5444602.252305231], [569383.1876759422, 5444592.616770856], [569370.182950475, 5444576.559106984], [569370.0871105356, 5444576.4191540405], [569362.2507889487, 5444571.691207989], [569361.5511911234, 5444571.046091618], [569359.136736615, 5444570.592415762], [569339.9436180245, 5444549.458782079], [569336.9920037416, 5444548.006854863], [569336.4887553807, 5444547.526210871], [569322.344384739, 5444532.047403473], [569321.6604228009, 5444531.299054814], [569313.4767397663, 5444522.343402526], [569312.4906457331, 5444521.264216499], [569300.1207298536, 5444509.983040121], [569288.0051578254, 5444506.1224585045], [569279.8116425065, 5444491.721686388], [569279.5040437073, 5444491.180993487], [569266.2243193543, 5444469.292205407], [569256.660766682, 5444455.927023673], [569255.6507322905, 5444455.308319303], [569247.8898516477, 5444450.5540291695], [569242.3769220666, 5444447.396840331], [569240.8747868238, 5444442.721134996], [569231.7277891802, 5444433.546777677], [569222.1936953848, 5444429.254889584], [569219.1209958096, 5444424.805909355], [569214.7812359127, 5444423.082520554], [569211.3529897876, 5444418.329052056], [569198.0597004268, 5444409.238098288], [569195.8802088895, 5444406.073092964], [569181.7726679184, 5444398.823018584], [569165.3906460312, 5444386.94762076], [569156.5170022724, 5444379.796352161], [569149.3069576522, 5444370.719169396], [569145.4711644454, 5444368.84404056], [569117.5361009166, 5444328.839592101], [569112.394438785, 5444319.734491941], [569111.1927305178, 5444314.787484562], [569108.3376538962, 5444311.45200047], [569107.266029233, 5444306.517295358], [569097.3182286273, 5444291.577462953], [569093.6142178535, 5444283.093455441], [569087.3686091077, 5444275.943217527], [569072.433442875, 5444253.781729082], [569064.0437596147, 5444244.351115154], [569056.9331356991, 5444240.15993071], [569052.6184352057, 5444236.51223639], [569050.6020078816, 5444232.937626609], [569046.520265688, 5444230.288023741], [569039.7943239956, 5444218.971334287], [569029.3132968504, 5444217.287534219], [569025.2950911504, 5444212.7493353905], [569020.2830197563, 5444210.114811459], [569015.9116668861, 5444202.818173338], [569005.6381295563, 5444194.389763162], [568998.5800951712, 5444192.268521385], [568990.4691063005, 5444186.142384283], [568974.5003881973, 5444181.044762718], [568963.3256756482, 5444172.7720692605], [568954.9453588258, 5444169.990955052], [568943.7505828349, 5444156.540291651], [568941.6802597977, 5444142.249905542], [568938.6000500519, 5444136.415795134], [568936.6130507125, 5444136.232194429], [568935.276554004, 5444138.7663247045], [568934.7462469788, 5444152.709434214], [568929.2828739514, 5444157.930126369], [568925.9523773873, 5444157.738265491], [568911.5275151537, 5444145.938476831], [568908.9968191184, 5444144.5252833115], [568892.5326688865, 5444133.37551865], [568863.6179302628, 5444122.595868472], [568857.2915296879, 5444120.237389027], [568851.777618513, 5444116.668931629], [568833.5326309295, 5444104.861500365], [568810.8532862731, 5444095.3507030085], [568800.4753103901, 5444094.900058429], [568793.7491731504, 5444091.074327674], [568784.8313888494, 5444090.3685071645], [568771.1785125304, 5444092.589187867], [568764.4289760982, 5444090.733779833], [568756.6340968702, 5444095.060550226], [568752.4818481479, 5444095.312381151], [568736.2677244608, 5444093.062813247], [568720.68632854, 5444096.862238837], [568711.7744011775, 5444104.2168148095], [568707.5326721098, 5444109.597426879], [568705.4881905441, 5444115.384880276], [568705.5388583905, 5444119.011144068], [568710.469883517, 5444127.624551351], [568716.0078722123, 5444134.14875071], [568726.8505170721, 5444135.213428963], [568731.8197756421, 5444141.494573235], [568735.1504463978, 5444148.3482681615], [568734.3614107848, 5444155.655563434], [568732.1213155431, 5444158.303313046], [568718.8563554848, 5444156.10466243], [568710.920119268, 5444149.586444854], [568698.5298157838, 5444142.945620245], [568666.8830559864, 5444145.00794853], [568666.9002272487, 5444137.353667234], [568674.3204681152, 5444130.732070116], [568680.4874928959, 5444121.498328331], [568690.3107954945, 5444094.571978963], [568697.4686819764, 5444079.522515057], [568704.6103664511, 5444048.66379158], [568704.1892382961, 5444028.470481443], [568705.6039521287, 5444019.48698795], [568704.3835989119, 5443989.56865855], [568708.3963432338, 5443976.844904014], [568708.2584088895, 5443963.270309068], [568705.1972683496, 5443947.704380056], [568699.8845777977, 5443935.78028879], [568691.3914943624, 5443921.43522981], [568686.7418862917, 5443915.990678264], [568678.0291396002, 5443911.820237168], [568663.6406515306, 5443910.953145684], [568656.3914141763, 5443906.777579858], [568640.6061148802, 5443903.784419852], [568636.9729051162, 5443905.003573682], [568631.816440041, 5443909.939891114], [568630.288443169, 5443910.265129642], [568629.660134313, 5443912.004065055], [568626.0289842961, 5443922.054340474], [568625.4354209891, 5443923.69711554], [568621.4757862975, 5443949.045276428], [568624.9327145072, 5443964.167898841], [568625.6880042376, 5443987.193679814], [568625.3921803816, 5444011.00000277], [568626.1366975943, 5444015.055442844], [568627.3658159965, 5444021.750737759], [568627.3723957917, 5444031.590665615], [568629.546899801, 5444036.455250368], [568633.0577279716, 5444060.480502212], [568635.7506098358, 5444071.749193024], [568636.334801903, 5444084.533286658], [568639.4850514153, 5444096.0989275975], [568635.1740575852, 5444110.271247706], [568636.4314312334, 5444119.527195135], [568635.5729403594, 5444137.820565766], [568636.8769334628, 5444142.607857375], [568641.0168497437, 5444144.878347029], [568642.5405175573, 5444154.188285648], [568637.5485662448, 5444161.829601987], [568617.6770826988, 5444174.3565143645], [568608.246176566, 5444187.990739501], [568605.3631220738, 5444195.788819705], [568600.8455653525, 5444201.1286729975], [568598.608157156, 5444200.847701375], [568598.1576773489, 5444197.525821507], [568599.40809514, 5444192.002637121], [568605.1990841351, 5444180.160945187], [568604.8801205143, 5444176.749222945], [568602.1972259008, 5444174.048688373], [568597.9258158071, 5444173.479257796], [568591.4610466657, 5444176.48627612], [568585.7191427068, 5444176.378013501], [568579.2953768705, 5444180.486429044], [568575.6887109305, 5444180.065843976], [568572.2518946817, 5444177.244175318], [568566.602402774, 5444177.148468651], [568561.4168359357, 5444174.915249256], [568551.3343814472, 5444174.264922879], [568544.4570971082, 5444171.915624884], [568533.9302880559, 5444172.945797267], [568527.1942323463, 5444170.054194777], [568514.9396803422, 5444168.374736768], [568475.5581285811, 5444154.403469645], [568470.6472908754, 5444151.406487342], [568463.2864719222, 5444153.083744766], [568451.4663452293, 5444151.075530053], [568445.1342344341, 5444144.6057826765], [568432.0024041756, 5444141.530569491], [568413.8954754636, 5444134.250978098], [568407.6418942497, 5444133.961777513], [568382.8423286278, 5444125.712523103], [568364.2730449055, 5444122.744494906], [568349.734703802, 5444113.13998955], [568341.0910567114, 5444096.365966327], [568337.4309028878, 5444080.44597271], [568336.613262746, 5444076.889802783], [568336.1502087087, 5444074.875829116], [568336.3839423471, 5444072.537677216], [568334.2447077662, 5444062.207858633], [568335.0799455873, 5444050.098162237], [568334.2709395229, 5444035.914415348], [568338.4602384531, 5444023.384818304], [568338.6917754625, 5444015.572459074], [568340.6262927635, 5444011.711522609], [568333.5068523736, 5444007.553543846], [568338.2648019034, 5444002.7548086485], [568339.7328335481, 5443998.746168884], [568345.1779421766, 5443998.450384228], [568352.0534692011, 5444002.851001427], [568368.9797586334, 5444000.014824185], [568378.9379894905, 5444000.631049094], [568380.3836603586, 5444002.093401145], [568389.4457606158, 5444004.6825545775], [568394.7191768676, 5444004.01040338], [568401.5752272649, 5444006.336552716], [568429.4137269671, 5444010.718408852], [568447.1276760341, 5444014.092197148], [568448.0385772095, 5444015.144828153], [568458.6153216038, 5444019.414905351], [568480.301878707, 5444024.735687806], [568485.4146749614, 5444027.6527155405], [568492.7290197655, 5444028.127060977], [568498.7439594073, 5444036.125874946], [568505.7711349477, 5444040.903248377], [568522.1120386983, 5444043.004688702], [568540.1633929388, 5444041.284955595], [568543.5740960533, 5444037.460174556], [568548.3985353896, 5444015.684835139], [568555.4792867436, 5444000.10675452], [568555.2744045181, 5443988.980141908], [568553.2666457237, 5443984.750228472], [568552.6880630141, 5443953.746840066], [568551.9883246565, 5443941.647312105], [568551.4019714522, 5443931.508266244], [568549.2012607853, 5443917.743928634], [568548.9861172768, 5443916.398560362], [568544.92966384, 5443907.617865506], [568544.8527323491, 5443907.357327556], [568534.9933950017, 5443899.969373195], [568526.8584161102, 5443898.1765353875], [568503.9221579317, 5443899.233923853], [568492.2139470873, 5443895.644586765], [568473.05533548, 5443892.687844522], [568466.8176600803, 5443895.162647401], [568455.1498512086, 5443890.156496453], [568432.8605853923, 5443886.236611403], [568425.1578264507, 5443887.233677398], [568420.7870864501, 5443890.268828775], [568413.2393399971, 5443888.169956875], [568408.1491292684, 5443881.9657719955], [568373.5278247602, 5443877.31303231], [568366.2328543096, 5443874.016046442], [568359.8030347805, 5443866.670062279], [568350.3497684307, 5443863.418570311], [568344.0821774625, 5443847.653428707], [568326.8805845436, 5443830.79953703], [568285.9528326538, 5443812.670519194], [568265.2838888317, 5443798.866010487], [568251.1231627581, 5443779.666381661], [568247.1333239188, 5443770.168268781], [568242.3696361446, 5443764.564198168], [568238.3698624292, 5443756.917917226], [568231.676039086, 5443751.650469265], [568232.8655457789, 5443744.997882518], [568232.4449692704, 5443741.409402691], [568230.6290981456, 5443733.151037486], [568228.353424146, 5443728.177225916], [568229.7705968021, 5443713.799007106], [568230.2947153217, 5443708.480904975], [568241.8757331957, 5443698.306352856], [568247.062372279, 5443699.957687974], [568250.362543074, 5443685.71247143], [568246.3838573474, 5443670.5836941255], [568245.2300499673, 5443657.921112683], [568245.670195943, 5443657.885861536], [568246.3891450757, 5443653.771762851], [568249.3933997208, 5443649.7678343095], [568255.3274692247, 5443631.921493732], [568259.7367040361, 5443629.061249067], [568268.7090757256, 5443626.946843369], [568299.2790682849, 5443634.227832124], [568309.5673590905, 5443634.296589857], [568314.0237539327, 5443637.200114909], [568324.2706760033, 5443646.149077615], [568330.3808313388, 5443657.335973071], [568334.4279944397, 5443666.910013247], [568348.4847889848, 5443667.083980478], [568357.9640835854, 5443658.470880783], [568367.8853790712, 5443656.212706962], [568389.1818690114, 5443660.444636426], [568423.0126115009, 5443661.657142682], [568448.4543508417, 5443667.528011828], [568505.3981623786, 5443694.424762292], [568542.7647594422, 5443704.412366889], [568552.9506177907, 5443722.793018483], [568561.0146241655, 5443744.322116624], [568573.107031698, 5443734.94822352], [568577.8812609377, 5443727.864449949], [568597.4625428568, 5443618.581556009], [568599.8111212197, 5443597.181724471], [568603.465537374, 5443567.210656882], [568604.4492437616, 5443559.143278022], [568604.8646790257, 5443557.2374558], [568606.3015512883, 5443550.646295772], [568607.2100440412, 5443546.478937174], [568601.7735131978, 5443537.425115621], [568599.0473974512, 5443532.885253156], [568585.039500232, 5443528.742946521], [568582.9300183048, 5443528.179157483], [568549.1670366077, 5443519.154777999], [568541.695477235, 5443517.157858908], [568541.4437946186, 5443517.090615567], [568540.3748622895, 5443516.807542259], [568527.3300788937, 5443513.353409558], [568510.5096642176, 5443508.899487766], [568494.2688643249, 5443504.599061991], [568484.680841445, 5443502.060350618], [568452.321455729, 5443493.492151405], [568434.526668532, 5443488.7805941375], [568357.1645427728, 5443467.386438638], [568342.8420104038, 5443463.4255802585], [568321.4534337315, 5443457.511019778], [568316.4544575599, 5443456.650708005], [568300.0427006879, 5443450.558885908], [568293.1926330184, 5443450.869440108], [568273.7887992976, 5443445.766719989], [568265.6412320926, 5443447.5206665015], [568264.1626867502, 5443451.051620952], [568258.249808769, 5443456.642515491], [568243.4196855807, 5443476.574774448], [568236.3793843626, 5443489.836783982], [568229.6161940754, 5443495.597368387], [568227.2783442355, 5443501.980541293], [568218.0839527398, 5443510.905502931], [568195.9691440891, 5443546.320097678], [568187.1302394642, 5443558.028888331], [568179.9495867316, 5443572.720571824], [568174.6829097231, 5443576.928724143], [568171.7070909323, 5443592.388487265], [568162.6163778768, 5443605.177672192], [568150.3691389561, 5443641.61612751], [568149.7307981863, 5443657.197281624], [568147.4502976593, 5443671.200131798], [568146.594432653, 5443701.208823508], [568144.1014850665, 5443710.029830709], [568145.5755932842, 5443715.656578639], [568146.0652312542, 5443733.820019599], [568150.4378303088, 5443750.834815571], [568154.2834779333, 5443776.148935038], [568158.4185311587, 5443789.750513675], [568170.1128038012, 5443814.100511192], [568175.1298248728, 5443816.863429469], [568178.9556161904, 5443816.136493318], [568182.2971661141, 5443817.540846639], [568189.1460695809, 5443824.203872133], [568192.1602135312, 5443831.334632359], [568197.4669405215, 5443838.024562232], [568201.7933428936, 5443849.936552551], [568206.5744140553, 5443856.867982671], [568209.3898965936, 5443874.560290069], [568214.4091862012, 5443906.101528402], [568214.4141203298, 5443906.325711768], [568215.109515192, 5443938.11578384], [568212.2743043972, 5443947.736359377], [568209.6810106025, 5443951.801313044], [568201.3110567214, 5443961.295772739], [568197.9343875429, 5443967.151981259], [568194.4958411395, 5443969.950957574], [568179.0681583652, 5443978.198774001], [568171.8720873417, 5443984.095891301], [568166.0394575854, 5443986.262086892], [568149.7442243412, 5443971.5154259335], [568137.2174428955, 5443972.167935427], [568135.3868458592, 5443970.258425], [568134.7231033277, 5443967.182265721], [568129.5150516784, 5443964.211620646], [568121.1737582273, 5443965.020233223], [568113.2873028247, 5443969.096445597], [568112.2064769178, 5443967.717965697], [568113.2961863081, 5443962.7977864975], [568109.1867440216, 5443962.191447587], [568099.770797885, 5443967.895144732], [568093.8505659926, 5443976.5540649835], [568092.0679192947, 5443977.127606629], [568084.4153628349, 5443975.9437153535], [568078.2974516231, 5443970.071135667], [568064.7810311576, 5443963.495836771], [568059.3744425412, 5443963.428580829], [568052.3662041833, 5443966.371976052], [568041.9788351326, 5443967.913393917], [568030.8752663373, 5443963.251816606], [568004.473665452, 5443947.891898805], [567991.6289694506, 5443943.12308585], [567985.1403563325, 5443939.080316686], [567984.435588416, 5443934.985459272], [567982.2754308395, 5443931.175586524], [567972.7102449343, 5443930.243700661], [567968.1687530866, 5443932.00390633], [567960.5871444597, 5443932.199458458], [567952.9882669696, 5443928.221117525], [567939.0956679673, 5443928.224158339], [567924.9150552549, 5443926.046998617], [567921.0087372031, 5443924.955362528], [567919.141975804, 5443923.627709991], [567910.3271805239, 5443921.970540789], [567902.4492965774, 5443920.489487505], [567882.582766037, 5443916.75471944], [567865.1618213283, 5443913.479722455], [567861.9519278702, 5443907.656509886], [567853.3979004507, 5443908.490129241], [567847.2504438146, 5443906.084734055], [567841.1695767624, 5443907.146311839], [567833.7543187025, 5443902.513948266], [567825.1589335436, 5443899.123731884], [567819.2089442831, 5443899.065970773], [567805.5765973432, 5443892.851617613], [567789.1027837736, 5443895.322564734], [567759.3476717105, 5443891.067581716], [567755.6175366642, 5443888.025748622], [567737.4430810678, 5443884.06590179], [567725.8357799376, 5443877.062248343], [567711.2543043415, 5443872.490692739], [567702.5086755905, 5443872.157764881], [567689.4292671412, 5443881.91889326], [567684.5250080593, 5443883.944349801], [567675.7223739851, 5443883.96905917], [567662.0453489225, 5443873.467278945], [567654.3737617743, 5443870.085416035], [567646.6049951045, 5443856.7904158635], [567631.8246006555, 5443833.648112981], [567624.1293780474, 5443833.017952181], [567620.5804958377, 5443830.254228521], [567613.288578599, 5443831.236904209], [567609.1382412758, 5443830.014958554], [567606.8450481812, 5443826.041156308], [567602.5777344273, 5443822.7290260745], [567597.4080285429, 5443814.475187983], [567589.2503573813, 5443810.114732791], [567581.6194871946, 5443807.391359764], [567572.2293827456, 5443810.020163462], [567565.3156047278, 5443804.269607183], [567554.4097425567, 5443801.665108739], [567544.490437957, 5443796.349545697], [567531.5451588875, 5443794.876428331], [567523.7552695298, 5443791.225986326], [567445.2441015372, 5443788.189682506], [567440.5800570297, 5443788.132661657], [567429.8496582457, 5443786.975857376], [567394.8180057126, 5443787.20444965], [567386.691064878, 5443784.729175844], [567377.5305340369, 5443786.178769036], [567370.3951653296, 5443781.342666265], [567361.1693351205, 5443788.8005768545], [567316.68883903, 5443796.272135215], [567293.5057993655, 5443795.095946101], [567246.9868849779, 5443798.007019906], [567232.2867537992, 5443796.639843034], [567218.9815491312, 5443800.299225019], [567211.2509164904, 5443798.616872075], [567198.4257612552, 5443798.6963135805], [567177.707238345, 5443798.974208344], [567174.4390147664, 5443800.623615681], [567154.713414133, 5443795.900655124], [567138.4107826006, 5443796.194060074], [567128.9038443931, 5443798.248957094], [567108.6037746989, 5443797.418413574], [567093.1227274109, 5443804.227052601], [567084.2993799758, 5443801.970095245], [567074.9524674407, 5443805.199896656], [567062.2154635498, 5443803.229898721], [567028.2644070939, 5443809.502623861], [567023.2223015853, 5443808.939850929], [566994.682981299, 5443812.511445167], [566974.4561370895, 5443820.030227892], [566967.1103895346, 5443819.184033189], [566922.4994505013, 5443825.591163512], [566894.2653629167, 5443825.743843994], [566880.1329600625, 5443829.966691985], [566869.8963136275, 5443830.445119683], [566861.6973349827, 5443828.246289875], [566837.2099410625, 5443837.908393562], [566826.2517604252, 5443838.099776033], [566822.2475409876, 5443840.221818965], [566802.9606026883, 5443842.001375397], [566795.3085684387, 5443844.186929361], [566751.4643202226, 5443834.791846669], [566739.6816860804, 5443834.1918478925], [566736.3154707465, 5443832.158486366], [566722.3758754886, 5443832.2968406165], [566709.9671384094, 5443836.189564576], [566691.7431462576, 5443816.411156316], [566655.8378612929, 5443791.836057273], [566651.9339731903, 5443773.207199582], [566643.1292123159, 5443694.326976729], [566641.3034077769, 5443756.569376229], [566641.1630682392, 5443756.34970999], [566610.6916575455, 5443692.489284938], [566600.086810258, 5443662.673707919], [566591.806155507, 5443664.008217759], [566581.6610165213, 5443654.603987348], [566569.5292858934, 5443638.094797032], [566566.3016554511, 5443631.536359411], [566564.0122543903, 5443622.559005123], [566556.8918292765, 5443615.445719985], [566549.4557393345, 5443604.239666419], [566540.0290827523, 5443594.551159788], [566532.2356433815, 5443583.872458954], [566513.6223740843, 5443574.757379571], [566495.2391138175, 5443567.884812472], [566473.1661503813, 5443556.230895536], [566467.2265420972, 5443555.164935205], [566459.406699724, 5443550.533760712], [566443.636473826, 5443548.489463355], [566436.6312265708, 5443549.288965789], [566431.0905421446, 5443547.156388249], [566422.0518364856, 5443550.225437004], [566389.1662000732, 5443553.153885839], [566375.3304152756, 5443561.892097473], [566370.0014010794, 5443562.88791587], [566352.4340609132, 5443571.56421216], [566349.5845943613, 5443574.359395298], [566339.4329798366, 5443576.816761107], [566333.1179543792, 5443581.939734677], [566322.3418926576, 5443586.0043027485], [566311.8539717372, 5443595.284103249], [566304.6866334919, 5443605.713410444], [566302.4748288946, 5443611.309783437], [566295.4544199152, 5443617.06883845], [566292.0640664425, 5443621.797507686], [566281.2638330561, 5443626.175455686], [566271.2517482308, 5443633.099253826], [566262.8232970573, 5443634.289364744], [566234.0820382762, 5443656.125461288], [566219.258482094, 5443661.015000219], [566216.8355238226, 5443663.675258006], [566211.9987391958, 5443665.438292293], [566208.4796324853, 5443663.790495849], [566204.7329148339, 5443658.913923693], [566181.8059615715, 5443663.976166338], [566174.717005107, 5443667.907331448], [566168.852228885, 5443668.306575752], [566164.5447656726, 5443670.76474666], [566159.1581004108, 5443677.902849006], [566153.8412568009, 5443680.676940422], [566150.446228749, 5443684.373001316], [566136.6663806625, 5443706.541776708], [566135.2354948056, 5443711.274612029], [566129.5937585541, 5443721.212283211], [566126.9192149574, 5443732.094252699], [566121.2261977071, 5443742.943368726], [566118.4475249426, 5443759.099923501], [566115.1804338354, 5443766.638562984], [566113.3732778762, 5443774.5383225735], [566113.4731275837, 5443779.827791702], [566109.4069487968, 5443795.073363591], [566110.4650044343, 5443823.987943634], [566105.8419369635, 5443832.283141353], [566105.3937490731, 5443838.863310189], [566103.1908289685, 5443842.70465202], [566100.4145678751, 5443858.103655783], [566095.5518892161, 5443866.566199395], [566084.1633872542, 5443881.023854734], [566077.4306046269, 5443886.83591036], [566067.0215839037, 5443899.904612279], [566057.530066052, 5443907.395708577], [566054.4405212447, 5443911.592683071], [566051.6413532041, 5443919.110813133], [566041.4947694576, 5443928.18718485], [566032.3293721771, 5443934.234091416], [566025.3108657758, 5443943.029080063], [566006.7688216928, 5443950.929835539], [566000.6997722263, 5443959.5321538495], [565993.2287336054, 5443957.363564129], [565968.4139967541, 5443963.689975983], [565960.1091494397, 5443967.045201609], [565956.6700797405, 5443970.040345958], [565951.3914671614, 5443970.685335629], [565937.2924790333, 5443976.892686083], [565918.4917932576, 5443989.4567298675], [565909.5731181857, 5443990.554202621], [565904.7275430592, 5443995.109559605], [565893.4746827891, 5443999.9724594215], [565880.5056069983, 5444008.828308681], [565868.6676982063, 5444010.777639968], [565868.2395235751, 5444017.581503686], [565864.2803413847, 5444023.458669021], [565861.3941190834, 5444030.4998179795], [565861.417283899, 5444034.323195534], [565863.5306737417, 5444039.77033194], [565862.3506535224, 5444046.691533146], [565845.8096827277, 5444056.05941174], [565817.6701056148, 5444063.129432952], [565804.0945158273, 5444072.796891056], [565799.1149785602, 5444079.730348111], [565792.7395039777, 5444083.606873423], [565789.7788350211, 5444087.214804227], [565785.6764912439, 5444088.465799933], [565781.8122158602, 5444094.154383254], [565767.5190873174, 5444107.483942506], [565758.2134072498, 5444106.966600372], [565725.9277758116, 5444115.939709275], [565718.7295848595, 5444114.428943262], [565712.1281376482, 5444115.051975042], [565690.5633675221, 5444120.692319131], [565677.178764826, 5444126.269968563], [565675.1868715829, 5444125.233414591], [565675.4900412112, 5444122.597692774], [565680.076311183, 5444120.204792533], [565689.7150945913, 5444110.760410487], [565693.6582814495, 5444097.490307231], [565697.3009045001, 5444068.929789331], [565697.0000505525, 5444063.859771609], [565693.7800652377, 5444059.976303844], [565693.2559834315, 5444057.222700388], [565698.9401626267, 5444049.135948305], [565697.040211996, 5444039.631492794], [565695.1780157145, 5444036.244782888], [565699.5236023001, 5444028.148606473], [565698.6759079082, 5444024.086013068], [565695.6232020302, 5444019.451443293], [565695.5609167033, 5444012.209159159], [565690.9803809063, 5443997.334447054], [565688.4535802403, 5443992.131063766], [565684.5571857847, 5443988.616610023], [565682.6328108655, 5443984.221147027], [565679.4607612811, 5443980.79196731], [565678.5727989856, 5443975.093619275], [565652.9887410401, 5443949.18867071], [565648.1928177638, 5443945.635240566], [565642.9144947282, 5443944.725255812], [565639.8971372127, 5443939.045870067], [565633.4808468098, 5443936.514031284], [565617.0639388736, 5443920.72213356], [565610.9888641196, 5443917.416816742], [565606.6147881635, 5443917.776365889], [565601.3432507388, 5443912.707905767], [565591.9373606268, 5443907.942266556], [565583.842364827, 5443908.113256609], [565574.540840427, 5443905.1790492805], [565559.036397008, 5443893.0614488805], [565548.444116483, 5443887.8528938955], [565544.2989525229, 5443883.504152918], [565537.6602879418, 5443872.095587472], [565531.244871233, 5443866.5335467355], [565520.4855962743, 5443852.25454216], [565511.0059963192, 5443842.129742247], [565505.8356690689, 5443839.849987634], [565503.7711212825, 5443835.046393693], [565497.7656101737, 5443829.920374997], [565495.583570018, 5443823.99266576], [565489.6391979269, 5443816.632280262], [565485.6515361577, 5443808.69717781], [565478.371755912, 5443799.570570213], [565475.605026419, 5443793.891467559], [565466.1078702235, 5443784.198113964], [565462.5576066233, 5443775.001141695], [565456.0908188558, 5443771.442779026], [565447.7014799239, 5443757.829450242], [565416.6061505899, 5443728.845420621], [565405.7427408756, 5443716.114535565], [565382.7735792642, 5443702.202120514], [565366.5299977043, 5443699.201106273], [565359.0273873772, 5443699.977425399], [565348.4680390107, 5443695.854405425], [565331.2283772583, 5443697.272952874], [565316.8716739956, 5443692.9996337695], [565308.5618388923, 5443693.148328851], [565303.5770298693, 5443690.616343461], [565281.5661624912, 5443688.273157067], [565265.8810658578, 5443690.723359366], [565257.6459452411, 5443694.266726823], [565247.9586585109, 5443695.974825633], [565237.4525908508, 5443704.806368364], [565227.7393539621, 5443700.751498288], [565221.4212837272, 5443701.132667161], [565212.7479546407, 5443708.135349269], [565204.7599431898, 5443707.278373479], [565200.534148923, 5443708.965130166], [565197.3164416697, 5443712.270367452], [565190.0427732817, 5443712.501132174], [565181.8357306226, 5443710.137837825], [565178.1302244592, 5443712.116831236], [565166.6231461042, 5443712.170900702], [565147.9980458805, 5443708.918191433], [565140.8955320588, 5443709.488636451], [565129.8468835832, 5443706.224152075], [565124.1206912622, 5443708.100778555], [565121.5023453541, 5443710.892592091], [565107.8954434379, 5443708.006244233], [565101.4429220386, 5443711.339550087], [565096.0476713469, 5443708.122733912], [565090.1908575863, 5443711.740523892], [565084.0986162692, 5443712.238462131], [565076.0785237288, 5443710.202344291], [565066.2051977856, 5443715.2934249425], [565059.5381027877, 5443715.952891984], [565056.1339021706, 5443718.130403671], [565043.7961540389, 5443718.646954012], [565036.0755854711, 5443726.893185488], [565030.6930695385, 5443725.094899245], [565027.295485076, 5443722.131012856], [565020.241344867, 5443724.166486016], [565010.6355449742, 5443720.129811891], [564999.4136809866, 5443721.758677759], [564997.4491181567, 5443727.444360647], [564994.8836925161, 5443728.257602473], [564984.8811891318, 5443720.150705954], [564980.0373482234, 5443718.874261871], [564968.2645553364, 5443720.427241539], [564958.8769632103, 5443719.188679707], [564952.7778495343, 5443720.847457281], [564947.9335432138, 5443716.83386661], [564938.4071823445, 5443717.700545001], [564929.5222048283, 5443714.428817048], [564916.9543088365, 5443716.15845058], [564913.3803529631, 5443714.4626872], [564910.297751323, 5443707.769688543], [564904.720629075, 5443708.898687232], [564893.6296487389, 5443704.387348449], [564870.8320718576, 5443704.3559058085], [564856.7143397231, 5443699.105253155], [564842.3903151307, 5443700.125110149], [564834.4605559363, 5443692.790123614], [564824.4647057657, 5443687.798707519], [564818.212564834, 5443688.220602608], [564804.275703787, 5443684.994027039], [564793.4743105763, 5443686.913594092], [564786.1786953306, 5443684.233702731], [564782.2313618069, 5443680.578282341], [564773.0278024318, 5443682.880540287], [564766.4350508406, 5443676.869664281], [564749.6792741094, 5443674.129711763], [564742.3204876352, 5443670.995122753], [564727.7766008722, 5443672.321703686], [564723.0205323931, 5443674.704368347], [564716.052312759, 5443667.662802216], [564708.0041038707, 5443667.108820024], [564703.7181852903, 5443669.05119668], [564698.381703808, 5443667.2843358815], [564693.3430203587, 5443671.154868161], [564692.1408535963, 5443670.184344618], [564691.7843884813, 5443666.339603509], [564683.8674040034, 5443664.901661431], [564677.1307341807, 5443670.117429302], [564675.6555933047, 5443669.668483613], [564674.0740828465, 5443666.140227304], [564670.4753891831, 5443664.612867437], [564653.9798759304, 5443666.956021422], [564648.9356068223, 5443669.093264023], [564648.7946321035, 5443672.908271408], [564647.1957317721, 5443674.888581578], [564644.73131107, 5443674.806890095], [564643.507070558, 5443672.192548911], [564641.2430947308, 5443671.291349274], [564635.0955588071, 5443676.727786675], [564631.8250068497, 5443677.280249393], [564627.5212712048, 5443675.04387982], [564626.329832278, 5443672.661370211], [564626.6931540964, 5443670.517699829], [564625.0343162585, 5443668.909201249], [564619.038115871, 5443668.180796623], [564611.9940102857, 5443670.293764404], [564589.1592957916, 5443667.002033288], [564576.8759269674, 5443661.985154019], [564572.4342396583, 5443657.965649214], [564562.4194012568, 5443656.833006504], [564556.4956626121, 5443651.624643196], [564555.0082217657, 5443647.489910029], [564551.6606138533, 5443646.086745707], [564534.6026473386, 5443645.27497957], [564521.3074143297, 5443641.522603569], [564515.4099969099, 5443643.177448006], [564510.0927512376, 5443642.525107579], [564504.5506535736, 5443638.308332576], [564496.1566621729, 5443637.164929236], [564491.0910616012, 5443638.942044444], [564483.6192685157, 5443636.055857667], [564478.8264512584, 5443635.892087346], [564475.0722598222, 5443633.100176287], [564469.241461435, 5443634.909908085], [564462.2647277976, 5443630.461934475], [564457.7352520222, 5443631.405551131], [564456.1076210028, 5443636.746488654], [564449.1601870582, 5443641.0042465255], [564447.249059868, 5443639.328387497], [564446.8835320901, 5443635.373361893], [564444.5130979281, 5443633.758513741], [564436.0981872973, 5443638.336281511], [564431.5545328766, 5443635.29392394], [564422.0235606752, 5443636.27643869], [564417.3134065941, 5443629.780906139], [564405.2389497323, 5443626.607911357], [564401.0960826599, 5443627.273124573], [564394.4201367456, 5443625.199191652], [564390.326479295, 5443626.648414905], [564383.3644372132, 5443625.0556731075], [564378.9258453577, 5443627.953643228], [564374.159702496, 5443628.305975843], [564358.1605297296, 5443625.476223726], [564354.4913998218, 5443623.818638293], [564352.7458223316, 5443620.808703818], [564361.4666645625, 5443611.928934706], [564367.4275543593, 5443594.182205055], [564375.2945767826, 5443591.845036568], [564381.0528097706, 5443584.907628668], [564385.4635946508, 5443584.151421135], [564389.4052833413, 5443581.140028618], [564393.2618503871, 5443581.279521769], [564395.3720044391, 5443575.160626493], [564405.9701586278, 5443573.11622391], [564408.8571227314, 5443569.805266886], [564419.834852167, 5443566.249923678], [564425.4325023869, 5443566.060587077], [564432.9711546189, 5443562.6628781445], [564443.9217922303, 5443554.0784474965], [564458.1206687344, 5443550.295425238], [564464.9875809676, 5443543.1460926775], [564477.5906012851, 5443538.638893848], [564497.7250222513, 5443527.280297163], [564500.0226748511, 5443524.178210334], [564505.751318155, 5443523.183219634], [564516.9316093591, 5443514.987971762], [564531.8706440667, 5443510.093692219], [564538.0716251802, 5443504.979439976], [564543.6122383723, 5443505.583975552], [564549.7362971391, 5443502.214059919], [564558.4848038482, 5443502.16170491], [564565.4979168008, 5443499.1219957555], [564593.8364663433, 5443495.021498445], [564615.4522688498, 5443489.010727664], [564676.7804266467, 5443488.784954412], [564679.2362429289, 5443486.179936455], [564686.4615194816, 5443487.517057373], [564701.5821212161, 5443485.652175443], [564713.9053081961, 5443487.30805684], [564745.648064251, 5443481.989732727], [564756.4733996962, 5443482.747554901], [564762.0553907062, 5443480.259118834], [564775.6342598797, 5443481.188732226], [564781.0080116314, 5443478.937418904], [564786.8795236398, 5443480.1607310735], [564792.1644949191, 5443474.905739603], [564805.0231679274, 5443472.3239184925], [564811.8674047565, 5443468.128255619], [564827.8610694462, 5443464.31641005], [564836.6394294611, 5443459.747559228], [564866.1217457308, 5443454.241963659], [564924.6259989743, 5443437.206888553], [564930.9777080321, 5443437.022692393], [564958.7414266528, 5443429.830873137], [564970.6805206086, 5443429.25032202], [564985.6194184112, 5443425.504416789], [565011.3367597734, 5443421.9630457675], [565044.2116362918, 5443421.301877399], [565058.8215791951, 5443418.685242151], [565066.649040473, 5443420.524042418], [565079.6348420737, 5443417.911093166], [565108.0080106051, 5443416.207523751], [565157.9621178729, 5443405.052782635], [565178.0154826111, 5443406.049845673], [565199.5314720424, 5443398.947202344], [565221.9893304658, 5443398.269396296], [565226.9098193814, 5443395.86320156], [565234.0472549159, 5443397.194385195], [565246.3091235876, 5443393.922083654], [565258.1070865948, 5443393.770115394], [565269.0114123597, 5443395.599585881], [565277.618185821, 5443402.7599260975], [565283.1121967157, 5443404.197320265], [565288.1284708375, 5443403.237487349], [565293.4953294595, 5443394.748395395], [565297.2836862347, 5443394.549906597], [565305.1265400905, 5443399.145863822], [565313.4036313734, 5443407.005527193], [565317.3586329393, 5443414.021871658], [565324.8367578654, 5443416.212773754], [565329.7499240064, 5443422.3480769405], [565343.7765859338, 5443423.604182642], [565346.9105982776, 5443427.803020138], [565355.6760395196, 5443433.89344755], [565363.748872534, 5443433.109187204], [565367.4719373975, 5443431.066644703], [565371.1499531943, 5443435.400945611], [565376.5371682746, 5443438.375368716], [565388.288870679, 5443439.22547864], [565393.2906432421, 5443443.480559466], [565396.3288221866, 5443444.211897744], [565411.933358672, 5443443.037145149], [565428.9598960862, 5443449.243179364], [565435.3040229197, 5443450.365168895], [565441.9616438715, 5443449.095988713], [565459.070200249, 5443453.322624357], [565467.6710684067, 5443449.250333644], [565475.0833972621, 5443448.933154614], [565479.0322118698, 5443452.748155672], [565487.8407810413, 5443451.864405613], [565512.2867939136, 5443457.943191713], [565520.3691967147, 5443464.805984063], [565534.1087563966, 5443470.191726743], [565544.0332038531, 5443471.080699071], [565547.8838058684, 5443475.060643321], [565554.0072649693, 5443476.144431831], [565567.5282587484, 5443475.761005954], [565573.954806218, 5443473.353161365], [565583.539040915, 5443477.0205757385], [565588.3475300682, 5443476.053949829], [565592.3687988858, 5443477.534973699], [565604.6695024997, 5443471.05688416], [565614.9804237798, 5443472.637047633], [565624.8275694521, 5443477.132180665], [565632.4486896753, 5443475.189827887], [565640.2723948403, 5443471.0506597655], [565644.3563604152, 5443473.97800859], [565654.0518265835, 5443473.148363561], [565657.8455144285, 5443472.025708579], [565662.2469563979, 5443466.383405937], [565673.6843416009, 5443466.876366168], [565682.7510469581, 5443464.146456685], [565687.3051039135, 5443461.046209902], [565692.2627910821, 5443462.140706042], [565698.2996913317, 5443457.213426649], [565717.974651223, 5443451.044118031], [565721.9383869304, 5443451.105505636], [565730.9473962999, 5443443.748658393], [565739.1886063649, 5443431.260082639], [565743.1982216951, 5443432.0442585945], [565745.1572828802, 5443435.094247252], [565749.225492016, 5443437.600039359], [565753.7449399929, 5443436.373245701], [565769.4537784565, 5443424.883276552], [565779.7953925978, 5443414.312581958], [565792.332064258, 5443409.252580951], [565804.8415293909, 5443407.205941878], [565811.9858609436, 5443402.732065713], [565816.6040242795, 5443398.645769695], [565820.959692889, 5443391.88645999], [565827.7756100018, 5443386.352076064], [565833.2995536524, 5443384.046144332], [565837.8419456152, 5443378.197062839], [565843.1368049401, 5443375.717595353], [565850.7182679048, 5443366.215690072], [565861.7851049165, 5443356.982991413], [565863.6572639662, 5443352.548512621], [565867.5368287938, 5443351.582020845], [565873.8577176273, 5443347.034010233], [565876.7020585322, 5443340.4030657085], [565885.0969277419, 5443330.899927409], [565893.9898929258, 5443324.618569963], [565896.4452408381, 5443320.848361592], [565898.770256073, 5443319.296411734], [565903.8436407237, 5443316.724061548], [565904.8529772895, 5443315.236245967], [565917.8327467534, 5443306.572392326], [565930.6339952876, 5443292.029878778], [565934.6649391098, 5443290.156091362], [565937.3364463097, 5443285.382473311], [565949.3632267518, 5443279.359210573], [565959.7886403233, 5443269.493754111], [565965.1638122535, 5443266.380412101], [565969.3257335174, 5443258.301204611], [565976.2628490656, 5443249.896905093], [565977.437290288, 5443243.683441067], [565977.3956196408, 5443240.0], [565862.2082804415, 5443240.0], [565851.0846758377, 5443246.248109272], [565830.1712719759, 5443264.157191613], [565812.551929693, 5443274.760753661], [565807.8967259873, 5443275.65416081], [565799.8058160435, 5443280.627595557], [565793.8701814483, 5443281.65773926], [565783.8532810961, 5443283.595250378], [565774.9276160722, 5443287.613775516], [565737.8815675513, 5443294.610918231], [565714.8222373665, 5443294.659109204], [565692.9564321935, 5443301.681494295], [565667.9126181653, 5443303.596326128], [565638.8213919677, 5443303.573019473], [565615.8754210413, 5443302.666766801], [565588.8411475897, 5443302.657145245], [565575.9253350062, 5443303.615607991], [565555.8955579099, 5443301.6322288355], [565546.9573810213, 5443300.581306862], [565532.8062950883, 5443298.667763323], [565515.8699897826, 5443293.563847988], [565498.8996386605, 5443292.562132949], [565477.8573140794, 5443291.679005158], [565464.9016809517, 5443291.6922727395], [565451.818242466, 5443292.637896584], [565438.9421602201, 5443294.553437149], [565421.9547523679, 5443295.608621531], [565377.8363947831, 5443295.564471159], [565371.8610152152, 5443295.649425149], [565357.8293503874, 5443296.59517279], [565340.8587248492, 5443295.605050623], [565340.7335974423, 5443295.611175171], [565338.9904522301, 5443294.981544108], [565336.2325534633, 5443295.830225097], [565324.4127097456, 5443296.405446808], [565322.6676926257, 5443295.140668828], [565296.0724277594, 5443293.017390659], [565286.9855843817, 5443296.62015603], [565278.9579746306, 5443296.618992961], [565255.9387426664, 5443297.60336559], [565233.930142567, 5443302.569071815], [565212.9577509222, 5443305.656870158], [565190.1128810764, 5443305.695730741], [565184.2174805375, 5443299.833557551], [565165.3550789076, 5443295.972676818], [565155.6469668265, 5443297.126431474], [565151.8982608975, 5443295.506806124], [565142.7385635845, 5443296.0625475375], [565134.9158525439, 5443293.989641375], [565110.3299494248, 5443292.1743073985], [565103.9901938019, 5443294.024076618], [565085.1052320849, 5443291.00850202], [565077.9863894975, 5443292.210694642], [565065.7909857379, 5443291.468515702], [565061.1058588171, 5443289.381644054], [565053.1427952041, 5443291.249842776], [565038.9202032479, 5443291.350820746], [565023.4390685055, 5443290.16774177], [565018.8748038292, 5443288.343988395], [565008.5952037019, 5443290.312408227], [564991.4973013198, 5443288.235241193], [564969.4144104911, 5443289.084005653], [564938.7846034889, 5443286.944134014], [564929.2827466489, 5443288.254041293], [564922.5296054665, 5443286.187161792], [564910.1680076501, 5443285.9248214355], [564897.906772896, 5443291.938450068], [564890.8044396942, 5443288.070169283], [564881.4637767584, 5443288.217484285], [564871.7940816383, 5443290.414045963], [564864.7082644207, 5443289.104721775], [564856.3262287795, 5443295.199904782], [564844.9993174331, 5443290.43337395], [564823.2696400882, 5443294.947374773], [564812.5272975165, 5443299.35186903], [564810.3244879773, 5443298.409749421], [564809.0007367149, 5443294.168409369], [564806.6934822861, 5443292.800767183], [564804.4987727443, 5443294.874220503], [564803.9183123361, 5443298.545205073], [564801.605864695, 5443300.37245551], [564766.0328095525, 5443307.453243999], [564762.0348258864, 5443311.945812035], [564760.1935427741, 5443315.867487868], [564751.9282644481, 5443317.645553977], [564743.0774962611, 5443318.768291478], [564741.9420891155, 5443317.966321101], [564735.0621837458, 5443317.8799137315], [564729.8515542347, 5443320.122543853], [564717.3459079248, 5443319.042756845], [564707.8615938874, 5443322.25602226], [564701.0968719264, 5443321.079355867], [564679.6905080506, 5443323.148159064], [564673.7819266823, 5443325.654797754], [564658.5434550791, 5443325.8188135335], [564649.394189548, 5443328.802418025], [564644.6954433171, 5443333.031970873], [564639.9420161503, 5443333.581343798], [564630.2053059207, 5443338.762668182], [564614.0247198342, 5443344.286285871], [564607.9314124209, 5443345.557022436], [564600.8476200012, 5443343.943092178], [564584.6401819909, 5443346.2586592585], [564575.9803023752, 5443344.968648699], [564558.2243713393, 5443350.425655746], [564549.9899840251, 5443349.099655365], [564523.2391147082, 5443352.642534148], [564500.909285049, 5443358.984756779], [564494.8778360246, 5443359.216120026], [564482.9062767848, 5443365.188585605], [564459.3637628417, 5443367.797546985], [564452.1605394873, 5443371.535639965], [564438.9492222914, 5443374.184069717], [564431.3040797289, 5443380.089746394], [564423.2732418388, 5443380.069500577], [564417.7099127778, 5443382.291599964], [564399.8382670416, 5443384.950917627], [564384.3392203379, 5443391.2626777], [564371.8355345463, 5443392.246757599], [564351.3417437965, 5443401.927120034], [564339.2586643018, 5443403.399739832], [564329.7910336251, 5443401.844020469], [564319.4347733324, 5443403.251725523], [564296.8881250051, 5443403.014738622], [564286.9302490156, 5443404.724971868], [564279.4422052538, 5443400.696846873], [564265.6485648811, 5443402.362338835], [564248.1158601916, 5443408.361106213], [564242.5934568652, 5443407.715332617], [564238.2283203133, 5443404.251818025], [564216.5656361321, 5443405.994852194], [564208.1024691835, 5443409.161616719], [564193.444382095, 5443409.154331752], [564188.1067170366, 5443406.675540557], [564177.7313655389, 5443411.001035711], [564172.2707722721, 5443411.670542318], [564171.8054259381, 5443411.585030384], [564165.6689338053, 5443411.854055376], [564142.9849839677, 5443405.302259448], [564126.7714785276, 5443408.342589783], [564119.3975807606, 5443408.221281619], [564111.4433467747, 5443405.641379566], [564106.8461883165, 5443408.113806724], [564099.3718401555, 5443406.0656822445], [564092.3918059263, 5443409.732633121], [564082.1488336814, 5443405.38944964], [564063.4052529207, 5443411.525665892], [564039.0310118664, 5443404.234398036], [564035.5246747485, 5443404.943628503], [564033.292335408, 5443410.052126724], [564030.8670013921, 5443411.231181092], [564020.738282027, 5443404.870641534], [564009.4561483215, 5443408.210348673], [564005.0595330305, 5443407.634531579], [564003.6997245824, 5443399.803314755], [563998.388986552, 5443397.97214906], [563994.1485012769, 5443399.871624017], [563989.2719972627, 5443405.077040858], [563984.4171085847, 5443403.67804359], [563976.2475652295, 5443407.163393747], [563969.8855316532, 5443404.834339618], [563960.0, 5443407.455894524], [563960.0, 5444480.864395374], [563978.3022446762, 5444485.288782111]], [[569127.689253934, 5446384.793440915], [569134.464650209, 5446391.0588102825], [569134.8205215806, 5446392.830209486], [569128.14201831, 5446406.046816498], [569116.293247976, 5446417.050744234], [569095.1196069074, 5446430.6918739565], [569081.0488457193, 5446441.846266262], [569075.4983964411, 5446443.937583547], [569070.8633143242, 5446448.376997256], [569037.9622896148, 5446462.980602316], [568941.7624934535, 5446487.83945318], [568926.9816001713, 5446487.180262709], [568914.2997562699, 5446491.297608392], [568874.6716717017, 5446490.038190594], [568852.6012032918, 5446483.162052631], [568834.6783343221, 5446474.164352078], [568818.476570513, 5446463.172367806], [568802.2939588472, 5446449.091255026], [568791.7298250014, 5446437.1124142185], [568789.65598531, 5446432.098047591], [568783.5515631103, 5446429.5286033265], [568772.1018015648, 5446412.592522398], [568762.4372593749, 5446404.9489937695], [568759.2894515715, 5446399.189978291], [568754.1260813816, 5446393.654838683], [568736.6474909922, 5446379.2232337585], [568733.72077373, 5446374.5396650005], [568722.1005505521, 5446365.2108739875], [568716.4850037387, 5446359.6672710795], [568715.3852811524, 5446356.696183175], [568706.6792622857, 5446348.998820395], [568693.3471011939, 5446329.812927167], [568688.4820552301, 5446317.97829976], [568689.3889581384, 5446314.314063611], [568700.1399973526, 5446306.91060402], [568716.2987962574, 5446291.577089574], [568723.6013389754, 5446290.445246247], [568726.0656539919, 5446285.572843045], [568742.8744114502, 5446285.033288783], [568749.1002276365, 5446283.084813454], [568752.3378116556, 5446280.153816449], [568760.2311537892, 5446281.990161402], [568769.88031108, 5446274.911371917], [568778.1067270032, 5446277.862325138], [568782.8209017657, 5446274.544603503], [568793.0722474357, 5446276.265465028], [568809.4207931415, 5446274.34962417], [568815.8978065551, 5446275.059034878], [568819.830199596, 5446272.937061992], [568833.8107345632, 5446271.165134936], [568839.3552140174, 5446263.43603997], [568851.7939623196, 5446256.874548739], [568862.2480497189, 5446254.3331309445], [568872.6652158741, 5446255.751649736], [568894.4480458418, 5446259.204996969], [568914.03295201, 5446256.70343784], [568929.8107523111, 5446260.135512371], [568943.7241075388, 5446260.198654115], [568959.8376115224, 5446262.819237726], [568977.5122923836, 5446270.251685413], [568984.4322015888, 5446269.05000364], [568995.3459216774, 5446271.033372473], [569002.1035845177, 5446270.428360211], [569010.2326533342, 5446266.14352737], [569013.0495963803, 5446266.401922799], [569016.5543349006, 5446272.620643426], [569030.5847487345, 5446281.201032231], [569039.0964113486, 5446295.403087576], [569046.9653455717, 5446300.330392575], [569048.9029383432, 5446304.34763851], [569054.8556260058, 5446309.029535072], [569057.2538085283, 5446316.585766272], [569063.0024858481, 5446327.4720962], [569072.379254194, 5446337.120026793], [569078.8266933722, 5446339.230361523], [569081.216155867, 5446341.510841364], [569082.6265611483, 5446346.184760112], [569089.2952264436, 5446352.494056909], [569096.8468678558, 5446364.990906896], [569103.4339086709, 5446367.152227516], [569108.7776818465, 5446372.271394391], [569123.0308545285, 5446378.177146684], [569127.689253934, 5446384.793440915]], [[567259.8268007424, 5444750.046883334], [567262.1378001822, 5444753.044002698], [567262.9682744618, 5444758.495611054], [567269.027453535, 5444759.363291292], [567275.0087929799, 5444764.225753486], [567296.1476096347, 5444770.246324207], [567300.9407238734, 5444772.895785349], [567310.3427237233, 5444779.484589092], [567323.3486360258, 5444792.28896254], [567333.167144118, 5444806.1147179315], [567342.0676428621, 5444823.125519114], [567349.4586622319, 5444832.6460728245], [567350.6988943149, 5444836.8592732325], [567348.834351491, 5444840.473671776], [567346.8002452952, 5444840.963718941], [567334.8840510495, 5444839.313114496], [567325.4695458988, 5444846.40920021], [567324.9211252881, 5444849.090263942], [567329.4487517645, 5444853.557040735], [567336.8688517322, 5444854.985672606], [567342.1144376815, 5444860.589318941], [567347.1868593646, 5444862.425239656], [567348.2503991794, 5444863.7062396], [567348.5293106289, 5444870.170839102], [567349.5710896527, 5444872.083335742], [567353.6510640921, 5444875.744117413], [567359.8879355969, 5444877.567479805], [567361.8535894825, 5444881.210258476], [567363.8994529437, 5444889.649663411], [567366.2354804651, 5444892.399945952], [567377.4072321405, 5444892.286191845], [567383.0567505674, 5444894.307256305], [567393.002909104, 5444903.968258821], [567392.9798863615, 5444905.991875816], [567376.9874709761, 5444898.6224801745], [567374.1896215164, 5444899.498245287], [567369.4699580309, 5444905.516670241], [567367.8362198654, 5444905.828599534], [567367.3904889924, 5444900.548276095], [567365.5091117568, 5444899.133973623], [567362.784963618, 5444901.758350742], [567362.4496222355, 5444906.404598454], [567357.6044994842, 5444908.579333456], [567355.3970893057, 5444912.867074026], [567349.4019724266, 5444913.1670003235], [567336.5728356548, 5444910.489251804], [567329.6495881532, 5444905.907002387], [567291.9334006405, 5444890.692497032], [567264.031660959, 5444883.674675589], [567234.5947349755, 5444879.143163424], [567225.2220986603, 5444875.952104548], [567218.9595948332, 5444876.207434134], [567214.0115762966, 5444874.197798282], [567198.886200162, 5444875.051540916], [567192.6483338136, 5444872.87645738], [567177.0831157875, 5444871.282215605], [567153.7037285736, 5444864.982313429], [567147.1822943573, 5444865.000426432], [567134.6907072646, 5444862.0664471155], [567129.0658776839, 5444863.43429991], [567116.6140333888, 5444862.094973199], [567111.8188539222, 5444859.122004749], [567105.415732988, 5444857.948575787], [567094.6163935692, 5444859.283715546], [567061.364294155, 5444849.91963141], [567058.3070638606, 5444850.957766125], [567053.6736434669, 5444856.730479834], [567067.331731785, 5444861.886120072], [567066.1820885302, 5444863.619707795], [567060.8799501662, 5444864.06952454], [567037.8719679334, 5444857.160352921], [567036.3254377338, 5444854.743125098], [567036.4463524645, 5444851.30745676], [567034.2497290059, 5444848.285437798], [567026.2637733903, 5444843.927839431], [567021.119616388, 5444844.203003215], [567016.4478223757, 5444847.9841971295], [567016.3162369453, 5444852.447534119], [567019.4394523405, 5444858.470146506], [567018.837341193, 5444861.725797919], [567014.2855905069, 5444867.942084928], [567010.6546455217, 5444870.0899565695], [567002.6777590779, 5444871.018097495], [566986.624304404, 5444862.229352643], [566980.2278878693, 5444862.062981913], [566972.8687143163, 5444857.874028215], [566959.1724496594, 5444853.580711058], [566954.8974053198, 5444849.067549226], [566924.7283732916, 5444839.92639506], [566918.0429306941, 5444834.392879712], [566898.0559866676, 5444828.251966208], [566889.2967086998, 5444823.090457725], [566890.7725651987, 5444817.586591372], [566895.8073958649, 5444813.169255425], [566914.9044378097, 5444805.8852488445], [566960.3361855292, 5444800.223828909], [566990.5530459555, 5444793.972499915], [567044.1645985569, 5444798.300252], [567085.2983021995, 5444798.839070253], [567088.9878633992, 5444797.681726044], [567106.6558317435, 5444799.420066425], [567110.382479476, 5444797.461686405], [567115.6219967258, 5444790.465188991], [567134.4890988177, 5444773.667924977], [567146.0207403098, 5444758.674565788], [567151.5828838674, 5444760.084880463], [567180.0539715637, 5444760.081165944], [567216.1064820068, 5444754.830142937], [567237.2587089965, 5444756.23162059], [567249.7530983129, 5444754.46524381], [567250.6624361029, 5444751.029853015], [567243.4445346842, 5444744.578962111], [567245.326139953, 5444743.015792808], [567250.9401718463, 5444744.442649543], [567259.8268007424, 5444750.046883334]], [[568469.3112407608, 5445589.155926615], [568467.8928775772, 5445582.590798578], [568460.9400722154, 5445570.340027414], [568460.5000298466, 5445566.917840306], [568442.6191079349, 5445542.247282986], [568437.1769190361, 5445531.431549046], [568430.3325192796, 5445524.507520053], [568429.4311296555, 5445520.374558957], [568426.9959873692, 5445516.354119726], [568414.2083360289, 5445507.045344661], [568405.1540594482, 5445504.742669987], [568401.4133428764, 5445494.746677529], [568395.9091458175, 5445486.349497862], [568388.5709515283, 5445480.940322925], [568386.5145539278, 5445470.80511101], [568380.3268295563, 5445471.674495381], [568376.7863813508, 5445460.889802713], [568369.5933604704, 5445459.096206546], [568366.2850834461, 5445456.476100039], [568361.4759009039, 5445445.235500998], [568350.2110997522, 5445434.19326117], [568345.5737412376, 5445424.027112881], [568340.390534839, 5445418.164609444], [568341.0181155984, 5445411.808499008], [568336.6857616829, 5445404.496576923], [568336.2931568684, 5445401.334066017], [568337.3822291575, 5445398.191494813], [568344.6403906462, 5445393.8394975895], [568348.8371049332, 5445389.461340097], [568363.4234529196, 5445386.349940252], [568371.4252557956, 5445382.082116128], [568381.7114037323, 5445380.257654543], [568388.6122787346, 5445375.083448927], [568391.4021168703, 5445371.676827873], [568391.319980688, 5445369.360997199], [568376.1120803916, 5445366.333352139], [568357.7402611704, 5445371.93243488], [568346.23316029, 5445376.9735616455], [568344.6312327181, 5445379.52481824], [568343.5946677013, 5445384.996960922], [568332.6240773243, 5445388.130052849], [568325.2590284231, 5445386.987052924], [568326.1299845481, 5445383.177995636], [568325.2861715046, 5445379.662880422], [568326.4357857659, 5445375.883774584], [568325.1405874752, 5445374.038223745], [568319.7348051906, 5445372.451778897], [568315.7343696831, 5445378.106897291], [568311.5915342906, 5445378.746297962], [568310.1912416538, 5445374.73541385], [568312.1092173788, 5445366.101902357], [568311.6151861044, 5445364.64467619], [568305.524881938, 5445358.95280669], [568303.4728894458, 5445348.605414539], [568298.7676423553, 5445340.264076613], [568292.3253275949, 5445335.82662959], [568283.2969911711, 5445320.479223865], [568278.2368812835, 5445316.316664104], [568269.6250309811, 5445303.5829868], [568265.2085344649, 5445282.255963152], [568259.2414628946, 5445271.783187431], [568256.9461800782, 5445265.30787254], [568255.5246143817, 5445260.12515639], [568256.6080285301, 5445253.069099842], [568263.6912569728, 5445243.065525912], [568266.5485717056, 5445234.643194145], [568272.5369665364, 5445232.052698744], [568276.7030875635, 5445233.043226994], [568296.3370652616, 5445231.827815862], [568318.2130806634, 5445236.064342394], [568331.6660403768, 5445240.60635667], [568334.2744226987, 5445243.416785368], [568334.7212233013, 5445250.639198141], [568349.3015131917, 5445255.151222366], [568355.1457061918, 5445260.427439598], [568369.8408531424, 5445264.118499875], [568385.2359903419, 5445272.028222534], [568401.0065758922, 5445273.348962483], [568402.128989661, 5445276.648795412], [568405.5477011246, 5445279.872812583], [568399.386557486, 5445282.169418613], [568399.3729310867, 5445284.571839732], [568406.8830676884, 5445294.961815341], [568415.869834175, 5445300.442421626], [568423.8454488143, 5445307.419987397], [568428.4224052861, 5445314.152785611], [568431.0019954003, 5445312.587155637], [568429.2215935915, 5445309.470762845], [568430.4429882696, 5445305.387312224], [568431.98376656, 5445305.252683061], [568440.5027625898, 5445315.200466032], [568440.4508263813, 5445317.852230196], [568438.4023387122, 5445321.947183793], [568440.0478302126, 5445326.234087294], [568452.1245202122, 5445327.122107881], [568459.1177197004, 5445332.305570941], [568460.6114336228, 5445335.687559702], [568465.5299851708, 5445340.102992208], [568466.4246113212, 5445344.927458249], [568461.118861402, 5445349.124381617], [568463.0434951005, 5445353.494475004], [568481.1609816076, 5445360.026824922], [568482.6768057637, 5445365.9991589], [568485.4323823074, 5445368.391421592], [568487.4807399737, 5445372.544427501], [568486.6317809795, 5445379.597606248], [568487.3562007665, 5445383.912763157], [568491.4877468763, 5445388.973642483], [568495.7585129213, 5445400.746280307], [568496.3188697069, 5445411.569369767], [568495.2831434734, 5445417.367718044], [568498.4879863637, 5445436.369203007], [568494.5973067564, 5445441.334642642], [568494.2703904407, 5445443.717419426], [568500.107069975, 5445449.410892965], [568501.7372149051, 5445452.96389074], [568502.015980892, 5445463.8340934655], [568504.4107265024, 5445474.456912114], [568508.0470890471, 5445475.170674826], [568510.8935908485, 5445478.085942596], [568509.5304723708, 5445489.490762695], [568514.6329291163, 5445497.493410245], [568514.4865685991, 5445502.0172121925], [568512.1248258784, 5445507.047914155], [568512.1389393522, 5445510.29940882], [568517.1567822096, 5445512.438547789], [568521.2714397246, 5445520.53883034], [568523.8927464021, 5445536.660672555], [568530.0757764784, 5445545.179133788], [568531.7401844257, 5445555.052412336], [568548.2776099306, 5445577.095972444], [568549.417627053, 5445583.486602262], [568555.696518552, 5445597.174622875], [568564.0395277871, 5445601.669051412], [568563.9799480009, 5445610.074796534], [568567.1033509545, 5445613.887292778], [568572.1765483347, 5445616.854281121], [568570.7036166397, 5445621.317029471], [568571.2602235208, 5445624.10570731], [568575.1465740054, 5445629.633858098], [568579.7160277398, 5445641.620381032], [568583.929742476, 5445646.984806913], [568587.1934570097, 5445655.834158939], [568591.9505439377, 5445660.457844467], [568592.393464779, 5445667.198072321], [568595.3104801198, 5445676.415262574], [568607.3109123227, 5445687.58753505], [568606.8256750382, 5445698.988130087], [568608.4718639045, 5445702.936317699], [568630.2274794637, 5445732.499959057], [568629.872672274, 5445737.407753791], [568631.076214678, 5445740.017752157], [568636.3938683398, 5445741.445791601], [568636.7708959411, 5445747.019798731], [568639.9650933883, 5445753.019137468], [568647.1308514704, 5445761.727067906], [568652.8680009596, 5445765.156178606], [568655.2323373281, 5445769.205313671], [568667.8519894358, 5445772.293420187], [568672.1161398023, 5445776.108699094], [568673.39132953, 5445779.639121326], [568672.4165727171, 5445787.053196597], [568675.9591582546, 5445794.846921567], [568680.2431046788, 5445798.3368154615], [568683.7647885621, 5445805.528763805], [568691.134771932, 5445813.08093726], [568696.7505464513, 5445821.393483422], [568697.5913733188, 5445824.426777445], [568701.0544801307, 5445827.148046492], [568703.1399379128, 5445836.947897666], [568706.1257886806, 5445842.920498229], [568713.1854391092, 5445848.745686169], [568713.2164143106, 5445857.208236581], [568715.1370500913, 5445867.088873129], [568719.6388888607, 5445872.552836084], [568715.852667151, 5445874.770785394], [568711.4878159182, 5445880.350441932], [568710.5739053515, 5445884.227810616], [568711.3619906437, 5445889.100757616], [568708.7221540983, 5445893.430346996], [568702.4979544706, 5445894.710202007], [568701.4337761457, 5445898.469734476], [568702.3049994124, 5445903.252382368], [568694.1577451329, 5445901.144716403], [568690.8635498317, 5445904.132978985], [568681.8984173654, 5445906.105688152], [568674.5683533553, 5445912.477427621], [568670.2425178958, 5445913.224533786], [568665.9794470622, 5445916.333658164], [568662.2310851525, 5445922.757474659], [568658.8053915579, 5445925.16077075], [568649.2731907717, 5445927.908304602], [568644.7867696862, 5445927.427166205], [568641.7132015836, 5445932.16890143], [568637.1331383314, 5445935.705056398], [568621.8361780973, 5445939.258216524], [568614.7418687812, 5445944.017462248], [568587.2139253645, 5445949.125508328], [568576.2590312986, 5445943.271487759], [568565.2124296275, 5445941.350402081], [568542.8739752537, 5445931.650376592], [568523.4551940614, 5445920.797875117], [568507.9422435313, 5445910.123792464], [568499.4741816609, 5445908.762708965], [568496.4732520852, 5445910.407266823], [568493.4728136915, 5445907.528143742], [568489.7693798583, 5445898.164700852], [568454.8036604574, 5445872.214192561], [568448.5407334791, 5445864.312079733], [568442.3072060891, 5445860.947635869], [568407.8678288666, 5445834.026349678], [568400.5159451887, 5445834.577193546], [568397.022380464, 5445825.24683295], [568383.103214676, 5445806.516199532], [568378.4241462118, 5445798.187038324], [568373.4180754765, 5445793.191594742], [568369.5105651107, 5445785.559400703], [568366.550804749, 5445774.284372272], [568362.2626202672, 5445721.621595719], [568359.6545856782, 5445712.011113473], [568360.0092732481, 5445701.599703538], [568363.9020193389, 5445696.920131063], [568368.5670061045, 5445700.386351345], [568379.3268210848, 5445704.028671404], [568395.1058923434, 5445715.57070505], [568410.5863315007, 5445729.741816721], [568430.0004742192, 5445752.385703001], [568431.800373589, 5445756.828887554], [568441.2241945437, 5445766.269302027], [568454.5570474446, 5445788.809705755], [568469.5813478921, 5445805.781340013], [568473.0149235032, 5445808.070227235], [568475.3645550432, 5445812.018628912], [568493.1108494082, 5445822.156773888], [568498.6300691034, 5445830.647175344], [568510.3348276278, 5445842.776749946], [568514.0405339366, 5445843.368449317], [568518.6700491132, 5445846.620339213], [568523.1047017314, 5445844.489499858], [568523.2781129752, 5445840.978954373], [568521.1102705031, 5445836.809723401], [568511.8232007009, 5445826.584018022], [568506.5446801309, 5445817.9687340325], [568505.2383450369, 5445812.537282095], [568513.61067547, 5445800.324949507], [568520.6244315786, 5445799.191672982], [568525.4028102354, 5445796.40445043], [568528.208454097, 5445793.886517751], [568531.9372487608, 5445787.363015827], [568531.751304558, 5445781.303020118], [568528.332542399, 5445772.843806885], [568527.402194579, 5445764.728925252], [568517.5616196088, 5445746.649822689], [568517.5123443673, 5445741.255748131], [568513.6763139851, 5445719.247136071], [568507.2441191516, 5445702.670902915], [568507.2582244129, 5445697.981333594], [568502.2938205716, 5445686.39965307], [568498.561954534, 5445673.107647484], [568486.2972803998, 5445655.99319937], [568484.2846124442, 5445645.059025271], [568485.7238339316, 5445636.912467765], [568480.5802084531, 5445630.663278231], [568478.2852818638, 5445625.123577287], [568474.5218937243, 5445613.019587961], [568472.4346167434, 5445601.463920001], [568472.747618164, 5445596.963993959], [568469.3112407608, 5445589.155926615]], [[568046.7198786169, 5445148.215812718], [568047.2828235917, 5445139.091556906], [568045.4013618312, 5445135.856144998], [568036.4034186078, 5445128.252831886], [568039.2561294822, 5445119.146933889], [568040.7765869162, 5445117.253372381], [568040.5718619477, 5445114.503540399], [568037.4286393267, 5445114.27227832], [568035.0100861273, 5445117.015493951], [568032.5683931673, 5445117.352330303], [568031.1180992468, 5445115.807462072], [568031.3194314626, 5445113.46420449], [568039.6333543933, 5445107.298319597], [568048.7780545558, 5445103.2244344605], [568058.577817366, 5445094.170243656], [568064.0314401011, 5445093.31181645], [568069.3253298578, 5445090.459080161], [568071.1732752158, 5445084.365115438], [568095.9252544134, 5445084.671244147], [568145.6618445076, 5445088.29924319], [568172.5469345665, 5445086.0376984775], [568175.0824035404, 5445083.143789933], [568155.2676860313, 5445077.748295409], [568104.5351335723, 5445071.279477007], [568095.0215270751, 5445066.914996281], [568088.4468216164, 5445056.751935811], [568083.9909190207, 5445054.030778966], [568074.438103058, 5445042.057091392], [568063.476387534, 5445038.936264004], [568056.3432491476, 5445039.027277099], [568043.368446442, 5445035.339600887], [568040.4352512693, 5445033.119265145], [568036.1313595455, 5445033.220435883], [567985.6059077906, 5445020.168648703], [567958.9746462455, 5445010.65174978], [567953.7362342327, 5445007.240618068], [567946.5732353074, 5444998.329542777], [567944.8558267873, 5444993.731735571], [567944.3971690439, 5444987.676706123], [567939.7264905495, 5444982.005506342], [567936.5341605769, 5444975.167649455], [567937.2051611571, 5444968.063248228], [567935.6538446966, 5444961.334317882], [567929.1744384893, 5444958.957983427], [567927.2394568792, 5444956.837191388], [567926.2920006411, 5444950.151308585], [567916.8576707055, 5444938.7079509], [567919.0626313998, 5444935.213145065], [567922.8386824577, 5444933.835538048], [567940.3460536529, 5444930.104031761], [567957.3342065271, 5444924.042040541], [567966.4512180067, 5444923.268587336], [567972.924728591, 5444920.038220142], [567982.7227350811, 5444919.279863131], [567994.4967798276, 5444915.0862943195], [568017.268273604, 5444913.248257332], [568029.1950259047, 5444910.46475155], [568057.9240060791, 5444910.025299517], [568098.7855148823, 5444915.230506829], [568129.2225283174, 5444912.8317367975], [568151.4939132235, 5444914.295872681], [568158.7231232497, 5444909.328564903], [568162.5621251719, 5444909.871201183], [568169.9282464605, 5444907.869344872], [568179.5732175396, 5444909.905402867], [568184.3905006903, 5444913.763097394], [568194.9561574872, 5444914.887073321], [568199.7466738684, 5444917.08452429], [568206.1527203325, 5444914.101954989], [568215.8655793371, 5444918.125628154], [568216.1420167565, 5444919.717319149], [568213.1059014909, 5444921.399397561], [568212.76907206, 5444923.623977426], [568223.2788630042, 5444928.7220568685], [568225.8320209957, 5444931.890971615], [568226.0473106335, 5444936.142235713], [568227.8302171369, 5444938.559579156], [568239.7814360765, 5444944.112687118], [568246.4548696376, 5444949.325406523], [568252.2424074431, 5444951.801857313], [568256.9947986379, 5444951.289934934], [568262.9288832366, 5444954.10447295], [568270.5533188402, 5444959.078758524], [568275.7339559065, 5444965.0880135], [568287.9203932681, 5444974.052490991], [568307.0735933104, 5444991.719842877], [568326.2466355623, 5444999.993286336], [568328.2863564299, 5445002.289091236], [568328.1352758482, 5445004.029640283], [568321.361014619, 5445005.9916591635], [568320.5685785532, 5445008.455768501], [568324.1369414489, 5445012.228175144], [568333.8055524237, 5445018.070969629], [568335.8060612031, 5445022.193934103], [568348.0038129782, 5445032.042594693], [568350.8310868101, 5445035.810319497], [568359.3070962587, 5445037.871035852], [568362.3961716978, 5445029.934993642], [568368.841914134, 5445033.796385235], [568369.2276189305, 5445035.928497331], [568367.9882357058, 5445038.811794711], [568372.7468040994, 5445043.498017681], [568376.6326851125, 5445055.096904179], [568374.6618475239, 5445056.046384213], [568369.6004870587, 5445052.735906652], [568367.5730161453, 5445053.136362807], [568366.7406332061, 5445054.888187171], [568371.244852894, 5445063.222580799], [568371.0957024936, 5445067.344104012], [568373.1230857243, 5445073.304074905], [568385.4349489108, 5445091.5458831405], [568388.5037135455, 5445092.134325083], [568392.0294263519, 5445088.269323595], [568386.3897081412, 5445079.904758611], [568392.192295726, 5445080.032451074], [568395.8345440857, 5445077.874249893], [568399.9945215993, 5445082.911977589], [568408.1612007308, 5445088.556450608], [568408.8311701813, 5445097.073879632], [568412.1708509553, 5445108.056027182], [568415.4280531129, 5445112.790398168], [568415.1818009713, 5445116.2181609655], [568417.2476568848, 5445122.402675112], [568416.0591562421, 5445132.372706398], [568417.6783989281, 5445137.758368635], [568418.8459616255, 5445150.714475327], [568419.4618356636, 5445164.400789483], [568418.1650089514, 5445169.445111362], [568419.346885196, 5445173.783335356], [568414.0628289146, 5445174.779753448], [568404.9381345327, 5445172.98869543], [568400.9518507516, 5445170.432118347], [568397.8380967639, 5445174.915206371], [568395.8738720826, 5445173.691926778], [568394.4026421797, 5445170.070868755], [568387.9204706697, 5445169.047410744], [568376.5854556013, 5445164.020307006], [568371.377124188, 5445164.118912815], [568357.3799915941, 5445158.082974177], [568340.3844013837, 5445155.292991178], [568334.9114264082, 5445156.06068599], [568307.3940707679, 5445149.931941546], [568274.2522565745, 5445150.943260174], [568266.6923543222, 5445152.495519423], [568256.1806996205, 5445150.623769534], [568251.7993362354, 5445154.018613187], [568236.7164934669, 5445152.450949259], [568233.5699967094, 5445154.21070802], [568169.3201166213, 5445157.201723726], [568158.6005217088, 5445159.376469872], [568128.7541695914, 5445161.3010157375], [568096.3642634694, 5445159.974711522], [568052.1732858166, 5445152.986653278], [568046.7198786169, 5445148.215812718]], [[566670.1495384392, 5444194.850888208], [566677.2088705874, 5444194.058787756], [566681.7254987301, 5444196.003497899], [566686.2149372052, 5444194.1638351055], [566705.8174815007, 5444196.308062616], [566721.0705820761, 5444195.997190143], [566732.7403740503, 5444198.343426916], [566738.6419663688, 5444197.301907474], [566743.8634562897, 5444192.195712953], [566749.6687301709, 5444191.010799347], [566753.1669491455, 5444192.121703043], [566754.2141604013, 5444196.026934499], [566756.2883503174, 5444201.489509553], [566762.3607382124, 5444210.625343017], [566763.5828172588, 5444211.402748943], [566769.9123448287, 5444215.4291574815], [566773.9017834214, 5444219.827348704], [566773.6158462823, 5444223.811346805], [566772.3550325108, 5444224.779143309], [566763.7763356636, 5444231.364435266], [566759.9911351084, 5444233.980043028], [566700.3975950945, 5444246.225461801], [566695.3962745488, 5444245.2333479775], [566678.2593267628, 5444248.324465482], [566670.721840298, 5444245.092325763], [566655.424222616, 5444244.283425243], [566650.7914405135, 5444242.015945942], [566601.5994920426, 5444240.094292797], [566599.3717910798, 5444237.582321573], [566600.6104200676, 5444235.724789518], [566627.10985546, 5444223.988450467], [566640.3739441084, 5444216.445503059], [566643.9349780396, 5444212.314585002], [566651.4248053941, 5444210.185579232], [566656.1971757256, 5444202.285829418], [566662.2656923755, 5444197.8214255655], [566670.1495384392, 5444194.850888208]], [[568020.0494544752, 5444781.095671194], [568043.1777695734, 5444770.976906418], [568062.6169013357, 5444764.855147693], [568087.4398991663, 5444764.301271331], [568105.433272588, 5444761.512940658], [568116.9254802642, 5444758.192466786], [568120.6973427683, 5444756.11599873], [568123.4313832978, 5444750.6865554005], [568128.0705303894, 5444749.168530321], [568140.1200148368, 5444751.04133814], [568154.9588953771, 5444756.238931439], [568161.8875433832, 5444755.077087883], [568164.9389590078, 5444758.099339357], [568170.1793710015, 5444758.241126808], [568173.2629319936, 5444760.1331313765], [568172.127974405, 5444762.069086769], [568155.3882219878, 5444763.184688481], [568151.0047779836, 5444765.213398567], [568143.708742616, 5444764.1026147185], [568138.2699972928, 5444765.101620755], [568137.4707065285, 5444767.629869268], [568138.9604790445, 5444769.543305649], [568148.5765014051, 5444774.481422415], [568139.1792247542, 5444780.416137484], [568137.7739705126, 5444784.224574213], [568149.2347019935, 5444795.519764734], [568150.4405637652, 5444798.586949346], [568147.7169606157, 5444800.240815916], [568135.298799984, 5444800.278377512], [568130.5127459617, 5444801.895507268], [568122.2053688641, 5444809.854658069], [568118.0714165281, 5444810.85266657], [568116.6548642913, 5444817.015994713], [568066.2095360226, 5444813.0250451155], [568058.9144073547, 5444817.257922924], [568003.6440223618, 5444831.032459972], [567990.4695637913, 5444834.190447413], [567978.2949915986, 5444834.408253895], [567983.455197542, 5444822.574662261], [567988.8254478285, 5444815.293603951], [567994.355434277, 5444818.473448365], [567997.7126566157, 5444816.107881679], [567999.2310354309, 5444808.097008862], [567996.4883565821, 5444803.945855793], [567998.4208532157, 5444799.551509216], [568006.5304258977, 5444790.167829488], [568020.0494544752, 5444781.095671194]], [[568043.10952062, 5444734.885218379], [568037.9293956808, 5444738.884536324], [568024.8221778717, 5444743.120991996], [568023.2300133269, 5444745.946223187], [568024.4066800424, 5444749.547545092], [568023.010507482, 5444752.546262325], [568006.437829243, 5444758.178713961], [568002.4601100796, 5444762.145671663], [568005.5435418832, 5444766.878243149], [568004.2185545751, 5444770.902071189], [567976.0528306675, 5444799.992408861], [567966.5190999851, 5444815.350316592], [567957.0790339798, 5444826.8799276175], [567951.1952441165, 5444831.877353313], [567943.8731416577, 5444836.210238066], [567941.8770466746, 5444839.249490689], [567929.2713476523, 5444848.203655571], [567924.0205616367, 5444853.8541718945], [567917.0232970117, 5444858.047565446], [567911.9863139971, 5444857.917040732], [567907.4895553773, 5444861.10535723], [567898.3104606929, 5444863.72174151], [567877.1633199884, 5444875.345633035], [567851.3724949908, 5444885.814861405], [567846.634605748, 5444889.161977314], [567833.5538742123, 5444890.819788526], [567810.1842596806, 5444898.233401212], [567767.5361243505, 5444904.083932655], [567720.866762702, 5444900.2764605405], [567703.4951610859, 5444901.29040631], [567661.1233509404, 5444896.597908343], [567655.4948402725, 5444894.090847242], [567654.4425404271, 5444891.875243634], [567657.1289599516, 5444889.97537422], [567667.526584927, 5444890.295378196], [567686.2066279885, 5444886.920772495], [567693.6769022231, 5444887.239632961], [567701.8951495349, 5444885.17297158], [567708.4137874658, 5444881.626932317], [567729.1137661473, 5444877.110713334], [567736.8118121251, 5444869.2385236975], [567743.5623895577, 5444866.253892604], [567744.4991195791, 5444864.316795589], [567741.5734550445, 5444861.953059884], [567735.2104247375, 5444860.392118642], [567719.932550301, 5444864.060639518], [567713.2492062965, 5444863.075346968], [567689.018697082, 5444869.796437506], [567660.5213099864, 5444871.215336084], [567643.3991543871, 5444870.396680163], [567630.7602899603, 5444867.185247779], [567617.1686395736, 5444858.813960766], [567581.0848784103, 5444844.300123045], [567556.693879544, 5444840.698926993], [567549.47670045, 5444838.289632504], [567540.1249207134, 5444834.103411531], [567531.6999006245, 5444825.96091939], [567512.1803109723, 5444823.131746999], [567489.7658246453, 5444813.992658255], [567475.7202318932, 5444809.985577094], [567445.9231695023, 5444797.608669243], [567435.8657927652, 5444789.04868147], [567427.5011489013, 5444792.171038239], [567423.3874006986, 5444788.797081997], [567418.4036279914, 5444788.50803901], [567413.5344439505, 5444784.105575216], [567406.7921545871, 5444783.939712192], [567402.1388897521, 5444781.456253976], [567394.8773729381, 5444773.8529363675], [567388.8756738931, 5444770.510630516], [567357.8413546071, 5444757.922116486], [567351.8308572385, 5444753.074742149], [567320.185899558, 5444736.846193977], [567266.2011365854, 5444719.00228943], [567245.0917145838, 5444715.874738179], [567232.1010490822, 5444712.240054778], [567209.7351279042, 5444700.079484011], [567198.0902380617, 5444684.3990576025], [567190.914383313, 5444679.943693164], [567187.9211468593, 5444676.014178029], [567171.3666571819, 5444668.010390683], [567167.8167475968, 5444663.958292387], [567158.8980687738, 5444661.137682694], [567142.3780977023, 5444651.173082689], [567127.0707581232, 5444646.29672127], [567124.3592449413, 5444644.1833801605], [567118.8956562278, 5444643.749141482], [567111.5063477517, 5444638.041878458], [567101.9893215394, 5444635.234879695], [567089.3381511859, 5444627.075014928], [567086.3161687509, 5444626.874988968], [567050.9813715388, 5444610.875442425], [567037.3145215096, 5444606.816815507], [567003.2611905936, 5444604.066391688], [566972.4211410565, 5444596.382614045], [566948.702900335, 5444598.232572304], [566938.8562554384, 5444601.250644827], [566910.5525930867, 5444605.786782143], [566893.334482824, 5444611.37916102], [566874.8403709388, 5444614.964925009], [566868.6606422478, 5444626.198458376], [566866.0768206697, 5444628.416875299], [566850.8527881753, 5444632.106790998], [566839.9266574472, 5444630.096693181], [566834.2608247334, 5444634.127969516], [566825.5536024986, 5444631.940801099], [566815.035784334, 5444632.059075073], [566784.266182913, 5444623.408536417], [566776.6178961525, 5444624.149161986], [566771.25822235, 5444620.990236958], [566751.3928579835, 5444615.9840575745], [566735.1534871937, 5444614.9287091335], [566704.6696221748, 5444605.052282484], [566685.7122281534, 5444600.725206785], [566640.988966155, 5444594.006651048], [566634.0462754637, 5444594.848993102], [566627.3513012653, 5444592.034519406], [566557.7986813041, 5444587.0406376645], [566544.809668004, 5444584.296445555], [566527.330848657, 5444584.614396068], [566523.5529843811, 5444582.82781205], [566515.5743910372, 5444575.256226613], [566505.4214884295, 5444553.844988639], [566500.4696574694, 5444546.137769912], [566498.1077404983, 5444539.576964973], [566500.8915995571, 5444534.577360164], [566518.1754102329, 5444515.890599069], [566526.8176595235, 5444509.0031250315], [566537.6427056046, 5444505.9595685145], [566544.0224419045, 5444500.127735563], [566552.3635496156, 5444500.280377209], [566559.749053871, 5444496.963806285], [566591.0924398721, 5444489.341995437], [566615.6110604575, 5444479.807987291], [566629.4495457904, 5444477.659604692], [566644.803184625, 5444469.91647723], [566649.6570102858, 5444469.610283583], [566677.4160787973, 5444459.0311935255], [566682.7956354804, 5444459.036317499], [566694.8004679007, 5444454.197078797], [566704.2977339255, 5444453.2343563745], [566725.1867437966, 5444446.908971429], [566741.9450807978, 5444444.176136237], [566752.7260150904, 5444440.15100642], [566769.753777499, 5444436.951223753], [566773.4057448134, 5444434.161653846], [566779.3521228828, 5444435.187596749], [566794.5323114521, 5444431.970942278], [566806.7523457786, 5444432.118481772], [566823.670166964, 5444426.178987789], [566828.1705037013, 5444428.236426685], [566829.8614722455, 5444436.3506092755], [566839.5403477813, 5444444.664034965], [566843.6690156504, 5444450.133568883], [566877.7753384644, 5444469.265834482], [566893.9775792616, 5444482.885538602], [566914.2328070649, 5444517.485450888], [566914.2263376149, 5444523.054334506], [566919.429895726, 5444547.601665899], [566924.1767859333, 5444550.14451571], [566925.5946670676, 5444546.594935694], [566926.5251204938, 5444532.374737382], [566926.1023746337, 5444522.179276745], [566927.3898653225, 5444513.671553577], [566926.5092960163, 5444508.5134715615], [566924.4814187369, 5444502.208552906], [566911.9911620189, 5444478.818595366], [566891.5641398786, 5444468.681154667], [566887.391913055, 5444462.007273717], [566877.0574080189, 5444454.490227696], [566875.8572016926, 5444448.613704225], [566869.1237479126, 5444442.897586842], [566852.9563140568, 5444435.857858072], [566847.7478503009, 5444431.845339465], [566834.7149188889, 5444428.124267788], [566830.7637306071, 5444425.87996622], [566830.2604323234, 5444423.086429439], [566841.3051031119, 5444421.153980186], [566865.1133736705, 5444410.834422561], [566896.4173783474, 5444403.166323901], [566925.9251187134, 5444398.133933923], [566948.5380241768, 5444401.029189429], [566984.3245677564, 5444398.8106523035], [566990.74170798, 5444396.085411972], [566997.6345699627, 5444396.76931827], [567006.6144993451, 5444393.26694928], [567037.6846855194, 5444391.358218022], [567045.4622087425, 5444389.001534688], [567058.0389954123, 5444388.042594274], [567081.8843002398, 5444382.04754628], [567092.7896671279, 5444377.001555074], [567124.9961478439, 5444371.071181245], [567142.7665160487, 5444366.112757093], [567160.0063169554, 5444364.667608429], [567165.3451489849, 5444366.288141289], [567190.5009864989, 5444366.820853136], [567196.0619678689, 5444369.1439924855], [567204.1469715255, 5444375.091886753], [567208.5537718983, 5444380.568959075], [567212.7795442325, 5444382.059313954], [567217.3497957363, 5444386.916016334], [567224.0600313089, 5444390.339387772], [567272.6129706231, 5444411.121454982], [567294.363145636, 5444415.090218414], [567330.8871904581, 5444415.426512665], [567352.8035214987, 5444407.958221342], [567369.9126150409, 5444404.027515464], [567379.5178759977, 5444404.860148994], [567415.7226241748, 5444398.103297159], [567422.8775852846, 5444398.710901239], [567455.4252445077, 5444395.063721553], [567471.4396144456, 5444395.065750021], [567504.8482943118, 5444399.2864690665], [567517.1450701861, 5444402.44728571], [567527.2197270739, 5444401.958846323], [567539.8231593646, 5444405.210101898], [567546.9568266794, 5444409.955934212], [567556.8278671223, 5444412.228313113], [567574.2845876276, 5444424.402551623], [567580.2638057123, 5444426.511782956], [567592.4011055925, 5444436.033288446], [567598.2044826968, 5444438.47092583], [567606.29082056, 5444439.311320975], [567607.3581438492, 5444441.190456479], [567606.163506388, 5444443.381170943], [567606.4792103758, 5444445.872575513], [567609.7981337262, 5444448.044925769], [567623.2882795552, 5444449.171098135], [567638.3186528762, 5444456.443323821], [567648.0382093664, 5444456.935087942], [567686.8722501341, 5444470.23935709], [567705.1476141975, 5444474.246405067], [567716.1271118901, 5444478.4469273], [567749.4866427089, 5444484.9901076555], [567756.5080679302, 5444488.539141144], [567766.8971632046, 5444489.712097876], [567772.4190168354, 5444487.20037864], [567777.8011166555, 5444493.203523379], [567795.0598028627, 5444498.943373337], [567822.931237705, 5444511.856285726], [567826.8316863844, 5444512.11188693], [567840.0705465078, 5444522.179912783], [567844.5657865766, 5444524.035977184], [567863.867113509, 5444538.066594097], [567872.9464248281, 5444548.571668202], [567878.574358853, 5444551.752107801], [567887.2663685527, 5444561.310485063], [567893.4283661906, 5444570.884890141], [567907.1026537096, 5444584.127652327], [567909.3364166637, 5444582.5835539885], [567907.1703316413, 5444575.474111685], [567907.6231741554, 5444572.437996681], [567915.504309331, 5444572.971271836], [567933.21518044, 5444581.649555083], [567937.5807584617, 5444585.660380922], [567955.5213470227, 5444596.426434988], [567962.7995085894, 5444596.898285399], [567968.9090363785, 5444599.2671140125], [567996.5652590422, 5444615.782218963], [568001.3040894261, 5444615.787517458], [568008.9292707372, 5444619.165217612], [568023.1086572299, 5444629.729798226], [568025.190908528, 5444636.589037057], [568031.9688070418, 5444633.677932676], [568032.3365851926, 5444631.403805399], [568031.1823311478, 5444629.330474531], [568031.9524631158, 5444627.961490555], [568039.2989673914, 5444630.943650768], [568041.4986377268, 5444629.637488003], [568042.7182159845, 5444626.1785066165], [568048.2542743012, 5444626.9060316235], [568052.4879741482, 5444639.351461795], [568051.2377839267, 5444643.394824158], [568052.2859556782, 5444648.589304975], [568054.5101654049, 5444649.5024920385], [568058.0572787, 5444647.092207602], [568060.33115541, 5444650.95427808], [568059.9475270418, 5444653.932238066], [568055.640135421, 5444654.467996908], [568054.6945065599, 5444661.054976097], [568055.8740800312, 5444665.8791454695], [568061.9920928264, 5444673.155589455], [568064.2897337999, 5444678.2337204525], [568066.2666519276, 5444687.566166913], [568062.8545322847, 5444691.445596802], [568052.6635142735, 5444693.687636187], [568047.6347394848, 5444700.605026074], [568045.7572652235, 5444712.197290484], [568040.6131349456, 5444713.272354205], [568033.3330642695, 5444712.068507482], [568032.3170019523, 5444714.901697086], [568039.3782219006, 5444721.637895657], [568050.7515241187, 5444721.340944233], [568052.7584918282, 5444727.761834547], [568059.6345384243, 5444728.290574409], [568072.8101457261, 5444725.873097632], [568084.9307230631, 5444727.119870806], [568087.4724115198, 5444729.810723491], [568043.10952062, 5444734.885218379]], [[566171.4956110392, 5443813.433181857], [566178.5350308176, 5443819.835001708], [566177.9772177591, 5443822.519317268], [566150.4773605139, 5443826.181455369], [566144.3550374117, 5443825.07626698], [566136.0526861509, 5443818.300644321], [566133.1988037382, 5443812.022008965], [566132.0557847401, 5443802.205183261], [566133.0320599834, 5443785.664079992], [566135.0836643004, 5443772.79620919], [566141.354942613, 5443748.336321071], [566147.7743915386, 5443734.539477549], [566153.4181788357, 5443715.273689874], [566160.4954861138, 5443700.19453475], [566170.3198028165, 5443687.171443844], [566179.5355895871, 5443681.278508122], [566198.0034819109, 5443679.007667796], [566212.8126578424, 5443684.217959151], [566227.8271056561, 5443687.041618569], [566231.3793866413, 5443689.439386217], [566226.1692845924, 5443700.604065747], [566221.1458012692, 5443704.501783798], [566216.9656691013, 5443717.037806493], [566218.2675440179, 5443720.941893529], [566223.0240748414, 5443726.249339321], [566224.517980927, 5443732.06895571], [566220.5362524557, 5443746.5422812], [566220.7392573885, 5443750.484045805], [566218.5216246984, 5443755.472499038], [566211.0532421254, 5443765.803983878], [566201.7901919816, 5443774.677757944], [566183.7889521589, 5443786.896030487], [566178.5836591262, 5443788.111019668], [566174.6904488414, 5443792.670526012], [566170.2481633865, 5443801.4712622315], [566169.3827935517, 5443807.697037634], [566171.4956110392, 5443813.433181857]], [[566131.9580812114, 5443831.380395051], [566154.8817083717, 5443833.191610392], [566167.2337244147, 5443831.070988472], [566175.4833748975, 5443832.963543838], [566188.037960409, 5443833.20294717], [566214.0074307901, 5443828.006902119], [566232.6544340537, 5443815.09587265], [566239.5703199629, 5443813.114661543], [566246.7309387763, 5443805.933545607], [566256.2663754707, 5443801.506699364], [566259.489236066, 5443795.954078786], [566265.4881684268, 5443794.020621975], [566277.1207614066, 5443778.517750473], [566278.4265472448, 5443772.6957904985], [566276.4704956807, 5443763.697714525], [566270.571360764, 5443755.877241582], [566253.6543898227, 5443747.684338031], [566248.3881756628, 5443740.219859198], [566240.864556729, 5443737.432534656], [566236.0738720766, 5443726.990098724], [566233.9095389772, 5443717.722211162], [566236.53049577, 5443709.558548413], [566243.4570913699, 5443705.054236928], [566249.7755109183, 5443695.855417609], [566258.8697769436, 5443690.004957103], [566271.5257163198, 5443684.987273522], [566281.5091502984, 5443686.181887554], [566283.8408346515, 5443689.207515604], [566287.251968909, 5443690.7627760405], [566288.4986482316, 5443695.303660427], [566290.9724954064, 5443698.811116774], [566312.1127590679, 5443708.508808685], [566316.666459104, 5443712.0370145505], [566334.6569212297, 5443717.989138793], [566339.6883609223, 5443718.034599123], [566349.508401508, 5443722.19867039], [566355.0059187254, 5443722.602623872], [566361.762931403, 5443718.969899775], [566368.4587366219, 5443717.913843435], [566372.824053311, 5443724.62291485], [566375.8027018035, 5443724.9860964315], [566379.5895767813, 5443721.512145255], [566385.8486546502, 5443727.009541723], [566394.3447588314, 5443724.118223064], [566399.3487620128, 5443720.17712209], [566402.9915998884, 5443713.401985614], [566406.312195937, 5443711.64796266], [566424.3904639675, 5443713.709402789], [566436.1165924737, 5443719.189920222], [566446.4780646168, 5443727.683990974], [566450.7975789389, 5443729.049399933], [566457.6299202805, 5443736.287387628], [566465.1124754159, 5443740.624798849], [566466.7571374807, 5443744.980933617], [566476.1475754546, 5443749.906853681], [566487.0565046611, 5443760.562259944], [566505.7658015224, 5443773.9423209615], [566513.4971382167, 5443783.1805545315], [566525.3637213942, 5443792.22239604], [566529.3973723565, 5443798.021825121], [566528.0949152092, 5443801.084175847], [566523.2471896303, 5443805.012338098], [566515.344084383, 5443806.8660021555], [566508.0546494336, 5443802.366116976], [566496.3345377482, 5443787.628872992], [566487.3030504219, 5443780.551747777], [566463.1859884264, 5443766.934566218], [566451.5362244033, 5443764.2982494], [566421.8084403177, 5443769.954573403], [566420.0851409759, 5443772.1042026235], [566421.4278310933, 5443775.680597598], [566425.3371204982, 5443780.386974383], [566440.8143918924, 5443787.333550201], [566454.7980513126, 5443798.260194366], [566454.3281966506, 5443801.544524693], [566450.05715097, 5443803.314074351], [566426.5355812083, 5443802.9404967595], [566391.6988926214, 5443811.367832605], [566353.3731988658, 5443813.790143814], [566322.649856063, 5443824.2660258915], [566282.8562673578, 5443834.156011207], [566238.3008524136, 5443838.777990401], [566201.2749889477, 5443846.000060397], [566183.359744926, 5443854.06734201], [566144.0025073927, 5443867.2329205265], [566133.9082341215, 5443865.871514453], [566128.4090076771, 5443860.0108419815], [566129.5478733565, 5443847.771382605], [566129.1608110453, 5443839.073777497], [566130.5141128977, 5443832.96171457], [566131.9580812114, 5443831.380395051]], [[566411.8080590344, 5443668.249887253], [566415.3027249883, 5443664.340928288], [566421.2034889671, 5443662.315112608], [566446.3381012721, 5443662.3097856045], [566484.96923805, 5443656.012604211], [566496.7892350105, 5443657.945592216], [566505.6052378792, 5443664.90965456], [566507.9273178263, 5443664.936683346], [566516.3086763362, 5443659.431584586], [566522.0335185255, 5443658.880605988], [566541.3571188326, 5443663.483208626], [566561.266907545, 5443665.913986202], [566580.1658733315, 5443675.504066944], [566587.4576000725, 5443686.976066246], [566595.5206820932, 5443695.404320719], [566600.4006392283, 5443711.968241932], [566598.1665228592, 5443719.737622357], [566593.9272105547, 5443721.609286821], [566591.9374294635, 5443725.052213557], [566585.2462840459, 5443721.388014283], [566582.6948617448, 5443722.3248939635], [566582.9481671249, 5443728.548716694], [566586.5066806702, 5443735.167116984], [566586.3929149081, 5443741.714953012], [566588.6472502223, 5443744.915273144], [566589.2604516277, 5443749.71945998], [566585.89697617, 5443753.961560148], [566581.0828451683, 5443754.22331784], [566568.8032123272, 5443758.562518242], [566567.1388183467, 5443767.8488764735], [566568.3050775762, 5443772.705499672], [566573.2895940817, 5443777.879955329], [566572.3706742477, 5443781.77901593], [566565.2521083558, 5443787.56620296], [566556.3082193439, 5443789.210863663], [566545.1837340246, 5443787.686406573], [566540.0842027662, 5443784.231788268], [566537.019546825, 5443779.450434052], [566516.589623808, 5443768.0114422245], [566512.09307921, 5443762.672283064], [566499.921903023, 5443754.625370822], [566482.3947433485, 5443738.583857361], [566474.9996019227, 5443734.496117017], [566462.9826684133, 5443720.463669909], [566455.5933963099, 5443715.717125194], [566454.705988387, 5443713.1402641535], [566452.8869083958, 5443711.586101181], [566449.5140896323, 5443711.85011207], [566442.6272915804, 5443705.851186274], [566434.8645725823, 5443701.597948659], [566415.2850617741, 5443684.741197802], [566412.4174944106, 5443679.480028353], [566411.8080590344, 5443668.249887253]], [[568971.3035270799, 5444275.111389559], [568956.1671073968, 5444263.27294122], [568942.6708973502, 5444252.717294594], [568942.073730481, 5444252.250216805], [568927.1317183585, 5444243.2465277575], [568918.269243771, 5444237.906317634], [568912.6395398715, 5444235.051552476], [568902.6811474196, 5444226.921918844], [568885.683549407, 5444218.508706975], [568879.10203843, 5444212.314398528], [568850.6519537922, 5444198.975026079], [568841.3462509499, 5444196.469694872], [568827.3764306903, 5444188.168445242], [568809.3128104464, 5444182.294338514], [568804.56555279, 5444179.256939063], [568789.966260966, 5444175.949953451], [568782.2590164308, 5444167.175547571], [568774.7791210145, 5444168.55759257], [568771.580243463, 5444165.248871119], [568766.2257717733, 5444163.216038237], [568762.5098669232, 5444154.266979349], [568750.9290217097, 5444146.46558854], [568738.5496673584, 5444131.895919133], [568732.06733681, 5444121.170277157], [568721.0239443209, 5444113.214057575], [568720.2524395303, 5444110.403334723], [568722.750326052, 5444107.28983878], [568728.1830271775, 5444105.074244903], [568748.76957891, 5444104.197717338], [568765.1289007335, 5444100.944675574], [568807.1162913197, 5444103.156514004], [568898.0088385553, 5444150.965371061], [568923.0283851326, 5444166.338837559], [568943.0832647033, 5444173.444319562], [568954.8498433805, 5444182.925098294], [568955.21364595, 5444186.771938363], [568956.4733021635, 5444187.81331656], [568969.0846766137, 5444190.311092416], [568993.4914003889, 5444205.42963568], [569014.5467197418, 5444221.330537079], [569040.7887029962, 5444246.589515954], [569059.144886713, 5444266.402057509], [569075.0647794404, 5444290.359754697], [569086.3439396012, 5444303.677597016], [569092.4058598864, 5444315.530523331], [569104.1857151967, 5444333.468539019], [569110.1090907464, 5444342.4884349415], [569112.7095384828, 5444346.448316033], [569118.5201410736, 5444353.832373917], [569119.1909377181, 5444356.368330082], [569126.1625441181, 5444368.722203214], [569126.6291084939, 5444381.569430994], [569120.4000591973, 5444386.996125249], [569111.7430322688, 5444385.025380957], [569107.4438537379, 5444387.2802480385], [569105.2705852496, 5444386.503652951], [569103.0369370613, 5444384.221103771], [569096.4452965754, 5444383.804748541], [569089.5105529169, 5444375.198780499], [569070.8812304618, 5444371.042456602], [569067.5912197621, 5444369.110263085], [569055.9936724474, 5444356.286106642], [569049.1385539061, 5444345.183908475], [569021.9540093003, 5444317.200859926], [569006.4508305896, 5444303.901252959], [569001.9984793455, 5444301.80031486], [568997.9442120215, 5444296.352976134], [568981.6051281417, 5444285.216522074], [568974.9465415485, 5444277.960720849], [568971.3035270799, 5444275.111389559]]], [[[567620.8371868827, 5443331.588791479], [567623.9380465762, 5443322.598715019], [567620.9282131052, 5443311.632663887], [567618.8663492934, 5443300.689337419], [567614.8771163055, 5443297.627476431], [567601.9534991976, 5443298.581186706], [567593.9032871544, 5443300.695260983], [567589.8753629406, 5443305.56022004], [567587.8259335951, 5443315.663770717], [567587.9336015921, 5443320.579435916], [567594.8614079767, 5443332.694118624], [567607.832469616, 5443341.558402569], [567616.8097123936, 5443343.569523677], [567619.83988804, 5443341.549696963], [567620.8371868827, 5443331.588791479]]], [[[567729.911330096, 5443310.59935459], [567729.9139574106, 5443299.670185281], [567729.8283922053, 5443299.513502804], [567727.9421918514, 5443295.687910287], [567719.9383102364, 5443291.631769712], [567713.841678228, 5443292.66874482], [567704.869099813, 5443301.586814181], [567699.8393289507, 5443312.598982746], [567697.8362663779, 5443323.659427098], [567699.8905707488, 5443334.61378174], [567706.8753532491, 5443345.628624879], [567714.879114579, 5443349.684825285], [567727.8993200978, 5443348.576933097], [567729.8414586658, 5443333.55767922], [567729.911330096, 5443310.59935459]]], [[[566887.8331209272, 5443422.585769596], [566903.9541382876, 5443440.670162032], [566925.9367572897, 5443459.626179493], [566931.934029361, 5443462.545057495], [566945.9480608805, 5443463.659907048], [566952.8100952969, 5443459.629355368], [566951.8035707879, 5443453.602180887], [566932.8873429262, 5443435.639381022], [566920.8434873633, 5443411.578248931], [566912.8870855881, 5443397.550683234], [566896.8224621137, 5443379.622596926], [566882.9081340884, 5443363.621818684], [566871.9363643918, 5443354.616635853], [566863.8236324813, 5443345.657284555], [566843.8377122543, 5443328.626880533], [566832.8834775306, 5443317.565222153], [566822.8492725156, 5443310.639475007], [566815.9433074397, 5443308.654729251], [566807.8692815335, 5443311.559029522], [566804.8216680543, 5443315.647004005], [566804.922872695, 5443320.55142049], [566823.8514705687, 5443343.583757755], [566831.8037460214, 5443352.552262712], [566836.9607173512, 5443361.631554605], [566843.8188866297, 5443373.599879809], [566845.9518330477, 5443377.583749967], [566864.8405184085, 5443399.659642219], [566887.8331209272, 5443422.585769596]]], [[[566790.8053376693, 5443483.640631509], [566808.8770163528, 5443502.704506203], [566824.8031474808, 5443523.632594004], [566834.8922811795, 5443541.654972523], [566845.833713105, 5443558.564701533], [566863.805947931, 5443581.58569027], [566878.8750765852, 5443598.556647674], [566895.8697162488, 5443618.552816403], [566901.8314964953, 5443625.596174465], [566919.8291835028, 5443635.631500282], [566939.8969762549, 5443638.565268005], [566946.949546392, 5443626.6207968], [566946.819500001, 5443618.691889836], [566939.9209835393, 5443598.662240113], [566932.9087872382, 5443579.576209005], [566924.8268422373, 5443562.689806765], [566913.82936168, 5443545.612409387], [566898.8516787702, 5443524.69553827], [566894.9496674445, 5443512.607214536], [566893.8117140348, 5443509.591488629], [566893.9034105379, 5443505.634603663], [566889.8627129149, 5443496.557665543], [566876.8353544719, 5443476.609521009], [566867.9236083208, 5443462.559356212], [566859.8192687681, 5443442.670885584], [566850.8384849776, 5443424.672966149], [566835.8551879404, 5443409.60436908], [566831.899960002, 5443403.6972186295], [566820.8248244959, 5443393.59022845], [566803.920105656, 5443380.555372422], [566793.8860677773, 5443373.629684443], [566770.9245695249, 5443362.578626087], [566762.823440805, 5443358.678287201], [566741.8854690494, 5443357.635926508], [566733.8855120944, 5443358.651145249], [566727.8580666627, 5443363.648238956], [566718.9533966758, 5443381.585575615], [566716.8834575595, 5443388.687354682], [566716.8755218732, 5443399.616446976], [566726.8738390538, 5443421.584530788], [566742.8964176218, 5443443.63647945], [566751.947087391, 5443454.663836182], [566768.9380791613, 5443469.600837131], [566790.8053376693, 5443483.640631509]]], [[[566619.8887465314, 5443559.638020071], [566608.8286956579, 5443538.602414991], [566595.8400654407, 5443519.600425973], [566588.9047025251, 5443514.613661194], [566579.8139803682, 5443513.547999577], [566577.8062273363, 5443513.690567459], [566576.810553574, 5443534.580773771], [566576.906193358, 5443546.611828405], [566596.9317523887, 5443564.58671973], [566600.8891904042, 5443566.691391464], [566609.9455448037, 5443570.602918747], [566616.9427896823, 5443568.630496953], [566619.9402671555, 5443565.6535690315], [566619.8887465314, 5443559.638020071]]], [[[564926.8677448826, 5443491.6628351305], [564904.8140899638, 5443490.614419857], [564884.8150592205, 5443491.646958069], [564876.9185676448, 5443497.569124969], [564874.8774814645, 5443500.558113581], [564873.8149625277, 5443506.560589816], [564881.8906441214, 5443514.571531806], [564885.8415457961, 5443516.67475969], [564906.8188242227, 5443518.666813717], [564928.9519698911, 5443521.617396072], [564939.8793676371, 5443529.661966442], [564948.9428935739, 5443538.640768739], [564969.8299705711, 5443544.578870274], [564986.9262904046, 5443549.694120509], [564994.8750914076, 5443553.590114115], [565011.8464321145, 5443570.567007785], [565033.940861125, 5443588.560571617], [565044.9077518699, 5443597.561921456], [565051.877825984, 5443599.700858574], [565061.8545137389, 5443595.537796859], [565063.8556813209, 5443591.603363611], [565061.8362387992, 5443581.606595001], [565058.9143689723, 5443577.61416755], [565039.8853805825, 5443565.671484024], [565026.9217254929, 5443549.686732071], [565015.9352701501, 5443530.5564942565], [564993.8067438306, 5443516.676334637], [564972.8906435799, 5443502.654991186], [564961.9464127279, 5443496.6670783395], [564950.9214636572, 5443492.579312894], [564946.913865179, 5443491.587224237], [564926.8677448826, 5443491.6628351305]]], [[[566334.8472230888, 5445841.625491748], [566310.9026333218, 5445850.688247692], [566301.8923988604, 5445856.59504144], [566292.8942218205, 5445867.571857105], [566291.9439338191, 5445872.630309646], [566294.9105930133, 5445877.569085089], [566317.8625696007, 5445888.60720292], [566340.9081879035, 5445890.629661704], [566361.8438450987, 5445891.67064965], [566382.883423968, 5445892.557384281], [566406.8397801203, 5445888.576137766], [566425.828386361, 5445883.578952591], [566446.924395401, 5445884.622284993], [566460.8758989775, 5445885.579568442], [566477.8307186866, 5445883.571149063], [566501.8539444996, 5445877.678766199], [566523.8737194081, 5445865.602789588], [566529.866108187, 5445859.648935205], [566526.8432487544, 5445854.553668452], [566522.9511637001, 5445852.605574345], [566503.8344347584, 5445844.614738379], [566483.8464075106, 5445843.584592648], [566461.8912559253, 5445843.631508362], [566454.8499584877, 5445844.6585348435], [566445.8764901041, 5445842.649380483], [566429.901321074, 5445842.612792217], [566416.9371894847, 5445842.612406105], [566397.9436638153, 5445842.550741059], [566377.8986296211, 5445842.620970977], [566354.8923828974, 5445841.555019844], [566334.8472230888, 5445841.625491748]]], [[[563960.8507502894, 5446302.586990634], [563977.9532422596, 5446316.560533065], [564000.9473105863, 5446333.615525439], [564019.9123170348, 5446346.654710483], [564034.8408032261, 5446355.700118831], [564038.8537093751, 5446356.691780419], [564046.8221279916, 5446368.658420329], [564047.9033600481, 5446381.656954997], [564048.8977472428, 5446387.694517728], [564047.89327247, 5446392.5859615505], [564042.9488081285, 5446394.585475944], [564035.925301175, 5446393.558906463], [564029.833028116, 5446394.588972068], [564025.8268534496, 5446398.6673141625], [564025.8903295716, 5446402.626084254], [564040.8719947898, 5446426.548252267], [564046.8338249597, 5446438.647351327], [564054.8420248971, 5446451.57063959], [564061.9360705565, 5446456.5671254825], [564070.822000513, 5446456.670345119], [564073.8565691148, 5446454.637572229], [564077.919563465, 5446445.667864157], [564097.9056283615, 5446446.689378195], [564108.8053728375, 5446446.660325342], [564119.8587500512, 5446441.563134464], [564123.9379688248, 5446435.5844537085], [564124.937362252, 5446411.692042026], [564121.8732486307, 5446400.5716611985], [564103.8901056107, 5446379.616287162], [564081.9249557011, 5446355.6127823135], [564063.8917566341, 5446339.571221576], [564046.9100061634, 5446324.642624681], [564033.9001079404, 5446318.632436118], [564011.9010100833, 5446302.544936337], [563987.8313956173, 5446287.701138524], [563971.827281047, 5446279.599469876], [563964.8037474854, 5446278.561926216], [563960.0, 5446281.846586191], [563960.0, 5446301.455147883], [563960.8507502894, 5446302.586990634]]], [[[567354.9611261196, 5446411.681735097], [567348.9525007226, 5446398.6221999945], [567345.8557172104, 5446396.683212786], [567341.8901067653, 5446396.63481819], [567335.9407357947, 5446408.603351486], [567335.8130706464, 5446416.673648405], [567340.877248815, 5446427.664726152], [567343.8209433001, 5446429.601843561], [567351.8204487311, 5446433.657571524], [567354.8383734891, 5446433.694451924], [567358.8218111824, 5446431.675042999], [567359.9154481296, 5446428.686450555], [567354.9611261196, 5446411.681735097]]], [[[564921.9609186194, 5446845.690858483], [564911.8155434114, 5446848.584569592], [564908.8040051772, 5446853.607914731], [564909.8770220522, 5446861.54778709], [564933.857049801, 5446865.62119108], [564946.8188236081, 5446865.61807726], [564968.8844291472, 5446859.540431637], [564992.9330579927, 5446851.596099737], [565016.8059094838, 5446840.636711749], [565037.8541010658, 5446830.58928871], [565056.9033339686, 5446820.673977998], [565068.9514949705, 5446816.546669555], [565081.9470822427, 5446813.686815181], [565104.9450479292, 5446804.618823486], [565124.9083415046, 5446797.571958307], [565131.8685404181, 5446794.640972907], [565137.8980412906, 5446789.653427025], [565138.830157563, 5446786.651325], [565134.9325878329, 5446779.634249868], [565128.8815704924, 5446776.56091264], [565118.9372842325, 5446776.599223189], [565095.9162760994, 5446782.665044727], [565071.8672235293, 5446790.608877406], [565060.8378542421, 5446793.647558704], [565047.9386443907, 5446797.6092657745], [565024.957582148, 5446804.631969926], [565003.9263270115, 5446812.611715013], [564982.8951243212, 5446820.602632502], [564961.8567340644, 5446828.582443866], [564940.9291749888, 5446837.675415332], [564921.9609186194, 5446845.690858483]]], [[[569739.868740283, 5446992.67210564], [569739.9353707156, 5446996.6310896715], [569744.8802556223, 5447008.568012198], [569757.9491139327, 5447018.550811294], [569764.8974180688, 5447026.554939453], [569784.9083389926, 5447030.6103925565], [569797.9291506583, 5447034.577592518], [569816.8711775178, 5447039.564758941], [569819.9075124288, 5447037.546224173], [569823.9462313346, 5447030.626087449], [569831.9098520165, 5447028.669997701], [569849.8014964855, 5447021.613806141], [569850.8500908162, 5447017.668900712], [569844.9160011015, 5447013.635709478], [569824.8271203232, 5447007.677769082], [569811.8638872596, 5447002.610511119], [569797.8880630316, 5446998.631226893], [569783.9122428731, 5446994.651936615], [569768.8674969176, 5446991.61551519], [569747.8219877594, 5446980.575711683], [569742.9236888653, 5446988.5968957115], [569739.868740283, 5446992.67210564]]], [[[569122.8775492841, 5447121.565765131], [569129.8004369198, 5447117.694292459], [569132.8342945211, 5447110.605398273], [569133.8411845809, 5447100.64479758], [569136.895842804, 5447096.558193651], [569150.9238690565, 5447090.563293135], [569151.81166926, 5447086.616208418], [569144.8832779686, 5447081.615040198], [569124.872024619, 5447077.572978487], [569116.8172226661, 5447074.614684487], [569111.8322856327, 5447075.664096842], [569091.8362697928, 5447085.542602674], [569081.9151639089, 5447093.657082316], [569079.9121608854, 5447097.590186422], [569079.8395243657, 5447104.560524565], [569086.951204103, 5447117.635756103], [569100.9478074182, 5447124.615493756], [569122.8775492841, 5447121.565765131]]], [[[564410.8459772844, 5447270.565005736], [564404.8633349432, 5447251.64987107], [564395.8226369128, 5447235.556355838], [564390.9035341903, 5447231.696584351], [564387.8860398113, 5447231.661392474], [564384.8918961396, 5447234.62836434], [564381.953500239, 5447241.565161475], [564378.8676927448, 5447258.628956043], [564386.9361453953, 5447280.581448966], [564388.8617000115, 5447283.605816705], [564404.8231944824, 5447285.6933307955], [564408.812134036, 5447283.683006676], [564410.8756338361, 5447278.63721492], [564410.8459772844, 5447270.565005736]]], [[[569256.9168483082, 5447412.546904021], [569277.8610196455, 5447413.59921111], [569284.882272989, 5447414.643606718], [569287.9573332472, 5447413.5703276405], [569289.7999401743, 5447409.635312996], [569285.9080275568, 5447402.615254451], [569262.9031390243, 5447392.6755986735], [569238.822333854, 5447383.656644784], [569218.9315575872, 5447373.58952781], [569199.930505802, 5447364.645453018], [569177.8707671063, 5447349.648118918], [569153.942373893, 5447326.700040574], [569138.8084618043, 5447311.622885091], [569130.8451675682, 5447299.648654592], [569129.8697679497, 5447296.6233880855], [569115.923422662, 5447274.601073739], [569110.8975778199, 5447269.623800999], [569103.9300712709, 5447263.68821267], [569095.944392283, 5447257.562057703], [569083.9488173685, 5447241.579319139], [569073.8348838746, 5447222.606996852], [569069.9218104046, 5447212.584893874], [569064.8359114134, 5447203.65981325], [569057.815394835, 5447181.557528719], [569054.892896182, 5447168.690368632], [569053.4776261688, 5447161.779296958], [569049.9533275109, 5447144.568370414], [569046.8553355195, 5447137.558455231], [569040.8745038547, 5447132.569298445], [569036.9243906578, 5447126.660514214], [569023.8751313278, 5447119.692797087], [569015.9377534705, 5447119.5935670985], [569007.8215372451, 5447121.548944425], [569000.8226959337, 5447128.588247368], [568998.9152810923, 5447133.634385755], [568998.9026885903, 5447144.552534098], [569004.8545904374, 5447167.597509437], [569010.845892397, 5447191.576913925], [569016.9301491075, 5447211.610570272], [569019.8700028887, 5447223.6773801865], [569024.8671588247, 5447246.699368284], [569034.8991066965, 5447267.571776572], [569049.9424063454, 5447291.664482661], [569065.809521203, 5447311.664915], [569080.9287139878, 5447332.589941996], [569093.8994966727, 5447351.598012177], [569105.9545444968, 5447371.5397132905], [569110.9226426664, 5447377.62805917], [569116.9574225679, 5447377.703733703], [569117.8279875941, 5447374.545887005], [569118.8370793856, 5447369.644132055], [569112.9157668445, 5447354.682436001], [569106.9330119436, 5447344.634358215], [569105.936904537, 5447338.606816754], [569107.9581827254, 5447332.61711434], [569111.9488995905, 5447330.610192009], [569115.8389584711, 5447332.5601271195], [569131.8272255424, 5447351.595007235], [569143.8222652373, 5447367.5889927335], [569162.8481547523, 5447389.67501109], [569171.8236719251, 5447400.561312612], [569180.9170281943, 5447406.69028379], [569200.8912055849, 5447413.589621786], [569223.890654741, 5447414.667460515], [569242.9046136952, 5447412.693449227], [569256.9168483082, 5447412.546904021]]], [[[566407.8515508337, 5447289.644623075], [566431.8312841501, 5447302.596983482], [566438.8825936245, 5447306.639948847], [566443.8418058079, 5447307.655792099], [566462.90895399, 5447320.549120124], [566469.8146047165, 5447327.603493695], [566472.8320206499, 5447327.639859221], [566492.834993627, 5447321.543384336], [566494.8756002132, 5447318.5549355345], [566492.867591096, 5447308.557670461], [566487.93794145, 5447299.636995727], [566483.9114237921, 5447295.630440991], [566473.803127381, 5447290.59438369], [566452.9247568382, 5447284.639231507], [566431.95766254, 5447280.595375271], [566414.9132022306, 5447277.6884970805], [566408.8607124393, 5447279.683607754], [566406.8524432818, 5447283.617559878], [566407.8515508337, 5447289.644623075]]], [[[569559.877617172, 5447361.566173174], [569577.8875366943, 5447379.693893794], [569595.8690263687, 5447400.656496675], [569618.8747832436, 5447415.678644583], [569639.9562793863, 5447422.593418538], [569645.8955721622, 5447421.567704273], [569648.8651441142, 5447415.578983206], [569645.880445556, 5447402.554993644], [569628.8223774494, 5447380.647703764], [569617.8167705003, 5447370.691314031], [569611.9218775224, 5447367.615001007], [569592.9539227599, 5447345.683689352], [569578.8956837917, 5447324.603845923], [569576.8053842615, 5447321.564352179], [569566.8145879228, 5447301.647604222], [569547.8650125526, 5447277.648743328], [569530.9232242627, 5447258.600640234], [569526.8134361578, 5447252.689437752], [569505.9197290803, 5447236.582518505], [569489.820324278, 5447223.5602628365], [569471.9271796113, 5447214.618124497], [569464.847829632, 5447214.695806089], [569460.8960309986, 5447217.647981526], [569458.940904415, 5447227.607724804], [569476.8305766183, 5447246.667510052], [569492.9217464089, 5447265.560132675], [569501.8391600596, 5447277.546969496], [569519.8275103454, 5447287.5911096055], [569530.8670033653, 5447303.562750761], [569541.8762533279, 5447323.659046347], [569551.8280123518, 5447342.630203477], [569559.877617172, 5447361.566173174]]], [[[564828.8586465169, 5447421.608895979], [564835.9108926576, 5447425.649815096], [564856.8651032607, 5447424.628649085], [564869.9229850629, 5447420.668433849], [564876.810070274, 5447414.578802659], [564875.8117037963, 5447399.679709148], [564871.9371019814, 5447395.676143438], [564849.8448627214, 5447393.670867947], [564836.884382824, 5447393.674204318], [564820.866574877, 5447392.696660581], [564816.9342360531, 5447393.606649342], [564813.8770681755, 5447392.614582476], [564809.8953798211, 5447394.624605405], [564807.9112582396, 5447401.572470962], [564807.8931541397, 5447408.698975883], [564809.9222480068, 5447411.569102077], [564828.8586465169, 5447421.608895979]]], [[[564997.8542949815, 5447523.672074913], [565011.808927687, 5447524.637010471], [565025.8372138513, 5447523.69047409], [565039.9523568896, 5447524.646171504], [565045.9077613376, 5447521.547719843], [565049.8340814463, 5447515.579055733], [565050.8394572313, 5447510.676706144], [565048.9312374308, 5447505.595373584], [565045.8984122844, 5447502.546613838], [565023.8813026869, 5447493.5815470405], [565004.9214245335, 5447485.597597425], [564998.807155841, 5447483.624367572], [564978.817585587, 5447482.599589653], [564969.8691123615, 5447483.605998436], [564967.8922525565, 5447490.542702908], [564966.9192247832, 5447497.658003352], [564969.8039580969, 5447509.566268946], [564976.8716227929, 5447516.620622224], [564997.8542949815, 5447523.672074913]]], [[[565019.9348432105, 5447625.597224931], [564996.8369008343, 5447633.552508165], [564992.8081239434, 5447634.616979016], [564989.9342484719, 5447636.6399372555], [564989.8366517294, 5447640.596843826], [564993.8868908554, 5447647.615689762], [565013.8179242826, 5447653.554186775], [565033.8068585936, 5447654.579149133], [565057.8765631276, 5447644.567384569], [565074.8207227833, 5447633.6824296545], [565081.918757921, 5447622.681163229], [565083.9429422473, 5447616.690138552], [565088.8637863334, 5447611.678280375], [565100.9030598027, 5447607.550959729], [565116.8006997494, 5447605.681604002], [565129.9396566144, 5447598.5431738375], [565151.8205666095, 5447585.659730661], [565161.8854087896, 5447579.608019621], [565181.823328423, 5447569.547977212], [565204.8422507171, 5447559.691277138], [565220.9190279973, 5447550.69766902], [565223.8101440293, 5447546.606926024], [565213.9422667961, 5447539.685922808], [565195.9192545031, 5447537.571775108], [565188.9129467243, 5447539.545859003], [565167.8654945991, 5447554.662596254], [565147.8070997992, 5447565.666299158], [565123.9370610719, 5447576.624979048], [565103.8486357434, 5447584.626580355], [565081.8713029792, 5447597.664661486], [565066.887153572, 5447603.658520626], [565049.8633177184, 5447612.641477068], [565036.8055072776, 5447616.612355218], [565019.9348432105, 5447625.597224931]]], [[[566130.8833584604, 5447760.567991114], [566141.883963143, 5447761.644909525], [566161.8500792993, 5447759.671786198], [566164.8846139121, 5447757.651278715], [566171.9259483458, 5447751.55393322], [566194.9459103157, 5447741.701359732], [566217.8434409918, 5447736.594820132], [566231.8147781064, 5447721.552751101], [566234.8096297494, 5447718.586810067], [566235.8952664468, 5447715.586797441], [566235.8360212512, 5447706.557965065], [566232.8086118345, 5447697.660412127], [566228.9424756701, 5447693.655859911], [566214.8279029711, 5447692.697088371], [566191.8442920754, 5447694.633806706], [566170.905643492, 5447698.663237371], [566148.9165043517, 5447701.557124242], [566129.8652862291, 5447702.596232981], [566119.8829560408, 5447701.687161219], [566104.9176082265, 5447700.562802702], [566086.9295755143, 5447695.588669479], [566065.874529633, 5447691.700907568], [566041.8916285026, 5447687.611340636], [566028.8920488516, 5447686.666358236], [566006.9392123717, 5447681.6561908955], [565984.8088823181, 5447678.68976073], [565969.9243815936, 5447675.665527137], [565945.9016754603, 5447670.630819342], [565933.8344576167, 5447666.684148702], [565909.8586449899, 5447662.595236044], [565897.8065031358, 5447661.661945382], [565884.9034436762, 5447660.562710966], [565870.8358048336, 5447660.550491395], [565846.8181081632, 5447660.575032037], [565833.8012819141, 5447661.687225274], [565815.8237417312, 5447665.586502809], [565792.2945935316, 5447686.386125356], [565791.9557867785, 5447686.6822307], [565776.9401267618, 5447705.659991391], [565776.8021678701, 5447708.671327205], [565782.9383343143, 5447713.658755997], [565804.9084996143, 5447716.611427644], [565824.8920050773, 5447712.569187431], [565837.9327327807, 5447710.667907336], [565850.9495385704, 5447709.555801721], [565867.9209881636, 5447710.5477919895], [565871.8532055847, 5447709.649737482], [565891.8418317663, 5447710.6777925175], [565904.8585939163, 5447709.565753222], [565916.8067155317, 5447710.6646141475], [565938.9198039348, 5447715.676327589], [565945.8278678356, 5447717.660158465], [565965.8562715235, 5447719.634081354], [565973.9340438527, 5447725.589946421], [565987.8708186144, 5447728.613991718], [565998.9262271879, 5447733.649388182], [566013.8351526756, 5447734.6171476245], [566035.9479492442, 5447739.64034679], [566047.8547190452, 5447743.574243321], [566059.8026924287, 5447744.673409669], [566083.8646047327, 5447750.665252146], [566106.9247870725, 5447755.688958198], [566130.8833584604, 5447760.567991114]]], [[[564245.8226852342, 5447706.631108145], [564257.8975502528, 5447715.632891668], [564270.8233924615, 5447723.5438619675], [564274.8916777067, 5447724.703109365], [564298.81111653, 5447733.687346271], [564322.8915788403, 5447737.603685589], [564340.8337141536, 5447741.615330967], [564345.8096195515, 5447740.572646968], [564348.9239571954, 5447736.650953562], [564346.8339674363, 5447714.612559848], [564341.8914112092, 5447711.541831746], [564320.8680320566, 5447708.606100062], [564300.9371577047, 5447697.611341692], [564290.8349844638, 5447692.579413122], [564269.9318753105, 5447688.700292463], [564247.8405728785, 5447686.697367534], [564228.8064019836, 5447685.686432241], [564223.9430126353, 5447689.587826679], [564227.841238195, 5447696.593228217], [564245.8226852342, 5447706.631108145]]], [[[569730.948135694, 5447755.649656185], [569715.8319706726, 5447759.5724798], [569706.8756783602, 5447760.571167982], [569692.8830462095, 5447758.648803916], [569669.8185388191, 5447753.609895402], [569647.9236931807, 5447743.67164651], [569635.8891258552, 5447735.603401482], [569616.9504149888, 5447716.674349309], [569607.9125463293, 5447705.642025556], [569591.9084883962, 5447688.651320166], [569574.8560144571, 5447675.60559304], [569566.8543500714, 5447676.616574838], [569565.919943211, 5447679.617878085], [569567.8888460947, 5447683.600828154], [569580.8368090459, 5447699.596705759], [569592.9529267375, 5447719.695943426], [569600.861573581, 5447741.654579677], [569605.9461274418, 5447750.580096107], [569613.8556372697, 5447758.596190811], [569633.9437082986, 5447769.623394972], [569644.8614912385, 5447772.60752099], [569648.8333098304, 5447772.6576474095], [569672.9493064279, 5447777.554117746], [569696.9018564168, 5447778.645958301], [569710.8553815403, 5447779.62287488], [569734.9118933757, 5447780.560556579], [569746.9244899364, 5447780.54562372], [569759.8843220533, 5447780.553815788], [569768.9473058364, 5447778.6115331175], [569781.8072642708, 5447768.645304801], [569797.8159434996, 5447750.635776702], [569798.922270234, 5447745.579795164], [569794.8723191428, 5447743.62724866], [569785.8843666787, 5447743.669313323], [569762.8258064494, 5447752.561495462], [569745.8752091507, 5447754.570817059], [569730.948135694, 5447755.649656185]]], [[[569933.8858333903, 5447748.55630934], [569939.9202324405, 5447748.632813064], [569957.9251218976, 5447756.621705789], [569960.0, 5447757.36812465], [569960.0, 5447734.436987649], [569957.8590147764, 5447733.661309901], [569949.8372753549, 5447731.658387469], [569938.9197034161, 5447728.662559436], [569932.8852179334, 5447728.586013299], [569926.9345726223, 5447731.679354995], [569922.9279118864, 5447739.54493919], [569923.8449198258, 5447743.681498322], [569933.8858333903, 5447748.55630934]]], [[[566519.8074226456, 5447874.6583633], [566529.8706330336, 5447873.667929908], [566549.8257062336, 5447887.6952333], [566571.9157196013, 5447889.696203344], [566595.8160668426, 5447895.688333141], [566609.8313049728, 5447900.605012491], [566633.9241966698, 5447907.544745114], [566646.8879442102, 5447912.615572074], [566670.9457370426, 5447923.668742004], [566686.8524380482, 5447930.676552843], [566708.8870788437, 5447942.661605768], [566725.8202550053, 5447951.572050065], [566748.8094306663, 5447963.5688023735], [566760.8359809334, 5447966.560558499], [566781.8394948712, 5447971.573455795], [566785.9424429869, 5447968.610002751], [566786.8752961706, 5447965.608235781], [566785.8768100494, 5447959.581157253], [566785.8226781269, 5447955.6224094415], [566763.9370602543, 5447938.568820273], [566739.9608245406, 5447925.61506612], [566718.8736009927, 5447913.641319791], [566697.8506256227, 5447900.567655758], [566685.9229418845, 5447893.608013714], [566667.8744349787, 5447884.684301886], [566643.8386446495, 5447876.633289608], [566624.9143515655, 5447869.600309633], [566605.8444764079, 5447862.554598395], [566592.9369821167, 5447857.651253481], [566579.9158608383, 5447853.691689145], [566555.9588548929, 5447847.543221036], [566545.9549476806, 5447843.620098625], [566524.9109484282, 5447837.673776832], [566505.895135585, 5447834.587143896], [566499.9420981703, 5447832.614118613], [566487.9547532982, 5447830.56843368], [566464.9293521708, 5447822.697191929], [566440.8117996848, 5447816.547444827], [566424.9264066102, 5447812.553680916], [566400.872420819, 5447806.560464981], [566392.8099865001, 5447803.617159887], [566379.8678213245, 5447801.560203475], [566366.8290794905, 5447799.657837548], [566343.8236090632, 5447798.591735781], [566319.8137081773, 5447798.625455539], [566313.8929473798, 5447797.598106774], [566308.9165174854, 5447798.650142529], [566297.8712421398, 5447817.67418405], [566299.8920869885, 5447820.555881093], [566303.8465200369, 5447822.660253092], [566318.9303894007, 5447826.632910206], [566332.8666545267, 5447829.657847908], [566353.9035259263, 5447835.61446759], [566366.8677778335, 5447840.673529924], [566387.8130825462, 5447850.587371905], [566397.8736107876, 5447854.666528064], [566405.9535286898, 5447855.553225293], [566413.9515300713, 5447859.607496912], [566428.882007152, 5447863.589779725], [566442.9317536453, 5447865.660193516], [566460.9365007884, 5447868.567706068], [566483.8032219164, 5447872.645639202], [566497.9173807174, 5447873.605152685], [566519.8074226456, 5447874.6583633]]], [[[568093.8268099502, 5447949.597163772], [568090.9023532768, 5447945.602933058], [568079.8388660199, 5447926.631854924], [568066.8552388857, 5447909.68293093], [568050.8259145973, 5447889.694562416], [568035.9613052116, 5447884.596984785], [568032.8867079787, 5447885.670846709], [568029.8909112988, 5447888.6358166775], [568030.9484638419, 5447898.63319883], [568045.8555334617, 5447918.607700168], [568061.94530962, 5447942.554951472], [568080.8129370871, 5447964.646439266], [568083.8692963914, 5447965.629217721], [568089.8973189676, 5447955.574769349], [568093.8268099502, 5447949.597163772]]], [[[565909.8569641049, 5447969.637123425], [565897.8056160974, 5447968.692651516], [565877.9246892759, 5447977.638878232], [565866.9122701025, 5447983.689153654], [565851.809782217, 5447985.565741578], [565830.8725314421, 5447989.59639253], [565819.958554222, 5447991.678656483], [565798.8956868886, 5447991.583124915], [565777.8567912937, 5447990.698523246], [565762.8352231634, 5447990.675057324], [565760.8523013777, 5447992.552634309], [565760.8746901074, 5447995.565963051], [565769.8030952305, 5448001.687403708], [565781.8769051582, 5448005.633801959], [565803.8735157081, 5448016.658589064], [565823.8197179243, 5448020.543335751], [565838.8411272382, 5448020.566909417], [565841.8979055325, 5448021.548389207], [565852.9152070626, 5448020.57921338], [565871.8881896532, 5448012.567132126], [565891.8671994663, 5447999.66387662], [565903.8878751309, 5447983.652608135], [565909.8793950658, 5447972.639306319], [565909.8569641049, 5447969.637123425]]], [[[569678.89964299, 5448037.644686264], [569656.9440031877, 5448032.608728976], [569635.8215607457, 5448028.550719774], [569617.9401361953, 5448024.67820699], [569607.9140508345, 5448021.538571603], [569600.8471714779, 5448019.559273352], [569595.9454109565, 5448018.696975103], [569589.9502398358, 5448019.577528109], [569585.909397834, 5448022.695264417], [569583.9064297032, 5448026.62821532], [569583.9269142472, 5448029.630430324], [569588.9053852399, 5448033.651379461], [569592.9160128634, 5448034.658078217], [569595.9330803712, 5448034.6962370565], [569609.9453756791, 5448039.620553515], [569628.8841432047, 5448044.607109573], [569638.8075826938, 5448046.633584088], [569652.8067908961, 5448048.555921348], [569674.8763617201, 5448052.637103026], [569697.8371482105, 5448056.562855646], [569715.9031902073, 5448059.648595486], [569727.95410001, 5448060.590298132], [569741.8418998129, 5448062.667094923], [569764.809920572, 5448066.593191774], [569782.9149271636, 5448070.624710559], [569789.9540557731, 5448069.613035317], [569790.8495829563, 5448065.655077751], [569780.9245849074, 5448058.569394059], [569758.91138053, 5448054.644138396], [569740.9274897918, 5448049.669140808], [569718.8116198566, 5448044.642067782], [569708.8881262509, 5448042.615487592], [569704.8384127433, 5448040.663034428], [569691.8978532101, 5448038.598301251], [569678.89964299, 5448037.644686264]]], [[[564723.880642432, 5448367.614914991], [564712.8643303696, 5448368.586412888], [564694.9401860232, 5448367.586792583], [564687.8951572052, 5448368.615995817], [564683.9056971367, 5448375.695941307], [564694.9033775174, 5448385.6422732], [564699.9079777418, 5448392.661005727], [564705.900932446, 5448395.588652759], [564723.8826461704, 5448391.674767501], [564729.9353415482, 5448379.560271075], [564729.9301764679, 5448370.68779989], [564723.880642432, 5448367.614914991]]], [[[567490.9313515205, 5448296.974862989], [567477.814062046, 5448298.637805988], [567466.939457094, 5448301.662363648], [567457.9317011454, 5448307.57837761], [567449.8535197676, 5448315.551472103], [567431.9235164877, 5448340.67100753], [567423.8070098865, 5448356.55994275], [567413.8558795231, 5448377.663251632], [567405.8998394748, 5448393.554107481], [567402.8078687817, 5448396.685061805], [567401.935629728, 5448403.645586379], [567397.8686970109, 5448412.61288745], [567397.9296253579, 5448416.5717502665], [567394.8565527283, 5448436.6472905725], [567391.8433517377, 5448441.680446356], [567388.809630494, 5448452.572666399], [567381.9330033076, 5448472.590676634], [567366.8922500109, 5448488.561907975], [567361.8528059142, 5448499.585303588], [567362.8647585806, 5448508.625745745], [567366.8193419556, 5448519.592252933], [567383.8085254222, 5448504.60096495], [567404.8191416801, 5448488.547131726], [567410.9483598609, 5448479.605027551], [567415.9233470156, 5448459.55272189], [567416.9342059662, 5448449.591968306], [567417.9406309619, 5448425.688716389], [567417.9117545858, 5448412.546536781], [567424.9133024001, 5448396.632825472], [567429.9349652563, 5448387.677216886], [567432.8093758608, 5448385.655466671], [567441.9388067386, 5448387.657168838], [567446.8226501718, 5448390.574270629], [567460.9174188289, 5448393.593008915], [567475.8628475452, 5448386.648913218], [567483.933657489, 5448378.675758943], [567485.7747328945, 5448374.13975876], [567490.8396370722, 5448361.660239937], [567495.9071536598, 5448337.651007231], [567501.8192675503, 5448319.66716792], [567500.8780913969, 5448303.667512642], [567493.8074048375, 5448296.609762767], [567490.9313515205, 5448296.974862989]]], [[[565681.9475919683, 5448539.653917877], [565680.8780328265, 5448526.654978631], [565678.8862118364, 5448514.601302045], [565674.8130547039, 5448509.638582498], [565668.9245573125, 5448506.566565341], [565650.8406318559, 5448505.561919676], [565638.8300186789, 5448505.574640612], [565625.8323576521, 5448504.630499098], [565612.8671961153, 5448504.631990114], [565598.9546895743, 5448504.622204381], [565584.8891714492, 5448504.610572078], [565570.8162416985, 5448504.61004312], [565557.8112050684, 5448503.666060931], [565543.898748107, 5448503.656381827], [565530.9408884885, 5448503.6580513725], [565506.8233840191, 5448502.5821742825], [565493.8256997614, 5448501.63851174], [565469.8117080671, 5448501.664662286], [565446.8489538057, 5448501.547911201], [565435.945874711, 5448501.574151661], [565412.931727341, 5448507.63862967], [565408.9205468303, 5448506.645945493], [565392.953245497, 5448490.624244244], [565373.8986183304, 5448467.594909546], [565359.8992291762, 5448465.68346897], [565349.8374636234, 5448466.676060563], [565338.8663536255, 5448473.672928115], [565335.9120382387, 5448477.59595463], [565339.8671950769, 5448498.70078509], [565348.818255996, 5448506.567414469], [565358.9235044386, 5448516.660185506], [565378.8792885643, 5448530.6721097985], [565395.8505745005, 5448545.605030119], [565399.922248664, 5448555.626407308], [565414.9066411428, 5448563.564612015], [565436.8466617811, 5448570.629266758], [565448.8552501635, 5448575.686004523], [565459.8077548551, 5448574.548443579], [565477.8914234409, 5448575.55241388], [565496.8826152507, 5448575.6223294595], [565501.9462568454, 5448572.66935901], [565505.9122123616, 5448567.646503339], [565508.8254693255, 5448566.5804420505], [565511.826946115, 5448563.603051078], [565517.8550179556, 5448558.604705082], [565536.80838875, 5448552.659234301], [565549.8304827269, 5448551.546447862], [565573.9005936721, 5448551.676947143], [565581.900185808, 5448550.660175656], [565605.9609632269, 5448551.580057656], [565618.9187605673, 5448551.578536537], [565630.8652524551, 5448552.665705098], [565651.8622332629, 5448552.604296221], [565674.866626512, 5448548.597599314], [565678.8326882409, 5448543.574898453], [565681.9475919683, 5448539.653917877]]], [[[568260.8613468499, 5448491.635925639], [568251.9138192849, 5448492.637079427], [568247.863645094, 5448499.547043642], [568248.8166488649, 5448509.698775169], [568267.9146585219, 5448523.555134115], [568270.9314327762, 5448523.592502128], [568293.9040574474, 5448537.652543813], [568316.9057633999, 5448547.588107403], [568333.9416975257, 5448552.557788468], [568353.9088462554, 5448555.65151059], [568363.8500646002, 5448555.619097331], [568364.8973511986, 5448551.673863168], [568361.8851417046, 5448546.566546117], [568344.8069734419, 5448535.592304177], [568329.9049880619, 5448529.548373917], [568306.8358167277, 5448515.642656673], [568287.9021276489, 5448505.5906482], [568265.8657343579, 5448493.5991558395], [568260.8613468499, 5448491.635925639]]], [[[569922.9169205702, 5448723.6935616685], [569903.8073931563, 5448734.6921420675], [569880.9259328597, 5448746.59911675], [569859.8295564393, 5448755.67134172], [569835.9547838374, 5448766.609768822], [569815.890971332, 5448777.596499343], [569794.8799158543, 5448788.582419779], [569775.845873578, 5448797.681121986], [569753.899345703, 5448806.587426941], [569742.9029467651, 5448810.562130314], [569728.8321469952, 5448815.609913924], [569714.9217904658, 5448820.659675507], [569701.8632056513, 5448824.619640973], [569679.9530298455, 5448830.669187963], [569658.8759017026, 5448837.68548128], [569636.8833117977, 5448845.646537694], [569618.8619634508, 5448853.657824994], [569595.8082932384, 5448862.550700673], [569571.951780692, 5448872.701072599], [569547.9178291506, 5448883.638663744], [569535.9469303201, 5448884.5884749815], [569522.8292831304, 5448884.589913359], [569509.8331574374, 5448883.625510947], [569496.8684411099, 5448883.628938104], [569479.9401568213, 5448883.571334484], [569467.8910384475, 5448882.630150988], [569453.9403739375, 5448881.653868841], [569431.8479013519, 5448879.641288473], [569416.9221908316, 5448875.650920916], [569397.8444644103, 5448868.6063823635], [569373.9307639799, 5448859.588637389], [569350.9062332319, 5448851.70518677], [569337.8258587342, 5448847.582615653], [569324.840816652, 5448844.561959337], [569300.9471211736, 5448838.568984836], [569286.8153809228, 5448834.589017322], [569262.9144816066, 5448828.585012312], [569246.8809180178, 5448824.581161606], [569232.9022130931, 5448820.60321456], [569219.9242045406, 5448817.593969801], [569198.8609704985, 5448813.682866342], [569176.9284706983, 5448811.673263903], [569158.9108339398, 5448809.546062816], [569139.9374737203, 5448808.674478385], [569127.8060157036, 5448809.634219064], [569115.9171749749, 5448808.68472726], [569092.8157383177, 5448811.563999286], [569079.8212266852, 5448815.681838564], [569058.8231162329, 5448824.602678311], [569038.91424077, 5448835.594180483], [569019.8889796764, 5448844.6955148475], [568997.9181131779, 5448855.661386246], [568975.9288393242, 5448868.695019021], [568961.9371420958, 5448875.646933781], [568941.8571819474, 5448888.69358866], [568919.8866647872, 5448899.659717962], [568896.8477722201, 5448911.568718376], [568876.8819133587, 5448923.671898155], [568862.8721614243, 5448932.68080412], [568840.9411726159, 5448944.592718381], [568819.888715137, 5448959.695699091], [568795.8982518001, 5448976.652088034], [568783.9299438342, 5448982.68468923], [568766.8036126735, 5448995.613034737], [568745.9095059407, 5449005.648191551], [568729.8494021965, 5449012.563815657], [568712.9054618471, 5449019.646353066], [568703.8119647497, 5449023.646835348], [568693.9524311372, 5449030.650954525], [568684.9580609904, 5449039.5670876745], [568682.8986671789, 5449044.600353096], [568681.9271740201, 5449060.587581046], [568661.9475964514, 5449078.550813348], [568657.9144186155, 5449084.6713027], [568655.8329278514, 5449095.574744386], [568663.9156192011, 5449106.60475876], [568669.8299536404, 5449112.693390429], [568689.8194324446, 5449122.59309904], [568696.845882606, 5449123.636872695], [568702.936328632, 5449122.600924306], [568705.9135509338, 5449121.692951686], [568724.8455157876, 5449107.675039786], [568744.9498603627, 5449092.571069944], [568760.8081338394, 5449079.6156856585], [568769.8343087942, 5449071.65629249], [568792.8980084275, 5449057.690081761], [568800.8559165563, 5449050.662467005], [568819.8458217969, 5449035.544902698], [568835.8966108277, 5449023.548300851], [568852.8234399597, 5449009.672558174], [568875.9243898795, 5448991.593417948], [568896.8985605879, 5448974.58853446], [568908.827848792, 5448967.610667255], [568931.8102034641, 5448955.545250491], [568949.845055871, 5448941.683653613], [568967.8237909186, 5448927.654734215], [568986.8782249951, 5448912.69409953], [569004.9147871425, 5448897.55410033], [569022.8104451806, 5448886.692997685], [569042.9184327443, 5448876.6601155065], [569054.9006169226, 5448873.641395071], [569068.8196275509, 5448873.659974595], [569082.8917749422, 5448873.669490731], [569104.8424506924, 5448873.633151158], [569118.9144402567, 5448873.653842303], [569132.8653945132, 5448874.618058972], [569156.8781649962, 5448874.596626511], [569179.885946486, 5448875.685689477], [569199.9276644968, 5448875.61467107], [569211.8165253722, 5448876.553301672], [569224.9155011231, 5448878.61898169], [569243.8514427879, 5448883.615344976], [569266.8368039464, 5448890.552825261], [569286.88760812, 5448895.552229223], [569309.947779941, 5448900.589477828], [569317.9289092179, 5448901.646021892], [569324.8735230531, 5448904.579589558], [569343.9491303406, 5448906.565021643], [569358.9570536138, 5448908.654948024], [569373.8437759314, 5448911.688540514], [569396.9482705222, 5448912.612928468], [569419.8088006757, 5448916.703119031], [569434.8743645183, 5448917.682164907], [569453.8287530848, 5448920.611514741], [569473.8979203377, 5448923.554922219], [569486.9576665168, 5448924.675590101], [569506.8203267892, 5448926.660407105], [569529.8855663403, 5448926.639791559], [569535.9577407351, 5448927.661469422], [569539.8260943715, 5448926.609462428], [569563.8069788624, 5448925.644351866], [569581.8077491167, 5448914.619545036], [569594.8454280676, 5448907.668249432], [569614.8260970453, 5448898.569879203], [569621.9536666531, 5448895.657807395], [569639.8130772251, 5448882.574514455], [569654.8725038492, 5448869.622656202], [569674.8143753599, 5448859.578942037], [569685.8105720994, 5448855.604040952], [569708.9496419659, 5448848.61382205], [569720.9395433589, 5448845.596594326], [569744.9118863614, 5448839.573326696], [569764.8165623341, 5448833.643235916], [569788.9305861725, 5448829.678782744], [569791.8910463878, 5448829.549446138], [569803.9155628977, 5448818.616537968], [569810.862849414, 5448812.689431255], [569825.8217369332, 5448803.694974738], [569832.8657608425, 5448797.613336885], [569847.8132740814, 5448790.675768688], [569858.841528043, 5448787.64665014], [569879.9176642982, 5448775.560973252], [569887.9177633928, 5448774.55055229], [569910.8380759534, 5448763.600281284], [569928.9352063437, 5448753.7007805975], [569946.8158562568, 5448743.631792991], [569960.0, 5448736.275093831], [569960.0, 5448704.963467991], [569944.9219907281, 5448713.676913247], [569922.9169205702, 5448723.6935616685]]], [[[568566.9379385979, 5449232.548184482], [568551.8522984261, 5449228.558135459], [568543.8347341008, 5449231.627240591], [568541.3791140661, 5449240.0], [568578.3628546712, 5449240.0], [568566.9379385979, 5449232.548184482]]], [[[569616.8160173239, 5449238.574671491], [569593.813896246, 5449233.6925032865], [569570.9289206371, 5449231.65808499], [569547.9225005, 5449230.578484012], [569521.8419052269, 5449230.5720676165], [569508.8277660495, 5449231.675571077], [569496.9170830449, 5449236.584285517], [569490.0604653911, 5449240.0], [569621.3371796604, 5449240.0], [569616.8160173239, 5449238.574671491]]]]}}, {"type": "Feature", "properties": {"class": 2, "timestamp_utc": "2025-12-21 14:16:46+00:00", "source_product": "Flood_CAN_BC_LowerFraser_20251221_141646"}, "geometry": {"type": "MultiPolygon", "coordinates": [[[[565833.2995536524, 5443384.046144332], [565827.7756100018, 5443386.352076064], [565820.959692889, 5443391.88645999], [565816.6040242795, 5443398.645769695], [565811.9858609436, 5443402.732065713], [565804.8415293909, 5443407.205941878], [565792.332064258, 5443409.252580951], [565779.7953925978, 5443414.312581958], [565769.4537784565, 5443424.883276552], [565753.7449399929, 5443436.373245701], [565749.225492016, 5443437.600039359], [565745.1572828802, 5443435.094247252], [565743.1982216951, 5443432.0442585945], [565739.1886063649, 5443431.260082639], [565730.9473962999, 5443443.748658393], [565721.9383869304, 5443451.105505636], [565717.974651223, 5443451.044118031], [565698.2996913317, 5443457.213426649], [565692.2627910821, 5443462.140706042], [565687.3051039135, 5443461.046209902], [565682.7510469581, 5443464.146456685], [565673.6843416009, 5443466.876366168], [565662.2469563979, 5443466.383405937], [565657.908582492, 5443471.944798934], [565721.9310217373, 5443466.965961399], [565788.4289860046, 5443442.883391139], [565856.499556981, 5443371.218901179], [565869.9823744562, 5443349.822443626], [565867.5368287938, 5443351.582020845], [565863.6572639662, 5443352.548512621], [565861.7851049165, 5443356.982991413], [565850.7182679048, 5443366.215690072], [565843.1368049401, 5443375.717595353], [565837.8419456152, 5443378.197062839], [565833.2995536524, 5443384.046144332]]], [[[565534.1087563966, 5443470.191726743], [565520.3691967147, 5443464.805984063], [565512.2867939136, 5443457.943191713], [565487.8407810413, 5443451.864405613], [565479.0322118698, 5443452.748155672], [565475.0833972621, 5443448.933154614], [565467.6710684067, 5443449.250333644], [565459.070200249, 5443453.322624357], [565441.9616438715, 5443449.095988713], [565435.3040229197, 5443450.365168895], [565428.9598960862, 5443449.243179364], [565411.933358672, 5443443.037145149], [565396.3288221866, 5443444.211897744], [565393.2906432421, 5443443.480559466], [565388.288870679, 5443439.22547864], [565381.4542792197, 5443438.731059127], [565385.8477970604, 5443447.641186863], [565507.0259665333, 5443483.677873999], [565591.2625649541, 5443477.127511917], [565588.3475300682, 5443476.053949829], [565583.539040915, 5443477.0205757385], [565573.954806218, 5443473.353161365], [565567.5282587484, 5443475.761005954], [565554.0072649693, 5443476.144431831], [565547.8838058684, 5443475.060643321], [565544.0332038531, 5443471.080699071], [565534.1087563966, 5443470.191726743]]], [[[565640.2723948403, 5443471.0506597655], [565635.2520784183, 5443473.706714646], [565643.1237876524, 5443473.09457968], [565640.2723948403, 5443471.0506597655]]], [[[565614.9804237798, 5443472.637047633], [565604.6695024997, 5443471.05688416], [565593.4681058608, 5443476.95603357], [565619.9332903513, 5443474.898000628], [565614.9804237798, 5443472.637047633]]], [[[564406.700941114, 5443572.278140203], [564409.6002434598, 5443569.564613814], [564408.8571227314, 5443569.805266886], [564406.700941114, 5443572.278140203]]], [[[564352.7458223316, 5443620.808703818], [564354.4913998218, 5443623.818638293], [564358.1605297296, 5443625.476223726], [564374.159702496, 5443628.305975843], [564378.9258453577, 5443627.953643228], [564383.3644372132, 5443625.0556731075], [564390.326479295, 5443626.648414905], [564394.4201367456, 5443625.199191652], [564396.8476269951, 5443625.953340275], [564374.6696210408, 5443602.256674601], [564405.7626741887, 5443573.156227418], [564395.3720044391, 5443575.160626493], [564393.2618503871, 5443581.279521769], [564389.4052833413, 5443581.140028618], [564385.4635946508, 5443584.151421135], [564381.0528097706, 5443584.907628668], [564375.2945767826, 5443591.845036568], [564367.4275543593, 5443594.182205055], [564361.4666645625, 5443611.928934706], [564352.7458223316, 5443620.808703818]]], [[[564422.0235606752, 5443636.27643869], [564431.5545328766, 5443635.29392394], [564436.0981872973, 5443638.336281511], [564442.6292867315, 5443634.783344694], [564417.7514858154, 5443630.384993758], [564422.0235606752, 5443636.27643869]]], [[[564446.8988138125, 5443635.538123467], [564447.249059868, 5443639.328387497], [564449.1601870582, 5443641.0042465255], [564455.5761346736, 5443637.072229516], [564446.8988138125, 5443635.538123467]]], [[[564631.8250068497, 5443677.280249393], [564635.0955588071, 5443676.727786675], [564641.2430947308, 5443671.291349274], [564643.507070558, 5443672.192548911], [564644.73131107, 5443674.806890095], [564647.1957317721, 5443674.888581578], [564648.7946321035, 5443672.908271408], [564648.9356068223, 5443669.093264023], [564653.9798759304, 5443666.956021422], [564670.4753891831, 5443664.612867437], [564674.0740828465, 5443666.140227304], [564675.6555933047, 5443669.668483613], [564677.1307341807, 5443670.117429302], [564683.8674040034, 5443664.901661431], [564691.7843884813, 5443666.339603509], [564692.1408535963, 5443670.184344618], [564693.3430203587, 5443671.154868161], [564698.381703808, 5443667.2843358815], [564703.7181852903, 5443669.05119668], [564708.0041038707, 5443667.108820024], [564716.052312759, 5443667.662802216], [564723.0205323931, 5443674.704368347], [564727.7766008722, 5443672.321703686], [564742.3204876352, 5443670.995122753], [564749.6792741094, 5443674.129711763], [564766.4350508406, 5443676.869664281], [564773.0278024318, 5443682.880540287], [564782.2313618069, 5443680.578282341], [564786.1786953306, 5443684.233702731], [564793.4743105763, 5443686.913594092], [564804.275703787, 5443684.994027039], [564818.212564834, 5443688.220602608], [564824.4647057657, 5443687.798707519], [564834.4605559363, 5443692.790123614], [564842.3903151307, 5443700.125110149], [564856.7143397231, 5443699.105253155], [564870.8320718576, 5443704.3559058085], [564893.6296487389, 5443704.387348449], [564904.720629075, 5443708.898687232], [564910.297751323, 5443707.769688543], [564913.3803529631, 5443714.4626872], [564916.9543088365, 5443716.15845058], [564929.5222048283, 5443714.428817048], [564938.4071823445, 5443717.700545001], [564947.9335432138, 5443716.83386661], [564952.7778495343, 5443720.847457281], [564958.8769632103, 5443719.188679707], [564968.2645553364, 5443720.427241539], [564980.0373482234, 5443718.874261871], [564984.8811891318, 5443720.150705954], [564994.8836925161, 5443728.257602473], [564997.4491181567, 5443727.444360647], [564999.4136809866, 5443721.758677759], [565010.6355449742, 5443720.129811891], [565020.241344867, 5443724.166486016], [565027.295485076, 5443722.131012856], [565030.6930695385, 5443725.094899245], [565036.0755854711, 5443726.893185488], [565043.7961540389, 5443718.646954012], [565056.1339021706, 5443718.130403671], [565059.5381027877, 5443715.952891984], [565066.2051977856, 5443715.2934249425], [565076.0785237288, 5443710.202344291], [565084.0986162692, 5443712.238462131], [565090.1908575863, 5443711.740523892], [565096.0476713469, 5443708.122733912], [565101.4429220386, 5443711.339550087], [565107.8954434379, 5443708.006244233], [565121.5023453541, 5443710.892592091], [565124.1206912622, 5443708.100778555], [565129.8468835832, 5443706.224152075], [565140.8955320588, 5443709.488636451], [565147.9980458805, 5443708.918191433], [565166.6231461042, 5443712.170900702], [565178.1302244592, 5443712.116831236], [565181.8357306226, 5443710.137837825], [565190.0427732817, 5443712.501132174], [565197.3164416697, 5443712.270367452], [565200.534148923, 5443708.965130166], [565204.7599431898, 5443707.278373479], [565212.7479546407, 5443708.135349269], [565221.4212837272, 5443701.132667161], [565227.7393539621, 5443700.751498288], [565237.4525908508, 5443704.806368364], [565247.9586585109, 5443695.974825633], [565257.6459452411, 5443694.266726823], [565265.8810658578, 5443690.723359366], [565281.5661624912, 5443688.273157067], [565303.5770298693, 5443690.616343461], [565308.5618388923, 5443693.148328851], [565316.8716739956, 5443692.9996337695], [565331.2283772583, 5443697.272952874], [565348.4680390107, 5443695.854405425], [565359.0273873772, 5443699.977425399], [565366.5299977043, 5443699.201106273], [565382.7735792642, 5443702.202120514], [565405.7427408756, 5443716.114535565], [565416.6061505899, 5443728.845420621], [565447.7014799239, 5443757.829450242], [565456.0908188558, 5443771.442779026], [565462.5576066233, 5443775.001141695], [565466.1078702235, 5443784.198113964], [565475.605026419, 5443793.891467559], [565478.371755912, 5443799.570570213], [565485.6515361577, 5443808.69717781], [565489.6391979269, 5443816.632280262], [565495.583570018, 5443823.99266576], [565497.7656101737, 5443829.920374997], [565503.7711212825, 5443835.046393693], [565505.8356690689, 5443839.849987634], [565511.0059963192, 5443842.129742247], [565520.4855962743, 5443852.25454216], [565531.244871233, 5443866.5335467355], [565537.6602879418, 5443872.095587472], [565544.2989525229, 5443883.504152918], [565548.444116483, 5443887.8528938955], [565559.036397008, 5443893.0614488805], [565574.540840427, 5443905.1790492805], [565583.842364827, 5443908.113256609], [565591.9373606268, 5443907.942266556], [565601.3432507388, 5443912.707905767], [565606.6147881635, 5443917.776365889], [565610.9888641196, 5443917.416816742], [565617.0639388736, 5443920.72213356], [565633.4808468098, 5443936.514031284], [565639.8971372127, 5443939.045870067], [565642.9144947282, 5443944.725255812], [565648.1928177638, 5443945.635240566], [565652.9887410401, 5443949.18867071], [565678.5727989856, 5443975.093619275], [565679.4607612811, 5443980.79196731], [565682.6328108655, 5443984.221147027], [565684.5571857847, 5443988.616610023], [565688.4535802403, 5443992.131063766], [565690.9803809063, 5443997.334447054], [565695.5609167033, 5444012.209159159], [565695.6232020302, 5444019.451443293], [565698.6759079082, 5444024.086013068], [565699.5236023001, 5444028.148606473], [565695.1780157145, 5444036.244782888], [565697.040211996, 5444039.631492794], [565698.9401626267, 5444049.135948305], [565693.2559834315, 5444057.222700388], [565693.7800652377, 5444059.976303844], [565697.0000505525, 5444063.859771609], [565697.3009045001, 5444068.929789331], [565695.4527853191, 5444083.420368432], [565717.3883143163, 5444051.568691331], [565689.5764331532, 5443948.809425519], [565612.2497874026, 5443878.0861811675], [565541.6626130069, 5443851.935084359], [565397.9743619629, 5443701.81676565], [565227.4177620959, 5443594.3375353115], [565132.2536969893, 5443591.189844866], [564840.961732573, 5443682.570249457], [564686.1752148141, 5443644.597040463], [564563.422658335, 5443656.138755927], [564561.1785736679, 5443655.74198809], [564562.4194012568, 5443656.833006504], [564572.4342396583, 5443657.965649214], [564576.8759269674, 5443661.985154019], [564589.1592957916, 5443667.002033288], [564611.9940102857, 5443670.293764404], [564619.038115871, 5443668.180796623], [564625.0343162585, 5443668.909201249], [564626.6931540964, 5443670.517699829], [564626.329832278, 5443672.661370211], [564627.5212712048, 5443675.04387982], [564631.8250068497, 5443677.280249393]]], [[[565572.6682586953, 5446689.81717375], [565558.3339178616, 5446676.201339541], [565544.7180767958, 5446690.535673742], [565561.7037368153, 5446698.4896327555], [565572.6682586953, 5446689.81717375]]], [[[565544.7180767958, 5446690.535673742], [565507.736233572, 5446666.314529878], [565446.5332406667, 5446679.075122705], [565308.5780276371, 5446752.542259884], [565409.0552174058, 5446744.366309091], [565544.7180767958, 5446690.535673742]]], [[[565162.8059034336, 5446739.506696094], [565144.6051330332, 5446793.114850523], [565189.5410195077, 5446800.350941302], [565291.9515319741, 5446758.563258402], [565162.8059034336, 5446739.506696094]]], [[[565031.8090826116, 5446975.012971805], [564996.6222209842, 5447020.667093756], [565116.3785075342, 5447000.809348024], [565147.8365847381, 5446918.8913733], [565122.5376099445, 5446913.9475742625], [565106.9880774571, 5446961.894125086], [565031.8090826116, 5446975.012971805]]], [[[568706.5744151343, 5444147.257290452], [568710.920119268, 5444149.586444854], [568718.8563554848, 5444156.10466243], [568732.1213155431, 5444158.303313046], [568734.3614107848, 5444155.655563434], [568735.1504463978, 5444148.3482681615], [568731.8197756421, 5444141.494573235], [568728.3968013502, 5444137.167932962], [568706.5744151343, 5444147.257290452]]], [[[568789.966260966, 5444175.949953451], [568804.56555279, 5444179.256939063], [568809.3128104464, 5444182.294338514], [568827.3764306903, 5444188.168445242], [568841.3462509499, 5444196.469694872], [568850.6519537922, 5444198.975026079], [568879.10203843, 5444212.314398528], [568885.683549407, 5444218.508706975], [568902.6811474196, 5444226.921918844], [568912.6395398715, 5444235.051552476], [568918.269243771, 5444237.906317634], [568927.1317183585, 5444243.2465277575], [568942.073730481, 5444252.250216805], [568942.6708973502, 5444252.717294594], [568956.1671073968, 5444263.27294122], [568971.3035270799, 5444275.111389559], [568974.9465415485, 5444277.960720849], [568981.6051281417, 5444285.216522074], [568997.9442120215, 5444296.352976134], [569001.9984793455, 5444301.80031486], [569006.4508305896, 5444303.901252959], [569021.9540093003, 5444317.200859926], [569049.1385539061, 5444345.183908475], [569055.9936724474, 5444356.286106642], [569067.5912197621, 5444369.110263085], [569070.8812304618, 5444371.042456602], [569079.7935839067, 5444373.0309137935], [568920.1524652913, 5444184.372477342], [568843.5387049362, 5444141.604724266], [568739.8167222933, 5444133.387170366], [568750.9290217097, 5444146.46558854], [568762.5098669232, 5444154.266979349], [568766.2257717733, 5444163.216038237], [568771.580243463, 5444165.248871119], [568774.7791210145, 5444168.55759257], [568782.2590164308, 5444167.175547571], [568789.966260966, 5444175.949953451]]], [[[566874.8403709388, 5444614.964925009], [566893.334482824, 5444611.37916102], [566910.5525930867, 5444605.786782143], [566938.8562554384, 5444601.250644827], [566948.702900335, 5444598.232572304], [566955.5347994454, 5444597.699657367], [566902.9340305149, 5444585.979779174], [566823.9825496336, 5444631.95843908], [566825.5536024986, 5444631.940801099], [566834.2608247334, 5444634.127969516], [566839.9266574472, 5444630.096693181], [566850.8527881753, 5444632.106790998], [566866.0768206697, 5444628.416875299], [566868.6606422478, 5444626.198458376], [566874.8403709388, 5444614.964925009]]], [[[568040.6131349456, 5444713.272354205], [568045.7572652235, 5444712.197290484], [568047.6347394848, 5444700.605026074], [568052.6635142735, 5444693.687636187], [568062.8545322847, 5444691.445596802], [568066.2666519276, 5444687.566166913], [568064.2897337999, 5444678.2337204525], [568061.9920928264, 5444673.155589455], [568055.8740800312, 5444665.8791454695], [568054.6945065599, 5444661.054976097], [568055.640135421, 5444654.467996908], [568059.9475270418, 5444653.932238066], [568060.33115541, 5444650.95427808], [568058.0572787, 5444647.092207602], [568054.5101654049, 5444649.5024920385], [568052.2859556782, 5444648.589304975], [568051.2377839267, 5444643.394824158], [568052.4879741482, 5444639.351461795], [568048.2542743012, 5444626.9060316235], [568042.7182159845, 5444626.1785066165], [568041.4986377268, 5444629.637488003], [568039.2989673914, 5444630.943650768], [568031.9524631158, 5444627.961490555], [568031.1823311478, 5444629.330474531], [568032.3365851926, 5444631.403805399], [568031.9688070418, 5444633.677932676], [568025.190908528, 5444636.589037057], [568023.1086572299, 5444629.729798226], [568008.9292707372, 5444619.165217612], [568001.3040894261, 5444615.787517458], [567996.5652590422, 5444615.782218963], [567968.9090363785, 5444599.2671140125], [567962.7995085894, 5444596.898285399], [567955.5213470227, 5444596.426434988], [567937.5807584617, 5444585.660380922], [567933.21518044, 5444581.649555083], [567917.3037670994, 5444573.853045758], [567923.762450243, 5444587.636603511], [567997.7252733293, 5444636.069175146], [568004.4683266878, 5444680.642187114], [568044.948835357, 5444734.674804989], [568087.4724115198, 5444729.810723491], [568084.9307230631, 5444727.119870806], [568072.8101457261, 5444725.873097632], [568059.6345384243, 5444728.290574409], [568052.7584918282, 5444727.761834547], [568050.7515241187, 5444721.340944233], [568039.3782219006, 5444721.637895657], [568032.3170019523, 5444714.901697086], [568033.3330642695, 5444712.068507482], [568040.6131349456, 5444713.272354205]]], [[[568067.4782489534, 5444764.746706432], [568068.1894237348, 5444765.695928063], [568124.4466141493, 5444778.228166636], [568139.5966636963, 5444769.86996957], [568138.9604790445, 5444769.543305649], [568137.4707065285, 5444767.629869268], [568138.2699972928, 5444765.101620755], [568143.708742616, 5444764.1026147185], [568148.6789506464, 5444764.859311217], [568163.5054592885, 5444756.679535195], [568161.8875433832, 5444755.077087883], [568154.9588953771, 5444756.238931439], [568140.1200148368, 5444751.04133814], [568128.0705303894, 5444749.168530321], [568123.4313832978, 5444750.6865554005], [568120.6973427683, 5444756.11599873], [568116.9254802642, 5444758.192466786], [568105.433272588, 5444761.512940658], [568087.4398991663, 5444764.301271331], [568067.4782489534, 5444764.746706432]]], [[[567234.5947349755, 5444879.143163424], [567264.031660959, 5444883.674675589], [567269.4895909331, 5444885.047433121], [567219.8557088996, 5444837.907168028], [567175.2822709667, 5444844.649009961], [567161.8523348509, 5444867.178071218], [567177.0831157875, 5444871.282215605], [567192.6483338136, 5444872.87645738], [567198.886200162, 5444875.051540916], [567214.0115762966, 5444874.197798282], [567218.9595948332, 5444876.207434134], [567225.2220986603, 5444875.952104548], [567234.5947349755, 5444879.143163424]]], [[[568371.377124188, 5445164.118912815], [568376.5854556013, 5445164.020307006], [568387.9204706697, 5445169.047410744], [568394.4026421797, 5445170.070868755], [568395.8738720826, 5445173.691926778], [568397.8380967639, 5445174.915206371], [568400.9518507516, 5445170.432118347], [568404.9381345327, 5445172.98869543], [568414.0628289146, 5445174.779753448], [568419.346885196, 5445173.783335356], [568418.1650089514, 5445169.445111362], [568419.4618356636, 5445164.400789483], [568418.8459616255, 5445150.714475327], [568417.6783989281, 5445137.758368635], [568416.0591562421, 5445132.372706398], [568417.2476568848, 5445122.402675112], [568415.1818009713, 5445116.2181609655], [568415.4280531129, 5445112.790398168], [568412.1708509553, 5445108.056027182], [568408.8311701813, 5445097.073879632], [568408.1612007308, 5445088.556450608], [568399.9945215993, 5445082.911977589], [568395.8345440857, 5445077.874249893], [568392.192295726, 5445080.032451074], [568386.3897081412, 5445079.904758611], [568392.0294263519, 5445088.269323595], [568388.5037135455, 5445092.134325083], [568385.4349489108, 5445091.5458831405], [568373.1230857243, 5445073.304074905], [568371.0957024936, 5445067.344104012], [568371.244852894, 5445063.222580799], [568366.7406332061, 5445054.888187171], [568367.5730161453, 5445053.136362807], [568369.6004870587, 5445052.735906652], [568374.6618475239, 5445056.046384213], [568376.6326851125, 5445055.096904179], [568372.7468040994, 5445043.498017681], [568367.9882357058, 5445038.811794711], [568369.2276189305, 5445035.928497331], [568368.841914134, 5445033.796385235], [568362.3961716978, 5445029.934993642], [568359.3070962587, 5445037.871035852], [568350.8310868101, 5445035.810319497], [568348.0038129782, 5445032.042594693], [568335.8060612031, 5445022.193934103], [568333.8055524237, 5445018.070969629], [568324.1369414489, 5445012.228175144], [568320.5685785532, 5445008.455768501], [568321.361014619, 5445005.9916591635], [568328.1352758482, 5445004.029640283], [568328.2863564299, 5445002.289091236], [568326.2466355623, 5444999.993286336], [568307.1341398482, 5444991.745979255], [568345.7249412995, 5445116.514640235], [568256.2170243075, 5445116.027493884], [568199.238050902, 5445075.546678497], [568137.6789251555, 5445074.33809226], [568135.9879040697, 5445075.290003028], [568155.2676860313, 5445077.748295409], [568175.0824035404, 5445083.143789933], [568172.5469345665, 5445086.0376984775], [568145.6618445076, 5445088.29924319], [568116.637757391, 5445086.182080223], [568090.8150912663, 5445100.717555852], [568108.1610749247, 5445122.643919678], [568237.3019344575, 5445141.686100805], [568253.1679702685, 5445152.958174858], [568256.1806996205, 5445150.623769534], [568266.6923543222, 5445152.495519423], [568274.2522565745, 5445150.943260174], [568307.3940707679, 5445149.931941546], [568334.9114264082, 5445156.06068599], [568340.3844013837, 5445155.292991178], [568357.3799915941, 5445158.082974177], [568371.377124188, 5445164.118912815]]], [[[568496.3188697069, 5445411.569369767], [568495.7585129213, 5445400.746280307], [568491.4877468763, 5445388.973642483], [568487.3562007665, 5445383.912763157], [568486.6317809795, 5445379.597606248], [568487.4807399737, 5445372.544427501], [568485.4323823074, 5445368.391421592], [568482.6768057637, 5445365.9991589], [568481.1609816076, 5445360.026824922], [568463.0434951005, 5445353.494475004], [568461.118861402, 5445349.124381617], [568466.4246113212, 5445344.927458249], [568465.5299851708, 5445340.102992208], [568460.6114336228, 5445335.687559702], [568459.1177197004, 5445332.305570941], [568452.1245202122, 5445327.122107881], [568440.0478302126, 5445326.234087294], [568438.4023387122, 5445321.947183793], [568440.4508263813, 5445317.852230196], [568440.5027625898, 5445315.200466032], [568431.98376656, 5445305.252683061], [568430.4429882696, 5445305.387312224], [568429.2215935915, 5445309.470762845], [568431.0019954003, 5445312.587155637], [568428.4224052861, 5445314.152785611], [568423.8454488143, 5445307.419987397], [568415.869834175, 5445300.442421626], [568406.8830676884, 5445294.961815341], [568399.3729310867, 5445284.571839732], [568399.386557486, 5445282.169418613], [568405.5477011246, 5445279.872812583], [568402.128989661, 5445276.648795412], [568401.0065758922, 5445273.348962483], [568385.2359903419, 5445272.028222534], [568369.8408531424, 5445264.118499875], [568355.1457061918, 5445260.427439598], [568349.3015131917, 5445255.151222366], [568334.7212233013, 5445250.639198141], [568334.2744226987, 5445243.416785368], [568331.6660403768, 5445240.60635667], [568318.2130806634, 5445236.064342394], [568296.3370652616, 5445231.827815862], [568276.7030875635, 5445233.043226994], [568276.412592322, 5445232.974158815], [568273.4364728315, 5445241.436294662], [568324.7539852274, 5445279.266564327], [568292.2249838801, 5445319.260377157], [568268.3168535102, 5445297.266065609], [568269.6250309811, 5445303.5829868], [568278.2368812835, 5445316.316664104], [568283.2969911711, 5445320.479223865], [568292.3253275949, 5445335.82662959], [568298.7676423553, 5445340.264076613], [568303.4728894458, 5445348.605414539], [568305.524881938, 5445358.95280669], [568311.6151861044, 5445364.64467619], [568312.1092173788, 5445366.101902357], [568310.1912416538, 5445374.73541385], [568311.5915342906, 5445378.746297962], [568315.7343696831, 5445378.106897291], [568319.7348051906, 5445372.451778897], [568325.1405874752, 5445374.038223745], [568326.4357857659, 5445375.883774584], [568325.2861715046, 5445379.662880422], [568326.1299845481, 5445383.177995636], [568325.2590284231, 5445386.987052924], [568332.6240773243, 5445388.130052849], [568343.5946677013, 5445384.996960922], [568344.6312327181, 5445379.52481824], [568346.23316029, 5445376.9735616455], [568349.5285650159, 5445375.529884475], [568362.4578021094, 5445331.431855573], [568450.3977266006, 5445379.503996897], [568449.1896982128, 5445441.063868483], [568514.5143039956, 5445501.158671643], [568514.6329291163, 5445497.493410245], [568509.5304723708, 5445489.490762695], [568510.8935908485, 5445478.085942596], [568508.0470890471, 5445475.170674826], [568504.4107265024, 5445474.456912114], [568502.015980892, 5445463.8340934655], [568501.7372149051, 5445452.96389074], [568500.107069975, 5445449.410892965], [568494.2703904407, 5445443.717419426], [568494.5973067564, 5445441.334642642], [568498.4879863637, 5445436.369203007], [568495.2831434734, 5445417.367718044], [568496.3188697069, 5445411.569369767]]], [[[568339.595829473, 5445409.407992834], [568344.0579671315, 5445394.188750213], [568337.3822291575, 5445398.191494813], [568336.2931568684, 5445401.334066017], [568336.6857616829, 5445404.496576923], [568339.595829473, 5445409.407992834]]], [[[568359.014373413, 5445442.822610786], [568340.9055464632, 5445412.948498601], [568340.390534839, 5445418.164609444], [568345.5737412376, 5445424.027112881], [568350.2110997522, 5445434.19326117], [568359.014373413, 5445442.822610786]]], [[[568368.2192965406, 5445458.007947305], [568363.8723509826, 5445450.836857897], [568366.2850834461, 5445456.476100039], [568368.2192965406, 5445458.007947305]]], [[[568600.3972626085, 5445681.150992658], [568606.8646947504, 5445698.071029496], [568607.3109123227, 5445687.58753505], [568600.3972626085, 5445681.150992658]]], [[[568629.872672274, 5445737.407753791], [568630.2274794637, 5445732.499959057], [568608.9972974157, 5445703.650367063], [568630.8425955313, 5445760.801491785], [568705.651105575, 5445841.971100313], [568703.1399379128, 5445836.947897666], [568701.0544801307, 5445827.148046492], [568697.5913733188, 5445824.426777445], [568696.7505464513, 5445821.393483422], [568691.134771932, 5445813.08093726], [568683.7647885621, 5445805.528763805], [568680.2431046788, 5445798.3368154615], [568675.9591582546, 5445794.846921567], [568672.4165727171, 5445787.053196597], [568673.39132953, 5445779.639121326], [568672.1161398023, 5445776.108699094], [568667.8519894358, 5445772.293420187], [568655.2323373281, 5445769.205313671], [568652.8680009596, 5445765.156178606], [568647.1308514704, 5445761.727067906], [568639.9650933883, 5445753.019137468], [568636.7708959411, 5445747.019798731], [568636.3938683398, 5445741.445791601], [568631.076214678, 5445740.017752157], [568629.872672274, 5445737.407753791]]], [[[568366.550804749, 5445774.284372272], [568369.5105651107, 5445785.559400703], [568373.4180754765, 5445793.191594742], [568378.4241462118, 5445798.187038324], [568383.103214676, 5445806.516199532], [568385.9357689454, 5445810.327878325], [568381.5888229456, 5445747.657037645], [568363.7006757233, 5445739.282614421], [568366.550804749, 5445774.284372272]]], [[[568707.7971397293, 5445844.299557729], [568713.1906333391, 5445850.15156078], [568713.1854391092, 5445848.745686169], [568707.7971397293, 5445844.299557729]]], [[[569954.5310975761, 5446055.514012091], [569947.934569899, 5446054.169738664], [569940.3757467261, 5446063.528556289], [569930.3931499856, 5446068.444554989], [569937.3630581213, 5446072.944967837], [569960.0, 5446083.408681312], [569960.0, 5446057.315915766], [569954.5310975761, 5446055.514012091]]], [[[568721.8912794483, 5446362.564860393], [568706.4732450757, 5446307.025897623], [568718.0631019886, 5446291.303632879], [568716.2987962574, 5446291.577089574], [568700.1399973526, 5446306.91060402], [568689.3889581384, 5446314.314063611], [568688.4820552301, 5446317.97829976], [568693.3471011939, 5446329.812927167], [568706.6792622857, 5446348.998820395], [568715.3852811524, 5446356.696183175], [568716.1711697875, 5446358.819446771], [568721.8912794483, 5446362.564860393]]], [[[565912.1546505803, 5447601.271664182], [565875.1713484981, 5447577.05017681], [565907.7062354932, 5447537.056170507], [565881.6877674261, 5447504.1619220665], [565813.6071840998, 5447575.836362174], [565853.9605579753, 5447622.346906439], [565912.1546505803, 5447601.271664182]]], [[[567398.9003928375, 5447898.636254507], [567401.8002663905, 5447904.686719519], [567411.8288190123, 5447906.543673271], [567422.8393810338, 5447905.577519047], [567445.8620446186, 5447904.591399375], [567465.8103724949, 5447904.679637551], [567489.8667549553, 5447905.596500197], [567496.9127966446, 5447904.581988985], [567502.925579887, 5447901.642475098], [567504.8060758933, 5447898.6635672785], [567505.8530221684, 5447884.578363914], [567508.8872979005, 5447873.686100346], [567511.8191364444, 5447870.564415693], [567514.6363009922, 5447869.940691361], [567513.2887165747, 5447867.71742288], [567460.729216468, 5447851.6897727195], [567459.8555625117, 5447857.576297159], [567455.830140467, 5447863.697812883], [567450.9251840048, 5447866.650875786], [567417.8641665421, 5447866.558139274], [567411.8120526997, 5447868.541000872], [567401.9522110026, 5447875.547413933], [567399.8683002656, 5447882.648858575], [567398.9003928375, 5447898.636254507]]], [[[567703.8532775827, 5448469.572402404], [567700.9147518716, 5448462.56512936], [567669.8400342441, 5448425.604466401], [567669.818540435, 5448422.602202683], [567673.8861427506, 5448413.62405267], [567684.878337273, 5448404.575169643], [567690.8653342105, 5448384.691129642], [567690.9226674389, 5448364.578843626], [567690.8583860917, 5448355.5610129405], [567693.8927932109, 5448344.66895144], [567696.6961798848, 5448338.722728547], [567665.6543894316, 5448353.267689781], [567647.8173233201, 5448420.856459267], [567739.6515609574, 5448522.922217102], [567733.9189304883, 5448512.6915424075], [567726.8273922624, 5448502.631323948], [567719.9175314397, 5448495.575246311], [567708.9395248765, 5448488.636123073], [567704.9326642441, 5448482.571804377], [567703.8532775827, 5448469.572402404]]], [[[567886.9406747778, 5448513.627584983], [567870.8867412694, 5448530.68574968], [567854.8515218777, 5448535.558421349], [567848.8245486245, 5448545.613161239], [567849.8357178825, 5448554.653719929], [567850.7498088166, 5448556.237184861], [567888.2911347423, 5448526.538923285], [567892.8788893477, 5448505.945694754], [567886.9406747778, 5448513.627584983]]], [[[567950.0232351475, 5448700.16996984], [567952.92793109, 5448701.606650761], [567975.9145331068, 5448718.667460382], [568000.9097569037, 5448740.678623031], [568009.5983021997, 5448750.388839921], [567939.9741717756, 5448578.350365314], [567919.83802533, 5448564.485186191], [567919.8254037176, 5448578.630089821], [567917.948087332, 5448595.551315109], [567917.9546707214, 5448614.552695429], [567917.8146398261, 5448627.692890903], [567916.813442104, 5448651.596171921], [567919.9364322417, 5448675.550211945], [567924.9580874136, 5448685.585192043], [567934.88418866, 5448692.667547379], [567950.0232351475, 5448700.16996984]]], [[[569131.3719790736, 5448809.35209752], [569123.4679404505, 5448807.93647354], [569121.0708701559, 5448809.0962738395], [569127.8060157036, 5448809.634219064], [569131.3719790736, 5448809.35209752]]], [[[567942.8274311817, 5448866.634427369], [567956.8240775036, 5448878.681261092], [567978.930843807, 5448892.573678117], [567999.8405306626, 5448906.607050151], [568017.8368435589, 5448914.589641857], [568032.9056874489, 5448920.634887946], [568036.8767656516, 5448920.683833511], [568040.9020645623, 5448914.562824565], [568040.8204875805, 5448907.59054257], [568029.8980740625, 5448885.608262094], [568023.8437540618, 5448873.659124758], [568016.8360677002, 5448851.558366614], [568010.853028335, 5448832.638943203], [568001.8394196127, 5448810.6802557595], [567990.9379193228, 5448791.700132679], [567982.8787827864, 5448778.614572269], [567977.8925435884, 5448774.594972392], [567970.8515676749, 5448770.550084701], [567963.9380995522, 5448768.563646523], [567949.8478363762, 5448770.602594949], [567938.8314797729, 5448771.578774775], [567935.9571000744, 5448773.600287707], [567931.8712108943, 5448784.634936075], [567933.8006993954, 5448806.673091365], [567933.9070759063, 5448830.578885614], [567935.9573701572, 5448851.673423355], [567942.8274311817, 5448866.634427369]]], [[[568448.9045489976, 5449099.651458133], [568471.910725447, 5449109.598911395], [568491.9567904518, 5449119.665341417], [568511.8097242313, 5449137.645787579], [568532.9485158586, 5449153.585344121], [568537.9522803474, 5449155.548775523], [568547.8349681207, 5449156.616709792], [568560.9126730179, 5449155.66734041], [568566.8316865597, 5449156.697165549], [568577.9440764488, 5449155.567801209], [568601.8380242259, 5449152.6962636635], [568623.9061663836, 5449146.633300901], [568634.5263615433, 5449140.489723891], [568564.4049247834, 5449146.833999752], [568530.4290211594, 5449130.928088307], [568583.3224754923, 5449121.171718073], [568574.287460519, 5449096.230845607], [568440.5578018406, 5449097.109591276], [568448.9045489976, 5449099.651458133]]], [[[568650.9136311049, 5449139.007087563], [568650.3969000143, 5449139.053810883], [568650.5066061413, 5449140.666953658], [568650.9136311049, 5449139.007087563]]], [[[568643.3214562549, 5449169.971372303], [568648.8038527847, 5449147.611464042], [568642.8233530496, 5449153.684348648], [568636.8505724611, 5449157.568118654], [568615.2516848607, 5449169.8187918905], [568643.3214562549, 5449169.971372303]]], [[[568412.8294111447, 5449234.6590332845], [568477.0484078232, 5449230.204867982], [568497.9712845206, 5449240.0], [568541.3791140661, 5449240.0], [568543.8347341008, 5449231.627240591], [568551.8522984261, 5449228.558135459], [568566.9379385979, 5449232.548184482], [568578.3628546712, 5449240.0], [568598.0175316448, 5449240.0], [568534.8833760207, 5449195.146924633], [568545.6221410353, 5449180.579539105], [568537.8381677455, 5449180.563716185], [568518.9562724883, 5449170.667211728], [568497.8984007414, 5449161.699954443], [568479.8352896911, 5449158.6292958055], [568460.88323998, 5449145.563401169], [568448.8319309634, 5449139.554443875], [568440.9117931065, 5449133.596734128], [568436.901595967, 5449132.601903579], [568418.9174803973, 5449122.561174832], [568395.818423514, 5449116.570925058], [568357.9073020441, 5449105.64963944], [568343.8147434234, 5449102.628627363], [568331.9446410282, 5449099.624115255], [568312.8875239444, 5449095.585606987], [568299.8313179222, 5449090.676304269], [568275.9486356127, 5449082.619986911], [568263.8044008143, 5449080.568393067], [568249.8327613252, 5449076.604166918], [568236.8083980219, 5449072.640471555], [568212.9119384377, 5449061.571149818], [568188.8157153667, 5449049.554428135], [568175.9122654388, 5449044.647315849], [568154.9109212472, 5449034.570256512], [568136.8866753229, 5449023.584876068], [568117.868641558, 5449011.631186997], [568097.9213610846, 5448997.609180261], [568079.8757538866, 5448983.610802341], [568062.8239461154, 5448970.569669351], [568029.8589565556, 5448952.584828567], [568026.877503438, 5448949.701761098], [568003.9345860984, 5448938.645103922], [567990.9097586834, 5448934.682051058], [567977.9103095836, 5448928.662406486], [567955.8570079696, 5448927.601257254], [567954.8907609747, 5448948.647535664], [567957.9528873891, 5448968.64269764], [567958.910653746, 5448982.585865435], [567962.9591890543, 5448994.676961872], [567968.8138853321, 5449005.667360667], [567976.9555423902, 5449015.585207969], [567993.9076597057, 5449032.582924684], [568005.8809842387, 5449045.561083474], [568014.9154169062, 5449061.660703322], [568024.9011870795, 5449081.574639551], [568028.8889411737, 5449098.568235676], [568026.8288802147, 5449122.614057776], [568027.8681325255, 5449134.656963744], [568030.8088951177, 5449155.5958382245], [568035.9507963927, 5449164.687323717], [568054.907813822, 5449181.554315243], [568078.8889480972, 5449204.642989595], [568102.9028911311, 5449218.559562694], [568125.8656406834, 5449232.618791202], [568137.0301072529, 5449240.0], [568144.0549132364, 5449240.0], [568118.9659446146, 5449228.254126086], [568049.572753379, 5449140.535959072], [568012.7137741233, 5449012.81945936], [568036.9338443977, 5448975.832530677], [568153.9179608386, 5449065.119834376], [568249.8217390476, 5449096.211356308], [568282.2280592511, 5449159.709045242], [568355.8423196793, 5449194.1724716285], [568361.4028588773, 5449240.0], [568411.0979366484, 5449240.0], [568412.8294111447, 5449234.6590332845]]]]}}, {"type": "Feature", "properties": {"role": "valid_footprint"}, "geometry": {"type": "Polygon", "coordinates": [[[563960.0, 5443240.0, 6991.818181818182], [563960.0, 5449240.0, 6991.818181818182], [569960.0, 5449240.0, 6991.818181818182], [569960.0, 5443240.0, 6991.818181818182], [563960.0, 5443240.0, 6991.818181818182]]]}}]}