{"type": "FeatureCollection", "crs": {"type": "name", "properties": {"name": "EPSG:32610"}}, "features": [{"type": "Feature", "properties": {"class": 1, "timestamp_utc": "2025-12-17 14:16:34+00:00", "source_product": "Flood_CAN_BC_LowerFraser_20251217_141634"}, "geometry": {"type": "MultiPolygon", "coordinates": [[[[563961.8059488444, 5448017.64219989], [563980.8623639145, 5448021.665585687], [563996.8544801353, 5448024.697323909], [564015.877894908, 5448031.566762575], [564033.9395289393, 5448034.633645924], [564055.8687223814, 5448041.692602141], [564079.850491098, 5448054.634722662], [564089.815615989, 5448057.6078316355], [564110.8606033914, 5448068.614799423], [564133.9106982215, 5448084.559341479], [564157.9484879954, 5448097.669235151], [564178.8726803534, 5448109.631189018], [564201.8825580704, 5448124.619447124], [564220.9206295442, 5448139.572621474], [564241.8271244519, 5448158.661354752], [564258.8998267236, 5448169.622639539], [564281.9437912176, 5448171.636698646], [564285.8117220986, 5448170.569951211], [564295.9550501073, 5448162.616391965], [564304.8397994989, 5448152.580059716], [564324.9364884279, 5448128.58782007], [564333.948236195, 5448122.6779837655], [564344.821464542, 5448119.63609748], [564355.8384126084, 5448118.652822327], [564377.9279135882, 5448120.65602974], [564397.8570220312, 5448131.66219272], [564418.9401650042, 5448148.68575046], [564433.8761602016, 5448166.593670597], [564439.8175257156, 5448184.563424727], [564447.8795214446, 5448192.57374132], [564457.8602759357, 5448198.549653087], [564469.8076062631, 5448199.634344429], [564480.8873273922, 5448202.6211559], [564484.835730437, 5448199.65433494], [564500.9262816531, 5448188.601924423], [564508.8861790791, 5448186.638135673], [564520.9373969313, 5448187.5684292475], [564542.8096235822, 5448190.67056884], [564551.9559711642, 5448195.691869912], [564563.8468480101, 5448196.620399688], [564576.8808097485, 5448184.576253868], [564591.8060839998, 5448179.692213528], [564609.8850149635, 5448175.623410215], [564656.8593055643, 5448165.566974497], [564680.8191612525, 5448161.567367742], [564706.8170277228, 5448159.659708359], [564719.9131348503, 5448156.644647335], [564739.8771472771, 5448154.6663758885], [564759.8885309987, 5448153.633737672], [564771.8937818295, 5448148.549180907], [564793.841799162, 5448139.623195204], [564817.9149689445, 5448134.680416648], [564830.8508471844, 5448131.663737823], [564844.9415538395, 5448129.605745138], [564866.8319799614, 5448125.59370212], [564910.9108055155, 5448114.549255793], [564931.9442494708, 5448106.569267008], [564953.932606442, 5448098.589531193], [564975.8810949579, 5448089.66434525], [565005.8694830318, 5448080.678302831], [565022.8340851497, 5448076.597684055], [565043.8508610821, 5448070.674802867], [565067.8057141053, 5448061.6068557715], [565090.8621918028, 5448052.695240084], [565109.8565691994, 5448047.704849795], [565122.8325812735, 5448045.634412272], [565146.9066086725, 5448040.693047328], [565169.8671557986, 5448030.66875488], [565182.9408846522, 5448024.652559033], [565194.9071417314, 5448018.61227305], [565207.8279417141, 5448012.5942687085], [565230.924718533, 5448004.628778653], [565241.8457714799, 5448002.545392766], [565259.7990897518, 5447995.630881286], [565282.9204231356, 5447985.609047143], [565303.9152205623, 5447976.673772689], [565315.8007761177, 5447972.545077024], [565329.9501735752, 5447965.585874265], [565351.8998417661, 5447956.662191578], [565359.8774269805, 5447952.6429008795], [565375.9307503924, 5447940.636383275], [565395.8280690508, 5447929.631652561], [565419.8819462841, 5447916.60829383], [565440.8699574248, 5447907.673557904], [565451.9063596672, 5447899.577023247], [565467.8222582985, 5447890.582123358], [565473.8112091144, 5447884.638222869], [565485.9181721006, 5447876.621166172], [565491.9274677208, 5447872.65651015], [565512.8950154308, 5447855.649957038], [565535.8118360458, 5447839.611660385], [565554.9228603292, 5447828.587098993], [565575.8509589175, 5447810.635219332], [565592.8545755453, 5447793.570637248], [565610.8468609346, 5447773.671719642], [565618.8195653631, 5447764.582828567], [565634.8063664193, 5447743.559355708], [565646.8679625512, 5447724.701853756], [565659.8377766211, 5447703.642509971], [565671.8133720974, 5447681.615254366], [565678.8127490677, 5447660.629544428], [565683.8096824541, 5447648.659020205], [565687.9089523458, 5447635.566079136], [565695.8333874338, 5447611.589380354], [565700.8304859231, 5447599.618957742], [565711.8344162281, 5447579.637125554], [565738.8090867433, 5447540.688727641], [565757.8937229026, 5447521.592684985], [565775.8873157697, 5447501.705301877], [565795.9197093141, 5447482.620643245], [565814.9081097356, 5447463.6903231535], [565832.9005419969, 5447447.594545795], [565850.8758520829, 5447433.55542497], [565869.9021735007, 5447420.640713811], [565886.858649912, 5447407.70140304], [565921.8326586209, 5447376.610007514], [565931.8988650157, 5447370.548536587], [565940.9213113276, 5447367.654437661], [565954.831701712, 5447362.595098808], [565976.9377884786, 5447353.6756139165], [565988.9063872336, 5447347.636977471], [566012.9495400323, 5447334.627133524], [566034.920173134, 5447323.649467046], [566054.9567050218, 5447314.70561146], [566059.9184633512, 5447310.640174235], [566066.9254110352, 5447308.667125216], [566073.9497580817, 5447304.637460122], [566094.8998319119, 5447298.550961174], [566114.9486650456, 5447294.6773796305], [566149.9350471639, 5447287.65864557], [566163.8855020357, 5447283.545291426], [566187.9342483337, 5447275.595018145], [566200.9539337099, 5447270.692471518], [566216.8656090936, 5447261.699711624], [566239.858926549, 5447247.566399797], [566260.8461213185, 5447233.564707288], [566280.8288402532, 5447220.662913272], [566299.9360460581, 5447209.651846359], [566307.9329435608, 5447203.566233228], [566327.9086415964, 5447190.664463994], [566350.8454321993, 5447177.642810745], [566370.9400722714, 5447167.588935044], [566387.868842753, 5447162.566881551], [566396.9213463168, 5447162.675813378], [566440.821308587, 5447162.570499121], [566461.9197709328, 5447163.613949845], [566482.9045777195, 5447165.612291443], [566501.9155904795, 5447168.68764296], [566521.8248776679, 5447171.618274227], [566541.8373752958, 5447175.662004555], [566558.9041702965, 5447181.5713944165], [566579.8687355336, 5447190.68564105], [566602.8393007669, 5447199.679545685], [566625.8890849797, 5447210.564621491], [566645.9204595742, 5447222.680883985], [566666.8720699041, 5447237.6656469405], [566690.8954032898, 5447256.634652633], [566723.8242005734, 5447289.653749298], [566742.8658386949, 5447304.615756642], [566764.8478097122, 5447326.5734629715], [566780.8543035109, 5447343.54461795], [566797.8591770577, 5447366.554052512], [566808.841693661, 5447383.631261585], [566810.8520720827, 5447388.569953091], [566826.8187095205, 5447404.595708685], [566849.8288153119, 5447424.665046805], [566867.8230974668, 5447443.572921499], [566877.8724853958, 5447463.640871314], [566884.9032666719, 5447473.543601218], [566900.8339450767, 5447493.694028487], [566912.892389816, 5447508.560875854], [566928.9414211053, 5447531.559146049], [566934.9382888629, 5447539.548144212], [566948.8164318292, 5447557.616950611], [566964.9248290673, 5447575.701761921], [566968.9162803917, 5447582.554623228], [566977.9125445187, 5447592.6480550375], [566992.8275077073, 5447607.54974484], [567014.8886119081, 5447627.608286589], [567033.9323051433, 5447647.641347681], [567046.8625056082, 5447665.68778677], [567058.855650727, 5447681.665921491], [567092.8317714788, 5447724.6732069915], [567108.9044031252, 5447745.615515278], [567125.838153609, 5447764.667044328], [567137.859740265, 5447783.658812094], [567145.8804797793, 5447799.588943527], [567163.9508015303, 5447821.656343198], [567179.8231503965, 5447841.640208112], [567195.9093634895, 5447865.595931598], [567209.8326521796, 5447884.611113927], [567226.8051009807, 5447904.608458047], [567245.8864761838, 5447925.587794764], [567265.8004454185, 5447938.649921965], [567287.8160451328, 5447952.694036843], [567297.8230456315, 5447961.688497656], [567305.807080619, 5447971.603403112], [567322.9465429165, 5447991.603123062], [567338.810553636, 5448011.587334842], [567351.7997810734, 5448033.604559833], [567359.8257904495, 5448040.662585427], [567379.8572023241, 5448056.584013644], [567392.8845286404, 5448070.685589349], [567395.8200621249, 5448072.622673936], [567406.9560373868, 5448084.633074122], [567421.8289241446, 5448098.590474628], [567438.9461225874, 5448115.577271776], [567451.9131791135, 5448134.581314097], [567466.9461592705, 5448158.680740235], [567477.9072479245, 5448167.676042542], [567486.9338130951, 5448168.586974092], [567495.8674723057, 5448164.571412774], [567509.8768215172, 5448155.559122228], [567533.940937868, 5448136.696696098], [567543.908030693, 5448134.606224236], [567554.9397182905, 5448136.642483808], [567574.9481297713, 5448140.678944089], [567589.9345199886, 5448143.553193245], [567611.8305369925, 5448144.621964611], [567617.92525041, 5448148.654801959], [567623.820955659, 5448160.601394725], [567627.9604727258, 5448179.653386787], [567630.839196988, 5448191.563101684], [567638.9215580542, 5448207.650358438], [567644.8242431668, 5448219.608293937], [567652.8852433778, 5448232.682217302], [567668.9469599549, 5448253.626024419], [567680.8660756532, 5448276.575966855], [567696.8095680368, 5448294.661006266], [567702.889910792, 5448314.693073286], [567702.8724310335, 5448325.622188385], [567693.8927932146, 5448344.668951438], [567690.8583860917, 5448355.56101294], [567690.9226674406, 5448364.578843629], [567690.8653342142, 5448384.69112964], [567684.8783372766, 5448404.575169647], [567673.8861427506, 5448413.624052667], [567669.8185404333, 5448422.60220268], [567669.8400342441, 5448425.604466402], [567700.9147518716, 5448462.56512936], [567703.8532775809, 5448469.572402404], [567704.9326642422, 5448482.571804377], [567708.9395248747, 5448488.636123075], [567719.9175314414, 5448495.575246314], [567726.8273922587, 5448502.63132395], [567733.9189304883, 5448512.69154241], [567743.9247394517, 5448530.548173817], [567763.9170820777, 5448550.595478378], [567785.9503848329, 5448567.643900986], [567807.9414831235, 5448568.547924278], [567811.8734508092, 5448567.651201409], [567815.8841147143, 5448568.645588434], [567818.9008374293, 5448568.682647024], [567829.8391806444, 5448574.676517258], [567831.8663606499, 5448577.54769411], [567841.8280663352, 5448590.656465245], [567839.8264972726, 5448594.590035551], [567829.8282227509, 5448604.606970838], [567810.8969101988, 5448618.627926626], [567809.8033980835, 5448621.616398142], [567815.8657684356, 5448633.565439138], [567830.8530614933, 5448651.650190846], [567843.9565950035, 5448667.643914646], [567857.9541600216, 5448688.563035097], [567871.9122297296, 5448699.652926347], [567875.8623583708, 5448705.560889696], [567875.8655366022, 5448710.630894801], [567873.8634382581, 5448733.565720531], [567874.8604743478, 5448739.593020016], [567880.8153202382, 5448746.6375000775], [567891.8703193876, 5448765.619176308], [567896.841976464, 5448785.626782941], [567897.856363572, 5448808.598594156], [567897.8448175569, 5448829.66782783], [567896.9181782996, 5448851.659678255], [567892.8539466307, 5448874.569066774], [567890.8123773695, 5448896.5582366735], [567889.8070274184, 5448916.659004094], [567894.9102042929, 5448933.666226642], [567898.8061533355, 5448954.616673433], [567900.8144102499, 5448978.545915479], [567906.8678471814, 5449000.634835986], [567917.9508241797, 5449022.618879813], [567926.9462222711, 5449046.6452175975], [567936.953456449, 5449069.572332731], [567939.8340851722, 5449077.679709379], [567948.8655269189, 5449097.581679281], [567957.8182323396, 5449115.59260489], [567971.9352161976, 5449135.557286482], [567988.8689132704, 5449154.611593104], [568003.9329203179, 5449174.588073211], [568015.8697504911, 5449191.679630165], [568031.9484583572, 5449215.6267989], [568036.9269464602, 5449219.646431819], [568059.8154125051, 5449235.605778356], [568066.6438094457, 5449240.0], [568137.0301072546, 5449240.0], [568125.8656406834, 5449232.618791199], [568102.9028911312, 5449218.559562691], [568078.8889480991, 5449204.642989595], [568054.9078138164, 5449181.554315246], [568035.950796389, 5449164.68732372], [568030.8088951159, 5449155.595838224], [568027.8681325255, 5449134.656963744], [568026.828880211, 5449122.614057774], [568028.88894117, 5449098.568235676], [568024.9011870795, 5449081.5746395495], [568014.9154169081, 5449061.660703321], [568005.8809842387, 5449045.561083476], [567993.9076597057, 5449032.582924681], [567976.9555423884, 5449015.58520797], [567968.8138853358, 5449005.667360665], [567962.9591890563, 5448994.676961873], [567958.9106537497, 5448982.585865432], [567957.9528873891, 5448968.642697637], [567954.8907609729, 5448948.647535661], [567955.8570079696, 5448927.601257254], [567977.9103095874, 5448928.662406486], [567990.9097586817, 5448934.682051057], [568003.9345861003, 5448938.645103922], [568026.877503438, 5448949.701761096], [568029.8589565556, 5448952.584828569], [568062.8239461154, 5448970.569669353], [568079.8757538865, 5448983.610802346], [568097.9213610864, 5448997.609180267], [568117.8686415561, 5449011.631186998], [568136.8866753192, 5449023.584876068], [568154.9109212453, 5449034.570256517], [568175.912265437, 5449044.647315849], [568188.8157153705, 5449049.554428134], [568212.9119384377, 5449061.571149818], [568236.8083980219, 5449072.6404715525], [568249.832761327, 5449076.604166918], [568263.8044008106, 5449080.568393069], [568275.9486356108, 5449082.619986915], [568299.831317924, 5449090.676304271], [568312.8875239444, 5449095.585606987], [568331.9446410245, 5449099.624115255], [568343.8147434235, 5449102.62862736], [568357.9073020404, 5449105.649639441], [568395.8184235123, 5449116.570925055], [568418.917480401, 5449122.561174831], [568436.9015959671, 5449132.601903575], [568440.9117931027, 5449133.596734129], [568448.8319309634, 5449139.5544438725], [568460.8832399818, 5449145.563401169], [568479.835289693, 5449158.629295807], [568497.8984007414, 5449161.699954443], [568518.9562724883, 5449170.667211726], [568537.8381677436, 5449180.563716186], [568568.8369260965, 5449180.62664085], [568587.9118019466, 5449182.60943784], [568600.8292071192, 5449181.658235008], [568606.9058696381, 5449177.620072813], [568612.8149616956, 5449173.579790006], [568613.9089843301, 5449170.58033922], [568636.850572463, 5449157.5681186505], [568642.8233530533, 5449153.684348647], [568650.8385659938, 5449145.54537936], [568649.8899097879, 5449131.602258057], [568623.9061663836, 5449146.633300897], [568601.8380242222, 5449152.696263665], [568577.9440764525, 5449155.567801209], [568566.8316865616, 5449156.697165549], [568560.9126730179, 5449155.667340408], [568547.8349681207, 5449156.61670979], [568537.9522803511, 5449155.548775521], [568532.9485158512, 5449153.585344122], [568511.8097242349, 5449137.645787578], [568491.9567904499, 5449119.66534142], [568471.9107254469, 5449109.598911395], [568448.9045489959, 5449099.651458128], [568435.8876517392, 5449095.687385394], [568421.9481889, 5449092.6680559935], [568377.8509323101, 5449081.669854136], [568356.8501341323, 5449071.592012794], [568343.9468554911, 5449066.684517117], [568329.87257978, 5449061.595855566], [568317.8027515168, 5449057.643867369], [568294.8634427326, 5449051.6671116175], [568284.934160876, 5449049.642883184], [568264.8874820033, 5449039.577208168], [568243.868083372, 5449031.556485213], [568221.936568456, 5449020.678170133], [568203.9517710939, 5449010.638179053], [568179.8946182895, 5448999.5670505585], [568176.9133204836, 5448996.683854339], [568173.8575469733, 5448995.689885078], [568164.8867102356, 5448988.618959246], [568156.9450835369, 5448979.648367883], [568144.9550429464, 5448958.597629059], [568125.8340917864, 5448936.6694498025], [568105.8836403772, 5448917.5774428975], [568089.8073771294, 5448898.700089435], [568061.890314057, 5448862.565435924], [568047.8546957477, 5448840.700273658], [568040.8608885512, 5448821.612744968], [568034.9457003687, 5448806.652265995], [568027.8521255841, 5448782.649121098], [568016.9547320814, 5448758.610278784], [568000.9097569018, 5448740.67862303], [567975.9145331087, 5448718.667460382], [567952.9279310863, 5448701.606650761], [567950.0232351475, 5448700.169969837], [567934.884188658, 5448692.667547381], [567924.9580874136, 5448685.58519204], [567919.9364322417, 5448675.550211945], [567916.8134421022, 5448651.596171918], [567917.8146398279, 5448627.692890903], [567917.9546707214, 5448614.552695432], [567917.9480873301, 5448595.55131511], [567919.8254037176, 5448578.630089821], [567919.844195666, 5448557.572172958], [567917.8170504754, 5448554.700913365], [567916.8412575728, 5448551.675803935], [567912.8952519024, 5448549.5703388965], [567905.889154218, 5448551.540976386], [567881.8391601383, 5448564.553592802], [567873.8604951899, 5448568.569224932], [567853.9282722236, 5448562.620243556], [567853.8889015471, 5448561.674733839], [567849.8357178807, 5448554.6537199225], [567848.82454863, 5448545.613161239], [567854.8515218776, 5448535.55842135], [567870.8867412711, 5448530.685749683], [567886.9406747815, 5448513.627584984], [567900.8859780766, 5448495.587405052], [567904.832783162, 5448478.691597373], [567900.8761707172, 5448462.643583146], [567897.8167641291, 5448456.590889993], [567892.9583786692, 5448451.627861138], [567892.5663080084, 5448451.511902039], [567879.9323155279, 5448447.665139818], [567873.8595011097, 5448446.6342531275], [567860.8194052348, 5448439.669333802], [567840.9480644532, 5448427.55049051], [567828.9122426863, 5448410.613824977], [567822.8323909419, 5448390.5927080475], [567820.8875468287, 5448375.681318107], [567815.9545200199, 5448356.619421097], [567811.8617315326, 5448348.6528228605], [567805.9027810836, 5448327.67710016], [567797.9388462019, 5448305.56485916], [567788.898152141, 5448285.663108332], [567777.8991494913, 5448265.570551184], [567763.8183776352, 5448246.563087266], [567744.4853296076, 5448223.777614437], [567729.8649479232, 5448206.553674], [567718.9038410869, 5448188.685353368], [567704.8408201071, 5448167.610258831], [567689.9118959319, 5448144.623346343], [567676.9202663931, 5448127.686328589], [567665.9025918491, 5448109.650693116], [567653.8835351618, 5448090.657672358], [567641.8895751861, 5448069.608098472], [567627.946809164, 5448047.589673328], [567612.8317239814, 5448026.657581637], [567600.8767564391, 5448006.564819337], [567588.8393281783, 5447989.628629259], [567567.8358140931, 5447965.622608689], [567547.9541679479, 5447944.632290695], [567535.937882301, 5447920.580776836], [567529.8169791566, 5447899.603367576], [567523.8921185564, 5447884.643402548], [567518.8082053358, 5447870.638838046], [567515.9119684278, 5447869.658277853], [567511.8191364444, 5447870.564415693], [567508.8872979005, 5447873.686100346], [567505.8530221665, 5447884.578363914], [567504.8060758933, 5447898.6635672785], [567502.925579887, 5447901.6424751], [567496.9127966483, 5447904.5819889875], [567489.8667549535, 5447905.5965001965], [567465.8103724911, 5447904.679637553], [567445.8620446203, 5447904.59139938], [567422.8393810355, 5447905.57751905], [567411.828819016, 5447906.543673269], [567401.8002663887, 5447904.686719522], [567398.9003928375, 5447898.636254503], [567399.8683002675, 5447882.648858575], [567401.9522110026, 5447875.547413933], [567411.8120526979, 5447868.541000867], [567417.8641665458, 5447866.558139274], [567450.9251840011, 5447866.650875788], [567455.8301404652, 5447863.697812885], [567459.8555625099, 5447857.576297161], [567460.8882509649, 5447850.617806528], [567456.8161224329, 5447845.653710524], [567448.2753437256, 5447841.335395636], [567438.8653635139, 5447836.572896189], [567404.9226295617, 5447815.566962029], [567388.9158285212, 5447803.6638437975], [567377.9013558475, 5447799.560071883], [567356.90120728, 5447799.626109688], [567352.8504982496, 5447797.675440911], [567318.8170441223, 5447759.568942566], [567303.8818518108, 5447741.653020431], [567277.9445079206, 5447703.656719993], [567265.9448392, 5447687.666830393], [567245.9256311946, 5447664.630233123], [567233.9546302151, 5447651.653851341], [567216.8354889234, 5447634.656628265], [567194.9138112325, 5447611.58595161], [567190.0616823973, 5447606.001028459], [567174.8940467204, 5447588.549610532], [567153.9436078462, 5447564.701519167], [567129.9587602449, 5447541.6060020495], [567113.9324141383, 5447521.609334773], [567097.923482578, 5447499.567227885], [567082.9474626102, 5447480.695237285], [567069.9354507264, 5447464.548982509], [567056.9477714071, 5447447.602491423], [567041.914813564, 5447428.585423366], [567027.8118011586, 5447411.625469327], [567009.9218670155, 5447392.562599809], [566995.9570506994, 5447372.602430773], [566984.8711683266, 5447355.679302591], [566970.8497790196, 5447335.56285885], [566942.8247555082, 5447304.658583257], [566925.9065870729, 5447283.55097143], [566910.8333732343, 5447263.577590383], [566891.8796093222, 5447239.588101868], [566884.9275307638, 5447231.587531972], [566875.8555253427, 5447224.673238497], [566867.8527499079, 5447215.54824364], [566839.8181076634, 5447195.573640388], [566837.868927751, 5447194.604991695], [566821.9236240195, 5447181.581409693], [566801.8353166212, 5447170.575671416], [566783.8022879924, 5447159.583772742], [566762.8578349095, 5447144.609779695], [566738.8489947694, 5447128.642542869], [566714.886862718, 5447113.6211063275], [566706.2520340271, 5447109.102761203], [566693.8431127224, 5447102.604212148], [566669.8954624413, 5447090.596197997], [566648.8341544399, 5447081.6250577895], [566628.8066113545, 5447074.578819833], [566616.8519980799, 5447069.686999869], [566593.927679435, 5447061.649757408], [566572.8068805154, 5447057.592546631], [566553.844649964, 5447054.673165409], [566529.8491888636, 5447052.63822189], [566513.8775513138, 5447052.601412477], [566500.8765425032, 5447051.655328147], [566475.9085184108, 5447051.676910728], [566451.9523771806, 5447050.598954556], [566433.8242973463, 5447048.635154853], [566409.9272961132, 5447042.6438753875], [566387.932703345, 5447036.675623786], [566367.9441376459, 5447030.586952848], [566343.8224098523, 5447025.693899846], [566327.8680243846, 5447023.61203207], [566316.8264142055, 5447021.578131986], [566292.8132074517, 5447021.6009441875], [566270.9197303983, 5447020.548571746], [566256.9242473064, 5447018.634912459], [566233.9054342497, 5447019.626086312], [566209.8921258422, 5447019.660378196], [566196.8100415742, 5447020.604176482], [566178.889004127, 5447019.599803213], [566165.9449385956, 5447017.543415118], [566145.879329619, 5447019.682196745], [566125.8955223602, 5447018.653305891], [566109.9165135473, 5447018.617449424], [566085.8636264581, 5447017.695669569], [566071.9474034979, 5447017.684728467], [566047.8307564887, 5447016.6065884875], [566002.9185016224, 5447016.547348351], [565981.8831425852, 5447015.662070452], [565957.8626539586, 5447015.686269731], [565938.8336560202, 5447014.669477971], [565928.9293662796, 5447015.662945813], [565908.9382130612, 5447014.634766462], [565882.8623032039, 5447014.634749858], [565868.8326433081, 5447015.579050893], [565855.8935735752, 5447018.59333106], [565832.8728390811, 5447024.6449216055], [565811.9545561463, 5447031.67790989], [565805.9266198569, 5447031.60603185], [565767.806056763, 5447044.615750235], [565743.8305876052, 5447050.66756775], [565731.9259960034, 5447055.584475762], [565711.88703781, 5447069.599439085], [565697.8322716781, 5447088.588850513], [565683.9060092737, 5447109.647761002], [565671.9536616778, 5447129.618388827], [565659.8186602507, 5447146.573863173], [565640.9557954615, 5447169.619900775], [565633.8838267263, 5447188.703605794], [565631.9211970813, 5447198.653392797], [565631.8682554946, 5447208.62582341], [565635.9272161376, 5447229.576349147], [565638.8611475071, 5447252.570400458], [565638.890815018, 5447274.584896193], [565639.9529551147, 5447284.570527924], [565638.9484197253, 5447304.671554358], [565635.8905359514, 5447338.679168952], [565632.8824100045, 5447352.574628905], [565627.828334162, 5447365.6561809005], [565617.8413067905, 5447389.608442941], [565616.9521337292, 5447403.695805415], [565615.893348145, 5447418.559354979], [565612.9415953762, 5447432.62220157], [565609.893745221, 5447445.57215063], [565605.9476578411, 5447458.666918933], [565597.8630336012, 5447482.641809914], [565589.8992933996, 5447505.661977897], [565580.860076445, 5447529.6255502], [565574.8515594237, 5447542.695903595], [565564.8180775441, 5447565.69144776], [565556.8888476782, 5447584.598368589], [565544.8737868259, 5447605.680294189], [565533.9273733515, 5447624.551344942], [565518.8311633182, 5447646.697551772], [565507.8451087268, 5447664.623100689], [565496.8195499927, 5447681.592036565], [565479.8385690696, 5447701.659091821], [565452.924878345, 5447735.6950673], [565440.8597621011, 5447745.691743116], [565435.8651936299, 5447752.592571655], [565414.9127923514, 5447772.6126793], [565403.8196701787, 5447780.564063263], [565381.8405963979, 5447798.670972592], [565361.8548087418, 5447811.575836033], [565339.8947866601, 5447822.556312821], [565301.9321557108, 5447840.6298467405], [565291.891876995, 5447844.635877756], [565270.8966353616, 5447853.571075079], [565248.8500454577, 5447862.649627131], [565224.9582681268, 5447870.605721396], [565211.9011384165, 5447874.56514465], [565187.9055532285, 5447882.675854206], [565167.8595762253, 5447886.552751116], [565143.8656998628, 5447889.5937802605], [565110.8036269498, 5447894.584690978], [565098.9348623387, 5447896.668246455], [565077.8775057083, 5447901.645416478], [565055.8956131648, 5447909.613670107], [565035.9518728034, 5447919.674010923], [565001.9003954997, 5447932.570093908], [564978.9168006588, 5447939.592912235], [564956.8483276686, 5447945.659314814], [564936.8255502542, 5447952.550384271], [564922.8777485071, 5447956.666680572], [564900.8262961316, 5447960.676620917], [564886.9353423893, 5447963.682000054], [564873.8785996266, 5447967.642163719], [564852.8386274842, 5447970.563506462], [564829.8385996041, 5447979.632460785], [564796.8171151434, 5447985.581903031], [564782.8864285462, 5447987.641977612], [564758.8126210307, 5447992.584904444], [564735.9102849774, 5447997.697325356], [564711.8534292951, 5448000.583747352], [564687.9002708211, 5448004.572184901], [564664.9017493573, 5448008.583172355], [564657.8322609729, 5448011.657877278], [564641.8792548417, 5448014.639601182], [564630.8620209553, 5448015.622275647], [564604.8005236455, 5448013.571546105], [564590.8866613118, 5448013.5753337415], [564575.8485021216, 5448015.611872356], [564566.9105334657, 5448014.562176517], [564558.8538263951, 5448016.680434841], [564534.941636616, 5448016.556347048], [564517.9301658747, 5448019.6816616], [564501.8178850368, 5448017.592095431], [564481.806216187, 5448018.625592563], [564455.8880028303, 5448018.645162926], [564434.8086006038, 5448020.611495808], [564390.8281645193, 5448022.632886565], [564375.8465787676, 5448023.569883937], [564363.8183404545, 5448025.642018846], [564354.9108968321, 5448027.594990758], [564330.9348328891, 5448028.582889312], [564317.9518132248, 5448030.655117555], [564281.9319397097, 5448030.668873361], [564278.9145950305, 5448030.667134714], [564256.8645421134, 5448029.620896698], [564247.8699768268, 5448029.671748186], [564225.8206515957, 5448023.555717927], [564213.9060153937, 5448019.625676183], [564190.8054145029, 5448013.653308994], [564166.9430626895, 5448008.628173069], [564153.8076772094, 5448005.618065391], [564141.9329850056, 5448002.633695687], [564114.8611578183, 5447991.54551089], [564099.8260702036, 5447982.665257652], [564077.913329128, 5447973.54949945], [564054.9259345772, 5447961.563984105], [564054.6865603761, 5447961.461154481], [564030.8069058391, 5447951.622338928], [564017.8410064334, 5447946.557623446], [564004.8423148714, 5447940.547560811], [563980.8998817643, 5447928.551237575], [563976.808126133, 5447925.657522174], [563960.0, 5447919.772659215], [563960.0, 5448017.10923074], [563961.8059488444, 5448017.64219989]], [[565773.8310428117, 5447300.57401335], [565760.9579718295, 5447317.687155807], [565751.9423551604, 5447339.582675773], [565742.8228654955, 5447361.64386217], [565735.8474707678, 5447380.56185084], [565725.9164924973, 5447404.670160252], [565722.8819300386, 5447406.690911608], [565717.9622936082, 5447406.632355986], [565710.9105579377, 5447402.5902911145], [565706.9571490329, 5447396.683807851], [565703.9102299844, 5447374.644580939], [565703.8447997322, 5447360.545880571], [565703.8755576276, 5447347.560129423], [565700.9247690913, 5447326.6226953035], [565699.9007505841, 5447303.651353018], [565698.8235415932, 5447290.6523614405], [565698.8541832285, 5447277.677742896], [565700.9044618822, 5447253.631156702], [565712.8811223967, 5447231.604050961], [565729.8174297885, 5447210.581000421], [565739.9571963236, 5447202.629932084], [565763.8400399276, 5447189.617097097], [565777.8714257946, 5447183.602555868], [565799.8625047851, 5447180.696042149], [565822.8068404766, 5447181.603483521], [565835.8811431656, 5447180.6587113915], [565858.8220552303, 5447172.693774965], [565880.8650520496, 5447163.6175752], [565903.8060356907, 5447155.6528729675], [565921.8271147449, 5447147.640651693], [565941.8865181525, 5447141.698606172], [565964.8084944804, 5447139.604325518], [565977.9301843385, 5447139.594497297], [565991.9594346102, 5447138.66152008], [566006.879947918, 5447137.572389074], [566016.8872879074, 5447137.692142532], [566039.8318066126, 5447138.6003890745], [566051.8383311251, 5447138.577325691], [566071.9423454194, 5447138.662348256], [566094.9536037194, 5447148.599638644], [566113.8686413092, 5447150.5718313735], [566132.9093765961, 5447156.659356355], [566155.8537532191, 5447157.568098275], [566167.8204398055, 5447156.599715622], [566188.9190276593, 5447157.642107557], [566212.8108550751, 5447158.562453176], [566221.8044533533, 5447163.584650151], [566227.9062159045, 5447172.674797278], [566229.9368792541, 5447185.68531285], [566225.8929828894, 5447197.677823598], [566215.8660720334, 5447215.602440254], [566203.8255458239, 5447233.669759029], [566193.8280131847, 5447243.678520731], [566181.8248972257, 5447252.562606319], [566162.9593771008, 5447261.686782614], [566141.9455089417, 5447267.605584906], [566117.8498625775, 5447274.599177936], [566093.8822740066, 5447280.64955659], [566073.9367270845, 5447285.636281916], [566050.9564158227, 5447292.643555254], [566027.8950658181, 5447301.551270778], [566013.8141677199, 5447308.665237174], [565989.936142527, 5447314.561435464], [565971.9003142328, 5447319.571292209], [565957.8692221204, 5447325.574176887], [565945.8833559687, 5447333.669587449], [565926.8638757111, 5447346.584049799], [565903.8817861598, 5447358.661942042], [565881.9414071064, 5447372.6424666345], [565861.8222100171, 5447388.557047174], [565843.846710038, 5447402.596159909], [565819.8020299411, 5447420.676660186], [565800.8156673083, 5447434.537017346], [565783.8761762538, 5447446.687426092], [565765.8425761817, 5447465.640331399], [565745.827493474, 5447482.657236146], [565740.9476832453, 5447483.544189646], [565731.8898284185, 5447479.6449908735], [565725.8290670075, 5447467.698476941], [565725.9464534032, 5447456.61500939], [565728.9136521769, 5447445.565496945], [565736.8212426184, 5447423.64554558], [565745.8836758831, 5447402.6955167], [565757.9395798203, 5447382.5706638545], [565767.851447276, 5447365.588850093], [565777.9086009986, 5447345.595868457], [565785.8733596783, 5447322.576006474], [565798.9185033666, 5447299.605600413], [565800.8964566465, 5447292.669157303], [565799.8643811857, 5447285.685708695], [565795.8300528113, 5447281.6794461515], [565789.9382782059, 5447283.666086157], [565773.8310428117, 5447300.57401335]], [[567949.8478363762, 5448770.602594949], [567963.9380995485, 5448768.563646525], [567970.8515676786, 5448770.5500847], [567977.8925435847, 5448774.594972395], [567982.8787827882, 5448778.6145722745], [567990.9379193264, 5448791.700132681], [568001.8394196108, 5448810.680255761], [568010.8530283388, 5448832.638943198], [568016.8360677002, 5448851.558366617], [568023.8437540637, 5448873.659124757], [568029.8980740607, 5448885.608262091], [568040.8204875786, 5448907.590542573], [568040.9020645604, 5448914.562824565], [568036.8767656498, 5448920.683833513], [568032.9056874452, 5448920.634887946], [568017.8368435571, 5448914.589641857], [567999.8405306607, 5448906.607050149], [567978.930843807, 5448892.573678117], [567956.8240775036, 5448878.68126109], [567942.827431178, 5448866.634427367], [567935.9573701591, 5448851.673423353], [567933.9070759045, 5448830.578885613], [567933.8006993935, 5448806.673091363], [567931.8712108942, 5448784.634936078], [567935.9571000761, 5448773.600287712], [567938.8314797729, 5448771.578774778], [567949.8478363762, 5448770.602594949]]], [[[563978.3022446743, 5444485.288782111], [563989.4571414901, 5444490.838866688], [563997.7539807268, 5444497.291421408], [564003.7685548664, 5444498.259353699], [564009.771510469, 5444503.692818225], [564020.7558127434, 5444502.593045215], [564045.7488620284, 5444528.428809085], [564110.8982389127, 5444572.0123405075], [564262.0830888617, 5444647.570058456], [564312.6759511995, 5444686.712501012], [564414.2809138788, 5444743.803163469], [564563.2230922369, 5444844.452412092], [564626.6101621338, 5444894.3393542105], [564689.6885875689, 5444932.1981185125], [564743.600977712, 5444969.3291906845], [564787.4585116593, 5444989.867919693], [564820.7189427675, 5445010.197332652], [564900.2047990997, 5445030.7837802805], [564950.8848916645, 5445054.517214839], [564971.1664626278, 5445056.884841634], [565015.7516965689, 5445068.25710085], [565042.2137552646, 5445067.577332815], [565082.3205898172, 5445073.287179008], [565122.8220300477, 5445075.616778664], [565173.3168637273, 5445092.132817599], [565193.7840215764, 5445101.717345537], [565216.0148117245, 5445104.997684572], [565252.308758395, 5445093.473199936], [565324.6636966222, 5445098.8354348205], [565372.2584191808, 5445096.167842626], [565438.8510510321, 5445083.38302532], [565517.7192724181, 5445079.911270087], [565598.3276687353, 5445087.949358877], [565620.5846188595, 5445086.289321078], [565625.0053960937, 5445091.900639815], [565631.7292605478, 5445094.533425051], [565656.0495611615, 5445094.484911998], [565670.657470569, 5445092.418757278], [565680.613681267, 5445087.264262901], [565688.4560352442, 5445085.086122845], [565695.1474313069, 5445086.908457821], [565703.1536044688, 5445080.816523219], [565716.2292541413, 5445078.468011822], [565751.2546808729, 5445063.950282992], [565771.6650448074, 5445057.276241527], [565781.6079598621, 5445052.42365585], [565787.0256742961, 5445047.3661533855], [565814.3324696168, 5445036.446306656], [565828.2820958608, 5445027.367648884], [565836.1107455125, 5445025.945158578], [565841.2689904572, 5445022.073861442], [565880.5833424914, 5445003.868595651], [565887.1127803287, 5444999.4984444585], [565889.4439877473, 5444995.43987082], [565900.6336036013, 5444985.353766999], [565915.6664860817, 5444980.188554703], [565924.1699374828, 5444979.393493078], [565946.9564011189, 5444973.124044136], [565968.537968283, 5444965.068834101], [565983.5334369929, 5444961.9812694155], [566002.8312683089, 5444952.960606766], [566024.8014620534, 5444946.339711503], [566036.8989144975, 5444943.836788581], [566049.159072509, 5444944.23197788], [566062.3631671404, 5444947.22730153], [566085.7410871147, 5444945.060615699], [566119.6318122515, 5444948.020847616], [566138.611228792, 5444943.111963908], [566149.8520980913, 5444944.256897793], [566164.7572255152, 5444940.824325836], [566180.590924587, 5444940.942260445], [566194.9101629141, 5444937.869301421], [566242.5049305223, 5444939.289629955], [566271.675053772, 5444937.28473989], [566289.0461441281, 5444944.040231971], [566297.622267809, 5444943.061516659], [566301.8979650647, 5444945.360675365], [566334.3647782358, 5444952.2816328965], [566345.710828431, 5444957.060840582], [566355.2406262498, 5444957.1990665225], [566362.902761313, 5444962.052494104], [566379.3471361449, 5444965.746466622], [566384.6029201916, 5444968.415061985], [566390.5514681462, 5444974.11177354], [566396.8291352823, 5444975.940114165], [566403.8375479499, 5444980.724892627], [566409.626407757, 5444982.094622882], [566417.2468436117, 5444988.230677024], [566448.0252549294, 5444997.422499581], [566462.0890353753, 5445003.443263036], [566471.6131026675, 5445004.244754764], [566493.2587820849, 5445014.81624878], [566501.562507807, 5445014.501821799], [566503.6337740296, 5445021.086774607], [566508.1038216208, 5445025.041930024], [566518.1638114062, 5445027.314777295], [566526.5359059054, 5445026.701013312], [566540.3069457425, 5445030.039965215], [566550.8425859332, 5445029.235362221], [566560.0350464786, 5445032.103742049], [566564.8602535505, 5445036.939773392], [566570.0526658907, 5445035.285587401], [566576.7936587492, 5445038.006759009], [566582.3781388933, 5445038.319864552], [566592.5176228287, 5445035.250040202], [566600.6087463319, 5445040.895146006], [566611.8973846459, 5445038.24409904], [566619.2655422373, 5445045.128969741], [566629.6181343629, 5445042.167750977], [566645.3162846442, 5445044.422034065], [566664.1191432865, 5445052.434121073], [566679.6470152041, 5445051.950201458], [566681.826343705, 5445053.641029183], [566683.7623848075, 5445058.361257084], [566694.74798142, 5445066.86367], [566706.6273231631, 5445070.105379899], [566717.0778500111, 5445068.010601143], [566731.4383482048, 5445070.258115616], [566746.2652974786, 5445080.923587269], [566757.798602015, 5445079.903579324], [566762.9833575222, 5445082.955107938], [566777.1661997415, 5445084.784760016], [566790.2047027851, 5445089.667013379], [566802.835657085, 5445091.112409915], [566817.9723202742, 5445097.000242563], [566824.1308116412, 5445096.179386096], [566830.278761386, 5445100.78756715], [566838.1851390601, 5445099.429920327], [566843.617487223, 5445100.733130004], [566850.8732524121, 5445104.397691585], [566853.9496616335, 5445110.392940713], [566869.521284087, 5445112.544765302], [566877.2491088579, 5445116.642402903], [566894.5434231967, 5445117.070473456], [566904.5508332935, 5445122.824121117], [566922.0022723495, 5445127.858469653], [566936.2518103425, 5445127.064123732], [566943.5038759686, 5445130.897012723], [566954.2129314131, 5445131.125491414], [566962.646124334, 5445136.096761235], [566972.4973823784, 5445134.015083816], [566983.949554324, 5445138.21634255], [566995.2978689695, 5445135.449494057], [567002.5840104829, 5445138.103288351], [567009.1435304852, 5445138.310653248], [567017.5025522017, 5445134.825630801], [567023.5107163202, 5445135.186807059], [567032.3474959122, 5445139.046066001], [567039.6640416286, 5445137.00674669], [567049.147860622, 5445138.2928141765], [567057.7945047196, 5445137.392150868], [567063.3844151532, 5445139.16558774], [567082.9385913553, 5445137.182503986], [567105.2781223569, 5445138.110525884], [567117.6868153779, 5445143.085389171], [567130.1116398845, 5445140.557449179], [567142.6501842041, 5445143.485781493], [567162.6952690561, 5445140.166362069], [567170.7670085352, 5445144.67122054], [567181.8415422932, 5445143.748687925], [567193.8370276354, 5445145.242062669], [567203.6620020217, 5445150.338052495], [567216.4100155089, 5445154.309841995], [567227.332591654, 5445155.964643331], [567232.0909291412, 5445153.215801347], [567244.0273488973, 5445160.109927882], [567255.7186382978, 5445159.070792914], [567264.3656061516, 5445160.266485954], [567270.2295251057, 5445167.168065226], [567278.1086640889, 5445171.178478402], [567294.154797043, 5445185.61183248], [567306.4577115083, 5445191.567536654], [567308.1465064007, 5445194.867566591], [567312.7523264594, 5445194.952034763], [567315.0097299556, 5445191.24871646], [567318.8327088158, 5445192.24562566], [567318.9443045396, 5445194.179877815], [567315.2500647127, 5445196.477109144], [567311.2535571398, 5445207.43096723], [567320.1147458566, 5445215.463054026], [567320.6644577158, 5445219.3088281555], [567324.5661976031, 5445227.7900062455], [567327.6754736047, 5445231.427078469], [567339.5671368764, 5445239.551562263], [567358.1917471882, 5445247.3360723285], [567363.9280889169, 5445253.36612413], [567368.3679143311, 5445261.351506671], [567375.7109736897, 5445261.17569425], [567381.3100593243, 5445257.503930304], [567385.1205792611, 5445257.685312823], [567391.8872277781, 5445261.415709969], [567399.6273714601, 5445268.504310615], [567404.123688634, 5445270.24278201], [567426.9933948866, 5445274.079384366], [567477.8365774424, 5445286.432727825], [567520.094407656, 5445289.287153414], [567525.6701194106, 5445287.8685671175], [567533.5386433764, 5445281.378224298], [567539.7124855195, 5445281.203870006], [567560.8888844462, 5445286.269835858], [567578.1100427709, 5445288.281230794], [567582.548648895, 5445289.984918441], [567587.87695134, 5445294.921526395], [567594.1866502188, 5445297.0141660245], [567596.1252622997, 5445300.629938498], [567595.5504961319, 5445305.985863853], [567598.2295204831, 5445310.532548672], [567610.1186760995, 5445317.980784384], [567613.8266438085, 5445325.278985609], [567620.2336766867, 5445327.536470373], [567623.2383686518, 5445331.731991887], [567624.1677488679, 5445337.163702522], [567625.824896681, 5445339.807201673], [567637.1752270693, 5445343.1056171255], [567638.6135052964, 5445345.313096215], [567639.0211267787, 5445353.626157706], [567643.2767279802, 5445358.176502925], [567652.0960468084, 5445363.259830086], [567658.2190174757, 5445364.305250451], [567666.7109484985, 5445358.998028043], [567674.3114796802, 5445359.435262584], [567680.2194865815, 5445356.759607706], [567683.8996959401, 5445357.233473557], [567701.3519152255, 5445378.826838579], [567717.0503710987, 5445389.325400857], [567726.351442751, 5445389.940281146], [567730.2184578028, 5445392.296350572], [567736.7830748742, 5445400.855649056], [567746.2408472917, 5445407.252855531], [567749.8235653066, 5445415.920363495], [567763.3460070293, 5445428.486001783], [567769.0031525975, 5445437.9999114685], [567778.4297439747, 5445442.076387909], [567782.5576751423, 5445445.474623846], [567791.4874210588, 5445459.003529952], [567801.0155057781, 5445468.369303621], [567807.6372999724, 5445483.135947621], [567811.4184964675, 5445496.428004303], [567815.9525758326, 5445519.706807535], [567818.2822327865, 5445523.249417089], [567817.2349597258, 5445530.011035241], [567819.221315545, 5445547.884633744], [567823.115483848, 5445554.242740722], [567821.7575803926, 5445559.057769891], [567800.9354742094, 5445539.662672121], [567771.8882935474, 5445512.6221306715], [567773.8131974243, 5445531.646976649], [567778.8566258823, 5445555.6132585965], [567783.821229985, 5445577.688469282], [567787.9274667804, 5445599.58625149], [567788.8543153405, 5445612.583863194], [567790.8894829198, 5445625.594966428], [567792.8391189573, 5445652.692002863], [567792.8108234722, 5445665.677841479], [567792.9328237363, 5445689.594778159], [567792.923138566, 5445742.640139243], [567791.9218859836, 5445757.67092377], [567790.9358025665, 5445781.5630780235], [567790.8930242086, 5445801.675574613], [567789.8489773431, 5445810.690806284], [567789.8420810698, 5445826.69003479], [567787.8402003646, 5445846.611657613], [567783.8635832418, 5445867.62090616], [567780.8886169465, 5445889.598571511], [567779.9588335534, 5445913.658353299], [567779.9205867869, 5445937.562218521], [567780.8401799152, 5445950.559677284], [567781.9273236853, 5445963.559265598], [567783.9230263546, 5445975.613783926], [567785.911732154, 5446003.667367354], [567788.8913944166, 5446027.619416396], [567790.9511138992, 5446048.702849431], [567790.8301887648, 5446049.646458499], [567792.8547885129, 5446073.586790228], [567797.8582121849, 5446096.607529146], [567800.9515908079, 5446119.604818335], [567801.9031123657, 5446140.674560052], [567802.8477760572, 5446151.615460566], [567806.8745827598, 5446171.622341759], [567809.8468679547, 5446195.56321916], [567812.9007561969, 5446217.614977777], [567814.8645851343, 5446237.585375432], [567816.8993453031, 5446250.596547508], [567817.8260302715, 5446263.5941431895], [567819.8141502704, 5446275.648534007], [567819.8751480455, 5446295.606729562], [567821.9558967582, 5446319.703424756], [567823.8696483901, 5446333.658209574], [567824.8142758819, 5446344.599049778], [567830.9576050193, 5446384.578219199], [567834.9195568991, 5446405.684998853], [567839.8660408799, 5446428.549412197], [567845.9122635731, 5446452.694906393], [567849.8570838834, 5446474.590935258], [567851.9449354765, 5446498.687775196], [567852.8641592026, 5446511.685182564], [567855.9357107697, 5446531.669284089], [567857.8991465025, 5446551.650737845], [567862.9124330783, 5446572.614849728], [567865.8056197424, 5446594.653585837], [567864.9114576981, 5446614.599982559], [567863.9280782042, 5446627.574052698], [567862.9054859139, 5446639.591490039], [567860.8068514867, 5446652.551950895], [567857.8243304231, 5446665.6571529], [567850.8481765302, 5446684.572625598], [567840.8999710314, 5446705.664014668], [567829.9618092516, 5446729.600734982], [567815.9021096327, 5446753.654830816], [567803.8349050924, 5446774.5646997], [567790.8906429482, 5446798.632436191], [567784.8269515829, 5446811.544160148], [567770.8885078682, 5446834.654743951], [567760.877179052, 5446855.589911576], [567749.8609870502, 5446877.624602619], [567737.9006950592, 5446897.590894377], [567725.8904780422, 5446918.657237611], [567713.8166466547, 5446939.567126822], [567701.8207565992, 5446963.6468391195], [567698.8960014906, 5446975.652089999], [567699.8154298458, 5446988.649617856], [567702.8838230143, 5447003.563504093], [567702.9300605824, 5447014.649078772], [567717.9396119699, 5446995.676336048], [567726.8605580488, 5446972.670847924], [567735.853151973, 5446951.556292317], [567746.8190945125, 5446930.632793007], [567755.9148696839, 5446910.631450852], [567767.8858531787, 5446888.608453335], [567778.912828664, 5446871.643904494], [567791.9525087005, 5446848.689056379], [567805.8515743501, 5446824.6329979105], [567819.8463955693, 5446801.689971228], [567829.8974850299, 5446781.700483581], [567840.9608763097, 5446760.611570241], [567849.9148411977, 5446738.551655118], [567859.901455154, 5446719.673215606], [567868.8553661652, 5446697.624468252], [567879.840426072, 5446674.633547893], [567888.8158769405, 5446655.587041647], [567891.8162880769, 5446631.552717245], [567892.8314961874, 5446610.662854961], [567892.8599499699, 5446597.676899489], [567891.9408399323, 5446584.679405898], [567891.8088809713, 5446571.702744908], [567890.8438557934, 5446547.619715916], [567876.8552285028, 5446503.585899705], [567869.9106793645, 5446479.584982861], [567867.9505255343, 5446464.673457811], [567865.8339627843, 5446444.701114654], [567863.8568867533, 5446430.578801409], [567862.9479323964, 5446406.663284862], [567859.915714168, 5446387.624799863], [567858.8541240775, 5446372.568611696], [567854.9485453396, 5446351.618147087], [567851.8950192548, 5446329.566368312], [567850.8683448785, 5446311.664361987], [567849.8460461576, 5446297.55383015], [567847.8610967064, 5446274.570062965], [567843.8343144187, 5446254.574300526], [567842.8470640836, 5446237.617907304], [567838.884370401, 5446191.639381847], [567836.8209190101, 5446175.6259434465], [567831.8926541086, 5446140.576004888], [567828.9029119131, 5446127.553171693], [567822.9126950796, 5446103.564022625], [567822.9443200353, 5446095.648157261], [567818.8250363113, 5446079.609426235], [567817.6180830336, 5446070.433105738], [567815.9241961932, 5446057.559510574], [567815.1092812158, 5446052.0793404], [567814.8871710387, 5446050.5756366495], [567814.8152295215, 5446032.685387316], [567813.9098641432, 5446022.701192603], [567814.9504941517, 5446008.6159196], [567814.8647272321, 5445980.585578255], [567814.9031276827, 5445956.681761269], [567815.9010495327, 5445936.580953025], [567815.950702559, 5445926.6084127305], [567816.8130002723, 5445914.5778638655], [567816.894383345, 5445870.561536447], [567817.9093580645, 5445849.671561455], [567818.8212115681, 5445827.668495681], [567819.8934679074, 5445805.678583401], [567822.8369958629, 5445791.616750706], [567822.8045464758, 5445774.672031638], [567825.8190331059, 5445753.651002882], [567826.8912312025, 5445731.661013237], [567827.9106978318, 5445714.562476462], [567827.8742831711, 5445702.687689187], [567827.8957326727, 5445679.573050998], [567826.8869470271, 5445659.603293713], [567824.9442904396, 5445642.635102649], [567818.8498015678, 5445601.555969683], [567818.8994006761, 5445591.583411676], [567820.8198970448, 5445580.677760531], [567825.5862755742, 5445573.379145111], [567828.0654424098, 5445574.783812522], [567831.1539534391, 5445588.684986989], [567843.4852953803, 5445605.918211303], [567846.6026903566, 5445615.523166068], [567853.25756203, 5445623.293057361], [567870.4905587791, 5445637.103275642], [567902.6469682652, 5445648.059419991], [567914.9614252568, 5445647.9776680395], [567956.172697561, 5445655.1677960735], [567967.7149730141, 5445661.026607972], [567996.8216409892, 5445670.534944882], [568002.5087514365, 5445670.067416107], [568008.3363809959, 5445673.989669943], [568021.585671029, 5445678.195817788], [568075.9949458569, 5445678.090018746], [568081.8737672525, 5445675.929615084], [568088.2453078124, 5445676.286134211], [568119.539781073, 5445671.760272549], [568133.9758301508, 5445666.5805418985], [568150.9775310316, 5445664.96551159], [568161.9643548481, 5445666.082260495], [568167.6442874181, 5445668.996529368], [568171.7997952477, 5445673.425930769], [568172.6657932481, 5445679.484019504], [568180.8482218925, 5445689.966934186], [568190.054176308, 5445698.0088128], [568195.0695052037, 5445699.705165478], [568197.7520999876, 5445704.107682195], [568204.8888674462, 5445710.466250564], [568224.3596869069, 5445736.319947551], [568234.3482313264, 5445752.388784502], [568241.474572931, 5445756.226485294], [568249.0067755836, 5445757.288693823], [568261.903249552, 5445765.020559653], [568269.338352483, 5445765.978766827], [568270.4763350055, 5445770.038092075], [568270.3847927719, 5445775.803637036], [568274.37753855, 5445781.71081603], [568279.2277826373, 5445794.42094476], [568284.3820491515, 5445803.183555554], [568285.9702651547, 5445814.668062694], [568292.0434996691, 5445831.956667811], [568307.1078027216, 5445850.447044317], [568309.1358184073, 5445858.684881843], [568313.5905030845, 5445865.827751769], [568317.708444235, 5445879.863922176], [568318.5258934613, 5445886.41509467], [568324.2302853403, 5445898.183187642], [568325.0139232023, 5445902.192604656], [568332.9173470929, 5445910.5988069335], [568335.7130601313, 5445918.794029395], [568344.3445451229, 5445924.234283109], [568350.2085855653, 5445945.414342188], [568355.5555706489, 5445954.949753248], [568365.8790956511, 5445965.3349639075], [568375.9458127602, 5445978.878027179], [568384.5047500604, 5445985.008841312], [568389.551175119, 5445982.965597634], [568390.800888174, 5445988.978046902], [568399.4893565577, 5445994.544363604], [568404.2859884549, 5446000.058068595], [568411.8590193053, 5446015.705151013], [568412.4665095581, 5446024.575746427], [568415.3518165443, 5446029.894896449], [568417.12600181, 5446036.30640702], [568419.381343394, 5446038.941654399], [568419.4401415779, 5446047.410697172], [568422.7504728945, 5446054.200078932], [568425.1454199842, 5446063.562890944], [568440.0953034342, 5446085.362828481], [568448.8631295987, 5446094.072076725], [568469.1368335405, 5446109.091161825], [568477.7495839368, 5446118.518609406], [568479.4670840849, 5446123.40923052], [568479.4384788026, 5446128.125107636], [568487.3089625665, 5446142.691121742], [568489.2514894349, 5446160.49685002], [568493.4280829832, 5446171.131131234], [568499.2800638602, 5446192.167568716], [568507.2872998489, 5446210.364984473], [568523.5520856966, 5446235.599141808], [568536.8440257867, 5446250.909434266], [568543.8233436858, 5446255.738641467], [568561.7830213249, 5446274.68419407], [568574.3883645447, 5446294.4433108065], [568583.6212728692, 5446319.693440138], [568592.2745350373, 5446353.7621409], [568594.3970752544, 5446357.4054627465], [568601.9482378502, 5446363.200290422], [568604.3511796412, 5446368.483609175], [568603.375803213, 5446378.562687943], [568605.5174173089, 5446384.765200445], [568603.4379282905, 5446395.133674848], [568605.9440326457, 5446401.657035421], [568613.1946699331, 5446410.7527573835], [568612.1505106324, 5446414.023615547], [568609.7105364688, 5446416.44222128], [568609.4183488749, 5446419.63325781], [568615.9145567905, 5446429.094821409], [568617.1681505693, 5446436.642173474], [568623.2681813224, 5446446.254034381], [568629.0987757634, 5446462.573236586], [568628.3347453716, 5446469.103157477], [568635.3506176744, 5446489.369140661], [568633.8793571175, 5446497.850963893], [568636.5164986702, 5446502.325000467], [568634.8926383957, 5446509.1580648525], [568636.1729462763, 5446517.221698362], [568644.4703776635, 5446530.272275155], [568643.1930934538, 5446537.115284831], [568645.1536949076, 5446549.878812024], [568650.1776336249, 5446559.269674569], [568656.1873343235, 5446562.919183023], [568656.2437759485, 5446568.05278219], [568654.970849715, 5446571.3027148945], [568657.7026052679, 5446582.180724228], [568658.4102169952, 5446594.268222737], [568661.3627133284, 5446602.9665872175], [568660.1450287018, 5446607.455120751], [568663.5460414098, 5446614.909943126], [568664.394401359, 5446623.157848899], [568675.1203811474, 5446638.875083199], [568675.0232915551, 5446644.839193023], [568676.9479838781, 5446648.305969344], [568681.348815634, 5446652.834738238], [568684.3207779868, 5446661.038575203], [568697.3180965899, 5446678.32376743], [568701.3371386325, 5446686.006180601], [568712.1528360182, 5446694.640304938], [568714.9530037122, 5446704.093535861], [568726.6591106871, 5446712.271940325], [568728.1987964413, 5446720.2912526755], [568737.6284275993, 5446730.756092221], [568756.7441215204, 5446746.537352192], [568766.6854759319, 5446750.926218565], [568769.4614516223, 5446754.016155364], [568772.349970213, 5446760.789265151], [568782.0339947211, 5446766.095887841], [568793.3632070054, 5446777.25006484], [568806.7878906913, 5446783.942235919], [568811.7565567237, 5446790.738166186], [568814.3840190782, 5446790.710156292], [568818.1323130524, 5446786.966677474], [568823.9702996914, 5446788.243928769], [568827.4129246938, 5446791.865738636], [568829.7256650586, 5446797.7430497315], [568837.1331277826, 5446803.165721688], [568841.2631983716, 5446808.610363782], [568859.1355104593, 5446818.174321405], [568861.9623328383, 5446820.355854901], [568864.2241232172, 5446825.143471217], [568871.1408531503, 5446826.29172585], [568877.6936160065, 5446832.044345213], [568897.832707823, 5446840.175473498], [568898.6266670302, 5446835.976180953], [568881.0319787483, 5446817.6347616], [568854.1730364716, 5446801.426115408], [568826.3523895642, 5446778.856284355], [568777.8764284428, 5446743.330434568], [568746.0308937285, 5446709.59952757], [568716.2662694947, 5446675.894654492], [568696.8884436549, 5446643.906551539], [568689.9394111808, 5446616.8353079045], [568679.9866987473, 5446580.2025713865], [568672.2535748548, 5446532.486161577], [568664.3030139329, 5446502.227654291], [568655.2851634959, 5446448.693413291], [568653.625222988, 5446433.223313349], [568650.2066645118, 5446417.18286182], [568650.5365159278, 5446412.3306384245], [568644.1999108108, 5446380.933599244], [568645.3846343762, 5446376.659407674], [568647.3796724849, 5446374.6886858], [568652.1343736044, 5446373.891483203], [568666.3365590539, 5446377.756843826], [568667.5774950369, 5446382.993187542], [568673.6343512521, 5446386.1997715235], [568678.8275387294, 5446378.831928835], [568679.9666307714, 5446373.676092673], [568683.6175637728, 5446372.834883788], [568690.7608825618, 5446367.371811591], [568697.4712228121, 5446368.989016542], [568700.2722112455, 5446373.794867476], [568710.1413664615, 5446379.257754051], [568713.2291079019, 5446384.406592822], [568717.007622794, 5446386.515653664], [568718.8424340643, 5446390.54005946], [568729.7018448862, 5446395.775110108], [568732.2449158665, 5446401.3371788], [568747.584952964, 5446415.561775625], [568755.7640499765, 5446419.694471306], [568763.9623530519, 5446429.3376001045], [568770.3069565932, 5446433.930248644], [568778.590110073, 5446446.96178858], [568786.1631347155, 5446452.233437533], [568799.573626565, 5446466.25054106], [568804.5585039282, 5446467.69846304], [568811.2245289262, 5446474.147893777], [568819.9874390089, 5446477.85694189], [568824.4817767129, 5446481.46632392], [568837.4477807829, 5446485.858470558], [568841.8848047229, 5446488.790475793], [568858.7755676548, 5446495.250659965], [568862.6233287974, 5446499.106390028], [568870.6226660077, 5446502.653458482], [568883.4933203099, 5446504.894686842], [568920.232758142, 5446507.27807217], [568926.00423295, 5446508.9968962455], [568964.1061942804, 5446501.7408225415], [568982.6021582398, 5446500.716328123], [568998.7979143721, 5446492.27307512], [569015.8483401084, 5446487.397575607], [569026.3748850742, 5446480.381463717], [569068.327583872, 5446467.999503348], [569075.8653151735, 5446463.774648615], [569081.5789167181, 5446458.314824429], [569093.382582463, 5446452.251098415], [569098.4680714257, 5446446.330463212], [569105.585952771, 5446444.250565503], [569118.548472078, 5446435.166270696], [569121.2622605705, 5446430.8932744255], [569125.3905113197, 5446428.315111895], [569128.2917030097, 5446422.66972227], [569147.239640576, 5446410.923487184], [569149.0654393466, 5446404.946983702], [569158.904415425, 5446405.9632787565], [569173.4982865395, 5446396.975553706], [569213.2195792828, 5446413.071609272], [569221.459857512, 5446414.303706897], [569224.7651908793, 5446410.479923903], [569229.6903209157, 5446410.94651995], [569231.4353892903, 5446413.313003289], [569231.4106092297, 5446418.433912027], [569238.0256158198, 5446421.538257814], [569241.2791696986, 5446426.068803361], [569246.4927957729, 5446428.210088538], [569250.6433230654, 5446428.936999079], [569258.8821494108, 5446426.423119638], [569269.4073678795, 5446426.339152461], [569273.9237459335, 5446430.816933048], [569275.3216912809, 5446439.2336072605], [569280.8850929793, 5446443.862443219], [569292.0354231467, 5446450.012078476], [569303.3481832359, 5446451.449831892], [569313.639520049, 5446459.564244595], [569319.3887932829, 5446462.536110304], [569325.3808541449, 5446462.936640831], [569328.4416986287, 5446468.54660732], [569335.958367181, 5446470.418499998], [569342.6154755193, 5446475.134078948], [569349.1275982527, 5446475.693007395], [569360.4282461045, 5446485.199904858], [569387.5099873354, 5446495.227600025], [569395.7915569133, 5446496.930698163], [569401.2051744328, 5446499.987300394], [569409.9082857139, 5446499.317601919], [569411.3492513148, 5446501.154046806], [569408.7957054338, 5446504.30150914], [569409.3570990416, 5446506.752276276], [569427.8119795292, 5446514.788182641], [569456.8766992779, 5446521.337186542], [569460.7975165305, 5446524.845846355], [569467.4607366646, 5446526.419802096], [569479.3497078767, 5446527.174038338], [569484.742201746, 5446525.983955607], [569489.3528886115, 5446527.511603512], [569494.2402025162, 5446525.180472457], [569498.221111719, 5446529.490389519], [569508.4532124565, 5446529.924062218], [569512.6475665346, 5446532.190100644], [569518.4918622121, 5446529.2444289485], [569525.1288981377, 5446532.523575215], [569565.6248341082, 5446538.943072936], [569590.0280882996, 5446537.980762863], [569607.5546218914, 5446542.091821508], [569621.7099154514, 5446550.297370384], [569624.8382781381, 5446550.4662167225], [569631.6535944548, 5446547.293599304], [569633.8172215761, 5446551.06648652], [569638.0997346266, 5446553.5571131995], [569639.8796314894, 5446556.403748767], [569648.2249605963, 5446559.568010904], [569654.3344786245, 5446570.882660289], [569651.7414212275, 5446573.730006283], [569642.788328134, 5446576.519337036], [569647.5350760567, 5446582.496525404], [569648.6566726754, 5446587.41957738], [569648.1222228967, 5446591.829191854], [569644.5561738274, 5446601.181501809], [569644.5015457533, 5446617.229407328], [569643.3864767259, 5446622.09840255], [569645.6507576223, 5446628.0511614885], [569643.2992388286, 5446637.715771018], [569644.4780008633, 5446643.205682061], [569649.2911370007, 5446651.16225869], [569650.3230589237, 5446655.10895391], [569647.3439198311, 5446665.6306514675], [569646.9584330162, 5446672.704434498], [569643.2654064491, 5446677.750605953], [569639.3425023938, 5446696.583553128], [569632.2598835041, 5446711.732893782], [569630.1383867745, 5446726.903923922], [569632.2441629481, 5446747.154051003], [569644.9539659183, 5446773.064899239], [569646.6437359483, 5446780.249749547], [569656.4382421346, 5446798.6185627], [569669.6044306435, 5446832.869876021], [569672.3875196502, 5446843.709890982], [569671.6032077195, 5446859.488152038], [569673.6914862747, 5446866.508332914], [569674.4282825434, 5446875.9862421565], [569668.203364388, 5446892.550006057], [569665.5011232223, 5446907.602698629], [569659.0676397937, 5446920.133664976], [569656.37338861, 5446929.697591549], [569642.1225577929, 5446955.460126267], [569640.8568580173, 5446958.449515959], [569641.0248471478, 5446965.070060288], [569629.9950340679, 5446981.11543664], [569620.1817141206, 5446988.148894778], [569614.1954096433, 5446998.171952285], [569604.9875706466, 5447005.117621347], [569585.3628264646, 5447024.121202069], [569569.100459145, 5447034.910695555], [569559.903702213, 5447036.39871581], [569540.7682888692, 5447029.64586428], [569510.9648406954, 5447023.01743549], [569495.9011165783, 5447026.352656763], [569492.3943401994, 5447028.582363872], [569466.5243371687, 5447033.741170619], [569437.8791992323, 5447046.064658944], [569395.0612061312, 5447056.351661782], [569365.2731197561, 5447053.382845543], [569358.9000251256, 5447051.160503552], [569355.2513135994, 5447046.858013914], [569342.4195034506, 5447044.745709243], [569336.8802434739, 5447041.818028391], [569333.6076550921, 5447038.233914516], [569323.7602317291, 5447035.882543795], [569277.1915721016, 5447014.662235798], [569221.5755564366, 5446967.9312635185], [569178.3069556607, 5446932.467109509], [569146.2661322978, 5446914.604856575], [569102.8972152702, 5446887.076711364], [569039.7754737324, 5446857.714477791], [568992.1438710911, 5446838.070718474], [568974.4329729949, 5446839.436661226], [568981.4794631102, 5446858.572861876], [568997.0097960785, 5446865.116436565], [568997.7046363177, 5446865.840767891], [569012.991153376, 5446881.7769520655], [569020.0608923066, 5446889.147088063], [569021.6988153462, 5446888.300173866], [569032.6149385322, 5446886.260903148], [569039.927060837, 5446889.652991482], [569043.293398165, 5446894.183405951], [569058.6234534067, 5446898.025351579], [569082.4589234244, 5446908.941500022], [569084.3560639443, 5446911.702833403], [569084.0501403158, 5446914.291049861], [569085.9472068901, 5446916.408425488], [569099.4692632253, 5446922.291134333], [569102.9054819106, 5446925.905489253], [569109.6540903995, 5446926.226122783], [569118.6600768066, 5446929.307733381], [569131.564311122, 5446940.983686389], [569143.001785194, 5446946.324594652], [569146.3996594127, 5446950.931611352], [569162.4626106762, 5446953.259911843], [569167.9788266353, 5446960.269017326], [569179.045406399, 5446961.143092901], [569191.6659204396, 5446967.585618041], [569196.1680913102, 5446974.351965292], [569207.5477525181, 5446976.812855882], [569209.8692266878, 5446979.24818263], [569212.0371609085, 5446984.453512902], [569225.5409741262, 5446994.582146551], [569232.4704675685, 5447002.2506153975], [569244.8767271481, 5447008.384065879], [569246.4693009554, 5447012.676133453], [569251.2550512727, 5447017.8599334285], [569270.34474285, 5447030.606718108], [569281.0738051804, 5447032.982809926], [569287.1149964591, 5447036.423801414], [569291.5802118363, 5447042.382013301], [569303.1642184153, 5447046.982945946], [569323.4856610086, 5447051.058305799], [569335.1298729593, 5447058.041098024], [569348.2567911036, 5447058.5155119], [569357.5680493502, 5447063.052082244], [569365.2567416904, 5447061.720785042], [569375.9939241236, 5447066.332832435], [569396.4929770728, 5447063.356201986], [569408.188664354, 5447066.857370037], [569413.6614867747, 5447065.793196523], [569416.3626466907, 5447060.822742324], [569422.6899418242, 5447058.206906687], [569470.5883375977, 5447052.486067736], [569512.0911929541, 5447041.580025641], [569534.6892164883, 5447040.169032857], [569544.1289282475, 5447044.185798375], [569562.4433507288, 5447046.980182951], [569571.66576318, 5447046.848341988], [569589.7272308411, 5447041.500131194], [569601.6327145466, 5447027.682622424], [569616.234536491, 5447015.601116767], [569620.6838038515, 5447010.291455517], [569626.7529736587, 5447006.952812921], [569630.4293390736, 5446999.113232943], [569641.2851785913, 5446990.343435621], [569646.5841934506, 5446983.52519321], [569652.6971043969, 5446979.368717235], [569657.5233219624, 5446970.514368156], [569663.1117713959, 5446965.4255082365], [569667.0883841905, 5446957.758518241], [569670.2692230352, 5446955.125513014], [569678.3845486238, 5446942.60225111], [569684.3581502336, 5446927.757468955], [569687.2959282988, 5446916.656327384], [569691.1635388962, 5446910.555301338], [569698.3317008398, 5446888.517417918], [569705.6196789014, 5446875.06228577], [569725.4396982009, 5446854.808255876], [569723.8922499187, 5446853.199201903], [569706.4968956569, 5446855.296133455], [569699.6669648484, 5446861.074102452], [569696.8709011814, 5446861.401008757], [569693.410573839, 5446859.418954359], [569691.306060452, 5446853.865669512], [569689.558219841, 5446841.993796446], [569684.8894485396, 5446833.391270758], [569674.2148535022, 5446805.836450645], [569672.4733885129, 5446800.61657903], [569671.9406472186, 5446794.185396854], [569664.4782680387, 5446783.995748826], [569652.1000320464, 5446753.877403844], [569650.874111257, 5446743.325639661], [569651.1917250915, 5446727.029662517], [569657.7009467792, 5446680.867548924], [569657.6200145722, 5446669.339749169], [569654.9990394582, 5446655.612354794], [569651.2712675004, 5446618.247910978], [569653.1169725284, 5446610.5345084835], [569656.3527355085, 5446603.310543748], [569664.6030070768, 5446595.508120603], [569696.3600417994, 5446593.141567987], [569714.5576702724, 5446596.41361365], [569718.4197800764, 5446601.2676134575], [569730.479127661, 5446610.982584132], [569745.0243686236, 5446615.504925595], [569753.3233590459, 5446623.159249779], [569771.9791332551, 5446631.533020359], [569806.4532847933, 5446653.237926129], [569853.8486025134, 5446687.592573526], [569868.1022043421, 5446694.177340979], [569878.5544357308, 5446708.418264679], [569892.3049326553, 5446714.565398565], [569897.5364902297, 5446720.424880645], [569913.528455136, 5446733.543431888], [569920.4827354208, 5446736.505983838], [569926.8799677303, 5446745.564062014], [569933.2215623524, 5446748.662833192], [569940.4842060171, 5446756.3511017915], [569949.3489873407, 5446758.417571539], [569951.3596492886, 5446764.371974735], [569958.4210258068, 5446775.871468783], [569960.0, 5446776.419588881], [569960.0, 5446083.408681311], [569937.3630581232, 5446072.944967837], [569930.3931499837, 5446068.444554989], [569940.3757467261, 5446063.528556289], [569947.9345698991, 5446054.16973866], [569954.5310975799, 5446055.514012091], [569960.0, 5446057.315915766], [569960.0, 5445303.947203196], [569958.6588961207, 5445304.198655903], [569955.0460148749, 5445302.384920418], [569948.1744646704, 5445302.037722744], [569936.8992442365, 5445296.689243215], [569929.7919433119, 5445295.9467472], [569925.773155641, 5445292.59119344], [569925.0212083921, 5445288.534981165], [569926.3198085354, 5445282.323031576], [569923.6632704922, 5445278.746995638], [569918.9368544838, 5445276.90790728], [569908.830990502, 5445277.047964031], [569898.7546870278, 5445279.092626021], [569890.9313123312, 5445276.234601844], [569881.4857105121, 5445269.167009073], [569876.5490427681, 5445259.906069397], [569872.7689178343, 5445259.117354493], [569863.5865333629, 5445262.090679927], [569854.6438563744, 5445260.680102883], [569838.0075982773, 5445249.558549963], [569834.6361214087, 5445246.419837772], [569833.2996833941, 5445237.3929194845], [569823.0703612191, 5445231.096006548], [569817.247718456, 5445225.296860605], [569810.5725565203, 5445223.164032442], [569809.8378847684, 5445218.148432203], [569806.9101538823, 5445213.757386281], [569806.0966811562, 5445206.784311861], [569801.7007282883, 5445197.960908109], [569790.1686051339, 5445189.70012948], [569779.0478386697, 5445176.320739521], [569771.4171059799, 5445170.406355719], [569760.2435157757, 5445166.839307916], [569756.2772371568, 5445162.951680505], [569749.7429903261, 5445161.301162971], [569738.3645347747, 5445153.3751446195], [569734.3864641014, 5445149.550468174], [569725.3448681983, 5445132.680245111], [569713.5815878782, 5445122.7285962], [569713.2071375385, 5445118.491261188], [569716.1969125121, 5445113.045574929], [569716.4659101325, 5445109.568876187], [569714.8183983914, 5445104.224280584], [569710.4414737094, 5445101.103062333], [569708.9125788745, 5445096.019413469], [569707.6642249064, 5445087.81899061], [569709.1580967412, 5445079.7083230475], [569702.8042892732, 5445073.958717527], [569701.8577942946, 5445070.216768617], [569694.9627943792, 5445062.15740474], [569687.3219498883, 5445049.306944047], [569681.1754813576, 5445043.273918394], [569678.1584203044, 5445040.312469814], [569675.6303535615, 5445029.623477928], [569675.5191214922, 5445029.153057242], [569668.862157768, 5445019.982637063], [569666.9797571056, 5445017.389530739], [569658.1865084202, 5444998.205313857], [569655.2960431906, 5444992.41872132], [569649.1833699683, 5444987.538287271], [569645.5176523692, 5444983.210863687], [569640.4396132954, 5444977.254532542], [569640.8124627497, 5444973.829221832], [569638.7340338635, 5444970.820871398], [569633.4408481305, 5444967.774354807], [569627.3633060453, 5444960.387104485], [569624.6276912775, 5444951.18558764], [569620.2356199354, 5444944.430370773], [569620.3017862779, 5444925.64544104], [569614.4949981757, 5444905.045278503], [569613.8649918907, 5444902.81013907], [569606.9370645727, 5444881.2076329505], [569605.5056201569, 5444876.744026372], [569591.894128142, 5444853.790602954], [569582.3786620528, 5444836.716726824], [569562.5325413358, 5444812.095382604], [569561.5580719762, 5444811.411279955], [569553.5470201487, 5444805.787094146], [569552.5426101438, 5444805.082018049], [569539.4589173737, 5444795.380636114], [569521.7509769406, 5444780.975907959], [569513.6587413644, 5444774.39318205], [569511.2855508237, 5444770.986874017], [569506.4651890801, 5444764.068061375], [569505.4661562039, 5444762.63427121], [569489.8121647219, 5444739.772259447], [569471.5027929533, 5444711.867639773], [569465.8990409917, 5444703.327398293], [569465.0348505398, 5444702.188543861], [569451.166885456, 5444683.915579487], [569447.7080161514, 5444679.358070095], [569446.4127791985, 5444677.651328235], [569437.3643284985, 5444665.967002775], [569406.7716275047, 5444626.462511784], [569397.5090611922, 5444614.518916916], [569391.0599895606, 5444602.252305232], [569383.1876759422, 5444592.616770853], [569370.1829504769, 5444576.559106982], [569370.087110532, 5444576.419154042], [569362.2507889469, 5444571.691207986], [569361.5511911197, 5444571.046091619], [569359.1367366131, 5444570.592415759], [569339.9436180263, 5444549.458782077], [569336.9920037453, 5444548.006854862], [569336.4887553789, 5444547.526210873], [569322.3443847334, 5444532.047403474], [569321.6604228046, 5444531.299054814], [569313.4767397663, 5444522.343402523], [569312.4906457331, 5444521.264216499], [569300.1207298499, 5444509.983040124], [569288.0051578217, 5444506.122458506], [569279.8116425102, 5444491.721686385], [569279.5040437072, 5444491.180993494], [569266.2243193561, 5444469.2922054045], [569256.6607666876, 5444455.927023673], [569255.6507322922, 5444455.308319305], [569247.8898516477, 5444450.554029168], [569242.3769220684, 5444447.396840331], [569240.87478682, 5444442.721134995], [569231.727789184, 5444433.546777677], [569222.1936953849, 5444429.254889581], [569219.1209958096, 5444424.805909353], [569214.7812359146, 5444423.082520555], [569211.3529897839, 5444418.329052056], [569198.0597004286, 5444409.238098288], [569195.8802088951, 5444406.073092966], [569181.7726679184, 5444398.823018584], [569165.3906460295, 5444386.947620755], [569156.5170022724, 5444379.796352159], [569149.3069576503, 5444370.719169397], [569145.4711644473, 5444368.844040564], [569117.5361009184, 5444328.839592099], [569112.3944387888, 5444319.734491943], [569111.1927305177, 5444314.787484564], [569108.337653898, 5444311.45200047], [569107.2660292367, 5444306.517295355], [569097.3182286292, 5444291.577462953], [569093.6142178555, 5444283.0934554385], [569087.3686091114, 5444275.943217523], [569072.4334428713, 5444253.7817290835], [569064.0437596166, 5444244.35111515], [569056.9331356954, 5444240.159930709], [569052.6184352055, 5444236.512236394], [569050.6020078816, 5444232.937626609], [569046.5202656898, 5444230.288023741], [569039.7943239937, 5444218.971334289], [569029.3132968524, 5444217.287534215], [569025.2950911542, 5444212.749335389], [569020.2830197599, 5444210.11481146], [569015.9116668823, 5444202.81817334], [569005.6381295526, 5444194.389763163], [568998.5800951712, 5444192.268521385], [568990.4691062986, 5444186.142384286], [568974.5003881953, 5444181.0447627185], [568963.3256756463, 5444172.7720692605], [568954.9453588221, 5444169.990955055], [568943.7505828349, 5444156.540291651], [568941.6802597996, 5444142.249905538], [568938.6000500519, 5444136.415795133], [568936.6130507088, 5444136.232194431], [568935.2765540059, 5444138.766324707], [568934.746246977, 5444152.709434212], [568929.2828739532, 5444157.930126369], [568925.9523773855, 5444157.738265493], [568911.5275151537, 5444145.938476831], [568908.9968191147, 5444144.5252833115], [568892.5326688883, 5444133.375518653], [568863.6179302591, 5444122.595868473], [568857.2915296861, 5444120.237389028], [568851.7776185111, 5444116.668931627], [568833.5326309276, 5444104.861500367], [568810.8532862713, 5444095.350703006], [568800.4753103864, 5444094.900058431], [568793.7491731521, 5444091.074327679], [568784.8313888494, 5444090.368507166], [568771.1785125304, 5444092.589187869], [568764.4289760982, 5444090.733779831], [568756.6340968721, 5444095.060550228], [568752.4818481517, 5444095.312381151], [568736.2677244608, 5444093.06281325], [568720.6863285381, 5444096.862238837], [568711.7744011757, 5444104.216814804], [568707.5326721116, 5444109.597426883], [568705.4881905441, 5444115.38488027], [568705.5388583943, 5444119.011144066], [568710.469883515, 5444127.624551354], [568716.007872216, 5444134.148750713], [568726.8505170703, 5444135.213428965], [568731.819775642, 5444141.494573238], [568735.150446398, 5444148.348268159], [568734.3614107812, 5444155.65556343], [568732.1213155412, 5444158.303313047], [568718.8563554885, 5444156.104662428], [568710.9201192624, 5444149.586444855], [568698.529815782, 5444142.945620246], [568666.8830559864, 5444145.007948535], [568666.9002272467, 5444137.353667238], [568674.3204681152, 5444130.732070119], [568680.487492894, 5444121.498328333], [568690.3107954945, 5444094.57197896], [568697.4686819764, 5444079.522515059], [568704.6103664511, 5444048.663791584], [568704.189238298, 5444028.470481443], [568705.6039521305, 5444019.486987948], [568704.3835989102, 5443989.56865855], [568708.3963432338, 5443976.844904014], [568708.2584088877, 5443963.270309067], [568705.1972683497, 5443947.704380053], [568699.884577796, 5443935.780288785], [568691.3914943624, 5443921.435229813], [568686.7418862879, 5443915.990678262], [568678.0291396021, 5443911.820237168], [568663.6406515269, 5443910.9531456875], [568656.3914141763, 5443906.777579855], [568640.6061148784, 5443903.784419849], [568636.9729051162, 5443905.00357368], [568631.8164400408, 5443909.939891117], [568630.288443169, 5443910.265129642], [568629.6601343168, 5443912.0040650545], [568626.0289842961, 5443922.054340474], [568625.4354209853, 5443923.6971155405], [568621.4757862937, 5443949.045276428], [568624.9327145072, 5443964.16789884], [568625.6880042376, 5443987.193679818], [568625.3921803834, 5444011.000002772], [568626.1366975923, 5444015.055442845], [568627.3658159946, 5444021.750737762], [568627.3723957953, 5444031.590665617], [568629.5468998029, 5444036.455250368], [568633.0577279715, 5444060.480502215], [568635.7506098396, 5444071.749193024], [568636.3348019011, 5444084.533286654], [568639.4850514171, 5444096.098927594], [568635.174057587, 5444110.271247705], [568636.4314312353, 5444119.527195135], [568635.5729403575, 5444137.820565765], [568636.8769334591, 5444142.607857375], [568641.0168497454, 5444144.878347031], [568642.5405175592, 5444154.188285652], [568637.5485662429, 5444161.829601987], [568617.6770827007, 5444174.3565143645], [568608.2461765679, 5444187.990739502], [568605.3631220721, 5444195.788819703], [568600.8455653487, 5444201.128673], [568598.6081571579, 5444200.847701377], [568598.1576773527, 5444197.525821509], [568599.4080951437, 5444192.002637121], [568605.199084137, 5444180.160945186], [568604.8801205179, 5444176.749222947], [568602.1972259027, 5444174.048688373], [568597.9258158052, 5444173.479257799], [568591.4610466657, 5444176.48627612], [568585.7191427068, 5444176.378013503], [568579.2953768687, 5444180.486429045], [568575.6887109342, 5444180.065843971], [568572.2518946817, 5444177.244175312], [568566.6024027776, 5444177.148468653], [568561.4168359357, 5444174.915249261], [568551.3343814472, 5444174.264922884], [568544.4570971064, 5444171.915624888], [568533.9302880559, 5444172.945797267], [568527.1942323481, 5444170.054194781], [568514.9396803385, 5444168.374736768], [568475.5581285811, 5444154.403469649], [568470.6472908773, 5444151.406487342], [568463.2864719185, 5444153.083744768], [568451.4663452256, 5444151.075530056], [568445.1342344341, 5444144.6057826765], [568432.0024041774, 5444141.530569487], [568413.8954754636, 5444134.2509781], [568407.6418942515, 5444133.961777513], [568382.842328626, 5444125.712523103], [568364.2730449036, 5444122.744494905], [568349.734703802, 5444113.13998955], [568341.0910567133, 5444096.365966327], [568337.4309028878, 5444080.445972716], [568336.6132627479, 5444076.889802782], [568336.1502087087, 5444074.875829118], [568336.3839423471, 5444072.537677214], [568334.2447077662, 5444062.207858631], [568335.0799455892, 5444050.098162239], [568334.2709395229, 5444035.914415344], [568338.4602384513, 5444023.384818304], [568338.6917754605, 5444015.572459076], [568340.6262927653, 5444011.71152261], [568333.5068523719, 5444007.553543843], [568338.2648019034, 5444002.75480865], [568339.7328335498, 5443998.74616889], [568345.1779421729, 5443998.450384229], [568352.0534692011, 5444002.851001425], [568368.9797586297, 5444000.014824186], [568378.9379894886, 5444000.631049094], [568380.3836603605, 5444002.093401145], [568389.4457606158, 5444004.682554576], [568394.7191768639, 5444004.010403381], [568401.5752272668, 5444006.336552714], [568429.4137269689, 5444010.718408852], [568447.1276760378, 5444014.092197148], [568448.0385772076, 5444015.144828151], [568458.6153216001, 5444019.414905351], [568480.301878707, 5444024.735687802], [568485.4146749651, 5444027.652715541], [568492.7290197674, 5444028.127060974], [568498.743959411, 5444036.125874943], [568505.7711349495, 5444040.903248376], [568522.1120386984, 5444043.004688701], [568540.1633929333, 5444041.284955596], [568543.5740960513, 5444037.46017456], [568548.3985353858, 5444015.684835139], [568555.4792867454, 5444000.106754523], [568555.27440452, 5443988.980141904], [568553.2666457237, 5443984.750228475], [568552.6880630141, 5443953.746840066], [568551.9883246546, 5443941.647312106], [568551.401971454, 5443931.508266244], [568549.2012607852, 5443917.743928637], [568548.986117275, 5443916.398560357], [568544.9296638363, 5443907.617865506], [568544.8527323491, 5443907.357327562], [568534.9933950036, 5443899.9693731945], [568526.8584161102, 5443898.176535388], [568503.9221579354, 5443899.23392385], [568492.2139470929, 5443895.644586763], [568473.0553354782, 5443892.687844523], [568466.817660084, 5443895.162647397], [568455.1498512048, 5443890.156496456], [568432.8605853922, 5443886.236611404], [568425.1578264488, 5443887.233677396], [568420.7870864483, 5443890.268828772], [568413.2393399971, 5443888.169956874], [568408.1491292665, 5443881.9657719955], [568373.527824762, 5443877.31303231], [568366.2328543096, 5443874.016046444], [568359.8030347805, 5443866.67006228], [568350.3497684307, 5443863.418570311], [568344.0821774644, 5443847.653428705], [568326.8805845417, 5443830.799537032], [568285.9528326556, 5443812.670519194], [568265.2838888316, 5443798.86601049], [568251.1231627543, 5443779.666381659], [568247.1333239152, 5443770.168268778], [568242.3696361502, 5443764.564198166], [568238.369862431, 5443756.917917231], [568231.6760390822, 5443751.650469263], [568232.865545777, 5443744.997882518], [568232.4449692721, 5443741.4094026955], [568230.6290981476, 5443733.151037484], [568228.3534241479, 5443728.17722591], [568229.7705968001, 5443713.799007107], [568230.2947153199, 5443708.480904974], [568241.8757331994, 5443698.306352854], [568247.0623722753, 5443699.957687972], [568250.362543074, 5443685.712471427], [568246.3838573474, 5443670.5836941255], [568245.2300499673, 5443657.921112686], [568245.670195943, 5443657.885861535], [568246.3891450738, 5443653.7717628535], [568249.3933997245, 5443649.767834309], [568255.3274692266, 5443631.92149373], [568259.7367040361, 5443629.061249067], [568268.7090757258, 5443626.946843365], [568299.2790682812, 5443634.2278321255], [568309.5673590887, 5443634.296589854], [568314.0237539308, 5443637.200114903], [568324.270676007, 5443646.149077613], [568330.3808313388, 5443657.335973071], [568334.4279944416, 5443666.910013248], [568348.4847889829, 5443667.083980483], [568357.9640835836, 5443658.470880786], [568367.8853790731, 5443656.212706966], [568389.1818690114, 5443660.444636427], [568423.0126115009, 5443661.657142684], [568448.45435084, 5443667.528011826], [568505.3981623767, 5443694.424762291], [568542.7647594423, 5443704.412366887], [568552.9506177907, 5443722.793018483], [568561.0146241672, 5443744.322116629], [568573.1070316999, 5443734.948223516], [568577.8812609377, 5443727.864449949], [568597.4625428551, 5443618.5815560045], [568599.8111212197, 5443597.181724471], [568603.4655373741, 5443567.210656878], [568604.4492437635, 5443559.143278024], [568604.8646790257, 5443557.237455804], [568606.3015512883, 5443550.646295773], [568607.2100440393, 5443546.478937179], [568601.773513194, 5443537.425115621], [568599.0473974512, 5443532.885253156], [568585.039500232, 5443528.742946521], [568582.9300183031, 5443528.179157481], [568549.1670366096, 5443519.154777998], [568541.6954772369, 5443517.15785891], [568541.4437946205, 5443517.090615566], [568540.3748622894, 5443516.807542262], [568527.3300788901, 5443513.353409558], [568510.5096642176, 5443508.899487764], [568494.2688643212, 5443504.599061988], [568484.6808414469, 5443502.060350621], [568452.3214557327, 5443493.492151405], [568434.5266685265, 5443488.780594139], [568357.1645427747, 5443467.386438638], [568342.8420104019, 5443463.4255802585], [568321.4534337297, 5443457.511019777], [568316.4544575617, 5443456.650708005], [568300.0427006898, 5443450.558885905], [568293.1926330182, 5443450.8694401095], [568273.7887993014, 5443445.766719989], [568265.6412320945, 5443447.520666504], [568264.1626867483, 5443451.051620956], [568258.2498087654, 5443456.642515485], [568243.4196855826, 5443476.574774444], [568236.3793843607, 5443489.836783982], [568229.6161940754, 5443495.59736839], [568227.2783442318, 5443501.980541293], [568218.0839527417, 5443510.905502929], [568195.9691440873, 5443546.320097676], [568187.1302394625, 5443558.02888833], [568179.9495867335, 5443572.720571826], [568174.682909725, 5443576.928724143], [568171.7070909323, 5443592.388487265], [568162.6163778787, 5443605.177672192], [568150.3691389579, 5443641.61612751], [568149.7307981863, 5443657.19728162], [568147.4502976574, 5443671.200131799], [568146.5944326529, 5443701.208823509], [568144.1014850629, 5443710.029830705], [568145.5755932898, 5443715.656578639], [568146.0652312561, 5443733.8200196], [568150.4378303107, 5443750.834815571], [568154.2834779352, 5443776.148935034], [568158.4185311568, 5443789.750513675], [568170.1128037994, 5443814.100511192], [568175.1298248747, 5443816.863429469], [568178.9556161923, 5443816.136493314], [568182.2971661122, 5443817.540846638], [568189.1460695809, 5443824.203872131], [568192.1602135275, 5443831.334632359], [568197.4669405215, 5443838.024562235], [568201.7933428936, 5443849.936552553], [568206.5744140553, 5443856.867982671], [568209.3898965918, 5443874.560290072], [568214.4091862012, 5443906.101528405], [568214.4141203316, 5443906.325711768], [568215.1095151883, 5443938.115783842], [568212.2743043953, 5443947.7363593755], [568209.6810106025, 5443951.801313044], [568201.3110567251, 5443961.29577274], [568197.9343875466, 5443967.151981259], [568194.4958411395, 5443969.950957568], [568179.0681583632, 5443978.198774004], [568171.8720873399, 5443984.095891302], [568166.0394575892, 5443986.262086892], [568149.7442243431, 5443971.515425935], [568137.2174428992, 5443972.167935423], [568135.3868458592, 5443970.258425], [568134.7231033277, 5443967.182265718], [568129.5150516784, 5443964.211620646], [568121.1737582273, 5443965.020233224], [568113.2873028211, 5443969.096445594], [568112.2064769216, 5443967.717965697], [568113.29618631, 5443962.797786497], [568109.1867440233, 5443962.19144759], [568099.7707978869, 5443967.895144727], [568093.8505659945, 5443976.5540649835], [568092.0679192984, 5443977.127606631], [568084.4153628311, 5443975.943715356], [568078.2974516231, 5443970.071135666], [568064.7810311612, 5443963.495836769], [568059.374442541, 5443963.428580833], [568052.3662041815, 5443966.37197605], [568041.9788351343, 5443967.913393919], [568030.8752663373, 5443963.251816608], [568004.473665452, 5443947.891898805], [567991.6289694506, 5443943.12308585], [567985.1403563325, 5443939.080316689], [567984.4355884197, 5443934.985459272], [567982.2754308432, 5443931.175586523], [567972.7102449324, 5443930.243700656], [567968.1687530847, 5443932.003906332], [567960.5871444615, 5443932.1994584575], [567952.9882669677, 5443928.221117525], [567939.0956679673, 5443928.224158339], [567924.9150552568, 5443926.0469986135], [567921.0087372012, 5443924.955362528], [567919.141975804, 5443923.627709991], [567910.327180522, 5443921.970540788], [567902.4492965774, 5443920.489487501], [567882.5827660332, 5443916.754719436], [567865.1618213265, 5443913.479722455], [567861.9519278721, 5443907.656509883], [567853.3979004489, 5443908.490129239], [567847.2504438146, 5443906.08473405], [567841.1695767643, 5443907.146311836], [567833.7543187006, 5443902.513948264], [567825.1589335455, 5443899.123731881], [567819.2089442831, 5443899.065970773], [567805.5765973415, 5443892.851617611], [567789.1027837754, 5443895.322564737], [567759.3476717124, 5443891.067581718], [567755.6175366587, 5443888.025748623], [567737.4430810659, 5443884.065901789], [567725.8357799376, 5443877.0622483445], [567711.2543043398, 5443872.4906927375], [567702.5086755942, 5443872.15776488], [567689.4292671374, 5443881.91889326], [567684.5250080593, 5443883.9443498], [567675.7223739814, 5443883.969059171], [567662.0453489245, 5443873.467278944], [567654.3737617743, 5443870.085416031], [567646.6049951045, 5443856.7904158635], [567631.8246006592, 5443833.648112981], [567624.1293780456, 5443833.017952182], [567620.5804958395, 5443830.254228529], [567613.2885785971, 5443831.236904204], [567609.1382412777, 5443830.014958554], [567606.8450481775, 5443826.041156308], [567602.5777344273, 5443822.729026072], [567597.4080285429, 5443814.47518798], [567589.2503573813, 5443810.114732792], [567581.6194871927, 5443807.391359764], [567572.2293827474, 5443810.02016346], [567565.3156047296, 5443804.269607184], [567554.4097425622, 5443801.665108739], [567544.490437957, 5443796.349545702], [567531.5451588912, 5443794.876428331], [567523.7552695317, 5443791.225986326], [567445.2441015354, 5443788.189682501], [567440.5800570297, 5443788.132661657], [567429.8496582513, 5443786.975857376], [567394.8180057163, 5443787.20444965], [567386.6910648705, 5443784.729175846], [567377.5305340406, 5443786.178769036], [567370.3951653296, 5443781.342666265], [567361.1693351205, 5443788.800576854], [567316.6888390318, 5443796.272135211], [567293.5057993636, 5443795.095946101], [567246.9868849742, 5443798.007019906], [567232.286753803, 5443796.639843032], [567218.9815491312, 5443800.299225018], [567211.2509164942, 5443798.616872072], [567198.4257612533, 5443798.6963135805], [567177.7072383469, 5443798.974208346], [567174.4390147682, 5443800.623615681], [567154.713414133, 5443795.900655124], [567138.4107826005, 5443796.194060077], [567128.9038443932, 5443798.248957089], [567108.603774699, 5443797.418413571], [567093.1227274071, 5443804.227052601], [567084.2993799739, 5443801.970095248], [567074.9524674407, 5443805.199896656], [567062.215463548, 5443803.229898719], [567028.2644070939, 5443809.502623861], [567023.222301589, 5443808.939850929], [566994.6829813009, 5443812.511445167], [566974.4561370877, 5443820.030227896], [566967.1103895309, 5443819.18403319], [566922.4994505032, 5443825.591163513], [566894.2653629185, 5443825.743843999], [566880.1329600643, 5443829.966691985], [566869.8963136274, 5443830.445119688], [566861.6973349808, 5443828.246289878], [566837.2099410644, 5443837.908393563], [566826.2517604252, 5443838.099776029], [566822.2475409876, 5443840.221818965], [566802.9606026845, 5443842.001375396], [566795.3085684369, 5443844.186929359], [566751.4643202226, 5443834.791846669], [566739.6816860803, 5443834.191847896], [566736.3154707482, 5443832.158486369], [566722.3758754868, 5443832.29684062], [566709.9671384074, 5443836.189564579], [566691.7431462595, 5443816.411156317], [566655.8378612947, 5443791.836057271], [566651.9339731901, 5443773.207199585], [566643.1292123178, 5443694.32697673], [566641.3034077787, 5443756.569376229], [566641.1630682411, 5443756.34970999], [566610.6916575418, 5443692.489284938], [566600.0868102561, 5443662.6737079155], [566591.806155507, 5443664.008217759], [566581.6610165231, 5443654.603987347], [566569.5292858916, 5443638.09479703], [566566.3016554512, 5443631.536359405], [566564.0122543885, 5443622.559005118], [566556.8918292746, 5443615.445719984], [566549.4557393362, 5443604.239666425], [566540.0290827523, 5443594.551159793], [566532.2356433815, 5443583.872458952], [566513.6223740844, 5443574.757379567], [566495.2391138175, 5443567.884812473], [566473.1661503813, 5443556.230895538], [566467.226542099, 5443555.164935204], [566459.4066997278, 5443550.533760712], [566443.636473826, 5443548.489463358], [566436.6312265745, 5443549.288965789], [566431.0905421464, 5443547.156388249], [566422.0518364857, 5443550.225436999], [566389.1662000731, 5443553.153885842], [566375.3304152794, 5443561.892097473], [566370.0014010831, 5443562.887915869], [566352.434060915, 5443571.56421216], [566349.5845943613, 5443574.359395295], [566339.4329798366, 5443576.816761103], [566333.1179543791, 5443581.939734681], [566322.3418926557, 5443586.0043027485], [566311.8539717391, 5443595.28410325], [566304.6866334901, 5443605.713410438], [566302.474828891, 5443611.309783435], [566295.4544199152, 5443617.068838452], [566292.0640664407, 5443621.797507683], [566281.2638330524, 5443626.175455686], [566271.251748227, 5443633.099253824], [566262.8232970592, 5443634.289364743], [566234.0820382781, 5443656.125461288], [566219.258482094, 5443661.015000215], [566216.8355238263, 5443663.675258004], [566211.9987391995, 5443665.438292299], [566208.479632487, 5443663.790495851], [566204.7329148339, 5443658.913923696], [566181.8059615752, 5443663.976166338], [566174.717005107, 5443667.907331448], [566168.8522288832, 5443668.306575748], [566164.5447656726, 5443670.7647466585], [566159.1581004128, 5443677.902849005], [566153.8412568028, 5443680.6769404225], [566150.4462287509, 5443684.373001316], [566136.6663806606, 5443706.5417767055], [566135.2354948038, 5443711.274612032], [566129.593758556, 5443721.212283208], [566126.9192149594, 5443732.094252697], [566121.2261977091, 5443742.943368724], [566118.4475249406, 5443759.099923503], [566115.1804338316, 5443766.638562983], [566113.3732778723, 5443774.538322575], [566113.4731275819, 5443779.827791699], [566109.4069488004, 5443795.073363591], [566110.4650044343, 5443823.98794363], [566105.8419369654, 5443832.283141357], [566105.3937490694, 5443838.863310192], [566103.1908289724, 5443842.704652015], [566100.414567877, 5443858.103655785], [566095.5518892142, 5443866.566199392], [566084.1633872598, 5443881.0238547325], [566077.4306046251, 5443886.83591036], [566067.0215839037, 5443899.904612279], [566057.5300660501, 5443907.395708577], [566054.4405212447, 5443911.592683072], [566051.6413532024, 5443919.110813129], [566041.4947694539, 5443928.18718485], [566032.3293721809, 5443934.234091415], [566025.3108657739, 5443943.029080059], [566006.7688216872, 5443950.929835539], [566000.6997722263, 5443959.532153847], [565993.2287336035, 5443957.363564132], [565968.4139967541, 5443963.689975981], [565960.109149436, 5443967.04520161], [565956.6700797405, 5443970.040345958], [565951.3914671612, 5443970.685335634], [565937.2924790333, 5443976.892686083], [565918.4917932595, 5443989.456729865], [565909.5731181876, 5443990.554202623], [565904.7275430574, 5443995.109559602], [565893.4746827891, 5443999.972459426], [565880.5056070002, 5444008.828308678], [565868.6676982045, 5444010.7776399655], [565868.2395235751, 5444017.58150369], [565864.2803413847, 5444023.458669022], [565861.3941190816, 5444030.499817977], [565861.4172839028, 5444034.323195532], [565863.5306737435, 5444039.7703319425], [565862.3506535223, 5444046.691533151], [565845.8096827313, 5444056.059411741], [565817.6701056111, 5444063.129432952], [565804.094515829, 5444072.796891059], [565799.114978564, 5444079.730348108], [565792.7395039795, 5444083.6068734275], [565789.7788350211, 5444087.214804227], [565785.6764912403, 5444088.46579993], [565781.8122158621, 5444094.154383254], [565767.5190873118, 5444107.483942507], [565758.2134072516, 5444106.966600371], [565725.9277758135, 5444115.939709274], [565718.7295848595, 5444114.428943262], [565712.1281376445, 5444115.051975045], [565690.5633675184, 5444120.692319131], [565677.1787648204, 5444126.269968566], [565675.1868715829, 5444125.233414595], [565675.490041215, 5444122.59769277], [565680.0763111812, 5444120.204792535], [565689.715094595, 5444110.760410484], [565693.6582814513, 5444097.490307231], [565697.3009045019, 5444068.929789331], [565697.0000505525, 5444063.859771609], [565693.780065234, 5444059.976303839], [565693.2559834333, 5444057.222700388], [565698.9401626304, 5444049.135948305], [565697.0402119958, 5444039.631492798], [565695.1780157145, 5444036.2447828865], [565699.5236022983, 5444028.148606469], [565698.6759079082, 5444024.086013066], [565695.6232020265, 5444019.451443292], [565695.5609167033, 5444012.209159164], [565690.9803809081, 5443997.334447054], [565688.4535802365, 5443992.131063763], [565684.5571857867, 5443988.6166100195], [565682.6328108694, 5443984.221147025], [565679.4607612831, 5443980.791967306], [565678.5727989856, 5443975.093619278], [565652.9887410364, 5443949.188670711], [565648.1928177674, 5443945.635240566], [565642.9144947282, 5443944.725255812], [565639.8971372145, 5443939.045870066], [565633.4808468061, 5443936.514031284], [565617.0639388735, 5443920.722133564], [565610.9888641196, 5443917.41681674], [565606.6147881597, 5443917.776365888], [565601.3432507407, 5443912.707905765], [565591.937360625, 5443907.942266551], [565583.842364827, 5443908.113256612], [565574.540840427, 5443905.1790492805], [565559.0363970062, 5443893.061448877], [565548.444116485, 5443887.852893893], [565544.298952521, 5443883.504152916], [565537.6602879418, 5443872.095587472], [565531.244871231, 5443866.533546738], [565520.485596278, 5443852.254542159], [565511.005996323, 5443842.129742246], [565505.8356690725, 5443839.849987638], [565503.7711212806, 5443835.0463936925], [565497.7656101737, 5443829.920374997], [565495.5835700124, 5443823.992665761], [565489.6391979267, 5443816.632280266], [565485.6515361614, 5443808.69717781], [565478.3717559156, 5443799.5705702165], [565475.605026421, 5443793.8914675545], [565466.1078702272, 5443784.198113962], [565462.5576066177, 5443775.001141695], [565456.0908188577, 5443771.44277903], [565447.7014799259, 5443757.829450239], [565416.606150588, 5443728.845420621], [565405.7427408755, 5443716.114535569], [565382.7735792586, 5443702.2021205155], [565366.5299977043, 5443699.201106275], [565359.0273873754, 5443699.977425396], [565348.4680390144, 5443695.854405422], [565331.2283772528, 5443697.272952875], [565316.8716739939, 5443692.999633767], [565308.5618388904, 5443693.148328848], [565303.5770298712, 5443690.616343464], [565281.5661624913, 5443688.273157064], [565265.881065856, 5443690.723359362], [565257.6459452428, 5443694.266726825], [565247.9586585109, 5443695.974825636], [565237.452590847, 5443704.806368364], [565227.7393539604, 5443700.751498285], [565221.4212837253, 5443701.132667158], [565212.7479546425, 5443708.135349269], [565204.7599431898, 5443707.278373476], [565200.5341489266, 5443708.965130168], [565197.3164416678, 5443712.270367451], [565190.0427732854, 5443712.501132174], [565181.8357306245, 5443710.1378378235], [565178.1302244611, 5443712.116831238], [565166.6231461004, 5443712.170900703], [565147.9980458805, 5443708.918191433], [565140.8955320587, 5443709.488636452], [565129.8468835851, 5443706.224152076], [565124.1206912603, 5443708.100778555], [565121.5023453503, 5443710.892592094], [565107.8954434396, 5443708.006244236], [565101.4429220386, 5443711.339550089], [565096.047671347, 5443708.122733907], [565090.1908575863, 5443711.740523896], [565084.0986162692, 5443712.238462135], [565076.0785237269, 5443710.202344294], [565066.2051977819, 5443715.2934249425], [565059.5381027895, 5443715.952891982], [565056.1339021688, 5443718.1304036705], [565043.7961540425, 5443718.646954014], [565036.075585473, 5443726.893185488], [565030.6930695385, 5443725.094899247], [565027.2954850723, 5443722.131012853], [565020.2413448652, 5443724.166486017], [565010.6355449742, 5443720.129811889], [564999.4136809866, 5443721.75867776], [564997.4491181584, 5443727.444360651], [564994.8836925105, 5443728.257602473], [564984.8811891318, 5443720.150705951], [564980.0373482254, 5443718.874261868], [564968.2645553364, 5443720.427241536], [564958.8769632083, 5443719.188679708], [564952.7778495379, 5443720.847457287], [564947.9335432138, 5443716.833866608], [564938.4071823445, 5443717.700545001], [564929.5222048302, 5443714.428817048], [564916.9543088345, 5443716.158450584], [564913.3803529631, 5443714.462687196], [564910.2977513267, 5443707.769688543], [564904.720629075, 5443708.8986872295], [564893.6296487445, 5443704.387348449], [564870.8320718558, 5443704.3559058085], [564856.7143397231, 5443699.105253157], [564842.3903151344, 5443700.125110151], [564834.4605559363, 5443692.790123616], [564824.4647057639, 5443687.798707523], [564818.2125648323, 5443688.220602603], [564804.2757037814, 5443684.994027039], [564793.4743105726, 5443686.913594092], [564786.1786953288, 5443684.23370273], [564782.2313618106, 5443680.578282341], [564773.0278024301, 5443682.880540287], [564766.4350508405, 5443676.8696642835], [564749.6792741132, 5443674.129711764], [564742.3204876297, 5443670.995122753], [564727.7766008684, 5443672.321703686], [564723.0205323913, 5443674.704368345], [564716.052312761, 5443667.662802214], [564708.004103869, 5443667.108820019], [564703.7181852885, 5443669.051196678], [564698.3817038098, 5443667.2843358815], [564693.3430203568, 5443671.154868158], [564692.1408535963, 5443670.184344616], [564691.7843884794, 5443666.339603508], [564683.8674040071, 5443664.901661435], [564677.1307341807, 5443670.117429302], [564675.6555933065, 5443669.668483613], [564674.0740828484, 5443666.140227304], [564670.4753891794, 5443664.612867436], [564653.9798759304, 5443666.956021422], [564648.9356068204, 5443669.093264022], [564648.7946321035, 5443672.908271408], [564647.1957317721, 5443674.8885815805], [564644.7313110719, 5443674.806890096], [564643.5070705562, 5443672.192548916], [564641.2430947309, 5443671.291349271], [564635.0955588035, 5443676.727786671], [564631.8250068534, 5443677.28024939], [564627.5212712066, 5443675.043879822], [564626.3298322761, 5443672.661370213], [564626.6931540926, 5443670.517699825], [564625.0343162604, 5443668.909201251], [564619.038115871, 5443668.180796623], [564611.9940102857, 5443670.293764405], [564589.1592957916, 5443667.002033288], [564576.8759269655, 5443661.985154019], [564572.4342396603, 5443657.965649213], [564562.4194012549, 5443656.833006508], [564556.4956626084, 5443651.624643196], [564555.0082217619, 5443647.489910031], [564551.6606138533, 5443646.086745708], [564534.6026473405, 5443645.274979571], [564521.3074143279, 5443641.522603572], [564515.4099969062, 5443643.177448005], [564510.0927512338, 5443642.52510758], [564504.5506535699, 5443638.308332578], [564496.1566621729, 5443637.164929239], [564491.0910616049, 5443638.942044443], [564483.6192685195, 5443636.055857669], [564478.8264512584, 5443635.892087346], [564475.0722598222, 5443633.100176287], [564469.2414614332, 5443634.90990808], [564462.2647277957, 5443630.4619344715], [564457.735252024, 5443631.405551132], [564456.1076210048, 5443636.746488651], [564449.1601870582, 5443641.004246529], [564447.2490598699, 5443639.3283875], [564446.8835320901, 5443635.37336189], [564444.5130979226, 5443633.758513741], [564436.0981873011, 5443638.336281512], [564431.5545328729, 5443635.293923936], [564422.0235606715, 5443636.276438688], [564417.313406596, 5443629.780906143], [564405.2389497285, 5443626.607911356], [564401.0960826599, 5443627.273124575], [564394.4201367474, 5443625.199191654], [564390.3264792913, 5443626.648414906], [564383.3644372094, 5443625.0556731075], [564378.9258453522, 5443627.953643226], [564374.1597024979, 5443628.305975848], [564358.1605297277, 5443625.476223726], [564354.4913998237, 5443623.81863829], [564352.7458223316, 5443620.808703815], [564361.4666645589, 5443611.9289347], [564367.4275543648, 5443594.182205059], [564375.2945767844, 5443591.845036572], [564381.0528097743, 5443584.907628669], [564385.4635946527, 5443584.151421135], [564389.4052833413, 5443581.140028619], [564393.261850387, 5443581.279521773], [564395.3720044391, 5443575.160626493], [564405.9701586297, 5443573.1162239155], [564408.8571227296, 5443569.805266884], [564419.8348521652, 5443566.249923682], [564425.4325023887, 5443566.060587081], [564432.9711546208, 5443562.662878149], [564443.9217922285, 5443554.078447492], [564458.1206687343, 5443550.295425239], [564464.9875809696, 5443543.146092674], [564477.5906012834, 5443538.638893848], [564497.7250222513, 5443527.28029716], [564500.022674853, 5443524.178210331], [564505.7513181531, 5443523.183219634], [564516.9316093572, 5443514.987971759], [564531.8706440666, 5443510.09369222], [564538.0716251839, 5443504.979439976], [564543.6122383723, 5443505.583975554], [564549.7362971392, 5443502.2140599135], [564558.4848038501, 5443502.161704909], [564565.4979168026, 5443499.121995759], [564593.8364663433, 5443495.021498442], [564615.4522688461, 5443489.010727664], [564676.7804266467, 5443488.784954408], [564679.2362429345, 5443486.179936455], [564686.4615194836, 5443487.517057368], [564701.5821212161, 5443485.652175443], [564713.905308198, 5443487.308056841], [564745.6480642529, 5443481.989732727], [564756.4733996999, 5443482.7475549], [564762.0553907099, 5443480.259118837], [564775.6342598778, 5443481.188732225], [564781.0080116296, 5443478.937418904], [564786.8795236417, 5443480.16073107], [564792.164494919, 5443474.9057396045], [564805.0231679255, 5443472.323918489], [564811.8674047528, 5443468.128255616], [564827.8610694481, 5443464.3164100535], [564836.639429463, 5443459.747559225], [564866.1217457289, 5443454.241963659], [564924.6259989743, 5443437.206888552], [564930.9777080321, 5443437.022692393], [564958.7414266528, 5443429.83087314], [564970.6805206048, 5443429.2503220225], [564985.619418413, 5443425.504416793], [565011.3367597734, 5443421.963045771], [565044.2116362862, 5443421.301877401], [565058.8215791933, 5443418.685242146], [565066.6490404713, 5443420.524042416], [565079.6348420755, 5443417.911093166], [565108.008010607, 5443416.207523749], [565157.9621178712, 5443405.052782633], [565178.0154826074, 5443406.0498456685], [565199.5314720424, 5443398.947202347], [565221.9893304621, 5443398.269396295], [565226.9098193833, 5443395.863201562], [565234.0472549159, 5443397.194385195], [565246.3091235913, 5443393.922083651], [565258.1070865929, 5443393.770115391], [565269.0114123614, 5443395.599585888], [565277.6181858227, 5443402.7599260975], [565283.1121967157, 5443404.197320265], [565288.1284708394, 5443403.23748735], [565293.4953294614, 5443394.748395395], [565297.2836862366, 5443394.549906597], [565305.1265400941, 5443399.145863826], [565313.4036313717, 5443407.005527188], [565317.3586329374, 5443414.021871656], [565324.8367578635, 5443416.212773753], [565329.7499240101, 5443422.34807694], [565343.7765859282, 5443423.604182642], [565346.9105982776, 5443427.803020138], [565355.6760395177, 5443433.893447552], [565363.748872534, 5443433.109187204], [565367.4719373994, 5443431.066644702], [565371.1499531906, 5443435.400945613], [565376.5371682764, 5443438.37536872], [565388.2888706808, 5443439.225478644], [565393.2906432439, 5443443.480559466], [565396.3288221903, 5443444.211897745], [565411.9333586701, 5443443.037145149], [565428.9598960845, 5443449.2431793595], [565435.3040229216, 5443450.365168898], [565441.9616438677, 5443449.095988714], [565459.0702002434, 5443453.322624359], [565467.6710684067, 5443449.250333644], [565475.0833972621, 5443448.933154614], [565479.0322118661, 5443452.74815567], [565487.840781045, 5443451.8644056115], [565512.2867939135, 5443457.943191716], [565520.3691967166, 5443464.805984064], [565534.1087563984, 5443470.191726742], [565544.0332038549, 5443471.080699073], [565547.8838058684, 5443475.060643321], [565554.007264973, 5443476.144431831], [565567.5282587502, 5443475.761005954], [565573.9548062218, 5443473.353161365], [565583.5390409094, 5443477.0205757385], [565588.3475300665, 5443476.053949827], [565592.3687988878, 5443477.534973695], [565604.6695025015, 5443471.056884163], [565614.9804237817, 5443472.637047633], [565624.8275694484, 5443477.1321806675], [565632.4486896734, 5443475.18982789], [565640.2723948385, 5443471.050659762], [565644.3563604133, 5443473.9780085925], [565654.0518265835, 5443473.1483635595], [565657.8455144359, 5443472.025708579], [565662.246956396, 5443466.383405935], [565673.6843416009, 5443466.876366166], [565682.7510469562, 5443464.146456689], [565687.3051039135, 5443461.046209899], [565692.2627910803, 5443462.140706042], [565698.2996913336, 5443457.213426651], [565717.974651223, 5443451.044118028], [565721.9383869304, 5443451.105505632], [565730.9473962999, 5443443.748658396], [565739.188606363, 5443431.260082635], [565743.1982216933, 5443432.04425859], [565745.1572828819, 5443435.094247258], [565749.225492016, 5443437.600039356], [565753.7449399929, 5443436.373245698], [565769.4537784564, 5443424.883276552], [565779.7953925997, 5443414.31258196], [565792.3320642618, 5443409.25258095], [565804.8415293909, 5443407.205941879], [565811.9858609398, 5443402.732065713], [565816.6040242831, 5443398.645769697], [565820.9596928871, 5443391.886459992], [565827.7756100018, 5443386.352076065], [565833.2995536524, 5443384.046144332], [565837.8419456115, 5443378.197062839], [565843.1368049438, 5443375.717595351], [565850.7182679048, 5443366.215690068], [565861.7851049147, 5443356.982991413], [565863.657263968, 5443352.54851262], [565867.5368287938, 5443351.5820208425], [565873.8577176253, 5443347.034010235], [565876.7020585303, 5443340.40306571], [565885.0969277382, 5443330.899927413], [565893.9898929296, 5443324.618569961], [565896.4452408401, 5443320.848361586], [565898.7702560748, 5443319.296411734], [565903.8436407219, 5443316.724061545], [565904.8529772857, 5443315.23624597], [565917.8327467495, 5443306.572392327], [565930.6339952857, 5443292.0298787765], [565934.6649391098, 5443290.156091359], [565937.3364463078, 5443285.382473312], [565949.3632267499, 5443279.359210572], [565959.7886403233, 5443269.493754117], [565965.1638122554, 5443266.380412105], [565969.3257335175, 5443258.301204607], [565976.2628490656, 5443249.8969050925], [565977.4372902861, 5443243.683441068], [565977.3956196383, 5443240.0], [565862.2082804429, 5443240.0], [565851.0846758414, 5443246.248109272], [565830.1712719759, 5443264.157191614], [565812.551929693, 5443274.76075366], [565807.8967259873, 5443275.654160813], [565799.8058160454, 5443280.627595555], [565793.8701814446, 5443281.657739261], [565783.853281098, 5443283.595250377], [565774.9276160704, 5443287.613775516], [565737.881567555, 5443294.610918233], [565714.8222373646, 5443294.659109204], [565692.9564321935, 5443301.681494292], [565667.9126181633, 5443303.596326129], [565638.8213919677, 5443303.573019472], [565615.8754210413, 5443302.666766794], [565588.8411475897, 5443302.657145248], [565575.9253350063, 5443303.615607985], [565555.8955579099, 5443301.63222883], [565546.9573810177, 5443300.581306859], [565532.8062950864, 5443298.667763323], [565515.869989777, 5443293.563847991], [565498.8996386606, 5443292.562132946], [565477.8573140776, 5443291.679005158], [565464.9016809536, 5443291.6922727395], [565451.818242466, 5443292.637896584], [565438.9421602201, 5443294.553437149], [565421.954752368, 5443295.608621527], [565377.8363947794, 5443295.564471158], [565371.8610152152, 5443295.649425152], [565357.8293503893, 5443296.595172787], [565340.8587248472, 5443295.605050625], [565340.733597446, 5443295.611175169], [565338.9904522283, 5443294.981544106], [565336.2325534633, 5443295.830225095], [565324.4127097437, 5443296.405446805], [565322.6676926238, 5443295.140668828], [565296.0724277594, 5443293.01739066], [565286.9855843836, 5443296.62015603], [565278.9579746269, 5443296.618992965], [565255.9387426681, 5443297.603365594], [565233.9301425633, 5443302.569071815], [565212.9577509258, 5443305.656870158], [565190.1128810745, 5443305.695730741], [565184.2174805412, 5443299.833557555], [565165.3550789076, 5443295.972676821], [565155.6469668264, 5443297.126431478], [565151.898260903, 5443295.506806128], [565142.7385635882, 5443296.062547541], [565134.9158525402, 5443293.989641373], [565110.329949423, 5443292.174307401], [565103.9901938018, 5443294.024076621], [565085.105232083, 5443291.008502019], [565077.9863894958, 5443292.210694638], [565065.7909857342, 5443291.468515704], [565061.1058588171, 5443289.381644054], [565053.1427952003, 5443291.249842779], [565038.9202032516, 5443291.350820745], [565023.4390685093, 5443290.167741769], [565018.874803833, 5443288.343988395], [565008.5952037019, 5443290.312408225], [564991.4973013198, 5443288.235241191], [564969.4144104855, 5443289.084005656], [564938.7846034907, 5443286.944134014], [564929.2827466506, 5443288.254041293], [564922.5296054683, 5443286.187161797], [564910.1680076482, 5443285.924821437], [564897.906772896, 5443291.938450068], [564890.804439698, 5443288.070169281], [564881.4637767584, 5443288.217484285], [564871.7940816383, 5443290.414045963], [564864.7082644207, 5443289.104721771], [564856.3262287758, 5443295.199904782], [564844.999317435, 5443290.433373953], [564823.2696400882, 5443294.947374772], [564812.5272975183, 5443299.351869027], [564810.3244879772, 5443298.409749426], [564809.0007367168, 5443294.168409373], [564806.6934822805, 5443292.800767183], [564804.4987727462, 5443294.874220503], [564803.9183123417, 5443298.545205073], [564801.6058646913, 5443300.37245551], [564766.0328095506, 5443307.453243996], [564762.0348258883, 5443311.945812029], [564760.1935427741, 5443315.867487868], [564751.9282644481, 5443317.645553975], [564743.0774962611, 5443318.768291478], [564741.9420891136, 5443317.966321097], [564735.0621837457, 5443317.879913735], [564729.8515542329, 5443320.122543848], [564717.3459079248, 5443319.042756848], [564707.8615938837, 5443322.25602226], [564701.0968719283, 5443321.079355867], [564679.6905080525, 5443323.148159068], [564673.7819266786, 5443325.654797757], [564658.5434550791, 5443325.818813531], [564649.394189548, 5443328.8024180215], [564644.6954433152, 5443333.03197087], [564639.9420161503, 5443333.581343805], [564630.2053059207, 5443338.762668187], [564614.0247198361, 5443344.286285871], [564607.9314124192, 5443345.55702243], [564600.8476199975, 5443343.943092174], [564584.6401819908, 5443346.258659261], [564575.9803023769, 5443344.968648701], [564558.2243713356, 5443350.425655742], [564549.9899840289, 5443349.099655363], [564523.2391147082, 5443352.642534144], [564500.9092850508, 5443358.98475678], [564494.8778360264, 5443359.216120024], [564482.9062767848, 5443365.188585603], [564459.3637628434, 5443367.797546984], [564452.1605394855, 5443371.535639963], [564438.9492222951, 5443374.184069717], [564431.3040797308, 5443380.089746392], [564423.2732418369, 5443380.069500577], [564417.7099127778, 5443382.291599963], [564399.8382670435, 5443384.950917627], [564384.3392203398, 5443391.262677704], [564371.8355345482, 5443392.2467575995], [564351.3417437983, 5443401.927120035], [564339.2586643018, 5443403.399739833], [564329.7910336233, 5443401.844020467], [564319.4347733324, 5443403.251725521], [564296.8881250032, 5443403.014738617], [564286.9302490156, 5443404.724971868], [564279.442205252, 5443400.69684687], [564265.6485648792, 5443402.3623388335], [564248.1158601954, 5443408.361106211], [564242.5934568689, 5443407.715332615], [564238.228320315, 5443404.25181803], [564216.5656361303, 5443405.994852197], [564208.1024691854, 5443409.1616167165], [564193.4443820987, 5443409.154331752], [564188.1067170347, 5443406.675540561], [564177.7313655445, 5443411.00103571], [564172.2707722703, 5443411.670542321], [564171.80542594, 5443411.585030384], [564165.6689338072, 5443411.854055378], [564142.9849839659, 5443405.302259445], [564126.7714785294, 5443408.342589785], [564119.3975807606, 5443408.221281623], [564111.443346771, 5443405.641379564], [564106.8461883145, 5443408.113806726], [564099.3718401555, 5443406.065682246], [564092.3918059263, 5443409.732633121], [564082.1488336812, 5443405.389449644], [564063.4052529226, 5443411.525665892], [564039.0310118645, 5443404.234398032], [564035.5246747503, 5443404.943628504], [564033.2923354136, 5443410.052126721], [564030.8670013939, 5443411.231181091], [564020.7382820233, 5443404.870641534], [564009.4561483252, 5443408.210348673], [564005.0595330324, 5443407.634531581], [564003.6997245823, 5443399.80331476], [563998.3889865502, 5443397.972149063], [563994.1485012769, 5443399.871624017], [563989.2719972627, 5443405.077040861], [563984.4171085847, 5443403.678043592], [563976.2475652314, 5443407.163393747], [563969.885531655, 5443404.834339619], [563960.0, 5443407.455894523], [563960.0, 5444480.864395373], [563978.3022446743, 5444485.288782111]], [[568472.7476181622, 5445596.963993959], [568469.3112407608, 5445589.155926618], [568467.8928775754, 5445582.590798578], [568460.9400722154, 5445570.340027417], [568460.5000298447, 5445566.917840307], [568442.6191079366, 5445542.2472829865], [568437.1769190342, 5445531.431549047], [568430.3325192815, 5445524.507520049], [568429.4311296555, 5445520.3745589545], [568426.9959873711, 5445516.354119726], [568414.2083360289, 5445507.045344655], [568405.1540594519, 5445504.742669987], [568401.4133428782, 5445494.74667753], [568395.9091458194, 5445486.349497862], [568388.5709515283, 5445480.940322925], [568386.5145539278, 5445470.805111012], [568380.3268295525, 5445471.674495383], [568376.7863813508, 5445460.889802713], [568369.5933604724, 5445459.096206542], [568366.2850834423, 5445456.47610004], [568361.4759009022, 5445445.235500996], [568350.2110997504, 5445434.193261168], [568345.5737412358, 5445424.027112881], [568340.390534839, 5445418.164609441], [568341.0181155928, 5445411.808499009], [568336.685761683, 5445404.496576919], [568336.2931568702, 5445401.33406602], [568337.3822291575, 5445398.191494817], [568344.640390648, 5445393.839497593], [568348.837104937, 5445389.461340093], [568363.4234529176, 5445386.3499402525], [568371.4252557975, 5445382.08211613], [568381.7114037304, 5445380.25765454], [568388.6122787346, 5445375.08344893], [568391.4021168703, 5445371.676827874], [568391.3199806917, 5445369.360997203], [568376.1120803972, 5445366.333352136], [568357.7402611703, 5445371.932434889], [568346.2331602882, 5445376.973561643], [568344.6312327199, 5445379.524818244], [568343.5946677031, 5445384.996960921], [568332.6240773207, 5445388.130052845], [568325.2590284231, 5445386.987052924], [568326.12998455, 5445383.177995636], [568325.2861715009, 5445379.662880422], [568326.435785764, 5445375.883774582], [568325.1405874715, 5445374.038223743], [568319.7348051923, 5445372.451778902], [568315.7343696812, 5445378.106897296], [568311.5915342962, 5445378.746297962], [568310.1912416556, 5445374.735413848], [568312.1092173825, 5445366.101902355], [568311.6151861062, 5445364.644676193], [568305.524881938, 5445358.9528066935], [568303.472889444, 5445348.605414538], [568298.767642359, 5445340.26407661], [568292.325327595, 5445335.8266295865], [568283.2969911728, 5445320.47922387], [568278.2368812872, 5445316.316664107], [568269.6250309849, 5445303.582986799], [568265.2085344612, 5445282.25596315], [568259.241462891, 5445271.783187429], [568256.9461800763, 5445265.3078725375], [568255.5246143817, 5445260.125156396], [568256.6080285246, 5445253.0690998435], [568263.6912569692, 5445243.065525909], [568266.5485717037, 5445234.643194144], [568272.5369665382, 5445232.052698749], [568276.7030875654, 5445233.043226994], [568296.3370652634, 5445231.827815865], [568318.2130806651, 5445236.064342397], [568331.6660403768, 5445240.606356671], [568334.2744226968, 5445243.41678537], [568334.7212232975, 5445250.639198144], [568349.3015131991, 5445255.151222365], [568355.1457061936, 5445260.427439598], [568369.8408531406, 5445264.118499875], [568385.2359903455, 5445272.028222534], [568401.0065758922, 5445273.348962484], [568402.1289896573, 5445276.648795414], [568405.5477011246, 5445279.872812583], [568399.386557486, 5445282.169418618], [568399.3729310867, 5445284.571839728], [568406.8830676866, 5445294.961815341], [568415.8698341767, 5445300.442421633], [568423.8454488143, 5445307.419987401], [568428.4224052805, 5445314.152785613], [568431.0019954003, 5445312.587155637], [568429.2215935896, 5445309.470762847], [568430.4429882715, 5445305.387312224], [568431.9837665581, 5445305.252683061], [568440.502762588, 5445315.200466029], [568440.4508263757, 5445317.852230196], [568438.402338716, 5445321.947183792], [568440.0478302162, 5445326.234087295], [568452.124520214, 5445327.122107879], [568459.1177197042, 5445332.3055709405], [568460.6114336228, 5445335.687559705], [568465.5299851727, 5445340.102992208], [568466.424611323, 5445344.927458249], [568461.1188614039, 5445349.124381617], [568463.0434951022, 5445353.494475007], [568481.1609816058, 5445360.0268249195], [568482.6768057637, 5445365.999158898], [568485.4323823092, 5445368.39142159], [568487.4807399774, 5445372.544427498], [568486.6317809757, 5445379.59760625], [568487.3562007647, 5445383.912763158], [568491.4877468782, 5445388.973642483], [568495.7585129213, 5445400.746280307], [568496.3188697088, 5445411.569369767], [568495.2831434734, 5445417.3677180465], [568498.4879863656, 5445436.369203002], [568494.5973067564, 5445441.334642641], [568494.2703904407, 5445443.717419423], [568500.1070699787, 5445449.410892966], [568501.7372149032, 5445452.963890736], [568502.0159808882, 5445463.83409347], [568504.4107265043, 5445474.456912114], [568508.0470890473, 5445475.170674821], [568510.8935908467, 5445478.085942593], [568509.5304723727, 5445489.490762694], [568514.6329291144, 5445497.493410245], [568514.4865685992, 5445502.017212186], [568512.1248258821, 5445507.047914156], [568512.1389393521, 5445510.299408822], [568517.1567822078, 5445512.438547789], [568521.2714397246, 5445520.53883034], [568523.8927464075, 5445536.660672557], [568530.0757764803, 5445545.179133786], [568531.740184422, 5445555.052412334], [568548.2776099325, 5445577.095972442], [568549.4176270567, 5445583.486602258], [568555.69651855, 5445597.174622879], [568564.0395277833, 5445601.669051414], [568563.9799480009, 5445610.074796534], [568567.1033509545, 5445613.887292778], [568572.176548331, 5445616.854281119], [568570.7036166415, 5445621.317029474], [568571.2602235227, 5445624.105707308], [568575.1465740072, 5445629.633858097], [568579.7160277361, 5445641.620381034], [568583.929742476, 5445646.984806915], [568587.1934570116, 5445655.834158941], [568591.9505439359, 5445660.457844471], [568592.3934647753, 5445667.198072321], [568595.3104801198, 5445676.415262574], [568607.3109123227, 5445687.58753505], [568606.8256750419, 5445698.988130085], [568608.4718639082, 5445702.936317697], [568630.2274794617, 5445732.499959063], [568629.8726722721, 5445737.407753793], [568631.076214676, 5445740.0177521575], [568636.3938683362, 5445741.445791601], [568636.7708959429, 5445747.019798731], [568639.9650933901, 5445753.019137472], [568647.1308514687, 5445761.727067904], [568652.8680009596, 5445765.156178606], [568655.2323373244, 5445769.205313671], [568667.8519894322, 5445772.293420184], [568672.1161398023, 5445776.108699099], [568673.3913295263, 5445779.639121326], [568672.4165727153, 5445787.053196593], [568675.9591582508, 5445794.846921568], [568680.2431046788, 5445798.336815462], [568683.764788564, 5445805.5287638055], [568691.1347719302, 5445813.08093726], [568696.7505464514, 5445821.393483418], [568697.5913733114, 5445824.4267774485], [568701.0544801252, 5445827.14804649], [568703.1399379147, 5445836.947897662], [568706.125788677, 5445842.920498229], [568713.1854391092, 5445848.745686169], [568713.2164143088, 5445857.208236581], [568715.1370500932, 5445867.0888731275], [568719.638888857, 5445872.552836082], [568715.8526671493, 5445874.770785389], [568711.48781592, 5445880.350441932], [568710.5739053496, 5445884.227810618], [568711.3619906418, 5445889.10075761], [568708.7221540929, 5445893.4303469965], [568702.4979544706, 5445894.710202007], [568701.4337761475, 5445898.469734476], [568702.3049994161, 5445903.25238237], [568694.1577451329, 5445901.144716405], [568690.8635498318, 5445904.13297898], [568681.8984173691, 5445906.105688151], [568674.5683533535, 5445912.477427617], [568670.2425178976, 5445913.224533786], [568665.9794470622, 5445916.333658162], [568662.2310851543, 5445922.75747466], [568658.8053915543, 5445925.160770748], [568649.2731907718, 5445927.908304597], [568644.7867696899, 5445927.427166204], [568641.7132015817, 5445932.16890143], [568637.1331383314, 5445935.705056398], [568621.8361780955, 5445939.258216521], [568614.741868783, 5445944.017462247], [568587.2139253644, 5445949.125508331], [568576.2590313042, 5445943.271487761], [568565.2124296294, 5445941.350402082], [568542.8739752518, 5445931.650376583], [568523.4551940614, 5445920.797875114], [568507.9422435294, 5445910.1237924695], [568499.4741816572, 5445908.762708965], [568496.4732520889, 5445910.407266821], [568493.4728136859, 5445907.528143745], [568489.7693798637, 5445898.164700849], [568454.8036604555, 5445872.214192559], [568448.5407334754, 5445864.312079735], [568442.307206091, 5445860.947635872], [568407.8678288684, 5445834.026349679], [568400.5159451906, 5445834.577193544], [568397.0223804677, 5445825.246832951], [568383.1032146742, 5445806.516199532], [568378.42414621, 5445798.187038322], [568373.4180754747, 5445793.19159474], [568369.5105651089, 5445785.5594007], [568366.550804749, 5445774.284372274], [568362.2626202654, 5445721.621595719], [568359.6545856765, 5445712.01111347], [568360.0092732463, 5445701.599703538], [568363.9020193352, 5445696.920131062], [568368.5670061026, 5445700.386351345], [568379.3268210831, 5445704.028671402], [568395.1058923434, 5445715.570705052], [568410.5863315044, 5445729.74181672], [568430.0004742155, 5445752.385703001], [568431.8003735834, 5445756.828887557], [568441.2241945381, 5445766.269302027], [568454.5570474464, 5445788.809705755], [568469.5813478902, 5445805.78134001], [568473.014923505, 5445808.070227234], [568475.3645550394, 5445812.018628912], [568493.1108494101, 5445822.15677389], [568498.6300691053, 5445830.647175345], [568510.3348276278, 5445842.776749943], [568514.0405339384, 5445843.3684493145], [568518.670049115, 5445846.620339218], [568523.1047017275, 5445844.489499862], [568523.2781129733, 5445840.97895437], [568521.1102705012, 5445836.8097234005], [568511.8232006991, 5445826.584018025], [568506.544680129, 5445817.968734035], [568505.2383450369, 5445812.537282094], [568513.610675468, 5445800.32494951], [568520.6244315804, 5445799.191672979], [568525.4028102353, 5445796.404450433], [568528.2084540933, 5445793.886517751], [568531.937248759, 5445787.363015827], [568531.7513045561, 5445781.303020118], [568528.3325423971, 5445772.843806882], [568527.4021945808, 5445764.728925257], [568517.5616196105, 5445746.6498226905], [568517.5123443655, 5445741.255748132], [568513.6763139851, 5445719.247136071], [568507.2441191479, 5445702.670902915], [568507.2582244128, 5445697.981333599], [568502.2938205699, 5445686.399653065], [568498.5619545323, 5445673.107647481], [568486.2972804017, 5445655.993199366], [568484.2846124461, 5445645.059025268], [568485.7238339279, 5445636.912467767], [568480.5802084495, 5445630.66327823], [568478.2852818656, 5445625.123577291], [568474.5218937206, 5445613.019587958], [568472.434616747, 5445601.463920002], [568472.7476181622, 5445596.963993959]], [[568052.1732858184, 5445152.98665328], [568046.7198786187, 5445148.215812718], [568047.2828235936, 5445139.091556907], [568045.4013618312, 5445135.856144998], [568036.4034186078, 5445128.252831885], [568039.2561294822, 5445119.14693389], [568040.776586918, 5445117.253372381], [568040.5718619477, 5445114.503540399], [568037.4286393267, 5445114.272278319], [568035.0100861256, 5445117.015493948], [568032.5683931673, 5445117.352330301], [568031.1180992468, 5445115.807462072], [568031.3194314644, 5445113.464204488], [568039.6333543952, 5445107.298319594], [568048.778054552, 5445103.224434457], [568058.5778173604, 5445094.1702436535], [568064.0314401011, 5445093.3118164465], [568069.3253298596, 5445090.4590801615], [568071.1732752121, 5445084.3651154395], [568095.9252544153, 5445084.671244152], [568145.6618445057, 5445088.29924319], [568172.5469345647, 5445086.037698475], [568175.0824035422, 5445083.143789931], [568155.2676860314, 5445077.748295406], [568104.5351335704, 5445071.279477007], [568095.0215270752, 5445066.9149962785], [568088.4468216182, 5445056.751935808], [568083.9909190245, 5445054.030778963], [568074.4381030599, 5445042.057091395], [568063.4763875379, 5445038.936264004], [568056.3432491439, 5445039.027277103], [568043.3684464438, 5445035.339600887], [568040.4352512691, 5445033.119265148], [568036.1313595474, 5445033.220435883], [567985.6059077869, 5445020.168648706], [567958.9746462455, 5445010.651749784], [567953.7362342346, 5445007.240618065], [567946.5732353055, 5444998.329542778], [567944.8558267817, 5444993.731735573], [567944.3971690475, 5444987.676706123], [567939.7264905514, 5444982.00550634], [567936.5341605769, 5444975.167649455], [567937.2051611552, 5444968.063248226], [567935.6538447003, 5444961.334317879], [567929.1744384873, 5444958.957983433], [567927.2394568773, 5444956.837191391], [567926.2920006431, 5444950.151308583], [567916.8576707055, 5444938.707950902], [567919.0626313961, 5444935.213145065], [567922.838682456, 5444933.835538043], [567940.3460536548, 5444930.104031759], [567957.3342065271, 5444924.042040543], [567966.4512180086, 5444923.268587334], [567972.9247285891, 5444920.038220145], [567982.7227350811, 5444919.279863131], [567994.4967798294, 5444915.086294322], [568017.2682736041, 5444913.248257329], [568029.195025901, 5444910.464751547], [568057.9240060754, 5444910.025299521], [568098.7855148804, 5444915.230506829], [568129.2225283192, 5444912.831736796], [568151.4939132254, 5444914.295872681], [568158.7231232479, 5444909.328564904], [568162.5621251737, 5444909.871201183], [568169.9282464623, 5444907.869344873], [568179.5732175433, 5444909.905402867], [568184.3905006866, 5444913.7630973905], [568194.9561574835, 5444914.887073319], [568199.7466738721, 5444917.08452429], [568206.1527203344, 5444914.101954992], [568215.8655793408, 5444918.125628152], [568216.1420167566, 5444919.717319144], [568213.1059014872, 5444921.399397559], [568212.7690720581, 5444923.623977431], [568223.2788630005, 5444928.722056869], [568225.8320209939, 5444931.890971613], [568226.0473106317, 5444936.142235712], [568227.830217135, 5444938.5595791545], [568239.7814360746, 5444944.112687117], [568246.4548696413, 5444949.325406524], [568252.2424074411, 5444951.801857318], [568256.9947986361, 5444951.289934938], [568262.9288832366, 5444954.104472946], [568270.5533188402, 5444959.078758524], [568275.7339559065, 5444965.0880135], [568287.9203932644, 5444974.052490992], [568307.0735933142, 5444991.719842875], [568326.2466355604, 5444999.993286336], [568328.286356428, 5445002.289091236], [568328.1352758482, 5445004.029640283], [568321.361014617, 5445005.991659166], [568320.5685785494, 5445008.455768504], [568324.1369414489, 5445012.228175139], [568333.8055524256, 5445018.070969629], [568335.806061205, 5445022.193934098], [568348.0038129782, 5445032.042594694], [568350.8310868082, 5445035.810319496], [568359.307096257, 5445037.871035848], [568362.3961716979, 5445029.934993637], [568368.8419141357, 5445033.796385237], [568369.2276189306, 5445035.928497328], [568367.988235704, 5445038.811794708], [568372.7468040994, 5445043.498017678], [568376.6326851163, 5445055.096904175], [568374.661847524, 5445056.046384209], [568369.6004870587, 5445052.735906652], [568367.5730161471, 5445053.136362807], [568366.7406332061, 5445054.888187171], [568371.2448528939, 5445063.222580802], [568371.0957024918, 5445067.344104009], [568373.1230857279, 5445073.304074906], [568385.4349489089, 5445091.545883144], [568388.5037135454, 5445092.134325086], [568392.0294263464, 5445088.269323594], [568386.3897081449, 5445079.9047586145], [568392.1922957298, 5445080.032451074], [568395.8345440838, 5445077.874249895], [568399.9945215938, 5445082.911977589], [568408.161200731, 5445088.556450606], [568408.831170183, 5445097.073879634], [568412.1708509497, 5445108.056027182], [568415.4280531167, 5445112.790398168], [568415.1818009713, 5445116.2181609655], [568417.2476568848, 5445122.402675111], [568416.0591562421, 5445132.372706398], [568417.6783989281, 5445137.7583686365], [568418.8459616273, 5445150.714475327], [568419.4618356598, 5445164.400789485], [568418.1650089532, 5445169.445111365], [568419.3468851998, 5445173.783335352], [568414.0628289146, 5445174.779753451], [568404.9381345344, 5445172.98869543], [568400.9518507535, 5445170.432118348], [568397.8380967621, 5445174.915206372], [568395.8738720807, 5445173.691926778], [568394.402642176, 5445170.070868754], [568387.920470666, 5445169.047410744], [568376.5854556013, 5445164.020307006], [568371.3771241899, 5445164.118912814], [568357.3799915904, 5445158.082974177], [568340.3844013856, 5445155.29299118], [568334.9114264101, 5445156.06068599], [568307.3940707678, 5445149.93194155], [568274.2522565725, 5445150.943260179], [568266.6923543185, 5445152.495519424], [568256.1806996205, 5445150.623769534], [568251.7993362373, 5445154.0186131885], [568236.7164934669, 5445152.450949259], [568233.5699967148, 5445154.210708021], [568169.3201166268, 5445157.201723728], [568158.6005217088, 5445159.376469867], [568128.7541695932, 5445161.301015738], [568096.3642634695, 5445159.97471152], [568052.1732858184, 5445152.98665328]], [[568006.5304258977, 5444790.167829484], [568020.0494544753, 5444781.09567119], [568043.1777695715, 5444770.976906416], [568062.6169013357, 5444764.85514769], [568087.4398991663, 5444764.301271331], [568105.4332725861, 5444761.512940661], [568116.9254802624, 5444758.192466783], [568120.6973427666, 5444756.1159987245], [568123.4313832978, 5444750.6865554], [568128.0705303932, 5444749.168530321], [568140.1200148367, 5444751.041338144], [568154.9588953734, 5444756.23893144], [568161.887543383, 5444755.077087887], [568164.9389590097, 5444758.099339361], [568170.1793709996, 5444758.241126811], [568173.2629319899, 5444760.133131381], [568172.1279744048, 5444762.069086776], [568155.3882219859, 5444763.184688476], [568151.0047779855, 5444765.2133985665], [568143.7087426197, 5444764.102614721], [568138.2699972946, 5444765.101620759], [568137.4707065229, 5444767.629869269], [568138.9604790463, 5444769.543305649], [568148.576501405, 5444774.481422418], [568139.179224758, 5444780.416137483], [568137.7739705143, 5444784.224574219], [568149.2347019936, 5444795.519764733], [568150.4405637652, 5444798.586949348], [568147.7169606157, 5444800.240815919], [568135.2987999859, 5444800.278377511], [568130.5127459617, 5444801.895507266], [568122.2053688604, 5444809.854658068], [568118.0714165281, 5444810.852666571], [568116.6548642913, 5444817.015994712], [568066.2095360245, 5444813.0250451155], [568058.9144073583, 5444817.257922928], [568003.64402236, 5444831.032459978], [567990.469563795, 5444834.190447413], [567978.2949915967, 5444834.408253895], [567983.4551975457, 5444822.574662262], [567988.8254478229, 5444815.293603949], [567994.3554342752, 5444818.4734483585], [567997.7126566175, 5444816.107881683], [567999.2310354272, 5444808.097008861], [567996.488356584, 5444803.945855789], [567998.4208532139, 5444799.551509219], [568006.5304258977, 5444790.167829484]], [[568087.4724115198, 5444729.810723493], [568043.1095206182, 5444734.885218376], [568037.9293956809, 5444738.884536319], [568024.8221778736, 5444743.120991993], [568023.2300133267, 5444745.946223189], [568024.4066800443, 5444749.547545098], [568023.010507482, 5444752.546262329], [568006.4378292412, 5444758.178713958], [568002.4601100814, 5444762.145671665], [568005.5435418834, 5444766.878243145], [568004.2185545733, 5444770.902071183], [567976.0528306693, 5444799.992408863], [567966.5190999851, 5444815.350316592], [567957.0790339779, 5444826.879927614], [567951.1952441165, 5444831.877353311], [567943.8731416576, 5444836.210238074], [567941.8770466765, 5444839.249490689], [567929.2713476523, 5444848.203655571], [567924.0205616367, 5444853.854171893], [567917.0232970155, 5444858.047565446], [567911.9863139989, 5444857.91704073], [567907.4895553754, 5444861.10535723], [567898.310460693, 5444863.721741508], [567877.1633199865, 5444875.345633035], [567851.3724949945, 5444885.814861405], [567846.6346057443, 5444889.161977312], [567833.5538742105, 5444890.819788527], [567810.1842596806, 5444898.233401208], [567767.5361243505, 5444904.083932658], [567720.8667627001, 5444900.2764605405], [567703.495161086, 5444901.290406304], [567661.1233509404, 5444896.597908339], [567655.4948402725, 5444894.090847242], [567654.442540429, 5444891.875243634], [567657.1289599478, 5444889.97537422], [567667.5265849289, 5444890.295378196], [567686.2066279885, 5444886.920772496], [567693.6769022231, 5444887.239632964], [567701.895149533, 5444885.172971577], [567708.4137874638, 5444881.62693232], [567729.1137661473, 5444877.110713337], [567736.811812127, 5444869.238523701], [567743.5623895577, 5444866.253892606], [567744.4991195772, 5444864.316795592], [567741.5734550463, 5444861.953059887], [567735.2104247374, 5444860.392118648], [567719.9325502991, 5444864.060639518], [567713.2492062947, 5444863.075346968], [567689.0186970857, 5444869.796437509], [567660.5213099882, 5444871.215336083], [567643.3991543852, 5444870.396680167], [567630.760289964, 5444867.185247779], [567617.1686395718, 5444858.813960771], [567581.0848784085, 5444844.300123045], [567556.6938795422, 5444840.698926992], [567549.4767004481, 5444838.289632506], [567540.1249207152, 5444834.103411533], [567531.6999006282, 5444825.9609193895], [567512.1803109723, 5444823.131747001], [567489.7658246453, 5444813.992658255], [567475.7202318968, 5444809.985577096], [567445.9231695023, 5444797.608669239], [567435.8657927652, 5444789.048681465], [567427.5011488994, 5444792.17103824], [567423.3874006968, 5444788.797081997], [567418.4036279877, 5444788.508039012], [567413.5344439524, 5444784.105575218], [567406.7921545834, 5444783.939712189], [567402.138889754, 5444781.4562539775], [567394.8773729362, 5444773.85293637], [567388.8756738913, 5444770.510630514], [567357.8413546089, 5444757.922116491], [567351.8308572368, 5444753.074742145], [567320.1858995581, 5444736.846193972], [567266.2011365873, 5444719.002289428], [567245.0917145839, 5444715.874738176], [567232.1010490841, 5444712.2400547825], [567209.7351279005, 5444700.079484008], [567198.0902380653, 5444684.399057605], [567190.9143833112, 5444679.943693166], [567187.9211468612, 5444676.0141780265], [567171.36665718, 5444668.010390678], [567167.8167475931, 5444663.958292387], [567158.8980687739, 5444661.13768269], [567142.3780977023, 5444651.17308269], [567127.070758125, 5444646.296721272], [567124.3592449375, 5444644.1833801605], [567118.8956562278, 5444643.749141482], [567111.5063477536, 5444638.041878456], [567101.9893215412, 5444635.234879699], [567089.3381511859, 5444627.075014928], [567086.3161687509, 5444626.874988971], [567050.9813715424, 5444610.875442425], [567037.314521506, 5444606.816815507], [567003.2611905899, 5444604.066391687], [566972.4211410583, 5444596.382614045], [566948.7029003331, 5444598.232572302], [566938.8562554384, 5444601.250644826], [566910.5525930886, 5444605.786782141], [566893.3344828221, 5444611.379161017], [566874.8403709406, 5444614.964925009], [566868.6606422515, 5444626.198458376], [566866.076820668, 5444628.416875295], [566850.8527881772, 5444632.106790996], [566839.9266574435, 5444630.09669318], [566834.2608247298, 5444634.12796951], [566825.5536024949, 5444631.940801099], [566815.0357843377, 5444632.059075073], [566784.2661829166, 5444623.408536419], [566776.6178961525, 5444624.149161986], [566771.25822235, 5444620.99023696], [566751.3928579798, 5444615.984057569], [566735.153487192, 5444614.928709132], [566704.6696221767, 5444605.052282483], [566685.7122281515, 5444600.725206787], [566640.9889661551, 5444594.006651045], [566634.0462754656, 5444594.848993096], [566627.3513012653, 5444592.034519406], [566557.7986813022, 5444587.040637669], [566544.8096680003, 5444584.296445557], [566527.3308486589, 5444584.614396068], [566523.5529843848, 5444582.8278120505], [566515.5743910428, 5444575.256226611], [566505.4214884314, 5444553.844988642], [566500.4696574676, 5444546.137769912], [566498.1077404947, 5444539.57696497], [566500.891599559, 5444534.5773601625], [566518.1754102291, 5444515.89059907], [566526.8176595272, 5444509.0031250315], [566537.6427056064, 5444505.959568512], [566544.0224419008, 5444500.1277355645], [566552.3635496137, 5444500.280377204], [566559.7490538673, 5444496.9638062855], [566591.092439874, 5444489.341995436], [566615.6110604594, 5444479.807987291], [566629.4495457923, 5444477.65960469], [566644.8031846231, 5444469.916477231], [566649.657010282, 5444469.610283584], [566677.416078801, 5444459.031193524], [566682.795635486, 5444459.036317498], [566694.8004679043, 5444454.197078797], [566704.2977339274, 5444453.2343563745], [566725.1867437947, 5444446.908971426], [566741.9450808015, 5444444.176136238], [566752.7260150904, 5444440.15100642], [566769.7537774988, 5444436.951223756], [566773.4057448116, 5444434.161653844], [566779.3521228827, 5444435.187596751], [566794.532311454, 5444431.970942278], [566806.7523457842, 5444432.118481772], [566823.670166964, 5444426.17898779], [566828.1705036977, 5444428.236426686], [566829.8614722493, 5444436.350609278], [566839.540347783, 5444444.664034971], [566843.6690156504, 5444450.133568884], [566877.7753384681, 5444469.265834478], [566893.9775792597, 5444482.885538606], [566914.232807063, 5444517.485450888], [566914.2263376131, 5444523.054334508], [566919.4298957242, 5444547.601665899], [566924.1767859352, 5444550.144515713], [566925.5946670732, 5444546.594935694], [566926.5251204938, 5444532.374737378], [566926.1023746356, 5444522.179276743], [566927.3898653262, 5444513.671553578], [566926.5092960126, 5444508.5134715615], [566924.4814187387, 5444502.208552907], [566911.991162017, 5444478.818595366], [566891.5641398787, 5444468.681154663], [566887.3919130551, 5444462.007273714], [566877.0574080189, 5444454.490227696], [566875.8572016926, 5444448.613704227], [566869.1237479107, 5444442.897586842], [566852.9563140586, 5444435.857858072], [566847.7478503009, 5444431.845339471], [566834.7149188889, 5444428.124267786], [566830.7637306071, 5444425.879966217], [566830.2604323216, 5444423.086429439], [566841.30510311, 5444421.153980186], [566865.1133736705, 5444410.834422563], [566896.4173783435, 5444403.166323906], [566925.9251187117, 5444398.133933916], [566948.5380241806, 5444401.029189426], [566984.3245677546, 5444398.810652298], [566990.74170798, 5444396.085411971], [566997.6345699645, 5444396.769318273], [567006.6144993468, 5444393.266949284], [567037.6846855157, 5444391.358218022], [567045.4622087388, 5444389.001534688], [567058.0389954159, 5444388.042594277], [567081.8843002417, 5444382.047546277], [567092.789667126, 5444377.001555074], [567124.9961478476, 5444371.071181248], [567142.7665160506, 5444366.112757095], [567160.0063169517, 5444364.66760843], [567165.3451489811, 5444366.288141292], [567190.5009864989, 5444366.820853136], [567196.0619678727, 5444369.143992484], [567204.1469715274, 5444375.091886754], [567208.5537718983, 5444380.568959075], [567212.7795442289, 5444382.059313952], [567217.34979574, 5444386.916016332], [567224.060031307, 5444390.33938777], [567272.6129706231, 5444411.121454979], [567294.363145636, 5444415.090218414], [567330.8871904599, 5444415.42651267], [567352.8035214986, 5444407.958221344], [567369.9126150409, 5444404.027515464], [567379.5178759996, 5444404.860148992], [567415.7226241784, 5444398.103297161], [567422.8775852884, 5444398.710901236], [567455.425244504, 5444395.0637215525], [567471.4396144474, 5444395.065750017], [567504.8482943099, 5444399.286469066], [567517.1450701898, 5444402.447285712], [567527.2197270758, 5444401.958846322], [567539.823159361, 5444405.210101898], [567546.9568266757, 5444409.955934214], [567556.8278671223, 5444412.228313116], [567574.2845876275, 5444424.402551628], [567580.2638057123, 5444426.511782955], [567592.4011055888, 5444436.033288449], [567598.2044826968, 5444438.47092583], [567606.2908205618, 5444439.311320975], [567607.358143853, 5444441.190456473], [567606.163506388, 5444443.381170944], [567606.4792103814, 5444445.87257551], [567609.7981337281, 5444448.044925768], [567623.2882795533, 5444449.17109813], [567638.3186528725, 5444456.443323821], [567648.0382093701, 5444456.935087942], [567686.8722501285, 5444470.2393570915], [567705.1476141937, 5444474.246405069], [567716.1271118883, 5444478.446927299], [567749.4866427107, 5444484.990107656], [567756.5080679265, 5444488.539141141], [567766.8971632083, 5444489.712097876], [567772.4190168335, 5444487.200378635], [567777.8011166592, 5444493.20352338], [567795.0598028664, 5444498.9433733355], [567822.9312377069, 5444511.856285725], [567826.8316863845, 5444512.111886925], [567840.070546508, 5444522.17991278], [567844.5657865729, 5444524.035977184], [567863.8671135071, 5444538.066594099], [567872.9464248281, 5444548.571668197], [567878.5743588512, 5444551.752107801], [567887.2663685526, 5444561.310485067], [567893.4283661925, 5444570.884890141], [567907.1026537096, 5444584.127652327], [567909.3364166674, 5444582.583553987], [567907.1703316376, 5444575.4741116855], [567907.6231741591, 5444572.43799668], [567915.5043093346, 5444572.971271841], [567933.215180438, 5444581.649555085], [567937.5807584635, 5444585.660380927], [567955.5213470209, 5444596.426434992], [567962.7995085894, 5444596.898285397], [567968.9090363766, 5444599.267114008], [567996.5652590422, 5444615.782218963], [568001.3040894243, 5444615.787517455], [568008.9292707408, 5444619.165217617], [568023.1086572336, 5444629.729798227], [568025.1909085263, 5444636.589037056], [568031.9688070399, 5444633.677932673], [568032.3365851945, 5444631.403805399], [568031.1823311497, 5444629.330474527], [568031.9524631158, 5444627.961490555], [568039.2989673931, 5444630.943650773], [568041.4986377286, 5444629.637488008], [568042.7182159827, 5444626.178506614], [568048.2542742994, 5444626.906031624], [568052.4879741482, 5444639.351461795], [568051.2377839284, 5444643.39482416], [568052.2859556819, 5444648.589304977], [568054.5101654105, 5444649.502492037], [568058.0572787, 5444647.092207604], [568060.3311554102, 5444650.954278075], [568059.9475270399, 5444653.932238064], [568055.6401354228, 5444654.467996909], [568054.6945065599, 5444661.0549760945], [568055.8740800293, 5444665.8791454695], [568061.9920928302, 5444673.15558945], [568064.289733798, 5444678.23372045], [568066.2666519276, 5444687.566166912], [568062.8545322809, 5444691.445596802], [568052.6635142735, 5444693.687636191], [568047.6347394792, 5444700.605026074], [568045.7572652255, 5444712.197290478], [568040.6131349438, 5444713.272354209], [568033.3330642695, 5444712.068507482], [568032.3170019523, 5444714.901697086], [568039.3782219006, 5444721.637895657], [568050.7515241186, 5444721.340944237], [568052.7584918264, 5444727.761834549], [568059.6345384262, 5444728.29057441], [568072.8101457261, 5444725.873097629], [568084.9307230649, 5444727.119870806], [568087.4724115198, 5444729.810723493]], [[566130.514112894, 5443832.96171457], [566131.9580812114, 5443831.380395051], [566154.881708368, 5443833.191610393], [566167.2337244167, 5443831.07098847], [566175.4833748975, 5443832.963543835], [566188.037960409, 5443833.20294717], [566214.0074307901, 5443828.006902119], [566232.65443405, 5443815.095872649], [566239.5703199648, 5443813.114661542], [566246.7309387744, 5443805.9335456025], [566256.2663754744, 5443801.50669936], [566259.4892360696, 5443795.95407879], [566265.4881684268, 5443794.020621978], [566277.1207614085, 5443778.517750471], [566278.426547243, 5443772.695790497], [566276.4704956844, 5443763.697714524], [566270.571360764, 5443755.8772415845], [566253.654389819, 5443747.68433803], [566248.388175661, 5443740.219859198], [566240.864556729, 5443737.432534656], [566236.0738720747, 5443726.990098727], [566233.9095389753, 5443717.722211158], [566236.5304957702, 5443709.558548409], [566243.4570913755, 5443705.054236929], [566249.7755109165, 5443695.855417606], [566258.8697769417, 5443690.004957103], [566271.5257163198, 5443684.98727352], [566281.5091502967, 5443686.18188755], [566283.8408346496, 5443689.207515608], [566287.251968909, 5443690.762776046], [566288.4986482298, 5443695.303660431], [566290.9724954083, 5443698.811116778], [566312.1127590679, 5443708.508808685], [566316.6664591059, 5443712.037014549], [566334.6569212333, 5443717.989138796], [566339.6883609261, 5443718.034599121], [566349.508401508, 5443722.19867039], [566355.005918729, 5443722.602623875], [566361.762931403, 5443718.969899776], [566368.4587366199, 5443717.913843438], [566372.8240533147, 5443724.62291485], [566375.8027018054, 5443724.986096432], [566379.589576783, 5443721.512145258], [566385.8486546502, 5443727.009541726], [566394.3447588296, 5443724.118223064], [566399.3487620128, 5443720.177122088], [566402.9915998885, 5443713.401985609], [566406.3121959409, 5443711.647962659], [566424.3904639656, 5443713.709402789], [566436.116592472, 5443719.189920219], [566446.4780646187, 5443727.683990974], [566450.797578937, 5443729.049399932], [566457.6299202767, 5443736.287387633], [566465.1124754159, 5443740.624798852], [566466.7571374807, 5443744.980933616], [566476.1475754583, 5443749.906853681], [566487.0565046611, 5443760.562259947], [566505.7658015242, 5443773.942320966], [566513.4971382205, 5443783.180554529], [566525.3637213886, 5443792.22239604], [566529.3973723584, 5443798.02182512], [566528.0949152055, 5443801.084175847], [566523.2471896284, 5443805.012338097], [566515.344084385, 5443806.866002152], [566508.0546494317, 5443802.366116971], [566496.3345377444, 5443787.628872992], [566487.3030504183, 5443780.551747773], [566463.1859884264, 5443766.934566219], [566451.536224405, 5443764.298249404], [566421.808440314, 5443769.954573403], [566420.0851409778, 5443772.1042026235], [566421.4278310989, 5443775.680597596], [566425.3371205, 5443780.38697438], [566440.8143918943, 5443787.3335502045], [566454.7980513143, 5443798.260194367], [566454.3281966525, 5443801.544524692], [566450.0571509737, 5443803.31407435], [566426.5355812046, 5443802.9404967595], [566391.6988926196, 5443811.367832603], [566353.3731988658, 5443813.790143812], [566322.6498560628, 5443824.2660258915], [566282.8562673616, 5443834.156011207], [566238.3008524119, 5443838.777990393], [566201.2749889458, 5443846.000060394], [566183.3597449259, 5443854.067342011], [566144.0025073945, 5443867.232920524], [566133.9082341215, 5443865.871514453], [566128.4090076771, 5443860.010841977], [566129.5478733602, 5443847.771382611], [566129.1608110454, 5443839.073777492], [566130.514112894, 5443832.96171457]], [[566412.4174944144, 5443679.480028353], [566411.8080590381, 5443668.249887251], [566415.3027249901, 5443664.340928292], [566421.2034889671, 5443662.3151126085], [566446.3381012703, 5443662.309785605], [566484.9692380519, 5443656.012604211], [566496.7892350105, 5443657.945592215], [566505.6052378811, 5443664.90965456], [566507.9273178263, 5443664.936683346], [566516.3086763399, 5443659.4315845845], [566522.0335185218, 5443658.88060599], [566541.3571188364, 5443663.483208625], [566561.266907545, 5443665.913986207], [566580.1658733296, 5443675.504066944], [566587.4576000725, 5443686.976066246], [566595.5206820932, 5443695.40432072], [566600.4006392283, 5443711.968241932], [566598.1665228592, 5443719.737622357], [566593.9272105546, 5443721.609286825], [566591.9374294654, 5443725.052213556], [566585.2462840459, 5443721.388014283], [566582.6948617504, 5443722.3248939635], [566582.948167123, 5443728.548716694], [566586.5066806665, 5443735.167116984], [566586.39291491, 5443741.714953009], [566588.6472502241, 5443744.915273141], [566589.2604516277, 5443749.719459975], [566585.8969761663, 5443753.961560146], [566581.0828451646, 5443754.223317843], [566568.8032123253, 5443758.562518241], [566567.1388183485, 5443767.848876478], [566568.3050775725, 5443772.7054996705], [566573.2895940836, 5443777.879955332], [566572.3706742477, 5443781.77901593], [566565.252108354, 5443787.566202954], [566556.3082193458, 5443789.210863666], [566545.1837340228, 5443787.686406573], [566540.0842027643, 5443784.23178827], [566537.0195468287, 5443779.450434052], [566516.5896238099, 5443768.0114422245], [566512.0930792136, 5443762.672283066], [566499.9219030268, 5443754.625370819], [566482.3947433503, 5443738.583857359], [566474.9996019227, 5443734.49611702], [566462.9826684133, 5443720.46366991], [566455.593396308, 5443715.717125197], [566454.7059883889, 5443713.14026415], [566452.8869083958, 5443711.586101181], [566449.5140896323, 5443711.850112072], [566442.6272915786, 5443705.8511862755], [566434.8645725842, 5443701.597948659], [566415.2850617721, 5443684.741197806], [566412.4174944144, 5443679.480028353]], [[566169.3827935517, 5443807.6970376335], [566171.4956110374, 5443813.433181857], [566178.5350308195, 5443819.835001705], [566177.9772177591, 5443822.519317268], [566150.4773605157, 5443826.18145537], [566144.3550374098, 5443825.07626698], [566136.052686149, 5443818.300644324], [566133.1988037382, 5443812.022008965], [566132.0557847383, 5443802.205183261], [566133.0320599852, 5443785.664079996], [566135.0836642985, 5443772.79620919], [566141.3549426149, 5443748.336321069], [566147.7743915386, 5443734.53947755], [566153.4181788338, 5443715.273689877], [566160.495486112, 5443700.194534749], [566170.3198028184, 5443687.171443844], [566179.5355895871, 5443681.278508125], [566198.0034819109, 5443679.0076678], [566212.8126578443, 5443684.217959151], [566227.827105658, 5443687.041618569], [566231.3793866413, 5443689.439386217], [566226.1692845924, 5443700.604065745], [566221.1458012692, 5443704.501783795], [566216.9656691032, 5443717.037806493], [566218.2675440179, 5443720.941893529], [566223.0240748433, 5443726.249339322], [566224.5179809252, 5443732.068955708], [566220.5362524575, 5443746.542281205], [566220.7392573885, 5443750.4840458045], [566218.521624702, 5443755.472499041], [566211.0532421273, 5443765.803983877], [566201.7901919816, 5443774.677757949], [566183.7889521552, 5443786.896030487], [566178.5836591206, 5443788.111019669], [566174.6904488396, 5443792.670526013], [566170.2481633883, 5443801.471262233], [566169.3827935517, 5443807.6970376335]], [[566662.2656923736, 5444197.821425568], [566670.1495384392, 5444194.850888208], [566677.2088705874, 5444194.058787756], [566681.72549873, 5444196.0034978995], [566686.2149372015, 5444194.1638351055], [566705.8174815045, 5444196.308062614], [566721.070582078, 5444195.997190139], [566732.7403740541, 5444198.343426914], [566738.641966365, 5444197.301907478], [566743.8634562897, 5444192.195712953], [566749.668730171, 5444191.010799345], [566753.1669491454, 5444192.121703047], [566754.2141603994, 5444196.026934496], [566756.2883503155, 5444201.489509551], [566762.3607382125, 5444210.625343013], [566763.5828172625, 5444211.4027489405], [566769.9123448288, 5444215.429157479], [566773.9017834177, 5444219.827348702], [566773.6158462842, 5444223.811346808], [566772.3550325108, 5444224.779143311], [566763.7763356654, 5444231.364435266], [566759.9911351084, 5444233.980043028], [566700.3975950927, 5444246.225461801], [566695.3962745451, 5444245.2333479775], [566678.2593267646, 5444248.324465482], [566670.7218402943, 5444245.092325762], [566655.4242226197, 5444244.283425241], [566650.7914405116, 5444242.015945946], [566601.5994920444, 5444240.094292792], [566599.3717910742, 5444237.582321573], [566600.6104200676, 5444235.724789518], [566627.1098554563, 5444223.988450466], [566640.3739441102, 5444216.445503061], [566643.9349780377, 5444212.314585002], [566651.4248053923, 5444210.185579235], [566656.1971757275, 5444202.285829419], [566662.2656923736, 5444197.821425568]], [[567250.9401718446, 5444744.442649538], [567259.8268007424, 5444750.046883337], [567262.1378001785, 5444753.044002699], [567262.9682744599, 5444758.495611053], [567269.0274535387, 5444759.363291292], [567275.008792978, 5444764.225753484], [567296.1476096347, 5444770.246324207], [567300.9407238734, 5444772.895785348], [567310.3427237287, 5444779.484589092], [567323.3486360275, 5444792.288962543], [567333.1671441197, 5444806.114717936], [567342.0676428602, 5444823.125519114], [567349.4586622338, 5444832.646072826], [567350.6988943149, 5444836.859273235], [567348.8343514929, 5444840.473671773], [567346.800245297, 5444840.963718944], [567334.8840510513, 5444839.313114494], [567325.4695458988, 5444846.409200213], [567324.9211252863, 5444849.090263944], [567329.4487517665, 5444853.557040734], [567336.868851734, 5444854.985672611], [567342.1144376834, 5444860.5893189395], [567347.1868593683, 5444862.425239656], [567348.2503991813, 5444863.706239599], [567348.529310627, 5444870.170839102], [567349.5710896509, 5444872.083335742], [567353.6510640938, 5444875.744117417], [567359.8879355986, 5444877.567479809], [567361.8535894844, 5444881.210258476], [567363.8994529418, 5444889.649663408], [567366.2354804634, 5444892.399945949], [567377.4072321443, 5444892.286191845], [567383.0567505711, 5444894.307256301], [567393.0029091039, 5444903.968258825], [567392.9798863597, 5444905.991875818], [567376.9874709761, 5444898.622480174], [567374.1896215182, 5444899.498245287], [567369.4699580309, 5444905.516670244], [567367.8362198635, 5444905.828599536], [567367.3904889944, 5444900.548276095], [567365.5091117587, 5444899.133973621], [567362.784963618, 5444901.758350742], [567362.4496222355, 5444906.404598456], [567357.604499486, 5444908.579333457], [567355.3970893057, 5444912.8670740295], [567349.4019724266, 5444913.167000322], [567336.5728356566, 5444910.489251807], [567329.6495881495, 5444905.907002388], [567291.9334006386, 5444890.6924970355], [567264.031660957, 5444883.674675591], [567234.5947349773, 5444879.143163422], [567225.2220986566, 5444875.952104547], [567218.9595948313, 5444876.207434133], [567214.0115762985, 5444874.197798279], [567198.8862001601, 5444875.051540919], [567192.6483338135, 5444872.876457385], [567177.0831157875, 5444871.282215604], [567153.7037285755, 5444864.982313427], [567147.1822943592, 5444865.00042643], [567134.6907072664, 5444862.066447118], [567129.0658776838, 5444863.434299916], [567116.6140333888, 5444862.094973197], [567111.8188539222, 5444859.122004749], [567105.4157329862, 5444857.948575787], [567094.6163935729, 5444859.283715543], [567061.3642941532, 5444849.919631414], [567058.3070638588, 5444850.957766126], [567053.6736434669, 5444856.73047983], [567067.3317317867, 5444861.886120076], [567066.1820885265, 5444863.619707793], [567060.8799501661, 5444864.069524546], [567037.8719679351, 5444857.160352926], [567036.3254377318, 5444854.743125102], [567036.4463524681, 5444851.30745676], [567034.2497290003, 5444848.285437798], [567026.2637733866, 5444843.927839431], [567021.1196163899, 5444844.203003211], [567016.4478223776, 5444847.984197128], [567016.3162369453, 5444852.447534121], [567019.4394523387, 5444858.4701465005], [567018.837341193, 5444861.725797918], [567014.2855905031, 5444867.942084928], [567010.6546455217, 5444870.089956566], [567002.6777590723, 5444871.018097499], [566986.6243044003, 5444862.22935264], [566980.2278878675, 5444862.062981912], [566972.868714318, 5444857.874028215], [566959.1724496594, 5444853.580711056], [566954.8974053198, 5444849.067549226], [566924.7283732841, 5444839.9263950605], [566918.0429306997, 5444834.392879715], [566898.0559866676, 5444828.251966206], [566889.2967087016, 5444823.090457727], [566890.7725651988, 5444817.5865913695], [566895.8073958649, 5444813.169255425], [566914.904437806, 5444805.8852488445], [566960.3361855292, 5444800.223828909], [566990.5530459592, 5444793.972499916], [567044.1645985607, 5444798.300252003], [567085.2983021957, 5444798.839070256], [567088.9878633993, 5444797.681726042], [567106.6558317398, 5444799.420066427], [567110.3824794779, 5444797.461686408], [567115.6219967239, 5444790.465188991], [567134.4890988158, 5444773.667924977], [567146.0207403061, 5444758.674565788], [567151.5828838693, 5444760.084880465], [567180.0539715581, 5444760.081165944], [567216.106482005, 5444754.830142931], [567237.2587089965, 5444756.23162059], [567249.7530983147, 5444754.465243812], [567250.6624361047, 5444751.0298530115], [567243.4445346879, 5444744.578962114], [567245.326139953, 5444743.015792802], [567250.9401718446, 5444744.442649538]], [[568974.9465415447, 5444277.960720852], [568971.3035270836, 5444275.111389556], [568956.1671073986, 5444263.27294122], [568942.6708973502, 5444252.717294594], [568942.0737304847, 5444252.250216804], [568927.1317183585, 5444243.246527759], [568918.2692437691, 5444237.906317636], [568912.6395398733, 5444235.051552476], [568902.6811474215, 5444226.921918845], [568885.6835494108, 5444218.508706972], [568879.10203843, 5444212.314398528], [568850.6519537941, 5444198.975026079], [568841.3462509481, 5444196.469694872], [568827.3764306903, 5444188.168445242], [568809.3128104501, 5444182.294338511], [568804.5655527863, 5444179.256939063], [568789.966260966, 5444175.949953451], [568782.259016429, 5444167.175547571], [568774.7791210145, 5444168.557592567], [568771.5802434668, 5444165.248871117], [568766.2257717734, 5444163.216038233], [568762.5098669251, 5444154.26697935], [568750.9290217079, 5444146.46558854], [568738.5496673621, 5444131.89591913], [568732.0673368119, 5444121.170277152], [568721.0239443227, 5444113.214057579], [568720.2524395286, 5444110.403334725], [568722.750326052, 5444107.28983878], [568728.1830271775, 5444105.074244903], [568748.76957891, 5444104.197717333], [568765.1289007317, 5444100.944675574], [568807.1162913217, 5444103.156514002], [568898.0088385572, 5444150.965371061], [568923.0283851326, 5444166.338837555], [568943.0832647033, 5444173.444319565], [568954.8498433768, 5444182.925098294], [568955.2136459481, 5444186.771938362], [568956.4733021655, 5444187.813316555], [568969.0846766174, 5444190.311092416], [568993.4914003907, 5444205.429635683], [569014.5467197418, 5444221.330537078], [569040.7887029981, 5444246.589515955], [569059.1448867167, 5444266.402057512], [569075.0647794423, 5444290.3597547], [569086.3439396031, 5444303.677597015], [569092.4058598846, 5444315.530523331], [569104.1857151985, 5444333.468539022], [569110.1090907482, 5444342.488434937], [569112.7095384847, 5444346.448316038], [569118.5201410736, 5444353.832373917], [569119.1909377126, 5444356.368330083], [569126.1625441181, 5444368.722203211], [569126.6291084902, 5444381.569430997], [569120.4000591954, 5444386.996125251], [569111.7430322688, 5444385.025380957], [569107.4438537416, 5444387.280248036], [569105.2705852534, 5444386.503652948], [569103.0369370595, 5444384.221103768], [569096.4452965754, 5444383.804748541], [569089.5105529132, 5444375.198780499], [569070.8812304654, 5444371.042456604], [569067.5912197657, 5444369.110263091], [569055.9936724475, 5444356.286106635], [569049.1385539079, 5444345.183908479], [569021.9540093002, 5444317.200859928], [569006.4508305859, 5444303.901252959], [569001.9984793455, 5444301.80031486], [568997.9442120234, 5444296.352976135], [568981.6051281417, 5444285.216522074], [568974.9465415447, 5444277.960720852]], [[569123.0308545267, 5446378.177146688], [569127.689253932, 5446384.793440918], [569134.4646502108, 5446391.05881028], [569134.8205215844, 5446392.830209482], [569128.14201831, 5446406.046816498], [569116.2932479816, 5446417.050744233], [569095.1196069093, 5446430.691873953], [569081.0488457156, 5446441.84626626], [569075.498396441, 5446443.937583553], [569070.8633143259, 5446448.376997257], [569037.9622896148, 5446462.980602316], [568941.7624934516, 5446487.83945318], [568926.9816001714, 5446487.180262704], [568914.2997562718, 5446491.297608391], [568874.6716717035, 5446490.038190598], [568852.6012032935, 5446483.162052637], [568834.6783343276, 5446474.164352077], [568818.476570513, 5446463.172367807], [568802.2939588435, 5446449.091255023], [568791.7298249996, 5446437.1124142185], [568789.6559853137, 5446432.098047593], [568783.5515631085, 5446429.5286033265], [568772.1018015648, 5446412.592522398], [568762.4372593749, 5446404.948993772], [568759.2894515771, 5446399.189978289], [568754.1260813816, 5446393.654838683], [568736.6474909959, 5446379.2232337585], [568733.72077373, 5446374.539665001], [568722.1005505559, 5446365.210873989], [568716.4850037387, 5446359.667271075], [568715.3852811524, 5446356.696183174], [568706.6792622893, 5446348.998820395], [568693.347101194, 5446329.812927165], [568688.4820552319, 5446317.9782997575], [568689.3889581384, 5446314.314063614], [568700.1399973489, 5446306.91060402], [568716.2987962574, 5446291.577089574], [568723.6013389735, 5446290.445246246], [568726.0656539919, 5446285.572843047], [568742.8744114465, 5446285.033288784], [568749.1002276308, 5446283.084813456], [568752.3378116556, 5446280.153816451], [568760.2311537873, 5446281.990161401], [568769.8803110783, 5446274.911371917], [568778.1067270014, 5446277.86232514], [568782.8209017657, 5446274.5446035005], [568793.072247434, 5446276.265465025], [568809.4207931433, 5446274.349624174], [568815.8978065551, 5446275.059034874], [568819.8301995923, 5446272.937061992], [568833.8107345632, 5446271.165134936], [568839.3552140156, 5446263.436039973], [568851.7939623196, 5446256.8745487435], [568862.2480497152, 5446254.333130948], [568872.665215876, 5446255.751649734], [568894.4480458399, 5446259.20499697], [568914.0329520139, 5446256.703437837], [568929.8107523074, 5446260.135512371], [568943.7241075407, 5446260.19865412], [568959.8376115243, 5446262.819237724], [568977.5122923836, 5446270.251685413], [568984.4322015868, 5446269.050003646], [568995.3459216811, 5446271.03337247], [569002.1035845177, 5446270.428360213], [569010.232653336, 5446266.14352737], [569013.0495963821, 5446266.4019228015], [569016.5543349005, 5446272.6206434285], [569030.5847487326, 5446281.201032233], [569039.096411354, 5446295.403087577], [569046.9653455699, 5446300.330392572], [569048.9029383395, 5446304.34763851], [569054.8556260039, 5446309.029535074], [569057.2538085282, 5446316.585766275], [569063.0024858481, 5446327.4720962], [569072.3792541921, 5446337.120026792], [569078.8266933704, 5446339.230361523], [569081.2161558652, 5446341.51084136], [569082.626561152, 5446346.184760111], [569089.2952264418, 5446352.494056906], [569096.8468678521, 5446364.990906891], [569103.4339086745, 5446367.15222752], [569108.7776818465, 5446372.271394393], [569123.0308545267, 5446378.177146688]]], [[[567620.8371868809, 5443331.588791482], [567623.938046578, 5443322.598715023], [567620.9282131015, 5443311.632663887], [567618.8663492934, 5443300.689337417], [567614.8771163037, 5443297.627476428], [567601.9534991939, 5443298.581186708], [567593.9032871544, 5443300.695260981], [567589.8753629406, 5443305.560220042], [567587.8259335913, 5443315.6637707185], [567587.9336015884, 5443320.579435919], [567594.8614079749, 5443332.6941186255], [567607.8324696141, 5443341.558402567], [567616.8097123954, 5443343.569523677], [567619.8398880437, 5443341.549696961], [567620.8371868809, 5443331.588791482]]], [[[567729.9113300978, 5443310.599354592], [567729.9139574143, 5443299.670185283], [567729.8283922053, 5443299.513502804], [567727.9421918553, 5443295.687910285], [567719.938310242, 5443291.631769711], [567713.841678228, 5443292.66874482], [567704.8690998112, 5443301.586814181], [567699.8393289507, 5443312.598982748], [567697.8362663778, 5443323.659427104], [567699.8905707507, 5443334.613781742], [567706.8753532491, 5443345.628624881], [567714.879114579, 5443349.684825285], [567727.899320094, 5443348.576933097], [567729.841458664, 5443333.557679216], [567729.9113300978, 5443310.599354592]]], [[[566887.8331209309, 5443422.585769597], [566903.9541382876, 5443440.6701620305], [566925.9367572916, 5443459.626179493], [566931.9340293554, 5443462.545057496], [566945.9480608787, 5443463.659907045], [566952.8100952951, 5443459.629355369], [566951.8035707879, 5443453.602180885], [566932.8873429282, 5443435.639381019], [566920.8434873613, 5443411.578248935], [566912.8870855881, 5443397.550683235], [566896.82246211, 5443379.622596928], [566882.9081340921, 5443363.621818685], [566871.9363643954, 5443354.616635853], [566863.8236324831, 5443345.657284553], [566843.837712258, 5443328.626880534], [566832.8834775306, 5443317.565222153], [566822.8492725175, 5443310.63947501], [566815.9433074434, 5443308.654729248], [566807.8692815317, 5443311.559029525], [566804.821668058, 5443315.647004006], [566804.9228726986, 5443320.55142049], [566823.8514705724, 5443343.583757751], [566831.8037460195, 5443352.552262712], [566836.9607173512, 5443361.631554605], [566843.8188866297, 5443373.599879809], [566845.9518330459, 5443377.583749961], [566864.8405184085, 5443399.65964222], [566887.8331209309, 5443422.585769597]]], [[[566790.805337673, 5443483.640631511], [566808.8770163473, 5443502.704506206], [566824.803147479, 5443523.632594002], [566834.8922811834, 5443541.654972521], [566845.8337131105, 5443558.564701533], [566863.805947931, 5443581.585690272], [566878.8750765834, 5443598.556647676], [566895.8697162507, 5443618.552816404], [566901.8314964972, 5443625.596174461], [566919.8291835067, 5443635.631500281], [566939.8969762569, 5443638.5652680015], [566946.949546392, 5443626.620796795], [566946.8195000029, 5443618.691889836], [566939.9209835429, 5443598.662240114], [566932.90878724, 5443579.576209008], [566924.8268422335, 5443562.689806769], [566913.8293616744, 5443545.612409388], [566898.8516787664, 5443524.69553827], [566894.9496674408, 5443512.607214535], [566893.8117140348, 5443509.591488629], [566893.9034105397, 5443505.634603662], [566889.8627129187, 5443496.557665544], [566876.8353544757, 5443476.609521007], [566867.9236083189, 5443462.559356211], [566859.8192687699, 5443442.670885585], [566850.8384849757, 5443424.672966153], [566835.855187933, 5443409.60436908], [566831.8999600039, 5443403.6972186295], [566820.8248244941, 5443393.5902284505], [566803.9201056524, 5443380.55537242], [566793.886067781, 5443373.629684443], [566770.9245695231, 5443362.578626083], [566762.8234408031, 5443358.678287196], [566741.8854690494, 5443357.635926508], [566733.8855120925, 5443358.651145253], [566727.8580666683, 5443363.648238955], [566718.9533966756, 5443381.585575618], [566716.8834575576, 5443388.687354686], [566716.8755218732, 5443399.616446976], [566726.8738390518, 5443421.584530794], [566742.8964176181, 5443443.636479448], [566751.9470873948, 5443454.663836183], [566768.9380791576, 5443469.600837131], [566790.805337673, 5443483.640631511]]], [[[566619.8887465333, 5443559.638020074], [566608.8286956598, 5443538.602414996], [566595.840065439, 5443519.60042597], [566588.9047025233, 5443514.6136611905], [566579.8139803646, 5443513.547999577], [566577.8062273382, 5443513.690567459], [566576.8105535721, 5443534.580773774], [566576.9061933616, 5443546.611828403], [566596.9317523887, 5443564.58671973], [566600.8891904022, 5443566.691391468], [566609.9455448055, 5443570.6029187525], [566616.9427896786, 5443568.630496952], [566619.9402671574, 5443565.653569029], [566619.8887465333, 5443559.638020074]]], [[[564926.8677448826, 5443491.662835129], [564904.8140899638, 5443490.614419855], [564884.8150592207, 5443491.646958063], [564876.9185676466, 5443497.569124969], [564874.8774814664, 5443500.558113581], [564873.8149625297, 5443506.560589813], [564881.8906441196, 5443514.571531806], [564885.8415457961, 5443516.674759689], [564906.8188242208, 5443518.666813714], [564928.9519698948, 5443521.617396074], [564939.8793676352, 5443529.661966442], [564948.9428935758, 5443538.640768742], [564969.8299705692, 5443544.578870274], [564986.9262904029, 5443549.694120503], [564994.875091404, 5443553.590114114], [565011.8464321145, 5443570.567007782], [565033.9408611286, 5443588.560571621], [565044.907751868, 5443597.561921453], [565051.8778259822, 5443599.7008585725], [565061.8545137352, 5443595.537796857], [565063.8556813246, 5443591.603363614], [565061.8362387992, 5443581.606594999], [565058.9143689667, 5443577.6141675515], [565039.8853805788, 5443565.671484026], [565026.9217254912, 5443549.68673207], [565015.9352701482, 5443530.55649426], [564993.8067438342, 5443516.676334642], [564972.8906435817, 5443502.654991189], [564961.9464127279, 5443496.667078337], [564950.9214636534, 5443492.579312894], [564946.9138651808, 5443491.587224237], [564926.8677448826, 5443491.662835129]]], [[[566334.8472230888, 5445841.625491746], [566310.9026333237, 5445850.68824769], [566301.8923988604, 5445856.595041437], [566292.8942218224, 5445867.571857107], [566291.9439338191, 5445872.630309647], [566294.9105930134, 5445877.569085084], [566317.8625696026, 5445888.607202923], [566340.9081879036, 5445890.629661702], [566361.8438451043, 5445891.6706496505], [566382.883423968, 5445892.557384278], [566406.8397801166, 5445888.576137766], [566425.8283863629, 5445883.578952588], [566446.9243953992, 5445884.62228499], [566460.8758989756, 5445885.57956844], [566477.8307186828, 5445883.571149063], [566501.8539445015, 5445877.6787662], [566523.8737194099, 5445865.602789591], [566529.8661081889, 5445859.648935205], [566526.8432487581, 5445854.553668454], [566522.9511636982, 5445852.605574346], [566503.8344347565, 5445844.614738375], [566483.8464075088, 5445843.584592643], [566461.8912559272, 5445843.63150836], [566454.8499584914, 5445844.658534844], [566445.8764901077, 5445842.649380483], [566429.9013210759, 5445842.612792219], [566416.9371894829, 5445842.612406105], [566397.9436638171, 5445842.550741059], [566377.8986296249, 5445842.620970972], [566354.8923828937, 5445841.555019843], [566334.8472230888, 5445841.625491746]]], [[[563960.8507502875, 5446302.586990637], [563977.9532422594, 5446316.560533068], [564000.9473105881, 5446333.615525442], [564019.9123170329, 5446346.654710482], [564034.8408032224, 5446355.70011883], [564038.8537093714, 5446356.691780419], [564046.8221279915, 5446368.658420332], [564047.9033600481, 5446381.656954999], [564048.897747241, 5446387.694517727], [564047.8932724718, 5446392.5859615505], [564042.9488081266, 5446394.585475944], [564035.925301175, 5446393.558906459], [564029.8330281123, 5446394.588972069], [564025.8268534514, 5446398.66731416], [564025.8903295677, 5446402.626084255], [564040.8719947862, 5446426.548252267], [564046.8338249578, 5446438.647351326], [564054.8420248971, 5446451.57063959], [564061.9360705566, 5446456.56712548], [564070.8220005147, 5446456.670345122], [564073.8565691167, 5446454.637572229], [564077.9195634613, 5446445.667864152], [564097.9056283634, 5446446.689378196], [564108.8053728356, 5446446.660325341], [564119.858750053, 5446441.563134466], [564123.937968823, 5446435.584453705], [564124.937362252, 5446411.692042031], [564121.8732486325, 5446400.5716612], [564103.8901056107, 5446379.616287163], [564081.924955703, 5446355.612782311], [564063.8917566397, 5446339.571221578], [564046.9100061653, 5446324.642624681], [564033.9001079442, 5446318.632436113], [564011.9010100833, 5446302.544936337], [563987.8313956173, 5446287.701138526], [563971.8272810507, 5446279.599469875], [563964.8037474873, 5446278.561926213], [563960.0, 5446281.846586191], [563960.0, 5446301.455147888], [563960.8507502875, 5446302.586990637]]], [[[567354.9611261177, 5446411.681735093], [567348.9525007209, 5446398.622199989], [567345.8557172087, 5446396.683212782], [567341.8901067672, 5446396.63481819], [567335.9407357929, 5446408.603351485], [567335.8130706501, 5446416.673648409], [567340.877248815, 5446427.664726152], [567343.820943302, 5446429.601843561], [567351.8204487311, 5446433.657571527], [567354.838373491, 5446433.694451926], [567358.8218111861, 5446431.675042998], [567359.9154481296, 5446428.686450553], [567354.9611261177, 5446411.681735093]]], [[[564921.9609186157, 5446845.690858483], [564911.8155434077, 5446848.584569595], [564908.8040051791, 5446853.607914729], [564909.8770220485, 5446861.547787088], [564933.8570498048, 5446865.621191076], [564946.81882361, 5446865.618077257], [564968.884429151, 5446859.540431639], [564992.9330579909, 5446851.596099739], [565016.8059094857, 5446840.636711745], [565037.8541010639, 5446830.5892887125], [565056.9033339705, 5446820.673977997], [565068.9514949668, 5446816.546669552], [565081.9470822446, 5446813.686815184], [565104.9450479273, 5446804.618823487], [565124.9083415065, 5446797.571958306], [565131.8685404181, 5446794.640972906], [565137.8980412887, 5446789.653427025], [565138.8301575648, 5446786.651325002], [565134.9325878309, 5446779.634249869], [565128.8815704924, 5446776.5609126445], [565118.9372842306, 5446776.599223189], [565095.9162760957, 5446782.665044728], [565071.8672235311, 5446790.608877407], [565060.8378542403, 5446793.647558698], [565047.9386443888, 5446797.6092657745], [565024.9575821518, 5446804.631969926], [565003.9263270115, 5446812.611715017], [564982.895124323, 5446820.602632504], [564961.8567340625, 5446828.582443866], [564940.9291749869, 5446837.6754153315], [564921.9609186157, 5446845.690858483]]], [[[569739.8687402811, 5446992.67210564], [569739.9353707173, 5446996.6310896715], [569744.8802556186, 5447008.568012199], [569757.9491139271, 5447018.550811295], [569764.897418067, 5447026.554939453], [569784.9083389945, 5447030.610392554], [569797.9291506602, 5447034.577592517], [569816.8711775197, 5447039.564758941], [569819.9075124232, 5447037.546224173], [569823.9462313346, 5447030.626087449], [569831.9098520128, 5447028.669997701], [569849.8014964873, 5447021.613806141], [569850.8500908142, 5447017.668900716], [569844.9160011014, 5447013.635709482], [569824.8271203251, 5447007.677769081], [569811.8638872559, 5447002.610511122], [569797.8880630335, 5446998.6312268935], [569783.912242875, 5446994.651936615], [569768.8674969176, 5446991.61551519], [569747.8219877594, 5446980.575711689], [569742.9236888691, 5446988.596895707], [569739.8687402811, 5446992.67210564]]], [[[569122.8775492824, 5447121.565765131], [569129.8004369235, 5447117.694292459], [569132.8342945194, 5447110.605398272], [569133.8411845847, 5447100.6447975775], [569136.8958428059, 5447096.558193653], [569150.9238690566, 5447090.563293131], [569151.8116692563, 5447086.616208418], [569144.8832779704, 5447081.615040203], [569124.872024619, 5447077.57297849], [569116.8172226644, 5447074.614684485], [569111.8322856309, 5447075.664096841], [569091.8362697891, 5447085.542602673], [569081.9151639051, 5447093.657082318], [569079.9121608853, 5447097.590186424], [569079.8395243695, 5447104.560524561], [569086.9512041011, 5447117.635756103], [569100.9478074164, 5447124.615493751], [569122.8775492824, 5447121.565765131]]], [[[564410.8459772862, 5447270.565005735], [564404.8633349432, 5447251.64987107], [564395.8226369091, 5447235.556355837], [564390.9035341903, 5447231.696584351], [564387.8860398132, 5447231.661392475], [564384.8918961415, 5447234.628364343], [564381.9535002371, 5447241.565161471], [564378.8676927467, 5447258.628956044], [564386.9361453971, 5447280.581448964], [564388.8617000115, 5447283.605816705], [564404.8231944861, 5447285.6933307955], [564408.8121340397, 5447283.683006677], [564410.8756338363, 5447278.637214919], [564410.8459772862, 5447270.565005735]]], [[[569256.9168483083, 5447412.546904016], [569277.8610196437, 5447413.599211103], [569284.8822729909, 5447414.643606716], [569287.9573332453, 5447413.570327642], [569289.7999401725, 5447409.635312992], [569285.908027555, 5447402.615254451], [569262.9031390205, 5447392.675598673], [569238.8223338522, 5447383.656644782], [569218.9315575872, 5447373.589527812], [569199.930505802, 5447364.645453021], [569177.8707671044, 5447349.648118919], [569153.9423738949, 5447326.700040578], [569138.8084618062, 5447311.62288509], [569130.8451675663, 5447299.648654591], [569129.8697679515, 5447296.623388087], [569115.9234226618, 5447274.60107374], [569110.8975778181, 5447269.623800995], [569103.9300712709, 5447263.6882126685], [569095.9443922812, 5447257.562057698], [569083.9488173705, 5447241.579319137], [569073.8348838728, 5447222.606996853], [569069.9218104009, 5447212.584893874], [569064.8359114153, 5447203.659813251], [569057.8153948351, 5447181.557528716], [569054.8928961803, 5447168.690368627], [569053.4776261726, 5447161.779296953], [569049.9533275072, 5447144.568370411], [569046.855335514, 5447137.558455233], [569040.8745038547, 5447132.569298444], [569036.9243906597, 5447126.66051421], [569023.8751313277, 5447119.692797092], [569015.9377534668, 5447119.5935670985], [569007.8215372487, 5447121.548944425], [569000.8226959339, 5447128.5882473625], [568998.9152810904, 5447133.634385756], [568998.9026885886, 5447144.552534094], [569004.8545904335, 5447167.597509439], [569010.8458923951, 5447191.576913923], [569016.9301491093, 5447211.6105702715], [569019.8700028906, 5447223.677380187], [569024.867158821, 5447246.699368287], [569034.8991066965, 5447267.571776576], [569049.9424063436, 5447291.664482657], [569065.8095212049, 5447311.664915004], [569080.9287139878, 5447332.589941997], [569093.8994966744, 5447351.598012181], [569105.9545444931, 5447371.53971329], [569110.9226426664, 5447377.628059167], [569116.9574225716, 5447377.703733703], [569117.8279875959, 5447374.545887007], [569118.8370793838, 5447369.644132055], [569112.9157668464, 5447354.682436004], [569106.9330119416, 5447344.634358219], [569105.9369045369, 5447338.606816758], [569107.9581827236, 5447332.617114338], [569111.9488995869, 5447330.610192008], [569115.838958473, 5447332.560127122], [569131.8272255406, 5447351.595007231], [569143.8222652392, 5447367.588992738], [569162.8481547486, 5447389.675011087], [569171.8236719251, 5447400.561312609], [569180.9170281924, 5447406.690283794], [569200.8912055849, 5447413.589621786], [569223.8906547372, 5447414.667460518], [569242.9046136988, 5447412.693449229], [569256.9168483083, 5447412.546904016]]], [[[566407.85155083, 5447289.64462307], [566431.8312841484, 5447302.59698348], [566438.8825936208, 5447306.639948847], [566443.8418058099, 5447307.655792095], [566462.90895399, 5447320.549120127], [566469.8146047201, 5447327.603493695], [566472.8320206463, 5447327.639859222], [566492.8349936289, 5447321.543384341], [566494.8756002112, 5447318.554935535], [566492.867591096, 5447308.557670457], [566487.93794145, 5447299.636995727], [566483.9114237903, 5447295.630440992], [566473.803127381, 5447290.59438369], [566452.9247568364, 5447284.639231508], [566431.9576625419, 5447280.59537527], [566414.9132022323, 5447277.688497086], [566408.8607124375, 5447279.683607748], [566406.8524432781, 5447283.61755988], [566407.85155083, 5447289.64462307]]], [[[569559.8776171682, 5447361.566173172], [569577.8875366906, 5447379.693893795], [569595.8690263669, 5447400.656496678], [569618.874783238, 5447415.678644585], [569639.9562793827, 5447422.593418538], [569645.8955721641, 5447421.567704271], [569648.8651441142, 5447415.578983206], [569645.8804455542, 5447402.554993644], [569628.822377453, 5447380.647703764], [569617.8167704984, 5447370.691314031], [569611.9218775205, 5447367.615001006], [569592.953922758, 5447345.683689352], [569578.8956837899, 5447324.6038459195], [569576.8053842578, 5447321.564352182], [569566.8145879209, 5447301.6476042215], [569547.8650125526, 5447277.648743328], [569530.9232242645, 5447258.600640234], [569526.8134361596, 5447252.689437752], [569505.9197290766, 5447236.582518506], [569489.820324278, 5447223.5602628365], [569471.9271796076, 5447214.618124495], [569464.847829632, 5447214.695806086], [569460.8960309986, 5447217.647981525], [569458.9409044131, 5447227.607724802], [569476.8305766145, 5447246.667510053], [569492.9217464125, 5447265.560132679], [569501.8391600596, 5447277.546969495], [569519.8275103435, 5447287.591109604], [569530.8670033653, 5447303.562750765], [569541.876253328, 5447323.659046343], [569551.8280123499, 5447342.630203478], [569559.8776171682, 5447361.566173172]]], [[[564828.8586465169, 5447421.608895979], [564835.9108926596, 5447425.649815092], [564856.8651032607, 5447424.628649088], [564869.922985063, 5447420.668433842], [564876.8100702758, 5447414.578802663], [564875.8117037925, 5447399.679709146], [564871.937101987, 5447395.676143433], [564849.8448627214, 5447393.670867943], [564836.8843828276, 5447393.674204324], [564820.866574877, 5447392.696660581], [564816.9342360513, 5447393.606649345], [564813.8770681717, 5447392.614582477], [564809.8953798173, 5447394.624605406], [564807.9112582378, 5447401.572470962], [564807.8931541415, 5447408.698975887], [564809.9222480104, 5447411.569102079], [564828.8586465169, 5447421.608895979]]], [[[564997.8542949777, 5447523.672074918], [565011.8089276851, 5447524.637010472], [565025.837213855, 5447523.690474092], [565039.9523568896, 5447524.646171504], [565045.9077613339, 5447521.547719843], [565049.8340814443, 5447515.579055736], [565050.8394572369, 5447510.676706143], [565048.9312374309, 5447505.595373583], [565045.8984122827, 5447502.546613834], [565023.881302687, 5447493.581547038], [565004.9214245335, 5447485.597597425], [564998.8071558429, 5447483.624367571], [564978.817585585, 5447482.599589653], [564969.8691123652, 5447483.605998436], [564967.8922525602, 5447490.542702907], [564966.9192247852, 5447497.658003349], [564969.803958097, 5447509.566268945], [564976.8716227966, 5447516.620622223], [564997.8542949777, 5447523.672074918]]], [[[565019.9348432088, 5447625.5972249275], [564996.8369008342, 5447633.552508168], [564992.8081239397, 5447634.616979013], [564989.9342484737, 5447636.639937255], [564989.8366517313, 5447640.596843824], [564993.8868908554, 5447647.615689762], [565013.817924279, 5447653.554186775], [565033.8068585899, 5447654.57914913], [565057.8765631312, 5447644.56738457], [565074.8207227852, 5447633.6824296545], [565081.9187579246, 5447622.681163232], [565083.9429422491, 5447616.690138552], [565088.8637863315, 5447611.678280375], [565100.9030598009, 5447607.550959727], [565116.8006997512, 5447605.681603999], [565129.9396566107, 5447598.543173838], [565151.8205666058, 5447585.659730662], [565161.8854087915, 5447579.608019621], [565181.8233284248, 5447569.54797721], [565204.8422507134, 5447559.691277139], [565220.9190279973, 5447550.697669014], [565223.8101440275, 5447546.606926021], [565213.942266798, 5447539.685922802], [565195.919254505, 5447537.571775106], [565188.9129467243, 5447539.545859003], [565167.8654946011, 5447554.662596252], [565147.8070997993, 5447565.666299155], [565123.9370610719, 5447576.62497905], [565103.8486357434, 5447584.626580356], [565081.8713029793, 5447597.66466148], [565066.8871535702, 5447603.658520631], [565049.8633177184, 5447612.641477068], [565036.8055072795, 5447616.612355218], [565019.9348432088, 5447625.5972249275]]], [[[566130.8833584622, 5447760.567991118], [566141.883963143, 5447761.644909528], [566161.8500792976, 5447759.671786197], [566164.8846139121, 5447757.651278714], [566171.9259483458, 5447751.553933223], [566194.9459103157, 5447741.701359729], [566217.8434409917, 5447736.594820134], [566231.8147781083, 5447721.552751102], [566234.8096297494, 5447718.586810067], [566235.8952664449, 5447715.586797444], [566235.8360212512, 5447706.557965067], [566232.8086118363, 5447697.660412127], [566228.9424756664, 5447693.655859906], [566214.8279029728, 5447692.697088378], [566191.8442920735, 5447694.63380671], [566170.90564349, 5447698.663237373], [566148.9165043554, 5447701.557124239], [566129.8652862309, 5447702.596232981], [566119.8829560445, 5447701.687161219], [566104.9176082248, 5447700.5628027], [566086.9295755106, 5447695.588669477], [566065.8745296368, 5447691.700907566], [566041.8916285008, 5447687.611340635], [566028.8920488534, 5447686.666358236], [566006.9392123698, 5447681.656190893], [565984.8088823144, 5447678.68976073], [565969.9243815899, 5447675.665527135], [565945.9016754584, 5447670.630819342], [565933.8344576148, 5447666.684148702], [565909.8586449862, 5447662.595236046], [565897.8065031321, 5447661.661945384], [565884.903443678, 5447660.562710965], [565870.8358048336, 5447660.550491393], [565846.818108165, 5447660.575032034], [565833.801281916, 5447661.687225274], [565815.8237417312, 5447665.586502809], [565792.2945935354, 5447686.386125355], [565791.9557867747, 5447686.682230699], [565776.9401267598, 5447705.659991393], [565776.8021678682, 5447708.671327207], [565782.9383343125, 5447713.6587559935], [565804.9084996181, 5447716.6114276415], [565824.8920050755, 5447712.569187426], [565837.9327327844, 5447710.6679073395], [565850.9495385722, 5447709.555801722], [565867.9209881634, 5447710.547791994], [565871.8532055866, 5447709.649737483], [565891.8418317682, 5447710.677792518], [565904.8585939182, 5447709.565753224], [565916.8067155336, 5447710.664614152], [565938.9198039329, 5447715.676327592], [565945.8278678356, 5447717.660158465], [565965.8562715198, 5447719.634081356], [565973.9340438546, 5447725.589946421], [565987.8708186126, 5447728.613991717], [565998.9262271861, 5447733.64938818], [566013.8351526738, 5447734.617147622], [566035.9479492442, 5447739.640346787], [566047.8547190414, 5447743.574243323], [566059.8026924286, 5447744.673409672], [566083.8646047346, 5447750.665252146], [566106.9247870726, 5447755.688958194], [566130.8833584622, 5447760.567991118]]], [[[564245.8226852325, 5447706.631108141], [564257.8975502547, 5447715.632891671], [564270.8233924652, 5447723.5438619675], [564274.891677703, 5447724.703109368], [564298.8111165301, 5447733.687346267], [564322.8915788385, 5447737.603685589], [564340.8337141555, 5447741.615330969], [564345.8096195478, 5447740.572646973], [564348.9239571954, 5447736.650953562], [564346.8339674382, 5447714.6125598475], [564341.8914112055, 5447711.541831748], [564320.8680320547, 5447708.606100063], [564300.9371577085, 5447697.611341692], [564290.8349844619, 5447692.579413118], [564269.9318753125, 5447688.700292462], [564247.8405728785, 5447686.697367534], [564228.8064019799, 5447685.686432242], [564223.9430126392, 5447689.587826678], [564227.841238195, 5447696.593228219], [564245.8226852325, 5447706.631108141]]], [[[569730.948135694, 5447755.649656185], [569715.8319706725, 5447759.572479803], [569706.8756783621, 5447760.571167983], [569692.8830462095, 5447758.648803912], [569669.818538819, 5447753.609895406], [569647.9236931769, 5447743.67164651], [569635.8891258496, 5447735.603401482], [569616.9504149888, 5447716.674349309], [569607.9125463275, 5447705.642025556], [569591.9084883942, 5447688.651320168], [569574.8560144552, 5447675.605593038], [569566.8543500678, 5447676.616574833], [569565.9199432129, 5447679.617878086], [569567.8888460983, 5447683.600828153], [569580.8368090459, 5447699.596705759], [569592.9529267375, 5447719.69594343], [569600.8615735773, 5447741.654579677], [569605.9461274381, 5447750.58009611], [569613.8556372696, 5447758.596190816], [569633.9437082969, 5447769.623394969], [569644.8614912366, 5447772.60752099], [569648.8333098287, 5447772.657647406], [569672.9493064279, 5447777.554117744], [569696.9018564187, 5447778.645958299], [569710.8553815384, 5447779.622874881], [569734.9118933738, 5447780.560556578], [569746.9244899346, 5447780.54562372], [569759.8843220569, 5447780.55381579], [569768.9473058364, 5447778.6115331175], [569781.8072642727, 5447768.645304803], [569797.8159434958, 5447750.6357766995], [569798.9222702303, 5447745.579795165], [569794.8723191409, 5447743.627248658], [569785.8843666749, 5447743.669313324], [569762.8258064477, 5447752.561495457], [569745.8752091525, 5447754.570817061], [569730.948135694, 5447755.649656185]]], [[[569933.8858333903, 5447748.5563093405], [569939.9202324367, 5447748.632813066], [569957.9251218995, 5447756.621705787], [569960.0, 5447757.368124648], [569960.0, 5447734.436987648], [569957.8590147801, 5447733.661309901], [569949.837275353, 5447731.658387473], [569938.9197034179, 5447728.662559434], [569932.8852179297, 5447728.586013296], [569926.9345726223, 5447731.679354995], [569922.9279118826, 5447739.54493919], [569923.844919824, 5447743.681498323], [569933.8858333903, 5447748.5563093405]]], [[[566519.8074226475, 5447874.6583633], [566529.8706330317, 5447873.667929906], [566549.8257062354, 5447887.6952333], [566571.915719605, 5447889.696203341], [566595.8160668463, 5447895.688333139], [566609.8313049765, 5447900.605012496], [566633.9241966679, 5447907.544745116], [566646.8879442139, 5447912.615572074], [566670.9457370426, 5447923.668742003], [566686.8524380482, 5447930.676552843], [566708.8870788399, 5447942.661605769], [566725.8202550089, 5447951.572050068], [566748.8094306699, 5447963.5688023735], [566760.8359809297, 5447966.560558499], [566781.8394948712, 5447971.573455794], [566785.9424429869, 5447968.610002749], [566786.8752961649, 5447965.608235785], [566785.8768100531, 5447959.581157253], [566785.8226781287, 5447955.622409444], [566763.9370602543, 5447938.568820272], [566739.9608245426, 5447925.615066119], [566718.873600991, 5447913.641319786], [566697.8506256244, 5447900.567655764], [566685.9229418881, 5447893.6080137165], [566667.8744349824, 5447884.684301886], [566643.8386446458, 5447876.633289608], [566624.91435156, 5447869.600309632], [566605.844476406, 5447862.55459839], [566592.9369821185, 5447857.651253477], [566579.9158608383, 5447853.691689149], [566555.958854891, 5447847.543221038], [566545.9549476806, 5447843.620098627], [566524.9109484263, 5447837.673776835], [566505.8951355867, 5447834.587143902], [566499.9420981666, 5447832.614118613], [566487.9547533002, 5447830.568433675], [566464.9293521671, 5447822.697191929], [566440.8117996849, 5447816.547444824], [566424.926406612, 5447812.553680916], [566400.8724208153, 5447806.560464981], [566392.8099865001, 5447803.617159889], [566379.8678213264, 5447801.560203476], [566366.8290794905, 5447799.657837552], [566343.8236090632, 5447798.591735781], [566319.8137081793, 5447798.625455534], [566313.8929473761, 5447797.598106774], [566308.9165174891, 5447798.650142531], [566297.8712421436, 5447817.674184048], [566299.8920869904, 5447820.55588109], [566303.8465200351, 5447822.660253096], [566318.9303894008, 5447826.632910201], [566332.8666545268, 5447829.657847904], [566353.9035259263, 5447835.614467589], [566366.8677778316, 5447840.673529922], [566387.8130825445, 5447850.587371903], [566397.8736107858, 5447854.666528063], [566405.9535286954, 5447855.553225292], [566413.9515300713, 5447859.607496912], [566428.8820071557, 5447863.589779725], [566442.9317536453, 5447865.660193516], [566460.9365007866, 5447868.567706063], [566483.8032219164, 5447872.6456392], [566497.9173807192, 5447873.605152689], [566519.8074226475, 5447874.6583633]]], [[[568093.826809952, 5447949.597163775], [568090.9023532768, 5447945.602933058], [568079.8388660161, 5447926.631854928], [568066.855238882, 5447909.6829309305], [568050.8259145973, 5447889.694562418], [568035.9613052135, 5447884.59698479], [568032.8867079787, 5447885.67084671], [568029.8909113025, 5447888.635816677], [568030.948463842, 5447898.6331988275], [568045.8555334635, 5447918.60770017], [568061.9453096237, 5447942.554951472], [568080.8129370853, 5447964.64643926], [568083.8692963895, 5447965.629217718], [568089.8973189695, 5447955.574769349], [568093.826809952, 5447949.597163775]]], [[[565909.8569641049, 5447969.637123421], [565897.8056160974, 5447968.692651516], [565877.9246892759, 5447977.638878234], [565866.9122701025, 5447983.689153656], [565851.8097822133, 5447985.565741581], [565830.8725314421, 5447989.596392528], [565819.9585542202, 5447991.678656483], [565798.8956868905, 5447991.583124913], [565777.8567912919, 5447990.698523242], [565762.8352231598, 5447990.675057322], [565760.8523013758, 5447992.552634307], [565760.8746901111, 5447995.56596305], [565769.8030952323, 5448001.687403711], [565781.87690516, 5448005.633801959], [565803.8735157081, 5448016.658589064], [565823.8197179242, 5448020.5433357535], [565838.8411272364, 5448020.566909415], [565841.8979055324, 5448021.548389211], [565852.9152070645, 5448020.579213376], [565871.8881896513, 5448012.567132126], [565891.86719947, 5447999.663876619], [565903.8878751346, 5447983.652608137], [565909.879395064, 5447972.639306321], [565909.8569641049, 5447969.637123421]]], [[[569678.8996429881, 5448037.644686266], [569656.944003186, 5448032.608728973], [569635.8215607457, 5448028.550719775], [569617.9401361971, 5448024.678206988], [569607.9140508345, 5448021.538571603], [569600.8471714816, 5448019.559273352], [569595.9454109565, 5448018.696975106], [569589.9502398339, 5448019.577528105], [569585.9093978321, 5448022.695264414], [569583.9064296994, 5448026.628215323], [569583.9269142435, 5448029.630430327], [569588.9053852436, 5448033.651379458], [569592.9160128615, 5448034.658078218], [569595.9330803675, 5448034.69623706], [569609.9453756772, 5448039.620553517], [569628.8841432028, 5448044.607109574], [569638.8075826882, 5448046.63358409], [569652.806790898, 5448048.555921348], [569674.876361722, 5448052.637103025], [569697.8371482086, 5448056.562855645], [569715.9031902091, 5448059.6485954905], [569727.95410001, 5448060.590298136], [569741.841899811, 5448062.6670949245], [569764.8099205684, 5448066.593191771], [569782.9149271618, 5448070.624710559], [569789.9540557731, 5448069.613035319], [569790.8495829562, 5448065.6550777545], [569780.9245849091, 5448058.569394062], [569758.9113805299, 5448054.644138398], [569740.9274897954, 5448049.66914081], [569718.8116198585, 5448044.642067782], [569708.8881262472, 5448042.615487592], [569704.8384127433, 5448040.663034433], [569691.897853212, 5448038.59830125], [569678.8996429881, 5448037.644686266]]], [[[564723.8806424303, 5448367.614914988], [564712.8643303679, 5448368.586412883], [564694.9401860251, 5448367.586792582], [564687.8951572033, 5448368.615995817], [564683.9056971367, 5448375.695941307], [564694.9033775211, 5448385.6422732], [564699.9079777399, 5448392.661005729], [564705.9009324459, 5448395.588652762], [564723.8826461687, 5448391.674767497], [564729.9353415444, 5448379.560271073], [564729.9301764641, 5448370.687799893], [564723.8806424303, 5448367.614914988]]], [[[567490.9313515205, 5448296.974862986], [567477.814062044, 5448298.637805989], [567466.9394570921, 5448301.662363648], [567457.9317011454, 5448307.57837761], [567449.8535197676, 5448315.551472105], [567431.9235164877, 5448340.671007528], [567423.8070098883, 5448356.559942753], [567413.8558795213, 5448377.663251628], [567405.8998394767, 5448393.554107478], [567402.8078687837, 5448396.685061799], [567401.935629728, 5448403.645586378], [567397.8686970128, 5448412.61288745], [567397.9296253541, 5448416.571750267], [567394.8565527265, 5448436.6472905725], [567391.8433517377, 5448441.680446356], [567388.8096304921, 5448452.572666402], [567381.9330033076, 5448472.590676634], [567366.8922500109, 5448488.561907975], [567361.8528059144, 5448499.585303583], [567362.8647585807, 5448508.625745744], [567366.8193419557, 5448519.592252931], [567383.8085254222, 5448504.600964948], [567404.8191416803, 5448488.547131722], [567410.9483598573, 5448479.60502755], [567415.9233470138, 5448459.55272189], [567416.9342059643, 5448449.591968306], [567417.9406309582, 5448425.688716389], [567417.9117545839, 5448412.546536783], [567424.9133023964, 5448396.6328254705], [567429.9349652581, 5448387.677216885], [567432.8093758607, 5448385.655466674], [567441.9388067387, 5448387.657168832], [567446.8226501718, 5448390.574270632], [567460.9174188272, 5448393.593008911], [567475.8628475433, 5448386.648913217], [567483.9336574872, 5448378.675758943], [567485.7747328889, 5448374.13975876], [567490.8396370686, 5448361.660239935], [567495.9071536598, 5448337.651007231], [567501.8192675521, 5448319.66716792], [567500.8780913913, 5448303.667512645], [567493.8074048375, 5448296.609762767], [567490.9313515205, 5448296.974862986]]], [[[565681.9475919646, 5448539.653917877], [565680.8780328302, 5448526.654978631], [565678.8862118364, 5448514.60130204], [565674.8130547021, 5448509.638582498], [565668.9245573125, 5448506.566565339], [565650.8406318577, 5448505.561919675], [565638.8300186808, 5448505.574640613], [565625.8323576503, 5448504.630499101], [565612.8671961153, 5448504.631990114], [565598.9546895762, 5448504.622204381], [565584.8891714474, 5448504.610572078], [565570.8162416985, 5448504.610043118], [565557.8112050685, 5448503.666060927], [565543.8987481107, 5448503.65638183], [565530.9408884849, 5448503.658051369], [565506.8233840191, 5448502.5821742825], [565493.8256997614, 5448501.638511741], [565469.8117080689, 5448501.66466228], [565446.8489538038, 5448501.547911205], [565435.945874711, 5448501.574151661], [565412.931727341, 5448507.638629666], [565408.9205468266, 5448506.645945492], [565392.9532455007, 5448490.624244244], [565373.8986183285, 5448467.594909543], [565359.8992291781, 5448465.68346897], [565349.8374636215, 5448466.676060563], [565338.8663536237, 5448473.672928118], [565335.9120382406, 5448477.595954632], [565339.8671950768, 5448498.700785095], [565348.8182559978, 5448506.567414464], [565358.9235044386, 5448516.660185509], [565378.8792885662, 5448530.672109798], [565395.8505745005, 5448545.605030122], [565399.9222486621, 5448555.626407308], [565414.9066411465, 5448563.5646120105], [565436.8466617791, 5448570.62926676], [565448.8552501597, 5448575.686004523], [565459.807754857, 5448574.548443582], [565477.891423439, 5448575.552413884], [565496.8826152524, 5448575.622329463], [565501.9462568435, 5448572.6693590125], [565505.9122123616, 5448567.646503339], [565508.8254693237, 5448566.580442048], [565511.8269461113, 5448563.603051078], [565517.8550179575, 5448558.604705084], [565536.8083887444, 5448552.659234304], [565549.8304827252, 5448551.546447857], [565573.9005936683, 5448551.676947143], [565581.9001858117, 5448550.660175656], [565605.960963225, 5448551.580057657], [565618.9187605692, 5448551.5785365375], [565630.8652524588, 5448552.665705098], [565651.8622332646, 5448552.604296227], [565674.866626512, 5448548.597599317], [565678.8326882428, 5448543.574898452], [565681.9475919646, 5448539.653917877]]], [[[568260.8613468499, 5448491.635925639], [568251.9138192886, 5448492.637079426], [568247.8636450884, 5448499.547043643], [568248.8166488666, 5448509.698775175], [568267.9146585219, 5448523.555134116], [568270.9314327743, 5448523.5925021265], [568293.9040574437, 5448537.652543813], [568316.9057633962, 5448547.588107404], [568333.941697522, 5448552.557788468], [568353.9088462591, 5448555.651510587], [568363.8500646002, 5448555.619097331], [568364.8973511967, 5448551.673863172], [568361.8851417009, 5448546.566546115], [568344.80697344, 5448535.592304178], [568329.9049880637, 5448529.548373917], [568306.8358167259, 5448515.642656669], [568287.9021276508, 5448505.5906482], [568265.865734356, 5448493.599155835], [568260.8613468499, 5448491.635925639]]], [[[569922.9169205684, 5448723.693561665], [569903.8073931601, 5448734.692142067], [569880.9259328598, 5448746.599116747], [569859.8295564412, 5448755.671341724], [569835.9547838375, 5448766.609768817], [569815.8909713337, 5448777.596499348], [569794.8799158543, 5448788.582419777], [569775.8458735797, 5448797.681121987], [569753.899345703, 5448806.587426943], [569742.9029467651, 5448810.562130314], [569728.8321469934, 5448815.609913922], [569714.9217904678, 5448820.659675506], [569701.8632056513, 5448824.619640971], [569679.9530298455, 5448830.669187963], [569658.8759017007, 5448837.68548128], [569636.8833117959, 5448845.646537694], [569618.8619634471, 5448853.657824994], [569595.8082932364, 5448862.550700672], [569571.951780692, 5448872.701072599], [569547.9178291506, 5448883.638663741], [569535.946930322, 5448884.588474979], [569522.8292831341, 5448884.589913356], [569509.8331574374, 5448883.6255109515], [569496.868441108, 5448883.628938102], [569479.9401568213, 5448883.571334481], [569467.8910384439, 5448882.630150988], [569453.9403739375, 5448881.653868843], [569431.8479013537, 5448879.641288473], [569416.9221908316, 5448875.650920916], [569397.8444644085, 5448868.6063823635], [569373.9307639819, 5448859.588637387], [569350.9062332337, 5448851.705186776], [569337.8258587323, 5448847.582615651], [569324.8408166502, 5448844.561959337], [569300.9471211773, 5448838.568984836], [569286.815380921, 5448834.589017321], [569262.9144816028, 5448828.585012312], [569246.880918016, 5448824.581161603], [569232.902213095, 5448820.603214558], [569219.9242045367, 5448817.593969806], [569198.8609705004, 5448813.682866341], [569176.9284707002, 5448811.673263903], [569158.9108339417, 5448809.546062817], [569139.9374737203, 5448808.674478378], [569127.8060157036, 5448809.6342190625], [569115.9171749768, 5448808.684727257], [569092.8157383177, 5448811.563999286], [569079.8212266833, 5448815.681838562], [569058.8231162329, 5448824.60267831], [569038.9142407738, 5448835.594180483], [569019.8889796764, 5448844.695514846], [568997.9181131797, 5448855.661386247], [568975.9288393223, 5448868.695019025], [568961.9371420975, 5448875.646933784], [568941.8571819512, 5448888.69358866], [568919.8866647852, 5448899.659717963], [568896.8477722183, 5448911.5687183775], [568876.8819133624, 5448923.671898154], [568862.8721614243, 5448932.680804119], [568840.9411726196, 5448944.592718381], [568819.8887151408, 5448959.695699089], [568795.8982518002, 5448976.652088031], [568783.9299438343, 5448982.684689227], [568766.8036126698, 5448995.61303474], [568745.9095059407, 5449005.648191555], [568729.8494021982, 5449012.563815656], [568712.9054618508, 5449019.646353068], [568703.8119647516, 5449023.646835345], [568693.9524311352, 5449030.650954528], [568684.9580609904, 5449039.567087676], [568682.898667177, 5449044.600353099], [568681.9271740182, 5449060.587581044], [568661.947596455, 5449078.550813349], [568657.9144186118, 5449084.6713026995], [568655.8329278552, 5449095.574744385], [568663.9156192029, 5449106.604758765], [568669.8299536366, 5449112.693390433], [568689.8194324446, 5449122.593099038], [568696.8458826097, 5449123.636872695], [568702.9363286357, 5449122.600924304], [568705.9135509338, 5449121.692951686], [568724.8455157893, 5449107.675039788], [568744.9498603663, 5449092.571069946], [568760.8081338375, 5449079.615685662], [568769.8343087924, 5449071.656292491], [568792.8980084293, 5449057.690081761], [568800.8559165599, 5449050.662467005], [568819.8458217933, 5449035.544902698], [568835.8966108239, 5449023.54830085], [568852.8234399578, 5449009.672558171], [568875.9243898796, 5448991.593417946], [568896.8985605879, 5448974.58853446], [568908.827848792, 5448967.610667257], [568931.810203464, 5448955.545250495], [568949.8450558728, 5448941.683653616], [568967.8237909187, 5448927.65473421], [568986.8782249915, 5448912.694099529], [569004.9147871444, 5448897.554100332], [569022.8104451844, 5448886.692997684], [569042.9184327443, 5448876.660115509], [569054.9006169263, 5448873.641395071], [569068.819627549, 5448873.659974595], [569082.8917749403, 5448873.669490734], [569104.8424506924, 5448873.633151155], [569118.9144402585, 5448873.653842302], [569132.8653945151, 5448874.618058969], [569156.8781649924, 5448874.596626509], [569179.8859464899, 5448875.685689474], [569199.9276644987, 5448875.614671076], [569211.8165253722, 5448876.553301669], [569224.9155011249, 5448878.61898169], [569243.8514427879, 5448883.615344976], [569266.8368039503, 5448890.552825258], [569286.88760812, 5448895.552229226], [569309.9477799429, 5448900.589477828], [569317.9289092179, 5448901.646021898], [569324.873523055, 5448904.5795895625], [569343.9491303406, 5448906.565021643], [569358.9570536177, 5448908.654948019], [569373.8437759315, 5448911.688540511], [569396.9482705166, 5448912.612928468], [569419.8088006813, 5448916.703119031], [569434.8743645202, 5448917.682164907], [569453.8287530903, 5448920.611514739], [569473.897920336, 5448923.554922217], [569486.9576665168, 5448924.675590099], [569506.8203267892, 5448926.660407105], [569529.8855663402, 5448926.639791562], [569535.9577407351, 5448927.66146942], [569539.8260943696, 5448926.609462425], [569563.8069788624, 5448925.644351869], [569581.8077491091, 5448914.61954504], [569594.8454280676, 5448907.668249432], [569614.8260970397, 5448898.569879206], [569621.9536666551, 5448895.657807392], [569639.8130772251, 5448882.574514458], [569654.8725038529, 5448869.622656202], [569674.8143753619, 5448859.578942035], [569685.8105720975, 5448855.604040952], [569708.9496419678, 5448848.61382205], [569720.939543357, 5448845.596594325], [569744.9118863652, 5448839.573326693], [569764.8165623359, 5448833.643235915], [569788.9305861725, 5448829.678782744], [569791.8910463916, 5448829.549446139], [569803.9155628977, 5448818.616537969], [569810.8628494159, 5448812.689431253], [569825.8217369369, 5448803.694974735], [569832.8657608425, 5448797.613336888], [569847.8132740776, 5448790.67576869], [569858.8415280448, 5448787.646650141], [569879.9176642962, 5448775.560973257], [569887.9177633947, 5448774.550552291], [569910.8380759553, 5448763.600281284], [569928.9352063418, 5448753.7007805975], [569946.8158562512, 5448743.631792992], [569960.0, 5448736.275093828], [569960.0, 5448704.963467993], [569944.92199073, 5448713.676913245], [569922.9169205684, 5448723.693561665]]], [[[568566.937938596, 5449232.548184481], [568551.8522984261, 5449228.55813546], [568543.834734101, 5449231.627240587], [568541.3791140676, 5449240.0], [568578.3628546693, 5449240.0], [568566.937938596, 5449232.548184481]]], [[[569616.8160173257, 5449238.574671491], [569593.813896246, 5449233.692503288], [569570.9289206371, 5449231.658084992], [569547.9225005037, 5449230.578484008], [569521.8419052268, 5449230.572067618], [569508.8277660533, 5449231.6755710775], [569496.9170830449, 5449236.584285517], [569490.0604653897, 5449240.0], [569621.3371796579, 5449240.0], [569616.8160173257, 5449238.574671491]]]]}}, {"type": "Feature", "properties": {"class": 2, "timestamp_utc": "2025-12-17 14:16:34+00:00", "source_product": "Flood_CAN_BC_LowerFraser_20251217_141634"}, "geometry": {"type": "MultiPolygon", "coordinates": [[[[565876.7020585303, 5443340.40306571], [565873.8577176253, 5443347.034010235], [565867.5368287938, 5443351.5820208425], [565863.657263968, 5443352.54851262], [565861.7851049147, 5443356.982991413], [565850.7182679048, 5443366.215690068], [565843.1368049438, 5443375.717595351], [565837.8419456115, 5443378.197062839], [565833.2995536524, 5443384.046144332], [565827.7756100018, 5443386.352076065], [565820.9596928871, 5443391.886459992], [565816.6040242831, 5443398.645769697], [565811.9858609398, 5443402.732065713], [565804.8415293909, 5443407.205941879], [565792.3320642618, 5443409.25258095], [565779.7953925997, 5443414.31258196], [565769.4537784564, 5443424.883276552], [565753.7449399929, 5443436.373245698], [565749.225492016, 5443437.600039356], [565745.1572828819, 5443435.094247258], [565743.1982216933, 5443432.04425859], [565739.188606363, 5443431.260082635], [565730.9473962999, 5443443.748658396], [565721.9383869304, 5443451.105505632], [565717.974651223, 5443451.044118028], [565698.2996913336, 5443457.213426651], [565692.2627910803, 5443462.140706042], [565687.3051039135, 5443461.046209899], [565682.7510469562, 5443464.146456689], [565673.6843416009, 5443466.876366166], [565662.246956396, 5443466.383405935], [565657.8455144359, 5443472.025708579], [565654.0518265835, 5443473.1483635595], [565644.3563604133, 5443473.9780085925], [565640.2723948385, 5443471.050659762], [565632.4486896734, 5443475.18982789], [565624.8275694484, 5443477.1321806675], [565614.9804237817, 5443472.637047633], [565604.6695025015, 5443471.056884163], [565592.3687988878, 5443477.534973695], [565588.3475300665, 5443476.053949827], [565583.5390409094, 5443477.0205757385], [565573.9548062218, 5443473.353161365], [565567.5282587502, 5443475.761005954], [565554.007264973, 5443476.144431831], [565547.8838058684, 5443475.060643321], [565544.0332038549, 5443471.080699073], [565534.1087563984, 5443470.191726742], [565520.3691967166, 5443464.805984064], [565512.2867939135, 5443457.943191716], [565487.840781045, 5443451.8644056115], [565479.0322118661, 5443452.74815567], [565475.0833972621, 5443448.933154614], [565467.6710684067, 5443449.250333644], [565459.0702002434, 5443453.322624359], [565441.9616438677, 5443449.095988714], [565435.3040229216, 5443450.365168898], [565428.9598960845, 5443449.2431793595], [565411.9333586701, 5443443.037145149], [565398.5520962796, 5443444.044542503], [565422.4663171665, 5443457.886115362], [565546.2955862026, 5443488.261395265], [565691.3329765872, 5443473.345914193], [565780.1167462753, 5443445.893719899], [565840.2345308732, 5443391.213077831], [565915.6399651013, 5443308.0360611165], [565904.8529772857, 5443315.23624597], [565903.8436407219, 5443316.724061545], [565898.7702560748, 5443319.296411734], [565896.4452408401, 5443320.848361586], [565893.9898929296, 5443324.618569961], [565885.0969277382, 5443330.899927413], [565876.7020585303, 5443340.40306571]]], [[[564635.0955588035, 5443676.727786671], [564641.2430947309, 5443671.291349271], [564643.5070705562, 5443672.192548916], [564644.7313110719, 5443674.806890096], [564647.1957317721, 5443674.8885815805], [564648.7946321035, 5443672.908271408], [564648.9356068204, 5443669.093264022], [564653.9798759304, 5443666.956021422], [564670.4753891794, 5443664.612867436], [564674.0740828484, 5443666.140227304], [564675.6555933065, 5443669.668483613], [564677.1307341807, 5443670.117429302], [564683.8674040071, 5443664.901661435], [564691.7843884794, 5443666.339603508], [564692.1408535963, 5443670.184344616], [564693.3430203568, 5443671.154868158], [564698.3817038098, 5443667.2843358815], [564703.7181852885, 5443669.051196678], [564708.004103869, 5443667.108820019], [564716.052312761, 5443667.662802214], [564723.0205323913, 5443674.704368345], [564727.7766008684, 5443672.321703686], [564742.3204876297, 5443670.995122753], [564749.6792741132, 5443674.129711764], [564766.4350508405, 5443676.8696642835], [564773.0278024301, 5443682.880540287], [564782.2313618106, 5443680.578282341], [564786.1786953288, 5443684.23370273], [564793.4743105726, 5443686.913594092], [564804.2757037814, 5443684.994027039], [564818.2125648323, 5443688.220602603], [564824.4647057639, 5443687.798707523], [564834.4605559363, 5443692.790123616], [564842.3903151344, 5443700.125110151], [564856.7143397231, 5443699.105253157], [564870.8320718558, 5443704.3559058085], [564893.6296487445, 5443704.387348449], [564904.720629075, 5443708.8986872295], [564910.2977513267, 5443707.769688543], [564913.3803529631, 5443714.462687196], [564916.9543088345, 5443716.158450584], [564929.5222048302, 5443714.428817048], [564938.4071823445, 5443717.700545001], [564947.9335432138, 5443716.833866608], [564952.7778495379, 5443720.847457287], [564958.8769632083, 5443719.188679708], [564968.2645553364, 5443720.427241536], [564980.0373482254, 5443718.874261868], [564984.8811891318, 5443720.150705951], [564994.8836925105, 5443728.257602473], [564997.4491181584, 5443727.444360651], [564999.4136809866, 5443721.75867776], [565010.6355449742, 5443720.129811889], [565020.2413448652, 5443724.166486017], [565027.2954850723, 5443722.131012853], [565030.6930695385, 5443725.094899247], [565036.075585473, 5443726.893185488], [565043.7961540425, 5443718.646954014], [565056.1339021688, 5443718.1304036705], [565059.5381027895, 5443715.952891982], [565066.2051977819, 5443715.2934249425], [565076.0785237269, 5443710.202344294], [565084.0986162692, 5443712.238462135], [565090.1908575863, 5443711.740523896], [565096.047671347, 5443708.122733907], [565101.4429220386, 5443711.339550089], [565107.8954434396, 5443708.006244236], [565121.5023453503, 5443710.892592094], [565124.1206912603, 5443708.100778555], [565129.8468835851, 5443706.224152076], [565140.8955320587, 5443709.488636452], [565147.9980458805, 5443708.918191433], [565166.6231461004, 5443712.170900703], [565178.1302244611, 5443712.116831238], [565181.8357306245, 5443710.1378378235], [565190.0427732854, 5443712.501132174], [565197.3164416678, 5443712.270367451], [565200.5341489266, 5443708.965130168], [565204.7599431898, 5443707.278373476], [565212.7479546425, 5443708.135349269], [565221.4212837253, 5443701.132667158], [565227.7393539604, 5443700.751498285], [565237.452590847, 5443704.806368364], [565247.9586585109, 5443695.974825636], [565257.6459452428, 5443694.266726825], [565265.881065856, 5443690.723359362], [565281.5661624913, 5443688.273157064], [565303.5770298712, 5443690.616343464], [565308.5618388904, 5443693.148328848], [565316.8716739939, 5443692.999633767], [565331.2283772528, 5443697.272952875], [565348.4680390144, 5443695.854405422], [565359.0273873754, 5443699.977425396], [565366.5299977043, 5443699.201106275], [565382.7735792586, 5443702.2021205155], [565405.7427408755, 5443716.114535569], [565416.606150588, 5443728.845420621], [565447.7014799259, 5443757.829450239], [565456.0908188577, 5443771.44277903], [565462.5576066177, 5443775.001141695], [565466.1078702272, 5443784.198113962], [565475.605026421, 5443793.8914675545], [565478.3717559156, 5443799.5705702165], [565485.6515361614, 5443808.69717781], [565489.6391979267, 5443816.632280266], [565495.5835700124, 5443823.992665761], [565497.7656101737, 5443829.920374997], [565503.7711212806, 5443835.0463936925], [565505.8356690725, 5443839.849987638], [565511.005996323, 5443842.129742246], [565520.485596278, 5443852.254542159], [565531.244871231, 5443866.533546738], [565537.6602879418, 5443872.095587472], [565544.298952521, 5443883.504152916], [565548.444116485, 5443887.852893893], [565559.0363970062, 5443893.061448877], [565574.540840427, 5443905.1790492805], [565583.842364827, 5443908.113256612], [565591.937360625, 5443907.942266551], [565601.3432507407, 5443912.707905765], [565606.6147881597, 5443917.776365888], [565610.9888641196, 5443917.41681674], [565617.0639388735, 5443920.722133564], [565633.4808468061, 5443936.514031284], [565639.8971372145, 5443939.045870066], [565642.9144947282, 5443944.725255812], [565648.1928177674, 5443945.635240566], [565652.9887410364, 5443949.188670711], [565678.5727989856, 5443975.093619278], [565679.4607612831, 5443980.791967306], [565682.6328108694, 5443984.221147025], [565684.5571857867, 5443988.6166100195], [565688.4535802365, 5443992.131063763], [565690.9803809081, 5443997.334447054], [565695.5609167033, 5444012.209159164], [565695.6232020265, 5444019.451443292], [565698.6759079082, 5444024.086013066], [565699.5236022983, 5444028.148606469], [565695.1780157145, 5444036.2447828865], [565697.0402119958, 5444039.631492798], [565698.9401626304, 5444049.135948305], [565693.2559834333, 5444057.222700388], [565693.780065234, 5444059.976303839], [565697.0000505525, 5444063.859771609], [565697.3009045019, 5444068.929789331], [565696.935629552, 5444071.793427977], [565708.7165566543, 5444040.605241429], [565657.8999379338, 5443913.268151711], [565532.9909809527, 5443840.971661828], [565449.2852771267, 5443739.649890671], [565238.7402808252, 5443599.639688548], [565137.9149458559, 5443593.84093991], [564840.961732573, 5443682.570249457], [564686.1752148105, 5443644.597040462], [564557.496014564, 5443652.504195994], [564562.4194012549, 5443656.833006508], [564572.4342396603, 5443657.965649213], [564576.8759269655, 5443661.985154019], [564589.1592957916, 5443667.002033288], [564611.9940102857, 5443670.293764405], [564619.038115871, 5443668.180796623], [564625.0343162604, 5443668.909201251], [564626.6931540926, 5443670.517699825], [564626.3298322761, 5443672.661370213], [564627.5212712066, 5443675.043879822], [564631.8250068534, 5443677.28024939], [564635.0955588035, 5443676.727786671]]], [[[565488.0992793603, 5446664.022423235], [565297.6134058179, 5446761.214634173], [565386.407697583, 5446733.760893359], [565428.6922177253, 5446746.658477332], [565530.742985682, 5446690.894913618], [565488.0992793603, 5446664.022423235]]], [[[565147.2565403971, 5446787.452985464], [565231.1073550425, 5446785.298558119], [565264.0012861631, 5446759.2814868055], [565165.8163620862, 5446747.819953241], [565147.2565403971, 5446787.452985464]]], [[[565953.4548835121, 5446923.354219963], [565837.5644144445, 5446875.990698566], [565799.0088887333, 5446899.35724682], [565791.7737287508, 5446944.293516923], [565923.5720511874, 5446957.685483141], [565953.4548835121, 5446923.354219963]]], [[[565199.6496681519, 5446867.216258795], [564936.136182304, 5447061.377250834], [565127.3432743447, 5446992.136975631], [565153.8575287117, 5446935.517996752], [565192.4135938295, 5446912.152297384], [565199.6496681519, 5446867.216258795]]], [[[565155.8737966184, 5447122.8581952285], [565083.7048715499, 5447144.290607946], [565078.7609774495, 5447169.58978044], [565109.7221004143, 5447177.1851214925], [565212.4931494116, 5447149.372535096], [565155.8737966184, 5447122.8581952285]]], [[[564410.8150179476, 5447298.617613208], [564461.4133583274, 5447308.50657874], [564462.9887908143, 5447260.91856619], [564420.7040066542, 5447248.019333413], [564410.8150179476, 5447298.617613208]]], [[[564567.773100959, 5447420.450256511], [564659.5804210395, 5447401.311715258], [564670.1866558886, 5447378.663982987], [564505.4919421579, 5447391.282822424], [564352.9792187536, 5447333.664997987], [564396.3401507294, 5447388.490609587], [564567.773100959, 5447420.450256511]]], [[[564737.2726117562, 5447486.021820107], [564827.1462989909, 5447500.49561067], [564865.7033796968, 5447477.129925505], [564789.8052014431, 5447462.297395722], [564737.2726117562, 5447486.021820107]]], [[[564659.4405446032, 5447504.8018467035], [564667.0364365128, 5447473.840517954], [564557.8842981036, 5447471.048894215], [564584.9775233248, 5447545.87070886], [564659.4405446032, 5447504.8018467035]]], [[[565821.5612480809, 5447558.850121056], [565813.9665532465, 5447589.811885026], [565895.887183783, 5447621.268711028], [565875.1713485, 5447577.050176812], [565898.67399582, 5447512.115926751], [565821.5612480809, 5447558.850121056]]], [[[565380.2286992399, 5447690.464449851], [565476.6208806774, 5447632.04793372], [565481.2053140686, 5447592.772750921], [565415.05664578, 5447630.833266988], [565380.2286992399, 5447690.464449851]]], [[[565833.801281916, 5447661.687225274], [565835.1146222346, 5447661.574959088], [565806.3718411039, 5447620.773679504], [565782.1501857522, 5447657.756956557], [565734.5614188466, 5447656.183607938], [565705.3961816388, 5447718.46664004], [565780.6709179991, 5447711.815837663], [565776.8021678682, 5447708.671327207], [565776.9401267598, 5447705.659991393], [565791.9557867747, 5447686.682230699], [565792.2945935354, 5447686.386125355], [565815.8237417312, 5447665.586502809], [565833.801281916, 5447661.687225274]]], [[[565516.6978920703, 5447852.988522766], [565518.6330475063, 5447851.928424634], [565519.6922395248, 5447850.8929005], [565516.6978920703, 5447852.988522766]]], [[[564994.9578188414, 5448262.557261631], [564707.6257463801, 5448183.2287335675], [564649.4296796204, 5448204.301910497], [564644.4851964968, 5448229.601914588], [564973.0272157809, 5448279.902628579], [564994.9578188414, 5448262.557261631]]], [[[565231.332008115, 5448318.019378746], [565255.9140276331, 5448295.011623957], [565226.5259667241, 5448239.826401508], [565202.3030441183, 5448276.809939995], [565093.5067832882, 5448287.996004403], [565102.5385401379, 5448312.937150592], [565231.332008115, 5448318.019378746]]], [[[565591.9165820753, 5448417.836602032], [565661.7962039732, 5448416.040225667], [565716.2626239979, 5448358.69936253], [565593.4902844466, 5448370.246645417], [565591.9165820753, 5448417.836602032]]], [[[569442.3821694267, 5443289.95096626], [569381.1878037736, 5443302.71870497], [569384.921396163, 5443338.977534594], [569480.4467539996, 5443356.084690893], [569510.3216308509, 5443321.753742636], [569442.3821694267, 5443289.95096626]]], [[[569947.9566215578, 5443699.16395988], [569924.1049623981, 5443750.119689753], [569936.1512249104, 5443783.367469442], [569960.0, 5443784.735144732], [569960.0, 5443702.835296474], [569947.9566215578, 5443699.16395988]]], [[[569877.2448390876, 5443776.500976819], [569882.4245034731, 5443868.655304203], [569913.3835718406, 5443876.244563256], [569929.6461499544, 5443856.247670168], [569892.6639729332, 5443832.034495257], [569877.2448390876, 5443776.500976819]]], [[[568723.7555850204, 5444134.9095041705], [568704.3617474384, 5444146.0713679595], [568710.9201192624, 5444149.586444855], [568718.8563554885, 5444156.104662428], [568732.1213155412, 5444158.303313047], [568734.3614107812, 5444155.65556343], [568735.150446398, 5444148.348268159], [568731.819775642, 5444141.494573238], [568726.8505170703, 5444135.213428965], [568723.7555850204, 5444134.9095041705]]], [[[568809.3128104501, 5444182.294338511], [568827.3764306903, 5444188.168445242], [568841.3462509481, 5444196.469694872], [568850.6519537941, 5444198.975026079], [568879.10203843, 5444212.314398528], [568885.6835494108, 5444218.508706972], [568902.6811474215, 5444226.921918845], [568912.6395398733, 5444235.051552476], [568918.2692437691, 5444237.906317636], [568927.1317183585, 5444243.246527759], [568942.0737304847, 5444252.250216804], [568942.6708973502, 5444252.717294594], [568956.1671073986, 5444263.27294122], [568971.3035270836, 5444275.111389556], [568974.9465415447, 5444277.960720852], [568981.6051281417, 5444285.216522074], [568997.9442120234, 5444296.352976135], [569001.9984793455, 5444301.80031486], [569006.4508305859, 5444303.901252959], [569021.9540093002, 5444317.200859928], [569049.1385539079, 5444345.183908479], [569055.9936724475, 5444356.286106635], [569067.5912197657, 5444369.110263091], [569070.8812304654, 5444371.042456604], [569075.51265971, 5444372.075764157], [568900.1559585179, 5444168.109039155], [568738.7770404665, 5444132.16349248], [568750.9290217079, 5444146.46558854], [568762.5098669251, 5444154.26697935], [568766.2257717734, 5444163.216038233], [568771.5802434668, 5444165.248871117], [568774.7791210145, 5444168.557592567], [568782.259016429, 5444167.175547571], [568789.966260966, 5444175.949953451], [568804.5655527863, 5444179.256939063], [568809.3128104501, 5444182.294338511]]], [[[565964.6930760868, 5444968.104942403], [565966.1770829881, 5444965.9499578485], [565959.0327360303, 5444968.616572532], [565964.6930760868, 5444968.104942403]]], [[[568340.3844013856, 5445155.29299118], [568357.3799915904, 5445158.082974177], [568371.3771241899, 5445164.118912814], [568376.5854556013, 5445164.020307006], [568387.920470666, 5445169.047410744], [568394.402642176, 5445170.070868754], [568395.8738720807, 5445173.691926778], [568397.8380967621, 5445174.915206372], [568400.9518507535, 5445170.432118348], [568404.9381345344, 5445172.98869543], [568414.0628289146, 5445174.779753451], [568419.3468851998, 5445173.783335352], [568418.1650089532, 5445169.445111365], [568419.4618356598, 5445164.400789485], [568418.8459616273, 5445150.714475327], [568417.6783989281, 5445137.7583686365], [568416.0591562421, 5445132.372706398], [568417.2476568848, 5445122.402675111], [568415.1818009713, 5445116.2181609655], [568415.4280531167, 5445112.790398168], [568412.1708509497, 5445108.056027182], [568408.831170183, 5445097.073879634], [568408.161200731, 5445088.556450606], [568399.9945215938, 5445082.911977589], [568395.8345440838, 5445077.874249895], [568392.1922957298, 5445080.032451074], [568386.3897081449, 5445079.9047586145], [568392.0294263464, 5445088.269323594], [568388.5037135454, 5445092.134325086], [568385.4349489089, 5445091.545883144], [568373.1230857279, 5445073.304074906], [568371.0957024918, 5445067.344104009], [568371.2448528939, 5445063.222580802], [568366.7406332061, 5445054.888187171], [568367.5730161471, 5445053.136362807], [568369.6004870587, 5445052.735906652], [568374.661847524, 5445056.046384209], [568376.6326851163, 5445055.096904175], [568372.7468040994, 5445043.498017678], [568367.988235704, 5445038.811794708], [568369.2276189306, 5445035.928497328], [568368.8419141357, 5445033.796385237], [568362.3961716979, 5445029.934993637], [568359.307096257, 5445037.871035848], [568350.8310868082, 5445035.810319496], [568348.0038129782, 5445032.042594694], [568335.806061205, 5445022.193934098], [568333.8055524256, 5445018.070969629], [568324.1369414489, 5445012.228175139], [568320.5685785494, 5445008.455768504], [568321.361014617, 5445005.991659166], [568328.1352758482, 5445004.029640283], [568328.286356428, 5445002.289091236], [568326.2466355604, 5444999.993286336], [568307.0735933142, 5444991.719842875], [568304.2886734216, 5444989.15093086], [568351.3868001605, 5445119.165267366], [568329.4605614938, 5445136.51144794], [568092.3843217172, 5445053.132758801], [568085.1021441736, 5445054.709394007], [568088.4468216182, 5445056.751935808], [568095.0215270752, 5445066.9149962785], [568104.5351335704, 5445071.279477007], [568155.2676860314, 5445077.748295406], [568175.0824035422, 5445083.143789931], [568172.5469345647, 5445086.037698475], [568145.6618445057, 5445088.29924319], [568095.9252544153, 5445084.671244152], [568071.1732752121, 5445084.3651154395], [568069.3253298596, 5445090.4590801615], [568064.0314401011, 5445093.3118164465], [568058.5778173604, 5445094.1702436535], [568048.778054552, 5445103.224434457], [568039.6333543952, 5445107.298319594], [568031.3194314644, 5445113.464204488], [568031.1180992468, 5445115.807462072], [568032.5683931673, 5445117.352330301], [568035.0100861256, 5445117.015493948], [568037.4286393267, 5445114.272278319], [568040.5718619477, 5445114.503540399], [568040.776586918, 5445117.253372381], [568039.2561294822, 5445119.14693389], [568036.4034186078, 5445128.252831885], [568045.4013618312, 5445135.856144998], [568047.2828235936, 5445139.091556907], [568046.7198786187, 5445148.215812718], [568052.1732858184, 5445152.98665328], [568096.3642634695, 5445159.97471152], [568128.7541695932, 5445161.301015738], [568154.1884860347, 5445159.660959688], [568156.1064643749, 5445138.187439503], [568209.0526313464, 5445155.3520454215], [568233.5699967148, 5445154.210708021], [568236.7164934669, 5445152.450949259], [568251.7993362373, 5445154.0186131885], [568256.1806996205, 5445150.623769534], [568266.6923543185, 5445152.495519424], [568274.2522565725, 5445150.943260179], [568307.3940707678, 5445149.93194155], [568334.9114264101, 5445156.06068599], [568340.3844013856, 5445155.29299118]]], [[[568495.7585129213, 5445400.746280307], [568491.4877468782, 5445388.973642483], [568487.3562007647, 5445383.912763158], [568486.6317809757, 5445379.59760625], [568487.4807399774, 5445372.544427498], [568485.4323823092, 5445368.39142159], [568482.6768057637, 5445365.999158898], [568481.1609816058, 5445360.0268249195], [568463.0434951022, 5445353.494475007], [568461.1188614039, 5445349.124381617], [568466.424611323, 5445344.927458249], [568465.5299851727, 5445340.102992208], [568460.6114336228, 5445335.687559705], [568459.1177197042, 5445332.3055709405], [568452.124520214, 5445327.122107879], [568440.0478302162, 5445326.234087295], [568438.402338716, 5445321.947183792], [568440.4508263757, 5445317.852230196], [568440.502762588, 5445315.200466029], [568431.9837665581, 5445305.252683061], [568430.4429882715, 5445305.387312224], [568429.2215935896, 5445309.470762847], [568431.0019954003, 5445312.587155637], [568428.4224052805, 5445314.152785613], [568423.8454488143, 5445307.419987401], [568415.8698341767, 5445300.442421633], [568406.8830676866, 5445294.961815341], [568399.3729310867, 5445284.571839728], [568399.386557486, 5445282.169418618], [568405.5477011246, 5445279.872812583], [568402.1289896573, 5445276.648795414], [568401.0065758922, 5445273.348962484], [568385.2359903455, 5445272.028222534], [568369.8408531406, 5445264.118499875], [568355.1457061936, 5445260.427439598], [568349.3015131991, 5445255.151222365], [568334.7212232975, 5445250.639198144], [568334.2744226968, 5445243.41678537], [568331.6660403768, 5445240.606356671], [568318.2130806651, 5445236.064342397], [568296.3370652634, 5445231.827815865], [568276.7030875654, 5445233.043226994], [568272.5369665382, 5445232.052698749], [568266.5485717037, 5445234.643194144], [568263.6912569692, 5445243.065525909], [568256.6080285246, 5445253.0690998435], [568255.9567556627, 5445257.310775038], [568304.7570939931, 5445263.002084356], [568350.7733969114, 5445312.156120769], [568275.2393126138, 5445311.308399965], [568268.6714998632, 5445298.9785477845], [568269.6250309849, 5445303.582986799], [568278.2368812872, 5445316.316664107], [568283.2969911728, 5445320.47922387], [568292.325327595, 5445335.8266295865], [568298.767642359, 5445340.26407661], [568303.472889444, 5445348.605414538], [568305.524881938, 5445358.9528066935], [568311.6151861062, 5445364.644676193], [568312.1092173825, 5445366.101902355], [568310.1912416556, 5445374.735413848], [568311.5915342962, 5445378.746297962], [568315.7343696812, 5445378.106897296], [568319.7348051923, 5445372.451778902], [568325.1405874715, 5445374.038223743], [568326.435785764, 5445375.883774582], [568325.2861715009, 5445379.662880422], [568326.12998455, 5445383.177995636], [568325.2590284231, 5445386.987052924], [568332.6240773207, 5445388.130052845], [568335.8995741131, 5445387.194602377], [568332.9400409665, 5445379.738345131], [568354.1452544732, 5445334.443110276], [568455.6989911858, 5445368.180160143], [568457.8629236303, 5445452.027079627], [568512.4731647572, 5445494.106086831], [568509.5304723727, 5445489.490762694], [568510.8935908467, 5445478.085942593], [568508.0470890473, 5445475.170674821], [568504.4107265043, 5445474.456912114], [568502.0159808882, 5445463.83409347], [568501.7372149032, 5445452.963890736], [568500.1070699787, 5445449.410892966], [568494.2703904407, 5445443.717419423], [568494.5973067564, 5445441.334642641], [568498.4879863656, 5445436.369203002], [568495.2831434734, 5445417.3677180465], [568496.3188697088, 5445411.569369767], [568495.7585129213, 5445400.746280307]]], [[[569954.5310975799, 5446055.514012091], [569947.9345698991, 5446054.16973866], [569940.3757467261, 5446063.528556289], [569930.3931499837, 5446068.444554989], [569937.3630581232, 5446072.944967837], [569960.0, 5446083.408681311], [569960.0, 5446057.315915766], [569954.5310975799, 5446055.514012091]]], [[[568450.4706837342, 5446249.3062456725], [568434.2057095775, 5446269.3038738575], [568467.3308175688, 5446360.744943864], [568486.9678744846, 5446363.0350085525], [568497.2100889216, 5446326.411635339], [568450.4706837342, 5446249.3062456725]]], [[[569662.4162189933, 5447258.44900923], [569778.3149948417, 5447305.798141978], [569810.2431918273, 5447134.359300572], [569692.0557136962, 5447106.648278118], [569580.9755913417, 5447137.488645258], [569570.7344083071, 5447174.113466238], [569662.4162189933, 5447258.44900923]]], [[[569234.1195448333, 5447244.343734335], [569259.4196351441, 5447249.2840361595], [569311.2262615964, 5447197.600742313], [569229.6637792747, 5447180.1292793], [569234.1195448333, 5447244.343734335]]], [[[569700.8474451707, 5447338.567140612], [569675.9084218609, 5447347.602628194], [569663.3779027048, 5447403.865626504], [569736.6282899535, 5447424.347888767], [569743.4962497064, 5447365.434233598], [569700.8474451707, 5447338.567140612]]], [[[566160.7496024959, 5448131.897852046], [566309.8998587753, 5448167.218645467], [566345.8054086838, 5448149.512684282], [566210.6309733319, 5448113.83254393], [566160.7496024959, 5448131.897852046]]], [[[567512.3534165722, 5448153.61789213], [567526.515044948, 5448163.859028269], [567562.1581541897, 5448138.098711717], [567554.9397182905, 5448136.642483808], [567543.908030693, 5448134.606224236], [567533.940937868, 5448136.696696098], [567512.3534165722, 5448153.61789213]]], [[[568341.0783431821, 5448296.690774953], [568299.1507049107, 5448297.7724993555], [568207.7030420981, 5448330.899032334], [567964.8107742501, 5448348.351786505], [568081.7921977054, 5448437.637350164], [568123.7200350648, 5448436.555942379], [568152.520447982, 5448360.292864556], [568281.6756955695, 5448379.337499128], [568319.8707739552, 5448341.990550906], [568392.4012140159, 5448334.525112912], [568341.0783431821, 5448296.690774953]]], [[[567708.9395248747, 5448488.636123075], [567704.9326642422, 5448482.571804377], [567703.8532775809, 5448469.572402404], [567700.9147518716, 5448462.56512936], [567669.8400342441, 5448425.604466402], [567669.8185404333, 5448422.60220268], [567673.8861427506, 5448413.624052667], [567684.8783372766, 5448404.575169647], [567690.8653342142, 5448384.69112964], [567690.9226674406, 5448364.578843629], [567690.8583860917, 5448355.56101294], [567693.8927932146, 5448344.668951438], [567702.8724310335, 5448325.622188385], [567702.8868992333, 5448316.544922035], [567654.3295654667, 5448347.965533942], [567650.4684099536, 5448415.194035414], [567763.2278494611, 5448557.733929769], [567774.9028384845, 5448559.095783199], [567763.9170820777, 5448550.595478378], [567743.9247394517, 5448530.548173817], [567733.9189304883, 5448512.69154241], [567726.8273922587, 5448502.63132395], [567719.9175314414, 5448495.575246314], [567708.9395248747, 5448488.636123075]]], [[[568906.844818895, 5448651.299609906], [568863.1124814522, 5448582.501964172], [568766.8488611979, 5448537.437057117], [568761.907877733, 5448562.7381788], [568845.2780185667, 5448650.092100251], [568884.9161479097, 5448668.648239696], [568906.844818895, 5448651.299609906]]], [[[567950.0232351475, 5448700.169969837], [567952.9279310863, 5448701.606650761], [567975.9145331087, 5448718.667460382], [568000.9097569018, 5448740.67862303], [568016.9547320814, 5448758.610278784], [568027.8521255841, 5448782.649121098], [568034.9457003687, 5448806.652265995], [568040.8608885512, 5448821.612744968], [568047.8546957477, 5448840.700273658], [568061.890314057, 5448862.565435924], [568089.8073771294, 5448898.700089435], [568105.8836403772, 5448917.5774428975], [568116.672607096, 5448927.902181594], [568058.9911737002, 5448854.988622792], [567936.9627359469, 5448570.036836533], [567919.8321328185, 5448571.091367568], [567919.8254037176, 5448578.630089821], [567917.9480873301, 5448595.55131511], [567917.9546707214, 5448614.552695432], [567917.8146398279, 5448627.692890903], [567916.8134421022, 5448651.596171918], [567919.9364322417, 5448675.550211945], [567924.9580874136, 5448685.58519204], [567934.884188658, 5448692.667547381], [567950.0232351475, 5448700.169969837]]], [[[567933.9070759045, 5448830.578885613], [567935.9573701591, 5448851.673423353], [567942.827431178, 5448866.634427367], [567956.8240775036, 5448878.68126109], [567978.930843807, 5448892.573678117], [567999.8405306607, 5448906.607050149], [568017.8368435571, 5448914.589641857], [568032.9056874452, 5448920.634887946], [568036.8767656498, 5448920.683833513], [568040.9020645604, 5448914.562824565], [568040.8204875786, 5448907.590542573], [568029.8980740607, 5448885.608262091], [568023.8437540637, 5448873.659124757], [568016.8360677002, 5448851.558366617], [568010.8530283388, 5448832.638943198], [568001.8394196108, 5448810.680255761], [567990.9379193264, 5448791.700132681], [567982.8787827882, 5448778.6145722745], [567977.8925435847, 5448774.594972395], [567970.8515676786, 5448770.5500847], [567963.9380995485, 5448768.563646525], [567949.8478363762, 5448770.602594949], [567938.8314797729, 5448771.578774778], [567935.9571000761, 5448773.600287712], [567931.8712108942, 5448784.634936078], [567933.8006993935, 5448806.673091363], [567933.8112461378, 5448809.0502507165], [567934.7757609439, 5448810.641422862], [567933.825970424, 5448812.361752279], [567933.9070759045, 5448830.578885613]]], [[[568156.9450835369, 5448979.648367883], [568164.8867102356, 5448988.618959246], [568173.8575469733, 5448995.689885078], [568176.9133204836, 5448996.683854339], [568179.8946182895, 5448999.5670505585], [568203.9517710939, 5449010.638179053], [568221.936568456, 5449020.678170133], [568243.868083372, 5449031.556485213], [568264.8874820033, 5449039.577208168], [568284.934160876, 5449049.642883184], [568294.8634427326, 5449051.6671116175], [568317.8027515168, 5449057.643867369], [568329.87257978, 5449061.595855566], [568343.9468554911, 5449066.684517117], [568356.8501341323, 5449071.592012794], [568377.8509323101, 5449081.669854136], [568383.2992314631, 5449083.028669661], [568163.0801829793, 5448986.564551973], [568155.2385007753, 5448976.652138804], [568156.9450835369, 5448979.648367883]]], [[[568491.9567904499, 5449119.66534142], [568511.8097242349, 5449137.645787578], [568532.9485158512, 5449153.585344122], [568537.9522803511, 5449155.548775521], [568547.8349681207, 5449156.61670979], [568560.9126730179, 5449155.667340408], [568566.8316865616, 5449156.697165549], [568577.9440764525, 5449155.567801209], [568601.8380242222, 5449152.696263665], [568623.9061663836, 5449146.633300897], [568649.7790525141, 5449131.666342627], [568650.5529011366, 5449125.030803886], [568554.6485512127, 5449093.940556521], [568400.4051028198, 5449087.295013715], [568421.9481889, 5449092.6680559935], [568435.8876517392, 5449095.687385394], [568448.9045489959, 5449099.651458128], [568471.9107254469, 5449109.598911395], [568491.9567904499, 5449119.66534142]]], [[[568613.9089843301, 5449170.58033922], [568613.2328036913, 5449172.434314088], [568621.0315161222, 5449173.343786153], [568645.9724256269, 5449164.3087067], [568647.8008008227, 5449148.629994934], [568642.8233530533, 5449153.684348647], [568636.850572463, 5449157.5681186505], [568613.9089843301, 5449170.58033922]]], [[[568418.4920674013, 5449237.310053358], [568447.5548035185, 5449240.0], [568541.3791140676, 5449240.0], [568543.834734101, 5449231.627240587], [568551.8522984261, 5449228.55813546], [568566.937938596, 5449232.548184481], [568578.3628113425, 5449240.0], [568585.3896621749, 5449240.0], [568586.2080589603, 5449232.982158537], [568543.9183843787, 5449220.087894274], [568542.898718306, 5449180.573962914], [568537.8381677436, 5449180.563716186], [568518.9562724883, 5449170.667211726], [568497.8984007414, 5449161.699954443], [568479.835289693, 5449158.629295807], [568460.8832399818, 5449145.563401169], [568448.8319309634, 5449139.5544438725], [568440.9117931027, 5449133.596734129], [568436.9015959671, 5449132.601903575], [568418.917480401, 5449122.561174831], [568395.8184235123, 5449116.570925055], [568357.9073020404, 5449105.649639441], [568343.8147434235, 5449102.62862736], [568331.9446410245, 5449099.624115255], [568312.8875239444, 5449095.585606987], [568299.831317924, 5449090.676304271], [568275.9486356108, 5449082.619986915], [568263.8044008106, 5449080.568393069], [568249.832761327, 5449076.604166918], [568236.8083980219, 5449072.6404715525], [568212.9119384377, 5449061.571149818], [568188.8157153705, 5449049.554428134], [568175.912265437, 5449044.647315849], [568154.9109212453, 5449034.570256517], [568136.8866753192, 5449023.584876068], [568117.8686415561, 5449011.631186998], [568097.9213610864, 5448997.609180267], [568079.8757538865, 5448983.610802346], [568062.8239461154, 5448970.569669353], [568029.8589565556, 5448952.584828569], [568026.877503438, 5448949.701761096], [568003.9345861003, 5448938.645103922], [567990.9097586817, 5448934.682051057], [567977.9103095874, 5448928.662406486], [567955.8570079696, 5448927.601257254], [567954.8907609729, 5448948.647535661], [567957.9528873891, 5448968.642697637], [567958.9106537497, 5448982.585865432], [567962.9591890563, 5448994.676961873], [567968.8138853358, 5449005.667360665], [567976.9555423884, 5449015.58520797], [567993.9076597057, 5449032.582924681], [568005.8809842387, 5449045.561083476], [568014.9154169081, 5449061.660703321], [568024.9011870795, 5449081.5746395495], [568028.88894117, 5449098.568235676], [568026.828880211, 5449122.614057774], [568027.8681325255, 5449134.656963744], [568030.8088951159, 5449155.595838224], [568035.950796389, 5449164.68732372], [568054.9078138164, 5449181.554315246], [568078.8889480991, 5449204.642989595], [568102.9028911312, 5449218.559562691], [568125.8656406834, 5449232.618791199], [568137.0301072546, 5449240.0], [568223.5054831217, 5449240.0], [568118.6054715615, 5449214.277802087], [568128.1283285101, 5449149.698418349], [568177.6498656077, 5449117.652834318], [568065.4792196386, 5449106.560362478], [568035.3640777612, 5449023.423754391], [568056.9330648333, 5448992.0993663], [568185.242517242, 5449086.688744836], [568203.3118790665, 5449136.570710292], [568350.1796778643, 5449191.521443781], [568364.8771718465, 5449219.11349057], [568352.1142980698, 5449240.0], [568417.8324921248, 5449240.0], [568418.4920674013, 5449237.310053358]]]]}}, {"type": "Feature", "properties": {"role": "valid_footprint"}, "geometry": {"type": "Polygon", "coordinates": [[[563960.0, 5443240.0, 9675.20741111111], [563960.0, 5449240.0, 9675.20741111111], [569960.0, 5449240.0, 9675.20741111111], [569960.0, 5443240.0, 9675.20741111111], [563960.0, 5443240.0, 9675.20741111111]]]}}]}