{"type": "FeatureCollection", "crs": {"type": "name", "properties": {"name": "EPSG:32610"}}, "features": [{"type": "Feature", "properties": {"class": 1, "timestamp_utc": "2025-12-19 01:50:14+00:00", "source_product": "Flood_CAN_BC_LowerFraser_20251219_015014"}, "geometry": {"type": "MultiPolygon", "coordinates": [[[[563960.8507502894, 5446302.586990631], [563977.9532422614, 5446316.560533062], [564000.9473105862, 5446333.615525443], [564019.9123170329, 5446346.654710483], [564034.8408032224, 5446355.70011883], [564038.8537093695, 5446356.691780421], [564046.8221279935, 5446368.658420327], [564047.9033600481, 5446381.656955], [564048.8977472464, 5446387.694517731], [564047.8932724717, 5446392.585961551], [564042.9488081248, 5446394.585475945], [564035.9253011731, 5446393.558906459], [564029.833028116, 5446394.588972063], [564025.8268534496, 5446398.6673141625], [564025.8903295697, 5446402.626084248], [564040.8719947861, 5446426.548252267], [564046.833824956, 5446438.647351326], [564054.8420248952, 5446451.570639589], [564061.9360705547, 5446456.567125482], [564070.8220005129, 5446456.670345123], [564073.8565691148, 5446454.63757223], [564077.9195634687, 5446445.667864161], [564097.9056283634, 5446446.6893782], [564108.8053728337, 5446446.660325346], [564119.858750053, 5446441.563134469], [564123.937968823, 5446435.584453705], [564124.937362254, 5446411.692042023], [564121.8732486363, 5446400.571661196], [564103.8901056107, 5446379.616287166], [564081.9249557011, 5446355.612782311], [564063.8917566378, 5446339.57122158], [564046.9100061634, 5446324.642624684], [564033.9001079404, 5446318.632436116], [564011.9010100814, 5446302.5449363375], [563987.8313956211, 5446287.701138523], [563971.8272810507, 5446279.599469876], [563964.8037474835, 5446278.561926215], [563960.0, 5446281.84658619], [563960.0, 5446301.455147881], [563960.8507502894, 5446302.586990631]]], [[[564395.8226369146, 5447235.55635584], [564390.9035341903, 5447231.696584351], [564387.8860398132, 5447231.6613924755], [564384.8918961433, 5447234.628364337], [564381.9535002352, 5447241.565161473], [564378.8676927467, 5447258.628956044], [564386.9361453952, 5447280.581448967], [564388.8617000115, 5447283.605816705], [564404.8231944861, 5447285.6933307955], [564408.8121340397, 5447283.683006677], [564410.87563384, 5447278.637214916], [564410.8459772844, 5447270.565005736], [564404.8633349432, 5447251.64987107], [564395.8226369146, 5447235.55635584]]], [[[564270.8233924634, 5447723.543861969], [564274.8916777049, 5447724.703109362], [564298.8111165281, 5447733.68734627], [564322.8915788366, 5447737.603685589], [564340.8337141536, 5447741.61533097], [564345.8096195515, 5447740.572646967], [564348.9239571916, 5447736.650953562], [564346.8339674363, 5447714.612559848], [564341.8914112074, 5447711.54183174], [564320.8680320567, 5447708.606100058], [564300.9371577065, 5447697.6113416925], [564290.8349844619, 5447692.57941312], [564269.9318753124, 5447688.700292463], [564247.8405728765, 5447686.697367535], [564228.8064019817, 5447685.686432238], [564223.9430126391, 5447689.587826679], [564227.841238193, 5447696.593228222], [564245.8226852324, 5447706.631108142], [564257.8975502528, 5447715.632891672], [564270.8233924634, 5447723.543861969]]], [[[564723.8806424302, 5448367.614914991], [564712.8643303734, 5448368.586412888], [564694.9401860232, 5448367.586792583], [564687.8951572014, 5448368.615995821], [564683.9056971348, 5448375.6959413085], [564694.903377521, 5448385.642273203], [564699.9079777418, 5448392.661005724], [564705.9009324479, 5448395.588652756], [564723.8826461687, 5448391.674767498], [564729.9353415444, 5448379.560271074], [564729.9301764679, 5448370.687799886], [564723.8806424302, 5448367.614914991]]], [[[567620.9282131015, 5443311.632663892], [567618.8663492934, 5443300.689337419], [567614.8771163037, 5443297.627476429], [567601.9534991977, 5443298.5811867025], [567593.9032871544, 5443300.695260983], [567589.8753629387, 5443305.560220043], [567587.8259335952, 5443315.663770713], [567587.9336015903, 5443320.579435915], [567594.8614079729, 5443332.6941186255], [567607.8324696122, 5443341.558402569], [567616.8097123936, 5443343.569523677], [567619.8398880418, 5443341.549696964], [567620.837186879, 5443331.588791485], [567623.93804658, 5443322.598715018], [567620.9282131015, 5443311.632663892]]], [[[567729.9139574125, 5443299.670185283], [567729.8283922034, 5443299.513502805], [567727.9421918533, 5443295.687910288], [567719.93831024, 5443291.631769712], [567713.841678228, 5443292.66874482], [567704.869099813, 5443301.586814184], [567699.8393289545, 5443312.598982743], [567697.8362663798, 5443323.659427096], [567699.8905707488, 5443334.613781742], [567706.8753532453, 5443345.628624883], [567714.8791145788, 5443349.684825286], [567727.8993200922, 5443348.576933097], [567729.8414586621, 5443333.557679218], [567729.9113300978, 5443310.599354592], [567729.9139574125, 5443299.670185283]]], [[[566903.9541382857, 5443440.670162032], [566925.9367572916, 5443459.626179493], [566931.9340293609, 5443462.545057501], [566945.9480608768, 5443463.659907048], [566952.8100952951, 5443459.629355371], [566951.8035707879, 5443453.602180886], [566932.8873429262, 5443435.639381022], [566920.8434873633, 5443411.578248929], [566912.8870855881, 5443397.550683229], [566896.822462112, 5443379.622596922], [566882.9081340902, 5443363.621818687], [566871.9363643918, 5443354.616635853], [566863.8236324813, 5443345.657284555], [566843.837712258, 5443328.626880534], [566832.8834775287, 5443317.565222155], [566822.8492725156, 5443310.639475011], [566815.9433074415, 5443308.654729251], [566807.8692815336, 5443311.559029518], [566804.8216680561, 5443315.647004008], [566804.9228726968, 5443320.55142049], [566823.8514705723, 5443343.583757755], [566831.8037460195, 5443352.552262715], [566836.9607173512, 5443361.631554605], [566843.8188866295, 5443373.599879812], [566845.9518330458, 5443377.583749966], [566864.8405184104, 5443399.659642216], [566887.8331209291, 5443422.585769599], [566903.9541382857, 5443440.670162032]]], [[[566808.8770163491, 5443502.704506199], [566824.8031474771, 5443523.632594003], [566834.8922811814, 5443541.654972523], [566845.8337131087, 5443558.564701533], [566863.805947931, 5443581.585690272], [566878.8750765815, 5443598.556647679], [566895.8697162488, 5443618.552816404], [566901.8314964953, 5443625.596174463], [566919.8291835048, 5443635.631500281], [566939.8969762567, 5443638.565268005], [566946.9495463901, 5443626.620796798], [566946.819500001, 5443618.691889839], [566939.9209835412, 5443598.662240114], [566932.90878724, 5443579.576209009], [566924.8268422373, 5443562.689806763], [566913.8293616801, 5443545.612409381], [566898.8516787664, 5443524.695538271], [566894.9496674408, 5443512.607214536], [566893.8117140348, 5443509.591488629], [566893.9034105379, 5443505.634603663], [566889.8627129185, 5443496.5576655455], [566876.8353544738, 5443476.609521009], [566867.923608317, 5443462.559356212], [566859.8192687699, 5443442.670885585], [566850.8384849776, 5443424.672966148], [566835.8551879385, 5443409.604369075], [566831.8999600039, 5443403.697218631], [566820.8248244959, 5443393.590228448], [566803.9201056579, 5443380.5553724235], [566793.8860677792, 5443373.6296844445], [566770.9245695231, 5443362.578626083], [566762.8234408087, 5443358.6782872], [566741.8854690476, 5443357.635926511], [566733.8855120945, 5443358.651145246], [566727.8580666663, 5443363.648238959], [566718.9533966738, 5443381.585575619], [566716.8834575615, 5443388.687354678], [566716.8755218714, 5443399.616446976], [566726.8738390557, 5443421.584530788], [566742.896417618, 5443443.6364794485], [566751.9470873929, 5443454.663836184], [566768.9380791631, 5443469.600837136], [566790.8053376711, 5443483.640631513], [566808.8770163491, 5443502.704506199]]], [[[566608.8286956616, 5443538.602414991], [566595.8400654371, 5443519.600425973], [566588.9047025233, 5443514.613661194], [566579.8139803665, 5443513.547999571], [566577.8062273382, 5443513.69056746], [566576.810553574, 5443534.580773767], [566576.9061933598, 5443546.611828405], [566596.9317523887, 5443564.586719734], [566600.8891904042, 5443566.691391462], [566609.9455448093, 5443570.602918747], [566616.9427896786, 5443568.630496952], [566619.9402671574, 5443565.653569029], [566619.8887465333, 5443559.638020076], [566608.8286956616, 5443538.602414991]]], [[[564904.8140899619, 5443490.614419857], [564884.8150592188, 5443491.646958063], [564876.9185676466, 5443497.569124969], [564874.8774814645, 5443500.558113581], [564873.8149625296, 5443506.560589814], [564881.8906441176, 5443514.571531809], [564885.8415457961, 5443516.674759689], [564906.8188242208, 5443518.666813717], [564928.9519698911, 5443521.617396076], [564939.8793676351, 5443529.661966444], [564948.9428935739, 5443538.640768742], [564969.8299705711, 5443544.578870274], [564986.9262904084, 5443549.694120509], [564994.8750914001, 5443553.590114118], [565011.8464321145, 5443570.567007785], [565033.9408611269, 5443588.560571621], [565044.9077518717, 5443597.561921459], [565051.8778259803, 5443599.700858574], [565061.8545137333, 5443595.537796858], [565063.8556813227, 5443591.603363614], [565061.8362387973, 5443581.606595001], [565058.9143689686, 5443577.614167547], [565039.8853805788, 5443565.671484026], [565026.9217254911, 5443549.686732073], [565015.9352701501, 5443530.5564942565], [564993.8067438323, 5443516.676334643], [564972.8906435836, 5443502.6549911825], [564961.9464127261, 5443496.6670783395], [564950.9214636516, 5443492.579312894], [564946.9138651789, 5443491.587224239], [564926.8677448826, 5443491.6628351305], [564904.8140899619, 5443490.614419857]]], [[[566310.9026333236, 5445850.688247692], [566301.8923988586, 5445856.595041437], [566292.8942218224, 5445867.571857108], [566291.9439338191, 5445872.630309642], [566294.9105930114, 5445877.569085087], [566317.8625696006, 5445888.607202926], [566340.9081879016, 5445890.629661704], [566361.8438451006, 5445891.670649652], [566382.8834239661, 5445892.557384279], [566406.8397801166, 5445888.576137766], [566425.828386361, 5445883.578952591], [566446.9243953973, 5445884.6222849935], [566460.8758989756, 5445885.579568442], [566477.8307186848, 5445883.571149055], [566501.8539445015, 5445877.678766203], [566523.873719408, 5445865.602789593], [566529.8661081889, 5445859.648935206], [566526.8432487563, 5445854.553668455], [566522.9511637001, 5445852.605574341], [566503.8344347547, 5445844.614738378], [566483.8464075088, 5445843.584592643], [566461.8912559272, 5445843.6315083625], [566454.8499584895, 5445844.6585348435], [566445.876490106, 5445842.649380484], [566429.901321074, 5445842.612792222], [566416.9371894829, 5445842.612406108], [566397.9436638153, 5445842.550741059], [566377.8986296249, 5445842.620970976], [566354.892382901, 5445841.555019848], [566334.8472230871, 5445841.625491748], [566310.9026333236, 5445850.688247692]]], [[[567345.8557172086, 5446396.683212782], [567341.8901067672, 5446396.634818191], [567335.940735791, 5446408.603351488], [567335.8130706481, 5446416.673648412], [567340.877248815, 5446427.664726156], [567343.8209433001, 5446429.601843564], [567351.8204487349, 5446433.657571521], [567354.8383734891, 5446433.694451926], [567358.8218111842, 5446431.675043], [567359.9154481278, 5446428.686450554], [567354.9611261159, 5446411.681735094], [567348.9525007209, 5446398.622199992], [567345.8557172086, 5446396.683212782]]], [[[564921.9609186177, 5446845.690858477], [564911.8155434114, 5446848.584569586], [564908.8040051772, 5446853.607914731], [564909.8770220485, 5446861.54778709], [564933.8570498029, 5446865.621191078], [564946.81882361, 5446865.6180772595], [564968.8844291491, 5446859.54043164], [564992.9330579907, 5446851.596099742], [565016.8059094857, 5446840.636711747], [565037.8541010658, 5446830.589288706], [565056.9033339705, 5446820.673978002], [565068.9514949722, 5446816.546669556], [565081.9470822446, 5446813.686815181], [565104.9450479256, 5446804.618823487], [565124.9083415064, 5446797.571958306], [565131.8685404181, 5446794.640972907], [565137.8980412869, 5446789.653427025], [565138.830157563, 5446786.651325003], [565134.9325878329, 5446779.634249865], [565128.881570498, 5446776.56091264], [565118.9372842325, 5446776.599223189], [565095.9162760975, 5446782.665044723], [565071.8672235311, 5446790.608877413], [565060.8378542403, 5446793.647558699], [565047.938644387, 5446797.609265775], [565024.957582148, 5446804.631969929], [565003.9263270117, 5446812.61171501], [564982.8951243248, 5446820.602632504], [564961.8567340607, 5446828.582443866], [564940.929174985, 5446837.675415334], [564921.9609186177, 5446845.690858477]]], [[[569744.8802556186, 5447008.568012199], [569757.9491139291, 5447018.550811289], [569764.8974180651, 5447026.5549394535], [569784.9083389945, 5447030.6103925565], [569797.9291506583, 5447034.577592519], [569816.8711775177, 5447039.564758943], [569819.9075124251, 5447037.546224175], [569823.9462313327, 5447030.6260874495], [569831.9098520146, 5447028.669997699], [569849.8014964873, 5447021.613806141], [569850.850090818, 5447017.668900709], [569844.9160011034, 5447013.635709478], [569824.8271203232, 5447007.677769083], [569811.8638872597, 5447002.610511117], [569797.8880630316, 5446998.631226896], [569783.9122428749, 5446994.65193662], [569768.8674969176, 5446991.61551519], [569747.8219877613, 5446980.575711683], [569742.9236888671, 5446988.596895708], [569739.8687402811, 5446992.672105643], [569739.9353707173, 5446996.631089672], [569744.8802556186, 5447008.568012199]]], [[[569132.8342945175, 5447110.605398273], [569133.8411845828, 5447100.64479758], [569136.8958428059, 5447096.558193653], [569150.9238690565, 5447090.563293133], [569151.8116692583, 5447086.616208413], [569144.8832779723, 5447081.615040198], [569124.8720246172, 5447077.57297849], [569116.8172226644, 5447074.614684485], [569111.8322856309, 5447075.664096842], [569091.836269789, 5447085.542602675], [569081.9151639089, 5447093.657082312], [569079.9121608853, 5447097.590186424], [569079.8395243676, 5447104.560524565], [569086.9512041011, 5447117.6357561], [569100.9478074164, 5447124.615493751], [569122.8775492823, 5447121.565765135], [569129.8004369217, 5447117.694292459], [569132.8342945175, 5447110.605398273]]], [[[569277.8610196437, 5447413.599211107], [569284.8822729909, 5447414.643606718], [569287.9573332453, 5447413.570327642], [569289.799940178, 5447409.635312998], [569285.908027555, 5447402.615254452], [569262.9031390187, 5447392.6755986735], [569238.8223338522, 5447383.656644786], [569218.9315575891, 5447373.589527815], [569199.9305058039, 5447364.645453016], [569177.8707671064, 5447349.648118912], [569153.9423738949, 5447326.700040572], [569138.8084618042, 5447311.622885093], [569130.8451675645, 5447299.648654592], [569129.8697679497, 5447296.623388089], [569115.9234226618, 5447274.601073743], [569110.8975778181, 5447269.623800995], [569103.930071269, 5447263.68821267], [569095.9443922811, 5447257.562057702], [569083.9488173705, 5447241.579319137], [569073.8348838709, 5447222.606996855], [569069.9218104009, 5447212.584893877], [569064.8359114153, 5447203.659813253], [569057.8153948331, 5447181.557528719], [569054.8928961784, 5447168.690368629], [569053.4776261706, 5447161.779296957], [569049.9533275072, 5447144.568370412], [569046.8553355158, 5447137.558455228], [569040.8745038547, 5447132.569298445], [569036.924390656, 5447126.660514212], [569023.8751313315, 5447119.692797086], [569015.9377534649, 5447119.593567101], [569007.821537245, 5447121.548944427], [569000.8226959339, 5447128.588247364], [568998.9152810924, 5447133.6343857525], [568998.9026885867, 5447144.552534097], [569004.854590443, 5447167.597509435], [569010.8458923951, 5447191.576913925], [569016.9301491075, 5447211.610570272], [569019.8700028887, 5447223.677380189], [569024.8671588248, 5447246.699368282], [569034.8991066985, 5447267.571776569], [569049.9424063435, 5447291.664482661], [569065.8095212068, 5447311.664914998], [569080.9287139841, 5447332.589941998], [569093.8994966727, 5447351.598012181], [569105.9545444931, 5447371.5397132905], [569110.9226426645, 5447377.628059169], [569116.9574225697, 5447377.703733704], [569117.8279875941, 5447374.545887007], [569118.8370793838, 5447369.644132055], [569112.9157668444, 5447354.682436007], [569106.9330119436, 5447344.6343582105], [569105.9369045389, 5447338.606816753], [569107.9581827217, 5447332.617114339], [569111.9488995849, 5447330.610192011], [569115.8389584748, 5447332.560127117], [569131.8272255461, 5447351.595007235], [569143.8222652411, 5447367.588992733], [569162.8481547486, 5447389.675011089], [569171.8236719251, 5447400.561312612], [569180.9170281944, 5447406.690283788], [569200.8912055849, 5447413.589621788], [569223.8906547391, 5447414.6674605105], [569242.904613697, 5447412.693449234], [569256.9168483064, 5447412.546904018], [569277.8610196437, 5447413.599211107]]], [[[566431.8312841464, 5447302.596983482], [566438.8825936207, 5447306.63994885], [566443.8418058099, 5447307.655792097], [566462.90895399, 5447320.549120128], [566469.8146047182, 5447327.603493695], [566472.8320206482, 5447327.639859216], [566492.8349936308, 5447321.543384336], [566494.8756002112, 5447318.554935538], [566492.8675910941, 5447308.557670461], [566487.93794145, 5447299.636995727], [566483.9114237902, 5447295.630440994], [566473.8031273793, 5447290.594383688], [566452.9247568365, 5447284.639231501], [566431.95766254, 5447280.595375271], [566414.9132022343, 5447277.68849708], [566408.8607124375, 5447279.68360775], [566406.8524432781, 5447283.61755988], [566407.85155083, 5447289.644623074], [566431.8312841464, 5447302.596983482]]], [[[569577.8875366924, 5447379.693893789], [569595.8690263687, 5447400.656496671], [569618.8747832474, 5447415.678644583], [569639.9562793846, 5447422.593418534], [569645.8955721622, 5447421.567704271], [569648.8651441142, 5447415.578983209], [569645.8804455561, 5447402.5549936425], [569628.8223774511, 5447380.647703767], [569617.8167704984, 5447370.691314033], [569611.9218775186, 5447367.615001007], [569592.953922758, 5447345.683689353], [569578.895683788, 5447324.603845923], [569576.8053842598, 5447321.564352175], [569566.814587919, 5447301.647604222], [569547.8650125507, 5447277.648743328], [569530.9232242627, 5447258.600640234], [569526.8134361578, 5447252.6894377535], [569505.9197290784, 5447236.582518501], [569489.8203242779, 5447223.560262839], [569471.9271796057, 5447214.618124497], [569464.847829632, 5447214.695806086], [569460.8960309967, 5447217.647981528], [569458.9409044131, 5447227.607724804], [569476.8305766165, 5447246.667510049], [569492.9217464107, 5447265.56013268], [569501.8391600596, 5447277.546969497], [569519.8275103435, 5447287.5911096055], [569530.8670033672, 5447303.562750759], [569541.8762533243, 5447323.6590463435], [569551.828012348, 5447342.630203482], [569559.8776171682, 5447361.566173174], [569577.8875366924, 5447379.693893789]]], [[[564835.9108926577, 5447425.649815093], [564856.8651032589, 5447424.628649089], [564869.9229850611, 5447420.668433846], [564876.8100702758, 5447414.578802664], [564875.8117037925, 5447399.679709148], [564871.9371019851, 5447395.676143434], [564849.8448627214, 5447393.670867947], [564836.8843828277, 5447393.674204318], [564820.8665748752, 5447392.696660581], [564816.9342360494, 5447393.606649345], [564813.8770681755, 5447392.614582473], [564809.8953798212, 5447394.624605401], [564807.9112582378, 5447401.572470964], [564807.8931541434, 5447408.698975883], [564809.9222480104, 5447411.569102079], [564828.8586465169, 5447421.608895982], [564835.9108926577, 5447425.649815093]]], [[[565025.8372138531, 5447523.690474096], [565039.9523568877, 5447524.646171504], [565045.9077613393, 5447521.547719846], [565049.8340814424, 5447515.579055736], [565050.8394572351, 5447510.676706144], [565048.9312374308, 5447505.595373584], [565045.8984122827, 5447502.546613835], [565023.8813026869, 5447493.581547039], [565004.9214245355, 5447485.59759742], [564998.807155841, 5447483.624367573], [564978.8175855832, 5447482.599589656], [564969.8691123633, 5447483.605998438], [564967.8922525602, 5447490.5427029105], [564966.9192247852, 5447497.658003349], [564969.8039580951, 5447509.566268945], [564976.8716227948, 5447516.620622225], [564997.8542949815, 5447523.672074911], [565011.8089276833, 5447524.637010475], [565025.8372138531, 5447523.690474096]]], [[[564996.8369008362, 5447633.552508164], [564992.8081239397, 5447634.616979014], [564989.9342484737, 5447636.639937255], [564989.8366517294, 5447640.596843826], [564993.8868908535, 5447647.615689765], [565013.8179242789, 5447653.554186777], [565033.8068585973, 5447654.579149134], [565057.8765631295, 5447644.56738457], [565074.8207227833, 5447633.6824296545], [565081.9187579266, 5447622.681163227], [565083.9429422491, 5447616.690138552], [565088.8637863315, 5447611.678280375], [565100.9030598009, 5447607.550959729], [565116.8006997494, 5447605.681604002], [565129.9396566089, 5447598.54317384], [565151.8205666039, 5447585.659730662], [565161.8854087895, 5447579.608019625], [565181.8233284248, 5447569.547977212], [565204.8422507134, 5447559.691277139], [565220.9190279973, 5447550.697669018], [565223.810144033, 5447546.606926024], [565213.9422667961, 5447539.685922805], [565195.9192545031, 5447537.571775109], [565188.9129467243, 5447539.545859003], [565167.8654945991, 5447554.662596254], [565147.8070997992, 5447565.666299158], [565123.93706107, 5447576.62497905], [565103.8486357415, 5447584.626580356], [565081.8713029792, 5447597.664661486], [565066.8871535722, 5447603.65852062], [565049.8633177164, 5447612.641477072], [565036.8055072775, 5447616.612355219], [565019.9348432088, 5447625.597224929], [564996.8369008362, 5447633.552508164]]], [[[566161.8500792976, 5447759.671786197], [566164.8846139121, 5447757.651278715], [566171.9259483478, 5447751.553933214], [566194.9459103157, 5447741.701359732], [566217.8434409937, 5447736.59482013], [566231.8147781083, 5447721.552751102], [566234.8096297494, 5447718.586810071], [566235.8952664468, 5447715.5867974395], [566235.8360212512, 5447706.557965069], [566232.8086118363, 5447697.660412131], [566228.9424756664, 5447693.655859908], [566214.827902971, 5447692.697088377], [566191.8442920735, 5447694.633806705], [566170.905643492, 5447698.663237367], [566148.9165043517, 5447701.557124242], [566129.8652862309, 5447702.596232981], [566119.8829560445, 5447701.687161219], [566104.9176082229, 5447700.562802699], [566086.9295755106, 5447695.588669477], [566065.8745296348, 5447691.7009075675], [566041.8916284989, 5447687.611340638], [566028.8920488516, 5447686.666358238], [566006.9392123773, 5447681.6561908955], [565984.8088823163, 5447678.689760724], [565969.9243815899, 5447675.665527135], [565945.9016754566, 5447670.630819345], [565933.8344576167, 5447666.684148697], [565909.8586449882, 5447662.595236039], [565897.8065031358, 5447661.661945378], [565884.9034436762, 5447660.562710966], [565870.8358048317, 5447660.550491394], [565846.8181081632, 5447660.575032037], [565833.8012819141, 5447661.687225274], [565815.8237417294, 5447665.586502809], [565792.2945935372, 5447686.386125356], [565791.9557867729, 5447686.6822307], [565776.940126758, 5447705.659991395], [565776.8021678701, 5447708.6713272035], [565782.9383343088, 5447713.658755994], [565804.9084996162, 5447716.611427644], [565824.8920050755, 5447712.569187429], [565837.9327327806, 5447710.667907341], [565850.9495385704, 5447709.555801724], [565867.9209881654, 5447710.547791988], [565871.8532055847, 5447709.649737485], [565891.8418317682, 5447710.677792521], [565904.8585939163, 5447709.565753224], [565916.8067155373, 5447710.664614146], [565938.9198039348, 5447715.676327587], [565945.8278678338, 5447717.660158467], [565965.8562715179, 5447719.634081356], [565973.9340438545, 5447725.589946422], [565987.8708186126, 5447728.613991717], [565998.9262271842, 5447733.64938818], [566013.8351526719, 5447734.6171476245], [566035.9479492423, 5447739.64034679], [566047.8547190432, 5447743.574243323], [566059.8026924286, 5447744.673409672], [566083.8646047346, 5447750.665252146], [566106.9247870706, 5447755.688958196], [566130.8833584641, 5447760.567991112], [566141.8839631448, 5447761.644909524], [566161.8500792976, 5447759.671786197]]], [[[569715.8319706725, 5447759.572479804], [569706.8756783621, 5447760.571167984], [569692.8830462076, 5447758.648803913], [569669.8185388228, 5447753.609895399], [569647.9236931789, 5447743.6716465065], [569635.889125857, 5447735.603401487], [569616.9504149888, 5447716.674349309], [569607.9125463275, 5447705.642025558], [569591.9084883962, 5447688.651320163], [569574.8560144515, 5447675.60559304], [569566.8543500751, 5447676.616574839], [569565.919943211, 5447679.617878087], [569567.8888460966, 5447683.600828153], [569580.8368090459, 5447699.596705759], [569592.9529267356, 5447719.69594343], [569600.8615735793, 5447741.654579672], [569605.946127442, 5447750.580096102], [569613.8556372697, 5447758.596190809], [569633.9437083023, 5447769.623394974], [569644.8614912347, 5447772.607520991], [569648.8333098285, 5447772.657647409], [569672.949306426, 5447777.554117746], [569696.9018564187, 5447778.6459583], [569710.8553815365, 5447779.622874881], [569734.911893372, 5447780.560556579], [569746.9244899346, 5447780.54562372], [569759.884322055, 5447780.55381579], [569768.9473058345, 5447778.611533118], [569781.8072642746, 5447768.645304798], [569797.8159434958, 5447750.6357767], [569798.9222702322, 5447745.579795161], [569794.8723191391, 5447743.62724866], [569785.8843666769, 5447743.669313318], [569762.8258064477, 5447752.561495457], [569745.8752091506, 5447754.570817063], [569730.9481356922, 5447755.649656188], [569715.8319706725, 5447759.572479804]]], [[[569933.885833394, 5447748.556309335], [569939.9202324459, 5447748.632813063], [569957.9251218976, 5447756.621705791], [569960.0, 5447757.368124652], [569960.0, 5447734.436987648], [569957.8590147783, 5447733.661309902], [569949.8372753549, 5447731.658387467], [569938.9197034162, 5447728.662559435], [569932.8852179372, 5447728.5860133], [569926.9345726204, 5447731.6793549955], [569922.9279118862, 5447739.544939195], [569923.8449198259, 5447743.681498318], [569933.885833394, 5447748.556309335]]], [[[566549.8257062335, 5447887.695233303], [566571.9157196032, 5447889.696203344], [566595.8160668463, 5447895.688333141], [566609.8313049746, 5447900.605012496], [566633.9241966698, 5447907.544745111], [566646.8879442139, 5447912.615572074], [566670.9457370426, 5447923.668742004], [566686.8524380464, 5447930.676552845], [566708.8870788419, 5447942.661605765], [566725.820255007, 5447951.5720500685], [566748.8094306681, 5447963.5688023735], [566760.8359809297, 5447966.560558499], [566781.8394948712, 5447971.573455795], [566785.942442985, 5447968.610002751], [566786.8752961669, 5447965.608235777], [566785.8768100513, 5447959.581157254], [566785.8226781287, 5447955.622409444], [566763.9370602524, 5447938.568820273], [566739.9608245407, 5447925.615066118], [566718.873600991, 5447913.641319789], [566697.8506256264, 5447900.567655758], [566685.9229418881, 5447893.608013717], [566667.8744349824, 5447884.684301887], [566643.8386446476, 5447876.6332896035], [566624.91435156, 5447869.600309632], [566605.8444764041, 5447862.554598392], [566592.9369821148, 5447857.6512534795], [566579.9158608402, 5447853.691689142], [566555.958854891, 5447847.543221031], [566545.9549476844, 5447843.620098622], [566524.9109484245, 5447837.673776835], [566505.8951355906, 5447834.587143897], [566499.9420981666, 5447832.614118613], [566487.9547533001, 5447830.568433676], [566464.9293521652, 5447822.697191929], [566440.811799683, 5447816.547444826], [566424.9264066102, 5447812.55368092], [566400.8724208173, 5447806.560464976], [566392.809986502, 5447803.617159883], [566379.8678213245, 5447801.560203479], [566366.8290794886, 5447799.657837554], [566343.8236090613, 5447798.591735783], [566319.8137081773, 5447798.625455536], [566313.8929473761, 5447797.598106774], [566308.9165174871, 5447798.650142532], [566297.8712421417, 5447817.674184048], [566299.8920869922, 5447820.555881093], [566303.8465200351, 5447822.660253096], [566318.9303893989, 5447826.632910203], [566332.8666545249, 5447829.657847904], [566353.9035259244, 5447835.614467592], [566366.8677778298, 5447840.673529924], [566387.8130825445, 5447850.587371903], [566397.8736107858, 5447854.666528063], [566405.9535286917, 5447855.553225293], [566413.9515300713, 5447859.607496912], [566428.8820071557, 5447863.589779725], [566442.9317536434, 5447865.660193516], [566460.9365007939, 5447868.567706068], [566483.8032219146, 5447872.6456392], [566497.9173807211, 5447873.605152682], [566519.8074226456, 5447874.658363304], [566529.8706330298, 5447873.667929906], [566549.8257062335, 5447887.695233303]]], [[[568079.8388660181, 5447926.631854921], [568066.855238882, 5447909.682930932], [568050.825914601, 5447889.694562414], [568035.9613052136, 5447884.596984783], [568032.8867079768, 5447885.67084671], [568029.8909113007, 5447888.635816679], [568030.9484638419, 5447898.63319883], [568045.8555334634, 5447918.607700173], [568061.9453096219, 5447942.554951475], [568080.8129370946, 5447964.6464392645], [568083.8692963895, 5447965.629217721], [568089.8973189675, 5447955.574769353], [568093.8268099502, 5447949.597163777], [568090.9023532768, 5447945.6029330585], [568079.8388660181, 5447926.631854921]]], [[[565897.8056160973, 5447968.692651517], [565877.9246892778, 5447977.638878228], [565866.9122701025, 5447983.689153656], [565851.8097822133, 5447985.565741581], [565830.8725314402, 5447989.596392531], [565819.9585542183, 5447991.678656485], [565798.8956868905, 5447991.583124912], [565777.8567912919, 5447990.698523244], [565762.8352231652, 5447990.6750573255], [565760.8523013758, 5447992.552634307], [565760.8746901111, 5447995.565963051], [565769.8030952343, 5448001.687403702], [565781.8769051599, 5448005.633801962], [565803.8735157063, 5448016.658589064], [565823.8197179225, 5448020.5433357535], [565838.841127242, 5448020.56690942], [565841.8979055344, 5448021.548389207], [565852.9152070645, 5448020.579213376], [565871.8881896549, 5448012.567132128], [565891.8671994663, 5447999.66387662], [565903.8878751327, 5447983.652608137], [565909.8793950621, 5447972.639306319], [565909.8569641031, 5447969.637123424], [565897.8056160973, 5447968.692651517]]], [[[569656.944003184, 5448032.608728974], [569635.8215607494, 5448028.550719772], [569617.9401361953, 5448024.67820699], [569607.9140508365, 5448021.538571597], [569600.8471714796, 5448019.559273356], [569595.9454109585, 5448018.696975098], [569589.950239832, 5448019.577528109], [569585.9093978321, 5448022.695264418], [569583.9064297087, 5448026.62821532], [569583.9269142454, 5448029.63043032], [569588.9053852436, 5448033.6513794605], [569592.9160128634, 5448034.658078211], [569595.9330803714, 5448034.696237054], [569609.9453756791, 5448039.62055351], [569628.8841432048, 5448044.60710957], [569638.8075826975, 5448046.633584087], [569652.806790898, 5448048.555921349], [569674.8763617201, 5448052.637103026], [569697.8371482086, 5448056.562855645], [569715.903190211, 5448059.648595486], [569727.9541000137, 5448060.590298128], [569741.8418998129, 5448062.66709492], [569764.8099205684, 5448066.593191773], [569782.9149271618, 5448070.624710559], [569789.9540557731, 5448069.613035321], [569790.8495829563, 5448065.655077748], [569780.9245849072, 5448058.569394064], [569758.911380528, 5448054.6441384], [569740.9274897935, 5448049.669140811], [569718.8116198566, 5448044.642067782], [569708.8881262565, 5448042.615487589], [569704.8384127452, 5448040.663034428], [569691.897853212, 5448038.598301252], [569678.8996429881, 5448037.644686261], [569656.944003184, 5448032.608728974]]], [[[567477.814062044, 5448298.637805991], [567466.9394570902, 5448301.662363653], [567457.9317011416, 5448307.578377613], [567449.8535197714, 5448315.5514720995], [567431.9235164858, 5448340.67100753], [567423.8070098883, 5448356.559942753], [567413.8558795213, 5448377.66325163], [567405.8998394748, 5448393.554107478], [567402.8078687818, 5448396.685061803], [567401.9356297243, 5448403.645586379], [567397.8686970109, 5448412.612887451], [567397.929625356, 5448416.571750263], [567394.8565527265, 5448436.6472905725], [567391.8433517377, 5448441.680446356], [567388.809630494, 5448452.572666397], [567381.9330033076, 5448472.590676634], [567366.892250009, 5448488.561907977], [567361.8528059125, 5448499.585303585], [567362.8647585806, 5448508.625745745], [567366.8193419538, 5448519.592252931], [567383.8085254204, 5448504.60096495], [567404.8191416803, 5448488.547131722], [567410.9483598572, 5448479.605027551], [567415.9233470119, 5448459.55272189], [567416.9342059606, 5448449.591968309], [567417.9406309582, 5448425.688716391], [567417.9117545858, 5448412.546536777], [567424.9133023964, 5448396.6328254705], [567429.9349652563, 5448387.677216886], [567432.8093758627, 5448385.655466669], [567441.9388067367, 5448387.657168835], [567446.82265017, 5448390.574270633], [567460.9174188253, 5448393.593008912], [567475.8628475415, 5448386.648913218], [567483.9336574872, 5448378.675758943], [567485.7747328926, 5448374.1397587545], [567490.839637074, 5448361.660239939], [567495.9071536598, 5448337.651007233], [567501.819267552, 5448319.667167923], [567500.878091395, 5448303.667512639], [567493.8074048375, 5448296.609762769], [567490.9313515167, 5448296.974862987], [567477.814062044, 5448298.637805991]]], [[[565678.8862118345, 5448514.601302043], [565674.813054704, 5448509.638582492], [565668.9245573106, 5448506.566565341], [565650.8406318576, 5448505.561919679], [565638.830018677, 5448505.574640613], [565625.8323576521, 5448504.630499094], [565612.8671961153, 5448504.631990114], [565598.9546895762, 5448504.622204384], [565584.8891714474, 5448504.610572078], [565570.8162416985, 5448504.61004312], [565557.8112050684, 5448503.666060931], [565543.8987481107, 5448503.65638183], [565530.9408884848, 5448503.6580513725], [565506.8233840191, 5448502.5821742825], [565493.8256997595, 5448501.638511742], [565469.8117080671, 5448501.664662286], [565446.8489538057, 5448501.5479112], [565435.9458747109, 5448501.574151664], [565412.9317273392, 5448507.638629668], [565408.9205468266, 5448506.645945492], [565392.9532455007, 5448490.624244244], [565373.8986183285, 5448467.594909543], [565359.8992291781, 5448465.683468971], [565349.8374636197, 5448466.676060563], [565338.8663536255, 5448473.672928113], [565335.9120382406, 5448477.595954629], [565339.8671950788, 5448498.700785088], [565348.818255996, 5448506.567414468], [565358.9235044405, 5448516.660185503], [565378.8792885643, 5448530.6721097985], [565395.8505745044, 5448545.605030114], [565399.9222486621, 5448555.626407308], [565414.9066411445, 5448563.564612015], [565436.8466617811, 5448570.629266755], [565448.8552501597, 5448575.686004527], [565459.8077548589, 5448574.548443575], [565477.8914234409, 5448575.552413877], [565496.8826152524, 5448575.622329463], [565501.9462568454, 5448572.669359008], [565505.9122123597, 5448567.646503342], [565508.8254693237, 5448566.5804420505], [565511.8269461133, 5448563.603051074], [565517.8550179556, 5448558.604705085], [565536.8083887444, 5448552.6592342965], [565549.830482725, 5448551.546447862], [565573.9005936703, 5448551.676947137], [565581.9001858116, 5448550.66017566], [565605.9609632231, 5448551.580057658], [565618.9187605673, 5448551.578536538], [565630.865252457, 5448552.665705098], [565651.8622332666, 5448552.604296221], [565674.866626512, 5448548.597599317], [565678.8326882428, 5448543.574898452], [565681.9475919645, 5448539.653917879], [565680.8780328283, 5448526.654978631], [565678.8862118345, 5448514.601302043]]], [[[568251.9138192886, 5448492.637079427], [568247.8636450977, 5448499.547043639], [568248.8166488667, 5448509.698775169], [568267.9146585218, 5448523.555134118], [568270.9314327743, 5448523.592502128], [568293.9040574493, 5448537.652543817], [568316.9057633982, 5448547.588107398], [568333.9416975238, 5448552.557788463], [568353.9088462591, 5448555.65151059], [568363.8500645984, 5448555.619097332], [568364.8973511986, 5448551.673863164], [568361.8851417007, 5448546.566546119], [568344.8069734419, 5448535.592304172], [568329.9049880619, 5448529.54837392], [568306.8358167259, 5448515.642656672], [568287.9021276489, 5448505.5906482], [568265.8657343541, 5448493.599155838], [568260.8613468499, 5448491.635925644], [568251.9138192886, 5448492.637079427]]], [[[569922.9169205666, 5448723.693561667], [569903.8073931601, 5448734.692142068], [569880.9259328579, 5448746.599116747], [569859.829556443, 5448755.67134172], [569835.9547838374, 5448766.609768821], [569815.8909713319, 5448777.596499348], [569794.8799158524, 5448788.58241978], [569775.8458735779, 5448797.68112199], [569753.8993457048, 5448806.587426938], [569742.902946765, 5448810.562130318], [569728.8321469934, 5448815.609913924], [569714.9217904658, 5448820.659675507], [569701.8632056513, 5448824.6196409715], [569679.9530298455, 5448830.669187965], [569658.8759017007, 5448837.685481281], [569636.8833117959, 5448845.646537696], [569618.8619634508, 5448853.657824989], [569595.8082932364, 5448862.550700673], [569571.9517806901, 5448872.701072602], [569547.9178291506, 5448883.638663741], [569535.9469303183, 5448884.588474979], [569522.8292831341, 5448884.589913358], [569509.8331574412, 5448883.625510945], [569496.8684411062, 5448883.628938105], [569479.9401568213, 5448883.571334484], [569467.8910384476, 5448882.630150981], [569453.9403739393, 5448881.653868837], [569431.8479013537, 5448879.641288474], [569416.9221908279, 5448875.650920916], [569397.8444644086, 5448868.606382358], [569373.9307639819, 5448859.588637388], [569350.9062332356, 5448851.705186769], [569337.8258587305, 5448847.582615653], [569324.8408166483, 5448844.561959337], [569300.9471211755, 5448838.568984835], [569286.8153809209, 5448834.589017324], [569262.9144816048, 5448828.585012306], [569246.880918016, 5448824.581161606], [569232.9022130969, 5448820.603214558], [569219.9242045406, 5448817.5939698], [569198.8609704985, 5448813.682866342], [569176.9284706964, 5448811.673263903], [569158.9108339398, 5448809.546062818], [569139.9374737184, 5448808.674478381], [569127.8060157036, 5448809.634219064], [569115.9171749768, 5448808.68472726], [569092.8157383177, 5448811.563999288], [569079.8212266833, 5448815.681838562], [569058.823116231, 5448824.60267831], [569038.91424077, 5448835.594180483], [569019.8889796764, 5448844.6955148475], [568997.9181131817, 5448855.661386243], [568975.9288393243, 5448868.695019017], [568961.9371420995, 5448875.64693378], [568941.8571819493, 5448888.693588659], [568919.8866647852, 5448899.659717965], [568896.8477722165, 5448911.5687183775], [568876.8819133624, 5448923.671898156], [568862.8721614243, 5448932.68080412], [568840.9411726177, 5448944.592718381], [568819.888715137, 5448959.695699091], [568795.8982517984, 5448976.652088032], [568783.9299438342, 5448982.684689229], [568766.8036126735, 5448995.613034734], [568745.9095059389, 5449005.648191555], [568729.8494021982, 5449012.563815658], [568712.9054618488, 5449019.64635307], [568703.8119647516, 5449023.646835347], [568693.9524311409, 5449030.650954519], [568684.9580609923, 5449039.567087671], [568682.8986671789, 5449044.600353092], [568681.9271740201, 5449060.587581041], [568661.947596455, 5449078.550813351], [568657.9144186099, 5449084.6713026995], [568655.8329278532, 5449095.574744386], [568663.9156192029, 5449106.604758765], [568669.8299536404, 5449112.693390429], [568689.8194324428, 5449122.593099038], [568696.845882606, 5449123.636872697], [568702.9363286338, 5449122.600924304], [568705.9135509338, 5449121.692951689], [568724.8455157875, 5449107.675039789], [568744.9498603644, 5449092.571069949], [568760.8081338395, 5449079.615685657], [568769.8343087905, 5449071.656292492], [568792.8980084293, 5449057.690081762], [568800.8559165599, 5449050.662467007], [568819.8458218025, 5449035.544902696], [568835.8966108239, 5449023.548300851], [568852.8234399578, 5449009.672558172], [568875.9243898776, 5448991.593417948], [568896.898560586, 5448974.588534462], [568908.8278487938, 5448967.61066725], [568931.810203464, 5448955.545250496], [568949.8450558728, 5448941.683653619], [568967.8237909204, 5448927.654734215], [568986.8782249988, 5448912.694099533], [569004.9147871444, 5448897.554100332], [569022.8104451844, 5448886.692997685], [569042.9184327481, 5448876.660115503], [569054.9006169244, 5448873.641395072], [569068.819627549, 5448873.659974595], [569082.8917749423, 5448873.6694907285], [569104.8424506924, 5448873.633151158], [569118.9144402567, 5448873.653842304], [569132.8653945132, 5448874.618058972], [569156.8781649924, 5448874.596626509], [569179.8859464898, 5448875.685689477], [569199.9276645005, 5448875.61467107], [569211.8165253703, 5448876.553301671], [569224.9155011267, 5448878.618981693], [569243.851442786, 5448883.615344977], [569266.8368039501, 5448890.552825261], [569286.8876081218, 5448895.552229217], [569309.9477799409, 5448900.589477831], [569317.9289092198, 5448901.646021894], [569324.8735230569, 5448904.579589557], [569343.9491303405, 5448906.565021643], [569358.9570536177, 5448908.654948021], [569373.8437759314, 5448911.688540513], [569396.9482705239, 5448912.6129284715], [569419.8088006794, 5448916.703119033], [569434.8743645202, 5448917.68216491], [569453.8287530903, 5448920.611514741], [569473.897920334, 5448923.55492222], [569486.9576665168, 5448924.675590101], [569506.8203267873, 5448926.660407107], [569529.8855663422, 5448926.639791557], [569535.9577407351, 5448927.661469422], [569539.8260943696, 5448926.609462428], [569563.8069788644, 5448925.644351863], [569581.8077491203, 5448914.619545035], [569594.8454280676, 5448907.668249432], [569614.8260970416, 5448898.569879199], [569621.9536666533, 5448895.657807392], [569639.8130772288, 5448882.574514453], [569654.8725038529, 5448869.622656204], [569674.8143753599, 5448859.578942037], [569685.8105720957, 5448855.604040952], [569708.9496419677, 5448848.613822052], [569720.9395433533, 5448845.596594326], [569744.9118863633, 5448839.573326696], [569764.8165623359, 5448833.643235916], [569788.9305861706, 5448829.678782747], [569791.8910463916, 5448829.54944614], [569803.9155628977, 5448818.6165379705], [569810.8628494159, 5448812.689431254], [569825.8217369351, 5448803.694974738], [569832.8657608425, 5448797.613336888], [569847.8132740814, 5448790.675768685], [569858.841528043, 5448787.646650141], [569879.9176642982, 5448775.560973251], [569887.9177633965, 5448774.550552293], [569910.8380759534, 5448763.600281288], [569928.9352063418, 5448753.700780599], [569946.8158562549, 5448743.631792986], [569960.0, 5448736.275093827], [569960.0, 5448704.963467996], [569944.9219907281, 5448713.676913247], [569922.9169205666, 5448723.693561667]]], [[[568566.937938596, 5449232.548184481], [568551.852298428, 5449228.5581354555], [568543.8347340991, 5449231.627240591], [568541.3791140675, 5449240.0], [568578.3628546746, 5449240.0], [568566.937938596, 5449232.548184481]]], [[[569616.8160173239, 5449238.574671493], [569593.813896246, 5449233.6925032865], [569570.9289206353, 5449231.658084995], [569547.9225005019, 5449230.578484012], [569521.841905225, 5449230.57206762], [569508.8277660533, 5449231.675571079], [569496.9170830429, 5449236.584285518], [569490.0604653911, 5449240.0], [569621.3371796593, 5449240.0], [569616.8160173239, 5449238.574671493]]], [[[563961.8059488425, 5448017.642199893], [563980.8623639145, 5448021.665585687], [563996.8544801372, 5448024.697323903], [564015.8778949061, 5448031.566762578], [564033.9395289393, 5448034.633645926], [564055.8687223814, 5448041.692602142], [564079.8504910961, 5448054.634722664], [564089.8156159964, 5448057.607831637], [564110.8606033896, 5448068.614799423], [564133.9106982271, 5448084.559341483], [564157.9484879936, 5448097.669235154], [564178.8726803534, 5448109.63118902], [564201.8825580704, 5448124.619447124], [564220.9206295442, 5448139.572621475], [564241.82712445, 5448158.661354754], [564258.8998267216, 5448169.622639541], [564281.9437912158, 5448171.636698646], [564285.8117220968, 5448170.569951214], [564295.9550501055, 5448162.616391967], [564304.8397994989, 5448152.580059716], [564324.9364884279, 5448128.587820072], [564333.948236195, 5448122.677983767], [564344.82146454, 5448119.636097481], [564355.8384126103, 5448118.652822323], [564377.9279135864, 5448120.656029743], [564397.8570220293, 5448131.662192723], [564418.9401650024, 5448148.685750462], [564433.8761602035, 5448166.593670591], [564439.8175257137, 5448184.563424729], [564447.8795214426, 5448192.573741322], [564457.8602759377, 5448198.549653079], [564469.8076062612, 5448199.634344429], [564480.8873273921, 5448202.621155902], [564484.835730437, 5448199.654334942], [564500.9262816587, 5448188.601924427], [564508.8861790772, 5448186.638135674], [564520.9373969295, 5448187.568429249], [564542.8096235822, 5448190.67056884], [564551.9559711642, 5448195.691869914], [564563.8468480082, 5448196.620399688], [564576.8808097485, 5448184.576253868], [564591.8060839978, 5448179.692213529], [564609.8850149616, 5448175.6234102165], [564656.8593055625, 5448165.566974497], [564680.8191612505, 5448161.567367746], [564694.2917095204, 5448160.578770958], [564704.7927240144, 5448159.808251013], [564706.817027721, 5448159.659708361], [564719.9131348522, 5448156.644647328], [564739.8771472864, 5448154.666375887], [564759.8885309967, 5448153.633737674], [564771.8937818276, 5448148.549180908], [564793.8417991601, 5448139.623195204], [564817.9149689483, 5448134.680416642], [564818.299501672, 5448134.590745013], [564822.7048636946, 5448133.563411346], [564830.8508471826, 5448131.663737823], [564844.9415538376, 5448129.605745139], [564866.8319799614, 5448125.59370212], [564910.9108055192, 5448114.549255787], [564931.9442494708, 5448106.569267008], [564949.2650290508, 5448100.2834296115], [564953.932606442, 5448098.589531194], [564975.8810949562, 5448089.66434525], [565005.8694830337, 5448080.678302827], [565022.8340851478, 5448076.597684057], [565043.8508610841, 5448070.674802861], [565059.2584613529, 5448064.842370286], [565067.8057141053, 5448061.6068557715], [565090.862191801, 5448052.695240084], [565109.8565691975, 5448047.704849797], [565122.8325812735, 5448045.634412274], [565146.9066086705, 5448040.693047332], [565169.8671557986, 5448030.66875488], [565182.9408846542, 5448024.652559024], [565194.9071417369, 5448018.612273051], [565207.8279417121, 5448012.594268711], [565230.9247185311, 5448004.628778653], [565241.845771478, 5448002.545392766], [565257.6463540337, 5447996.45996839], [565259.7990897498, 5447995.630881287], [565262.6467026145, 5447994.396612699], [565282.9204231356, 5447985.609047143], [565303.9152205623, 5447976.673772689], [565315.8007761197, 5447972.5450770175], [565321.5215459197, 5447969.731395174], [565329.9501735771, 5447965.585874258], [565351.8998417661, 5447956.662191578], [565359.8774269861, 5447952.642900886], [565375.9307503924, 5447940.636383278], [565395.8280690563, 5447929.631652567], [565419.8819462842, 5447916.608293826], [565440.8699574248, 5447907.673557905], [565451.9063596692, 5447899.577023241], [565467.8222582967, 5447890.582123361], [565470.8646032917, 5447887.562667093], [565473.8112091125, 5447884.638222869], [565485.9181720987, 5447876.621166177], [565491.9274677228, 5447872.656510144], [565512.8950154289, 5447855.64995704], [565521.8625430254, 5447849.374051265], [565535.8118360495, 5447839.61166038], [565554.9228603273, 5447828.587098995], [565575.8509589194, 5447810.635219334], [565592.8545755453, 5447793.570637252], [565610.8468609401, 5447773.671719647], [565618.8195653651, 5447764.582828563], [565634.8063664174, 5447743.559355711], [565646.8679625493, 5447724.701853757], [565659.8377766211, 5447703.642509974], [565671.8133720974, 5447681.615254366], [565678.8127490658, 5447660.629544429], [565683.8096824561, 5447648.659020201], [565684.1191927004, 5447647.670429445], [565687.9089523458, 5447635.566079138], [565695.8333874319, 5447611.589380356], [565700.8304859212, 5447599.618957742], [565711.8344162301, 5447579.637125547], [565724.8192944782, 5447560.888449682], [565738.8090867451, 5447540.688727634], [565757.8937229046, 5447521.592684979], [565775.8873157715, 5447501.705301871], [565795.9197093121, 5447482.620643246], [565814.9081097355, 5447463.690323155], [565832.900541995, 5447447.5945457965], [565850.8758520883, 5447433.555424974], [565869.9021735007, 5447420.640713811], [565886.8586499101, 5447407.701403044], [565921.8326586209, 5447376.610007516], [565931.8988650157, 5447370.5485365875], [565940.9213113276, 5447367.654437662], [565954.8317017101, 5447362.595098808], [565976.9377884767, 5447353.675613919], [565988.9063872356, 5447347.636977467], [566012.9495400361, 5447334.62713352], [566034.920173134, 5447323.649467046], [566054.9567050199, 5447314.70561146], [566059.9184633512, 5447310.640174235], [566066.9254110333, 5447308.667125218], [566073.9497580817, 5447304.637460124], [566094.8998319119, 5447298.550961174], [566114.9486650456, 5447294.6773796305], [566149.9350471658, 5447287.658645565], [566163.8855020376, 5447283.545291421], [566172.34472369, 5447280.7487415625], [566187.9342483337, 5447275.595018145], [566200.953933708, 5447270.692471518], [566216.8656090917, 5447261.699711624], [566223.8782829823, 5447257.38921322], [566239.8589265471, 5447247.566399799], [566260.8461213167, 5447233.564707288], [566280.8288402532, 5447220.662913275], [566299.936046058, 5447209.651846362], [566307.9329435626, 5447203.566233224], [566327.9086415964, 5447190.664463997], [566350.8454321993, 5447177.642810745], [566370.9400722714, 5447167.5889350455], [566387.8688427567, 5447162.566881548], [566393.7363065506, 5447162.637488108], [566396.9213463187, 5447162.675813369], [566440.8213085869, 5447162.570499123], [566461.9197709347, 5447163.613949836], [566482.9045777252, 5447165.612291436], [566501.9155904814, 5447168.687642956], [566521.8248776753, 5447171.618274231], [566541.8373752958, 5447175.662004553], [566558.9041702964, 5447181.571394417], [566579.8687355355, 5447190.685641045], [566602.8393007651, 5447199.679545687], [566625.8890849778, 5447210.564621493], [566645.9204595741, 5447222.680883986], [566666.8720699041, 5447237.665646944], [566690.895403288, 5447256.634652636], [566723.8242005772, 5447289.653749295], [566742.865838693, 5447304.615756642], [566764.8478097122, 5447326.5734629715], [566780.8543035109, 5447343.544617953], [566797.8591770576, 5447366.554052513], [566808.8416936591, 5447383.631261585], [566810.8520720808, 5447388.569953093], [566826.8187095186, 5447404.595708688], [566849.8288153138, 5447424.6650468], [566867.8230974651, 5447443.572921499], [566877.8724853958, 5447463.640871318], [566884.9032666701, 5447473.54360122], [566900.8339450787, 5447493.69402848], [566912.892389816, 5447508.560875854], [566928.9414211072, 5447531.559146044], [566934.9382888611, 5447539.548144212], [566948.8164318292, 5447557.616950613], [566964.9248290673, 5447575.701761924], [566968.9162803936, 5447582.554623221], [566977.9125445187, 5447592.6480550375], [566992.8275077111, 5447607.549744833], [567014.8886119118, 5447627.608286585], [567033.9323051433, 5447647.641347682], [567046.8625056064, 5447665.687786771], [567058.8556507251, 5447681.665921494], [567092.8317714788, 5447724.6732069915], [567108.904403125, 5447745.615515281], [567125.8381536071, 5447764.667044329], [567137.8597402631, 5447783.658812095], [567145.8804797813, 5447799.5889435215], [567163.9508015284, 5447821.656343198], [567179.8231503946, 5447841.640208112], [567195.9093634876, 5447865.595931599], [567209.8326521778, 5447884.61111393], [567226.8051009807, 5447904.608458048], [567245.8864761819, 5447925.587794767], [567265.8004454203, 5447938.649921966], [567287.816045131, 5447952.694036844], [567297.8230456315, 5447961.688497658], [567305.807080619, 5447971.603403113], [567322.9465429146, 5447991.603123065], [567338.8105536359, 5448011.587334844], [567351.7997810734, 5448033.604559835], [567359.8257904476, 5448040.66258543], [567379.8572023241, 5448056.584013644], [567392.8845286386, 5448070.685589349], [567395.8200621249, 5448072.622673941], [567406.9560373849, 5448084.6330741225], [567421.8289241485, 5448098.590474621], [567438.9461225856, 5448115.57727178], [567451.9131791154, 5448134.581314092], [567466.9461592686, 5448158.680740235], [567477.9072479283, 5448167.676042536], [567486.9338130932, 5448168.586974091], [567495.8674723075, 5448164.571412768], [567509.8768215154, 5448155.559122228], [567533.940937868, 5448136.696696098], [567543.908030693, 5448134.606224238], [567554.9397182905, 5448136.642483809], [567574.9481297693, 5448140.678944092], [567589.9345199849, 5448143.553193247], [567591.2213330802, 5448143.615994444], [567611.8305369925, 5448144.621964611], [567617.925250412, 5448148.654801953], [567623.8209556572, 5448160.601394727], [567627.9604727258, 5448179.6533867875], [567630.8391969919, 5448191.563101677], [567638.921558056, 5448207.650358433], [567644.8242431723, 5448219.60829394], [567652.8852433778, 5448232.682217302], [567668.946959953, 5448253.62602442], [567680.8660756514, 5448276.575966856], [567696.8095680423, 5448294.661006273], [567702.8899107901, 5448314.693073289], [567702.8724310355, 5448325.622188381], [567693.8927932109, 5448344.66895144], [567690.8583860917, 5448355.5610129405], [567690.9226674406, 5448364.57884363], [567690.9005395713, 5448372.3357619345], [567690.8653342142, 5448384.691129642], [567684.8783372748, 5448404.575169648], [567673.8861427506, 5448413.62405267], [567669.8185404314, 5448422.602202681], [567669.840034244, 5448425.604466406], [567700.9147518716, 5448462.565129361], [567703.853277579, 5448469.572402404], [567704.9326642404, 5448482.571804381], [567708.9395248728, 5448488.636123076], [567719.9175314396, 5448495.575246317], [567726.8273922605, 5448502.631323943], [567733.9189304902, 5448512.691542404], [567743.9247394536, 5448530.548173811], [567763.9170820758, 5448550.595478382], [567785.950384831, 5448567.643900989], [567807.9414831235, 5448568.547924281], [567811.8734508092, 5448567.651201412], [567815.8841147181, 5448568.645588428], [567818.9008374275, 5448568.682647027], [567829.8391806444, 5448574.67651726], [567831.8663606498, 5448577.547694111], [567838.4970633399, 5448586.273108409], [567841.8280663333, 5448590.656465246], [567840.234920385, 5448593.7873471035], [567839.8264972799, 5448594.590035554], [567829.8282227473, 5448604.606970837], [567815.7418123779, 5448615.039700477], [567810.8969102026, 5448618.627926622], [567809.8033980835, 5448621.616398144], [567815.8657684338, 5448633.565439138], [567819.1422385487, 5448637.519104562], [567830.853061497, 5448651.6501908405], [567843.9565950055, 5448667.643914639], [567857.9541600255, 5448688.56303509], [567871.9122297316, 5448699.652926342], [567875.8623583745, 5448705.56088969], [567875.8655366022, 5448710.630894801], [567873.8634382543, 5448733.565720532], [567874.8604743514, 5448739.593020023], [567880.8153202364, 5448746.6375000775], [567891.8703193876, 5448765.619176309], [567896.8419764679, 5448785.626782933], [567897.856363572, 5448808.598594158], [567897.844817555, 5448829.66782783], [567896.9181782976, 5448851.659678258], [567892.8539466326, 5448874.56906677], [567890.8123773676, 5448896.558236676], [567889.8070274203, 5448916.659004089], [567894.9102042909, 5448933.666226645], [567898.8061533336, 5448954.616673433], [567900.8144102498, 5448978.545915482], [567906.8678471814, 5449000.63483599], [567917.9508241817, 5449022.618879807], [567926.9462222692, 5449046.645217598], [567936.953456449, 5449069.572332731], [567939.8340851722, 5449077.6797093805], [567948.8655269189, 5449097.581679281], [567957.8182323396, 5449115.592604891], [567971.9352161976, 5449135.557286484], [567988.8689132686, 5449154.611593104], [568003.932920316, 5449174.588073213], [568015.8697504911, 5449191.679630168], [568031.9484583571, 5449215.626798903], [568036.9269464583, 5449219.646431821], [568059.8154125069, 5449235.6057783505], [568066.6438094563, 5449240.0], [568137.0301072514, 5449240.0], [568125.8656406834, 5449232.618791202], [568102.9028911312, 5449218.559562691], [568078.888948099, 5449204.642989596], [568057.0643324453, 5449183.630566256], [568054.9078138202, 5449181.554315241], [568035.9507963909, 5449164.687323716], [568030.808895114, 5449155.595838225], [568027.8681325255, 5449134.656963747], [568026.8288802183, 5449122.614057778], [568027.6449303374, 5449113.088823069], [568028.8889411681, 5449098.568235676], [568024.9011870776, 5449081.574639551], [568016.232664712, 5449064.287575932], [568014.9154169062, 5449061.660703322], [568005.8809842368, 5449045.561083477], [567993.9076597039, 5449032.5829246845], [567976.9555423904, 5449015.585207965], [567968.8138853358, 5449005.667360667], [567962.9591890562, 5448994.6769618755], [567958.9106537479, 5448982.585865434], [567957.9528873872, 5448968.642697638], [567954.8907609729, 5448948.647535662], [567955.8570079678, 5448927.601257256], [567977.9103095855, 5448928.662406489], [567990.9097586817, 5448934.682051058], [568003.9345861003, 5448938.645103923], [568026.877503438, 5448949.701761098], [568029.8589565576, 5448952.584828563], [568062.8239461174, 5448970.569669345], [568079.8757538885, 5448983.610802339], [568097.9213610884, 5448997.60918026], [568117.8686415541, 5449011.631187001], [568136.8866753248, 5449023.584876074], [568154.9109212472, 5449034.570256511], [568175.912265435, 5449044.6473158505], [568188.8157153686, 5449049.554428134], [568212.9119384377, 5449061.571149819], [568236.80839802, 5449072.640471555], [568249.8327613252, 5449076.604166919], [568263.8044008125, 5449080.568393064], [568275.9486356127, 5449082.619986909], [568299.831317926, 5449090.676304267], [568304.8697566218, 5449092.570834265], [568312.8875239425, 5449095.585606989], [568331.9446410245, 5449099.6241152575], [568343.8147434235, 5449102.62862736], [568357.9073020404, 5449105.64963944], [568395.8184235104, 5449116.570925058], [568412.43334931, 5449120.879671106], [568418.9174803973, 5449122.561174832], [568436.9015959671, 5449132.601903576], [568440.9117931047, 5449133.596734124], [568448.8319309634, 5449139.554443874], [568460.88323998, 5449145.563401169], [568479.8352896931, 5449158.629295803], [568497.8984007414, 5449161.6999544455], [568518.9562724865, 5449170.667211726], [568537.8381677455, 5449180.56371618], [568568.8369260983, 5449180.626640845], [568582.4413951866, 5449182.040808865], [568587.9118019466, 5449182.609437841], [568600.8292071192, 5449181.658235009], [568606.90586964, 5449177.620072806], [568612.8149616937, 5449173.579790008], [568613.9089843321, 5449170.580339213], [568636.8505724611, 5449157.568118651], [568642.823353055, 5449153.684348648], [568650.8385659977, 5449145.545379354], [568649.8899097898, 5449131.60225806], [568623.9061663818, 5449146.633300901], [568601.8380242223, 5449152.696263658], [568577.9440764525, 5449155.567801212], [568575.6198725187, 5449155.804015642], [568566.8316865597, 5449156.697165549], [568560.9126730179, 5449155.66734041], [568547.8349681188, 5449156.616709792], [568537.9522803528, 5449155.548775523], [568532.948515855, 5449153.585344115], [568511.809724233, 5449137.645787578], [568492.1251306187, 5449119.8178125955], [568491.9567904538, 5449119.6653414145], [568471.9107254469, 5449109.598911398], [568448.9045489939, 5449099.651458132], [568435.8876517392, 5449095.687385397], [568421.9481888982, 5449092.668055995], [568377.850932312, 5449081.669854132], [568356.8501341305, 5449071.592012795], [568343.9468554893, 5449066.684517117], [568329.8725797819, 5449061.595855559], [568317.8027515167, 5449057.643867371], [568294.8634427326, 5449051.667111619], [568284.9341608741, 5449049.642883186], [568264.8874820014, 5449039.57720817], [568243.8680833702, 5449031.556485215], [568221.9365684579, 5449020.678170129], [568203.9517710938, 5449010.6381790545], [568179.8946182895, 5448999.5670505585], [568176.9133204836, 5448996.683854339], [568173.8575469733, 5448995.689885078], [568164.8867102376, 5448988.618959242], [568156.945083535, 5448979.648367885], [568144.9550429484, 5448958.597629053], [568125.8340917864, 5448936.6694498025], [568105.8836403772, 5448917.5774428975], [568089.8073771294, 5448898.700089435], [568061.8903140551, 5448862.5654359255], [568047.8546957476, 5448840.700273662], [568040.8608885512, 5448821.612744969], [568034.9457003706, 5448806.652265991], [568027.8521255841, 5448782.649121099], [568016.9547320777, 5448758.610278786], [568000.9097568999, 5448740.67862303], [567975.9145331086, 5448718.667460383], [567952.92793109, 5448701.606650756], [567951.4830317907, 5448700.8919819435], [567950.0232351437, 5448700.16996984], [567934.88418866, 5448692.667547375], [567924.9580874136, 5448685.5851920415], [567919.9364322398, 5448675.5502119465], [567916.8134421022, 5448651.596171921], [567917.7154140212, 5448630.062169179], [567917.8146398278, 5448627.692890906], [567917.9546707234, 5448614.552695426], [567917.9480873301, 5448595.551315111], [567919.8254037157, 5448578.630089826], [567919.8441956679, 5448557.572172953], [567917.8170504792, 5448554.7009133585], [567916.8412575746, 5448551.675803935], [567912.8952519004, 5448549.570338899], [567905.889154216, 5448551.540976388], [567881.8391601383, 5448564.553592804], [567873.8604951918, 5448568.569224927], [567853.9282722217, 5448562.620243558], [567853.8889015471, 5448561.67473384], [567849.8357178807, 5448554.653719924], [567849.1229789004, 5448548.281377592], [567848.8245486282, 5448545.613161241], [567850.7831442187, 5448542.345647471], [567854.8515218776, 5448535.55842135], [567870.8867412694, 5448530.685749683], [567886.9406747815, 5448513.627584985], [567900.8859780766, 5448495.587405052], [567904.8327831601, 5448478.691597376], [567900.876170719, 5448462.643583139], [567897.8167641272, 5448456.590889995], [567892.9583786731, 5448451.627861132], [567892.5663080065, 5448451.511902039], [567879.9323155299, 5448447.665139809], [567873.8595011078, 5448446.634253128], [567860.8194052348, 5448439.669333802], [567840.9480644532, 5448427.5504905125], [567828.9122426882, 5448410.613824971], [567822.83239094, 5448390.5927080475], [567820.8875468286, 5448375.68131811], [567815.9545200199, 5448356.6194211], [567811.8617315326, 5448348.652822861], [567805.9027810817, 5448327.677100161], [567797.9388462037, 5448305.564859154], [567788.898152141, 5448285.663108333], [567777.8991494894, 5448265.570551188], [567763.8183776352, 5448246.563087266], [567744.4853296096, 5448223.777614431], [567729.8649479232, 5448206.553674], [567718.9038410869, 5448188.685353368], [567704.8408201053, 5448167.610258833], [567689.9118959301, 5448144.623346343], [567676.9202663931, 5448127.68632859], [567665.902591849, 5448109.6506931195], [567653.8835351601, 5448090.657672357], [567641.8895751842, 5448069.608098472], [567627.9468091659, 5448047.589673323], [567612.8317239796, 5448026.657581639], [567600.8767564372, 5448006.564819339], [567588.8393281802, 5447989.628629253], [567567.8358140932, 5447965.622608683], [567547.954167946, 5447944.632290698], [567535.9378822992, 5447920.580776836], [567529.8169791566, 5447899.603367577], [567523.8921185546, 5447884.643402549], [567518.8082053358, 5447870.638838049], [567515.911968426, 5447869.658277854], [567511.8191364425, 5447870.564415693], [567508.8872978986, 5447873.686100346], [567505.8530221685, 5447884.578363911], [567504.8060758914, 5447898.663567282], [567502.925579887, 5447901.642475103], [567496.9127966482, 5447904.581988989], [567490.7169302838, 5447905.474085036], [567489.8667549534, 5447905.596500198], [567465.810372493, 5447904.6796375485], [567445.8620446203, 5447904.591399382], [567422.8393810394, 5447905.577519044], [567411.8288190141, 5447906.543673269], [567401.8002663886, 5447904.686719523], [567398.9003928375, 5447898.636254503], [567399.8683002675, 5447882.648858575], [567401.9522110025, 5447875.547413937], [567411.812052696, 5447868.54100087], [567411.824563873, 5447868.536908023], [567417.8641665458, 5447866.558139274], [567450.9251840049, 5447866.650875783], [567455.8301404633, 5447863.697812886], [567459.8555625118, 5447857.5762971565], [567460.8882509687, 5447850.617806523], [567456.8161224311, 5447845.653710526], [567448.2753437237, 5447841.335395639], [567438.8653635139, 5447836.57289619], [567404.9226295617, 5447815.566962029], [567388.9158285251, 5447803.663843794], [567377.9013558475, 5447799.560071886], [567356.90120728, 5447799.62610969], [567352.8504982496, 5447797.675440911], [567318.8170441204, 5447759.568942568], [567303.8818518108, 5447741.653020431], [567277.9445079225, 5447703.656719988], [567265.9448392, 5447687.666830393], [567245.9256311927, 5447664.630233125], [567233.9546302169, 5447651.653851343], [567216.8354889234, 5447634.656628267], [567194.9138112307, 5447611.585951612], [567190.0616823992, 5447606.001028456], [567174.8940467242, 5447588.549610526], [567153.9436078443, 5447564.701519168], [567129.958760243, 5447541.6060020495], [567113.9324141401, 5447521.609334775], [567097.92348258, 5447499.567227878], [567082.9474626082, 5447480.69523729], [567069.9354507301, 5447464.548982504], [567056.9477714071, 5447447.602491424], [567041.9148135639, 5447428.585423368], [567027.8118011585, 5447411.62546933], [567009.9218670137, 5447392.562599809], [566995.9570506975, 5447372.602430777], [566984.8711683286, 5447355.679302584], [566970.8497790215, 5447335.562858844], [566942.8247555081, 5447304.65858326], [566925.906587071, 5447283.550971432], [566910.8333732398, 5447263.577590384], [566891.8796093222, 5447239.588101869], [566884.9275307637, 5447231.587531975], [566875.8555253465, 5447224.673238492], [566867.852749906, 5447215.548243643], [566839.8181076616, 5447195.573640392], [566837.868927751, 5447194.604991695], [566821.9236240195, 5447181.581409696], [566801.8353166212, 5447170.575671417], [566783.8022879906, 5447159.583772744], [566762.8578349095, 5447144.609779698], [566738.8489947675, 5447128.642542869], [566714.886862718, 5447113.621106329], [566706.2520340253, 5447109.102761204], [566693.8431127187, 5447102.604212151], [566669.8954624413, 5447090.596197997], [566648.8341544397, 5447081.625057791], [566628.8066113545, 5447074.578819834], [566616.8519980802, 5447069.686999859], [566593.9276794405, 5447061.649757414], [566572.8068805134, 5447057.592546632], [566553.8446499696, 5447054.673165412], [566529.8491888618, 5447052.6382218925], [566513.8775513138, 5447052.601412477], [566500.8765425051, 5447051.655328148], [566475.9085184106, 5447051.676910732], [566451.9523771825, 5447050.598954549], [566433.8242973462, 5447048.6351548545], [566409.9272961114, 5447042.643875389], [566387.9327033431, 5447036.675623786], [566367.944137644, 5447030.586952851], [566343.8224098543, 5447025.693899841], [566327.8680243827, 5447023.612032074], [566316.8264142036, 5447021.578131986], [566292.8132074499, 5447021.6009441875], [566270.9197303965, 5447020.548571746], [566256.9242473044, 5447018.634912461], [566233.9054342497, 5447019.626086312], [566209.8921258441, 5447019.660378191], [566196.8100415742, 5447020.604176482], [566178.889004127, 5447019.599803213], [566165.9449385958, 5447017.543415112], [566145.879329619, 5447019.682196749], [566125.8955223622, 5447018.653305882], [566109.9165135473, 5447018.617449425], [566085.8636264544, 5447017.69566957], [566071.9474035016, 5447017.684728463], [566047.8307564869, 5447016.606588488], [566002.9185016206, 5447016.547348354], [565981.8831425852, 5447015.662070452], [565957.8626539586, 5447015.686269731], [565938.8336560184, 5447014.669477975], [565928.9293662834, 5447015.662945808], [565908.9382130593, 5447014.634766464], [565882.8623032076, 5447014.634749854], [565868.8326433062, 5447015.579050896], [565855.8935735752, 5447018.59333106], [565832.8728390811, 5447024.644921607], [565811.9545561483, 5447031.677909884], [565805.926619855, 5447031.606031854], [565767.806056763, 5447044.615750237], [565743.8305876033, 5447050.667567753], [565731.9259960015, 5447055.584475765], [565711.887037812, 5447069.59943908], [565697.8322716781, 5447088.588850513], [565683.9060092719, 5447109.647761005], [565677.6299928376, 5447120.13408445], [565671.9536616778, 5447129.618388827], [565659.8186602507, 5447146.573863173], [565650.0323029527, 5447158.530514555], [565640.9557954634, 5447169.61990077], [565633.8838267226, 5447188.703605795], [565632.4141760668, 5447196.154193717], [565631.9211970833, 5447198.653392792], [565631.8682554946, 5447208.62582341], [565635.9272161376, 5447229.576349147], [565638.8611475071, 5447252.570400458], [565638.8908150234, 5447274.5848961985], [565639.9529551128, 5447284.570527927], [565638.9484197235, 5447304.671554358], [565635.8905359514, 5447338.679168953], [565632.8824100044, 5447352.574628909], [565627.8283341601, 5447365.6561809005], [565617.8413067905, 5447389.608442943], [565616.9521337274, 5447403.695805415], [565615.893348145, 5447418.559354981], [565612.9415953744, 5447432.622201568], [565609.8937452191, 5447445.572150631], [565605.9476578392, 5447458.666918936], [565597.8630336012, 5447482.641809914], [565589.8992933996, 5447505.661977897], [565584.7042714026, 5447519.43436032], [565580.8600764489, 5447529.625550195], [565574.8515594237, 5447542.695903595], [565564.8180775422, 5447565.691447763], [565556.8888476763, 5447584.598368589], [565544.873786824, 5447605.680294189], [565533.9273733496, 5447624.551344943], [565518.8311633182, 5447646.697551775], [565507.8451087249, 5447664.623100691], [565496.8195499908, 5447681.592036568], [565479.8385690678, 5447701.659091824], [565452.9248783431, 5447735.695067303], [565440.8597621011, 5447745.691743119], [565435.865193628, 5447752.592571656], [565414.9127923514, 5447772.6126793], [565403.8196701768, 5447780.564063263], [565381.8405963997, 5447798.67097259], [565361.85480874, 5447811.575836036], [565339.8947866601, 5447822.556312824], [565301.9321557108, 5447840.6298467405], [565291.8918769931, 5447844.635877757], [565270.8966353597, 5447853.57107508], [565248.8500454577, 5447862.649627131], [565224.9582681288, 5447870.605721392], [565211.9011384165, 5447874.565144651], [565187.9055532266, 5447882.675854206], [565167.8595762234, 5447886.552751117], [565143.865699861, 5447889.5937802605], [565110.8036269479, 5447894.584690978], [565098.9348623424, 5447896.668246449], [565077.8775057083, 5447901.645416479], [565055.8956131666, 5447909.61367011], [565035.9518728089, 5447919.674010927], [565001.9003954997, 5447932.57009391], [564978.9168006588, 5447939.592912235], [564956.8483276686, 5447945.659314816], [564936.8255502542, 5447952.550384272], [564922.8777485052, 5447956.666680573], [564900.8262961316, 5447960.67662092], [564886.9353423931, 5447963.682000048], [564873.8785996247, 5447967.642163719], [564852.838627486, 5447970.563506464], [564829.838599604, 5447979.632460788], [564796.8171151454, 5447985.581903025], [564782.8864285516, 5447987.641977617], [564758.8126210307, 5447992.584904445], [564735.9102849755, 5447997.697325359], [564711.8534292951, 5448000.5837473525], [564687.9002708229, 5448004.572184894], [564664.9017493573, 5448008.583172359], [564657.8322609711, 5448011.657877278], [564641.8792548398, 5448014.639601182], [564630.862020957, 5448015.622275648], [564604.8005236436, 5448013.5715461075], [564590.8866613118, 5448013.575333743], [564575.8485021235, 5448015.611872351], [564566.9105334657, 5448014.562176517], [564558.8538263931, 5448016.680434842], [564534.941636618, 5448016.5563470395], [564517.9301658728, 5448019.6816616], [564501.8178850387, 5448017.592095426], [564481.806216187, 5448018.625592566], [564455.8880028302, 5448018.645162929], [564434.8086006058, 5448020.611495804], [564390.8281645231, 5448022.632886558], [564375.8465787657, 5448023.569883941], [564363.8183404525, 5448025.642018847], [564354.9108968303, 5448027.594990759], [564330.9348328873, 5448028.582889312], [564317.9518132249, 5448030.655117549], [564281.9319397078, 5448030.668873362], [564278.9145950305, 5448030.667134716], [564256.8645421115, 5448029.620896701], [564247.869976825, 5448029.671748186], [564225.8206515957, 5448023.555717929], [564213.9060153955, 5448019.625676178], [564190.805414501, 5448013.653308995], [564166.9430626876, 5448008.628173071], [564153.8076772112, 5448005.618065384], [564141.9329850054, 5448002.63369569], [564114.8611578183, 5447991.545510892], [564099.8260702036, 5447982.665257652], [564077.9133291261, 5447973.54949945], [564054.9259345754, 5447961.563984105], [564054.6865603799, 5447961.461154475], [564030.8069058429, 5447951.622338924], [564017.8410064296, 5447946.557623446], [564004.8423148768, 5447940.547560816], [563980.8998817643, 5447928.551237577], [563976.8081261312, 5447925.657522174], [563960.0, 5447919.772659216], [563960.0, 5448017.109230743], [563961.8059488425, 5448017.642199893]], [[567931.871210898, 5448784.634936072], [567935.9571000781, 5448773.600287706], [567938.8314797729, 5448771.578774778], [567949.8478363762, 5448770.602594951], [567963.9380995523, 5448768.563646519], [567965.7040411216, 5448769.07106297], [567970.8515676768, 5448770.550084701], [567977.8925435867, 5448774.59497239], [567982.8787827863, 5448778.614572274], [567990.9379193245, 5448791.700132684], [568001.8394196127, 5448810.680255756], [568010.853028335, 5448832.638943203], [568016.8360677039, 5448851.558366609], [568023.8437540618, 5448873.659124758], [568029.8980740625, 5448885.608262094], [568032.2288625869, 5448890.299216001], [568040.8204875806, 5448907.590542566], [568040.9020645604, 5448914.562824566], [568036.8767656517, 5448920.683833506], [568032.905687449, 5448920.634887942], [568017.8368435552, 5448914.589641857], [567999.8405306588, 5448906.607050151], [567978.9308438051, 5448892.573678117], [567956.8240775036, 5448878.681261092], [567942.8274311817, 5448866.63442737], [567935.9573701572, 5448851.673423355], [567933.9070759026, 5448830.578885614], [567933.8006993935, 5448806.673091365], [567931.871210898, 5448784.634936072]], [[566093.8822740047, 5447280.64955659], [566073.9367270845, 5447285.636281916], [566050.9564158247, 5447292.643555246], [566027.8950658201, 5447301.551270773], [566013.814167718, 5447308.665237174], [565989.9361425252, 5447314.561435464], [565971.9003142309, 5447319.57129221], [565957.8692221222, 5447325.574176882], [565945.8833559687, 5447333.66958745], [565926.8638757111, 5447346.584049801], [565903.8817861598, 5447358.661942042], [565881.9414071044, 5447372.642466639], [565861.8222100171, 5447388.557047174], [565843.846710038, 5447402.596159909], [565819.8020299393, 5447420.676660188], [565800.8156673083, 5447434.537017347], [565783.8761762538, 5447446.687426093], [565765.8425761799, 5447465.640331399], [565745.8274934703, 5447482.657236149], [565740.9476832453, 5447483.544189646], [565731.8898284222, 5447479.644990868], [565725.8290670094, 5447467.698476934], [565725.9464534032, 5447456.615009392], [565728.9136521787, 5447445.56549694], [565736.8212426165, 5447423.64554558], [565745.8836758868, 5447402.695516695], [565757.9395798222, 5447382.570663852], [565767.8514472741, 5447365.588850096], [565777.9086009986, 5447345.595868457], [565785.8733596765, 5447322.576006477], [565798.9185033685, 5447299.605600409], [565800.8964566465, 5447292.669157304], [565799.8643811839, 5447285.685708698], [565795.8300528112, 5447281.679446154], [565789.9382782097, 5447283.66608615], [565773.831042808, 5447300.574013351], [565760.9579718295, 5447317.687155809], [565751.9423551622, 5447339.582675767], [565742.8228654974, 5447361.643862164], [565735.8474707678, 5447380.561850843], [565725.916492501, 5447404.670160245], [565722.8819300386, 5447406.690911608], [565717.9622936063, 5447406.632355992], [565710.9105579414, 5447402.59029111], [565706.9571490348, 5447396.683807845], [565703.9102299826, 5447374.64458094], [565703.8447997341, 5447360.545880565], [565703.8755576258, 5447347.5601294255], [565700.9247690913, 5447326.622695308], [565699.900750586, 5447303.651353015], [565698.8235415932, 5447290.652361441], [565698.8541832285, 5447277.677742896], [565700.9044618822, 5447253.631156704], [565712.8811223947, 5447231.604050962], [565729.8174297904, 5447210.581000417], [565739.9571963236, 5447202.629932088], [565750.1330287377, 5447197.085497904], [565763.8400399276, 5447189.6170971], [565777.8714257965, 5447183.602555864], [565799.8625047832, 5447180.696042149], [565822.8068404804, 5447181.603483515], [565835.8811431638, 5447180.658711393], [565858.8220552303, 5447172.6937749665], [565880.8650520515, 5447163.617575194], [565903.8060356906, 5447155.652872972], [565921.8271147431, 5447147.640651693], [565941.8865181617, 5447141.698606169], [565964.8084944804, 5447139.604325518], [565977.9301843366, 5447139.594497297], [565991.9594346122, 5447138.661520074], [566006.87994792, 5447137.572389069], [566016.8872879056, 5447137.692142535], [566039.8318066126, 5447138.600389076], [566051.8383311232, 5447138.577325692], [566071.9423454214, 5447138.66234825], [566094.9536037175, 5447148.599638644], [566113.8686413073, 5447150.571831374], [566119.0954045105, 5447152.242882686], [566132.9093765961, 5447156.659356358], [566155.8537532191, 5447157.568098277], [566158.3491780452, 5447157.366159228], [566167.8204398055, 5447156.599715623], [566188.9190276575, 5447157.6421075575], [566212.810855079, 5447158.562453171], [566221.8044533514, 5447163.584650152], [566227.9062159082, 5447172.674797272], [566229.936879256, 5447185.685312846], [566225.8929828894, 5447197.677823599], [566223.5726628462, 5447201.825729852], [566215.8660720297, 5447215.602440254], [566203.8255458239, 5447233.669759033], [566193.8280131829, 5447243.678520731], [566181.8248972257, 5447252.562606319], [566162.9593770988, 5447261.686782618], [566141.9455089417, 5447267.605584906], [566117.8498625756, 5447274.599177937], [566093.8822740047, 5447280.64955659]]], [[[563978.3022446724, 5444485.288782112], [563989.457141492, 5444490.838866682], [563997.753980725, 5444497.291421409], [564003.7685548664, 5444498.259353702], [564009.7715104672, 5444503.692818225], [564020.7558127416, 5444502.593045216], [564045.7488620265, 5444528.428809085], [564110.8982389108, 5444572.0123405075], [564262.0830888598, 5444647.570058456], [564312.6759511976, 5444686.712501014], [564414.280913877, 5444743.803163469], [564563.223092235, 5444844.452412092], [564626.6101621338, 5444894.339354211], [564689.6885875689, 5444932.198118517], [564743.6009777101, 5444969.3291906845], [564787.4585116574, 5444989.867919693], [564820.7189427693, 5445010.197332647], [564900.2047990978, 5445030.7837802805], [564950.8848916626, 5445054.517214839], [564971.1664626334, 5445056.884841627], [565015.7516965672, 5445068.257100851], [565042.2137552628, 5445067.577332816], [565082.3205898172, 5445073.287179009], [565122.8220300458, 5445075.616778666], [565173.3168637329, 5445092.132817604], [565193.7840215763, 5445101.717345539], [565216.0148117227, 5445104.997684574], [565252.3087583949, 5445093.4731999375], [565324.6636966222, 5445098.835434822], [565372.258419177, 5445096.167842628], [565438.8510510358, 5445083.383025316], [565517.7192724161, 5445079.911270088], [565598.3276687353, 5445087.949358878], [565620.5846188595, 5445086.289321079], [565625.0053960937, 5445091.900639817], [565631.7292605478, 5445094.533425052], [565650.0674995752, 5445094.496837718], [565656.0495611597, 5445094.484911998], [565670.6574705727, 5445092.418757271], [565680.6136812652, 5445087.264262901], [565688.4560352442, 5445085.086122849], [565695.1474313106, 5445086.908457816], [565703.1536044688, 5445080.816523219], [565716.2292541413, 5445078.468011822], [565751.254680871, 5445063.950282995], [565771.6650448074, 5445057.276241529], [565781.6079598621, 5445052.423655851], [565787.0256743017, 5445047.36615339], [565814.3324696186, 5445036.446306651], [565828.2820958608, 5445027.367648884], [565836.1107455107, 5445025.945158581], [565841.2689904592, 5445022.073861436], [565880.5833424896, 5445003.868595652], [565887.1127803269, 5444999.498444459], [565889.443987749, 5444995.439870823], [565900.6336036011, 5444985.353767002], [565915.6664860855, 5444980.188554698], [565924.1699374809, 5444979.393493079], [565946.956401117, 5444973.12404414], [565968.5379682812, 5444965.068834103], [565983.5334369928, 5444961.981269416], [565983.7346666578, 5444961.887192011], [566002.831268307, 5444952.960606766], [566024.8014620515, 5444946.339711507], [566036.8989144975, 5444943.836788581], [566049.1590725072, 5444944.231977883], [566062.3631671385, 5444947.227301532], [566085.7410871147, 5444945.060615701], [566119.6318122497, 5444948.0208476195], [566138.611228792, 5444943.111963908], [566149.8520980931, 5444944.256897789], [566164.7572255172, 5444940.824325827], [566180.5909245851, 5444940.942260445], [566194.9101629122, 5444937.869301422], [566242.5049305279, 5444939.2896299595], [566271.675053774, 5444937.284739887], [566289.0461441262, 5444944.040231971], [566297.6222678128, 5444943.061516651], [566301.8979650647, 5444945.360675367], [566334.3647782431, 5444952.281632903], [566345.7108284291, 5444957.060840583], [566355.2406262518, 5444957.199066518], [566362.902761313, 5444962.052494105], [566379.347136143, 5444965.746466622], [566384.6029201916, 5444968.415061985], [566390.5514681442, 5444974.111773541], [566396.829135288, 5444975.940114158], [566403.8375479499, 5444980.724892628], [566409.6264077552, 5444982.094622884], [566417.2468436116, 5444988.230677026], [566448.0252549349, 5444997.422499584], [566462.0890353734, 5445003.443263038], [566471.6131026675, 5445004.244754764], [566493.2587820888, 5445014.816248776], [566501.562507807, 5445014.5018218], [566503.6337740333, 5445021.0867746], [566508.1038216245, 5445025.041930019], [566518.1638114044, 5445027.314777296], [566526.5359059054, 5445026.701013313], [566540.3069457444, 5445030.039965209], [566550.8425859312, 5445029.235362222], [566560.0350464766, 5445032.103742051], [566564.8602535505, 5445036.939773395], [566570.0526658962, 5445035.285587405], [566576.7936587511, 5445038.006759004], [566582.3781388914, 5445038.319864554], [566592.5176228287, 5445035.250040203], [566600.6087463339, 5445040.895146001], [566611.897384644, 5445038.24409904], [566619.2655422355, 5445045.128969741], [566629.6181343629, 5445042.167750978], [566645.3162846442, 5445044.422034065], [566664.1191432883, 5445052.434121069], [566668.382076025, 5445052.301271436], [566679.647015206, 5445051.950201454], [566681.8263437031, 5445053.641029183], [566683.7623848056, 5445058.361257085], [566694.7479814182, 5445066.863670003], [566706.6273231612, 5445070.105379901], [566717.0778500092, 5445068.010601143], [566725.6338523123, 5445069.349666606], [566731.4383482048, 5445070.258115616], [566746.2652974786, 5445080.923587269], [566757.798602015, 5445079.9035793245], [566762.9833575222, 5445082.9551079385], [566777.1661997435, 5445084.7847600095], [566790.2047027871, 5445089.667013374], [566802.8356570887, 5445091.11240991], [566817.9723202705, 5445097.000242564], [566824.1308116394, 5445096.179386098], [566830.278761388, 5445100.787567144], [566838.1851390583, 5445099.429920329], [566843.617487225, 5445100.7331300005], [566850.8732524102, 5445104.397691588], [566853.9496616297, 5445110.392940717], [566869.5212840888, 5445112.544765298], [566877.2491088598, 5445116.6424028985], [566894.5434231967, 5445117.070473458], [566904.5508332935, 5445122.824121117], [566922.0022723477, 5445127.858469653], [566936.2518103425, 5445127.064123734], [566943.5038759706, 5445130.897012719], [566954.2129314112, 5445131.125491417], [566962.6461243321, 5445136.096761236], [566972.4973823784, 5445134.015083817], [566983.9495543259, 5445138.216342542], [566995.2978689695, 5445135.449494057], [567002.5840104829, 5445138.103288352], [567009.1435304834, 5445138.31065325], [567017.5025522037, 5445134.825630795], [567023.5107163202, 5445135.186807059], [567032.3474959142, 5445139.046065995], [567039.6640416249, 5445137.00674669], [567049.1478606239, 5445138.292814172], [567057.7945047196, 5445137.3921508705], [567063.384415155, 5445139.165587742], [567082.9385913553, 5445137.182503986], [567105.2781223531, 5445138.110525885], [567117.6868153799, 5445143.085389163], [567130.1116398845, 5445140.557449177], [567142.650184206, 5445143.485781487], [567162.6952690543, 5445140.166362069], [567170.7670085371, 5445144.671220533], [567181.8415422951, 5445143.748687919], [567193.8370276336, 5445145.24206267], [567203.6620020198, 5445150.338052497], [567216.4100155109, 5445154.30984199], [567227.3325916522, 5445155.964643331], [567232.0909291431, 5445153.215801342], [567244.0273488954, 5445160.109927885], [567255.7186383051, 5445159.07079292], [567264.3656061498, 5445160.266485956], [567270.2295251056, 5445167.1680652285], [567278.108664087, 5445171.178478403], [567294.1547970449, 5445185.611832474], [567306.4577115083, 5445191.567536654], [567308.1465064007, 5445194.867566594], [567312.7523264613, 5445194.952034757], [567315.0097299556, 5445191.248716462], [567318.8327088158, 5445192.245625663], [567318.9443045396, 5445194.179877816], [567315.2500647182, 5445196.477109149], [567311.2535571398, 5445207.43096723], [567320.1147458565, 5445215.463054029], [567320.6644577158, 5445219.30882816], [567324.5661976051, 5445227.790006242], [567327.6754736028, 5445231.42707847], [567339.5671368744, 5445239.551562264], [567358.1917471862, 5445247.336072332], [567363.9280889208, 5445253.366124125], [567368.3679143293, 5445261.351506674], [567375.7109736878, 5445261.17569425], [567381.3100593223, 5445257.503930307], [567385.1205792611, 5445257.685312826], [567391.8872277762, 5445261.415709971], [567399.62737146, 5445268.50431062], [567404.123688634, 5445270.242782009], [567426.9933948847, 5445274.079384367], [567468.500320428, 5445284.164328921], [567477.8365774424, 5445286.432727827], [567520.0944076541, 5445289.287153416], [567525.6701194145, 5445287.868567113], [567533.5386433728, 5445281.378224298], [567539.7124855195, 5445281.203870008], [567555.5296776191, 5445284.987771749], [567560.8888844444, 5445286.269835858], [567578.1100427763, 5445288.281230801], [567582.548648895, 5445289.984918444], [567587.87695134, 5445294.921526395], [567594.1866502169, 5445297.014166026], [567596.1252622997, 5445300.6299385], [567595.7814969583, 5445303.833175752], [567595.5504961412, 5445305.985863858], [567598.2295204812, 5445310.532548672], [567609.9910920695, 5445317.90085055], [567610.1186761068, 5445317.98078439], [567613.8266438105, 5445325.278985603], [567620.2336766867, 5445327.536470375], [567623.2383686518, 5445331.731991887], [567624.1677488678, 5445337.163702526], [567625.824896681, 5445339.807201675], [567637.1752270693, 5445343.105617127], [567638.6135052964, 5445345.313096215], [567639.0211267768, 5445353.626157708], [567643.2767279784, 5445358.176502927], [567652.0960468084, 5445363.259830086], [567658.2190174757, 5445364.305250451], [567666.7109484947, 5445358.9980280455], [567674.3114796822, 5445359.4352625795], [567680.2194865815, 5445356.759607707], [567683.899695942, 5445357.233473555], [567701.3519152255, 5445378.826838579], [567717.0503710986, 5445389.32540086], [567726.3514427491, 5445389.940281148], [567730.2184578009, 5445392.296350575], [567736.7830748742, 5445400.855649056], [567746.2408472935, 5445407.252855528], [567749.8235653103, 5445415.9203634905], [567763.3460070293, 5445428.486001777], [567769.0031525956, 5445437.999911469], [567778.4297439746, 5445442.07638791], [567782.5576751442, 5445445.47462384], [567791.4874210587, 5445459.003529954], [567801.01550578, 5445468.369303616], [567807.6372999743, 5445483.135947618], [567811.4184964712, 5445496.428004299], [567815.9525758326, 5445519.706807535], [567818.2822327845, 5445523.2494170945], [567817.2349597258, 5445530.011035241], [567818.4460260966, 5445540.908542266], [567819.221315545, 5445547.884633744], [567823.115483846, 5445554.242740728], [567821.7575803907, 5445559.057769892], [567800.9354742093, 5445539.662672124], [567771.8882935474, 5445512.622130674], [567773.8131974224, 5445531.646976649], [567778.8566258878, 5445555.613258601], [567783.821229985, 5445577.688469285], [567787.9274667786, 5445599.586251492], [567788.8543153424, 5445612.5838631885], [567790.8894829218, 5445625.594966422], [567792.8391189554, 5445652.692002865], [567792.8108234702, 5445665.677841479], [567792.9328237437, 5445689.594778163], [567792.923138566, 5445742.640139243], [567791.9218859836, 5445757.67092377], [567790.9358025646, 5445781.5630780235], [567790.8930242085, 5445801.675574618], [567789.848977343, 5445810.690806286], [567789.842081068, 5445826.690034792], [567787.8402003627, 5445846.611657614], [567783.8635832455, 5445867.620906154], [567780.8886169558, 5445889.598571508], [567779.9588335532, 5445913.658353302], [567779.9205867851, 5445937.562218521], [567780.8401799133, 5445950.559677287], [567781.9273236833, 5445963.5592656], [567783.9230263545, 5445975.613783927], [567785.911732154, 5446003.667367356], [567788.8913944166, 5446027.619416397], [567790.9511139012, 5446048.702849425], [567790.8301887648, 5446049.646458502], [567792.8547885129, 5446073.586790231], [567797.8582121867, 5446096.60752914], [567800.9515908059, 5446119.604818337], [567801.9031123639, 5446140.674560056], [567802.8477760535, 5446151.615460568], [567806.8745827598, 5446171.622341759], [567809.8468679528, 5446195.563219161], [567812.900756195, 5446217.614977779], [567814.8645851343, 5446237.585375432], [567816.8993453031, 5446250.596547509], [567817.8260302696, 5446263.59414319], [567819.8141502759, 5446275.648534014], [567819.8751480455, 5446295.606729565], [567821.9558967582, 5446319.703424757], [567823.8696483901, 5446333.658209574], [567824.8142758838, 5446344.599049771], [567830.9576050193, 5446384.5782192], [567834.9195568973, 5446405.684998854], [567839.866040878, 5446428.549412198], [567845.9122635713, 5446452.694906394], [567849.8570838853, 5446474.590935252], [567851.9449354747, 5446498.687775196], [567852.8641592026, 5446511.685182565], [567855.9357107697, 5446531.6692840895], [567857.8991465025, 5446551.650737846], [567862.9124330764, 5446572.6148497285], [567865.8056197442, 5446594.653585842], [567864.9114576981, 5446614.599982562], [567863.928078204, 5446627.574052701], [567862.905485912, 5446639.59149004], [567860.8068514867, 5446652.551950897], [567857.8243304231, 5446665.6571529], [567850.8481765302, 5446684.572625602], [567840.8999710312, 5446705.664014669], [567829.9618092516, 5446729.600734982], [567815.9021096309, 5446753.654830816], [567803.8349050905, 5446774.5646997], [567790.8906429519, 5446798.632436185], [567784.8269515849, 5446811.544160145], [567770.88850787, 5446834.654743946], [567760.8771790501, 5446855.589911577], [567749.8609870484, 5446877.624602621], [567737.9006950574, 5446897.59089438], [567725.890478044, 5446918.657237605], [567713.8166466529, 5446939.567126822], [567701.8207565992, 5446963.646839121], [567698.8960014888, 5446975.652089999], [567699.815429844, 5446988.649617859], [567702.8838230125, 5447003.563504093], [567702.9300605805, 5447014.649078773], [567717.939611968, 5446995.676336048], [567726.8605580451, 5446972.670847927], [567735.8531519711, 5446951.556292317], [567746.8190945105, 5446930.632793007], [567755.9148696839, 5446910.631450852], [567767.8858531807, 5446888.608453331], [567778.9128286638, 5446871.643904496], [567791.9525086986, 5446848.6890563825], [567805.851574352, 5446824.632997905], [567819.8463955674, 5446801.689971228], [567829.8974850299, 5446781.700483582], [567840.9608763078, 5446760.611570242], [567849.9148411977, 5446738.551655119], [567859.9014551558, 5446719.6732156025], [567868.8553661633, 5446697.624468253], [567879.8404260719, 5446674.633547895], [567888.8158769386, 5446655.587041647], [567891.8162880751, 5446631.552717245], [567892.8314961874, 5446610.662854961], [567892.8599499718, 5446597.676899486], [567891.9408399304, 5446584.679405901], [567891.8088809713, 5446571.70274491], [567890.8438557952, 5446547.619715909], [567876.8552285009, 5446503.585899706], [567869.9106793664, 5446479.584982855], [567867.9505255343, 5446464.6734578125], [567865.8339627823, 5446444.701114656], [567863.8568867533, 5446430.57880141], [567862.9479323964, 5446406.663284862], [567859.91571417, 5446387.624799858], [567858.8541240756, 5446372.568611697], [567854.9485453378, 5446351.618147087], [567851.8950192585, 5446329.566368309], [567850.8683448785, 5446311.664361989], [567849.8460461596, 5446297.553830143], [567847.8610967064, 5446274.570062967], [567843.834314428, 5446254.574300523], [567842.8470640817, 5446237.617907306], [567838.8843703992, 5446191.639381849], [567836.82091901, 5446175.625943449], [567831.8926541106, 5446140.576004881], [567828.9029119151, 5446127.553171688], [567822.9126950777, 5446103.564022626], [567822.9443200371, 5446095.648157257], [567818.8250363094, 5446079.609426237], [567817.6180830336, 5446070.433105732], [567815.9241961914, 5446057.559510576], [567815.1092812158, 5446052.079340402], [567814.8871710387, 5446050.57563665], [567814.8152295235, 5446032.685387312], [567813.9098641414, 5446022.701192604], [567814.9504941534, 5446008.615919602], [567814.8647272303, 5445980.58557826], [567814.903127679, 5445956.68176127], [567815.9010495347, 5445936.58095302], [567815.950702559, 5445926.6084127305], [567816.8130002724, 5445914.577863859], [567816.8943833432, 5445870.56153645], [567817.9093580645, 5445849.671561455], [567818.8212115681, 5445827.668495681], [567819.8934679056, 5445805.678583402], [567822.836995861, 5445791.616750708], [567822.8045464756, 5445774.672031641], [567825.8190331077, 5445753.6510028755], [567826.8912312024, 5445731.661013238], [567827.9106978299, 5445714.562476465], [567827.8742831711, 5445702.687689189], [567827.8957326745, 5445679.573050994], [567826.8869470309, 5445659.603293706], [567824.9442904376, 5445642.635102652], [567818.8498015678, 5445601.555969683], [567818.8994006743, 5445591.583411677], [567820.8198970448, 5445580.677760532], [567825.5862755742, 5445573.379145111], [567828.065442408, 5445574.783812524], [567831.1539534429, 5445588.6849869825], [567843.4852953805, 5445605.918211295], [567846.6026903547, 5445615.523166071], [567853.25756203, 5445623.293057363], [567870.4905587811, 5445637.103275638], [567902.6469682672, 5445648.059419988], [567914.9614252587, 5445647.977668036], [567956.1726975591, 5445655.167796074], [567967.7149730161, 5445661.026607966], [567996.821640991, 5445670.534944876], [568002.5087514383, 5445670.067416108], [568008.3363809959, 5445673.989669947], [568021.5856710253, 5445678.195817791], [568075.9949458549, 5445678.09001875], [568081.8737672507, 5445675.929615084], [568088.2453078105, 5445676.286134213], [568119.539781073, 5445671.760272552], [568133.9758301562, 5445666.580541904], [568139.5857637917, 5445666.047618138], [568150.9775310336, 5445664.965511584], [568161.9643548463, 5445666.082260498], [568167.6442874162, 5445668.996529368], [568171.7997952476, 5445673.425930772], [568172.6657932481, 5445679.484019505], [568180.8482218906, 5445689.966934187], [568190.054176308, 5445698.008812801], [568195.0695052019, 5445699.705165481], [568197.7520999894, 5445704.10768219], [568204.8888674501, 5445710.4662505565], [568224.359686905, 5445736.319947553], [568230.8008635007, 5445746.682044336], [568234.3482313283, 5445752.388784496], [568241.4745729308, 5445756.226485295], [568241.6210753826, 5445756.247141833], [568249.0067755836, 5445757.288693823], [568261.9032495501, 5445765.020559653], [568269.338352483, 5445765.978766832], [568270.4763350036, 5445770.038092075], [568270.3847927812, 5445775.8036370315], [568274.37753855, 5445781.710816031], [568276.389007894, 5445786.98190798], [568279.2277826412, 5445794.420944752], [568284.3820491496, 5445803.183555556], [568285.9702651566, 5445814.668062694], [568292.0434996653, 5445831.956667811], [568302.0185396724, 5445844.200347512], [568307.1078027216, 5445850.44704432], [568309.1358184073, 5445858.684881846], [568313.5905030845, 5445865.827751772], [568317.7084442351, 5445879.863922177], [568318.0567512896, 5445882.655246658], [568318.5258934596, 5445886.41509467], [568324.2302853402, 5445898.183187646], [568325.0139232023, 5445902.192604658], [568327.154831259, 5445904.469686963], [568332.917347091, 5445910.5988069335], [568335.7130601332, 5445918.794029388], [568344.3445451267, 5445924.234283104], [568350.2085855635, 5445945.41434219], [568355.5555706489, 5445954.949753252], [568365.8790956492, 5445965.334963911], [568375.9458127564, 5445978.878027179], [568384.5047500622, 5445985.008841304], [568389.5511751283, 5445982.965597633], [568390.8008881721, 5445988.978046904], [568399.489356554, 5445994.544363606], [568404.2859884531, 5446000.058068596], [568410.603815521, 5446013.111677001], [568411.8590193053, 5446015.705151016], [568412.4665095581, 5446024.575746429], [568415.3518165462, 5446029.894896443], [568417.12600181, 5446036.30640702], [568419.3813433959, 5446038.941654401], [568419.440141576, 5446047.410697175], [568422.7504728927, 5446054.200078934], [568425.145419988, 5446063.562890947], [568426.0828736795, 5446064.92986707], [568440.0953034323, 5446085.362828482], [568448.8631296006, 5446094.072076717], [568469.1368335425, 5446109.091161818], [568477.7495839349, 5446118.518609407], [568479.4670840922, 5446123.409230526], [568479.4384787988, 5446128.125107636], [568487.3089625647, 5446142.691121746], [568489.251489435, 5446160.496850014], [568493.4280829832, 5446171.1311312355], [568493.7000958784, 5446172.1089147115], [568499.2800638602, 5446192.167568716], [568507.287299847, 5446210.364984474], [568515.1391405832, 5446222.546782998], [568523.5520856947, 5446235.599141808], [568536.8440257886, 5446250.909434262], [568543.8233436877, 5446255.738641462], [568561.7830213229, 5446274.684194073], [568574.3883645502, 5446294.443310809], [568583.621272873, 5446319.693440132], [568586.536250374, 5446331.169955531], [568592.2745350393, 5446353.7621408915], [568594.3970752525, 5446357.405462747], [568601.948237854, 5446363.200290415], [568604.3511796412, 5446368.483609177], [568603.3758032111, 5446378.562687943], [568605.517417307, 5446384.765200448], [568603.4379282905, 5446395.13367485], [568605.9440326438, 5446401.657035421], [568613.1946699368, 5446410.752757389], [568612.1505106324, 5446414.023615547], [568609.7105364688, 5446416.44222128], [568609.418348873, 5446419.633257813], [568615.9145567905, 5446429.094821411], [568617.1681505674, 5446436.6421734765], [568623.2681813205, 5446446.254034383], [568629.0987757635, 5446462.573236579], [568628.3347453697, 5446469.103157478], [568635.3506176707, 5446489.369140662], [568633.8793571194, 5446497.850963889], [568636.5164986684, 5446502.325000469], [568634.8926384012, 5446509.158064855], [568636.1729462743, 5446517.221698364], [568644.4703776635, 5446530.272275157], [568643.1930934538, 5446537.115284831], [568645.1536949057, 5446549.878812027], [568650.1776336249, 5446559.269674572], [568656.1873343274, 5446562.919183018], [568656.2437759485, 5446568.05278219], [568654.970849715, 5446571.302714896], [568657.7026052679, 5446582.18072423], [568658.4102169971, 5446594.268222732], [568661.3627133266, 5446602.96658722], [568660.1450287018, 5446607.455120754], [568663.5460414098, 5446614.909943127], [568664.394401357, 5446623.157848902], [568675.1203811455, 5446638.875083201], [568675.023291557, 5446644.839193019], [568676.947983878, 5446648.305969346], [568681.348815632, 5446652.834738241], [568684.3207779849, 5446661.038575203], [568697.3180965898, 5446678.323767433], [568701.3371386344, 5446686.006180596], [568712.1528360164, 5446694.640304938], [568714.9530037104, 5446704.093535864], [568726.6591106851, 5446712.271940329], [568728.1987964395, 5446720.291252678], [568737.6284275993, 5446730.756092223], [568756.7441215204, 5446746.537352192], [568766.6854759338, 5446750.926218558], [568769.4614516223, 5446754.016155365], [568772.349970213, 5446760.789265154], [568782.0339947193, 5446766.0958878435], [568793.3632070036, 5446777.2500648415], [568806.7878906914, 5446783.942235912], [568811.7565567236, 5446790.738166188], [568814.3840190781, 5446790.7101562945], [568818.1323130523, 5446786.966677476], [568823.9702996894, 5446788.243928769], [568827.4129246956, 5446791.86573863], [568829.7256650606, 5446797.743049723], [568837.1331277863, 5446803.165721685], [568841.2631983735, 5446808.610363779], [568859.1355104632, 5446818.174321397], [568861.962332842, 5446820.355854896], [568864.2241232172, 5446825.143471218], [568871.1408531559, 5446826.291725854], [568877.6936160065, 5446832.044345215], [568897.832707823, 5446840.175473498], [568898.6266670283, 5446835.976180954], [568881.0319787464, 5446817.6347616], [568854.1730364736, 5446801.426115403], [568826.3523895642, 5446778.856284358], [568777.8764284446, 5446743.330434564], [568746.0308937284, 5446709.599527572], [568716.2662694928, 5446675.894654497], [568696.8884436642, 5446643.906551536], [568689.9394111789, 5446616.835307904], [568679.9866987473, 5446580.202571387], [568672.253574851, 5446532.486161579], [568664.3030139348, 5446502.227654292], [568655.2851634978, 5446448.693413286], [568653.625222988, 5446433.22331335], [568650.2066645118, 5446417.18286182], [568650.5365159259, 5446412.330638427], [568644.1999108128, 5446380.9335992355], [568645.3846343724, 5446376.659407674], [568647.3796724831, 5446374.688685801], [568652.1343736044, 5446373.8914832035], [568666.3365590577, 5446377.75684382], [568667.5774950369, 5446382.993187543], [568673.6343512521, 5446386.199771524], [568678.8275387294, 5446378.831928835], [568679.9666307695, 5446373.676092677], [568683.6175637709, 5446372.834883791], [568690.7608825638, 5446367.371811585], [568697.4712228121, 5446368.989016544], [568700.2722112475, 5446373.794867468], [568710.1413664614, 5446379.257754053], [568713.2291079, 5446384.406592823], [568717.0076227922, 5446386.515653666], [568718.8424340623, 5446390.540059462], [568729.7018448862, 5446395.775110108], [568732.2449158665, 5446401.3371788], [568747.584952964, 5446415.561775625], [568755.7640499746, 5446419.694471309], [568763.9623530519, 5446429.337600105], [568770.3069565952, 5446433.930248637], [568778.590110073, 5446446.96178858], [568786.1631347155, 5446452.233437533], [568799.5736265632, 5446466.250541064], [568804.558503932, 5446467.698463035], [568811.2245289317, 5446474.147893782], [568819.9874390089, 5446477.856941892], [568824.4817767111, 5446481.4663239205], [568837.447780781, 5446485.858470561], [568841.8848047229, 5446488.790475793], [568858.7755676548, 5446495.250659965], [568862.6233287955, 5446499.106390031], [568870.6226660077, 5446502.653458483], [568883.4933203099, 5446504.894686843], [568920.2327581402, 5446507.278072172], [568926.00423295, 5446508.9968962455], [568964.1061942804, 5446501.7408225415], [568982.6021582397, 5446500.716328124], [568998.7979143721, 5446492.27307512], [569015.8483401065, 5446487.397575609], [569026.3748850723, 5446480.381463719], [569068.327583874, 5446467.999503344], [569075.8653151735, 5446463.774648617], [569081.5789167181, 5446458.314824432], [569093.3825824611, 5446452.251098415], [569098.4680714257, 5446446.330463212], [569105.5859527709, 5446444.250565505], [569118.548472078, 5446435.166270696], [569121.2622605705, 5446430.893274428], [569125.390511318, 5446428.315111894], [569128.2917030079, 5446422.669722271], [569147.2396405741, 5446410.923487185], [569149.0654393429, 5446404.946983704], [569157.8871321016, 5446405.858190512], [569158.904415425, 5446405.9632787565], [569173.4982865395, 5446396.975553708], [569213.2195792848, 5446413.071609267], [569221.459857512, 5446414.3037069], [569224.7651908812, 5446410.4799238965], [569229.6903209157, 5446410.94651995], [569231.4353892902, 5446413.313003291], [569231.4106092297, 5446418.433912029], [569238.0256158218, 5446421.538257806], [569241.2791696986, 5446426.0688033635], [569246.4927957729, 5446428.21008854], [569250.6433230672, 5446428.936999075], [569258.8821494128, 5446426.4231196325], [569269.4073678795, 5446426.339152462], [569273.9237459316, 5446430.816933049], [569275.3216912828, 5446439.233607256], [569280.8850929774, 5446443.862443222], [569292.0354231487, 5446450.012078471], [569303.3481832396, 5446451.449831885], [569313.6395200545, 5446459.564244601], [569319.3887932848, 5446462.536110299], [569325.3808541488, 5446462.936640825], [569328.4416986267, 5446468.546607321], [569335.9583671849, 5446470.41849999], [569342.6154755175, 5446475.13407895], [569349.1275982527, 5446475.6930073965], [569360.4282461045, 5446485.199904861], [569387.5099873354, 5446495.227600027], [569395.7915569152, 5446496.930698158], [569397.2320973579, 5446497.744062284], [569401.2051744291, 5446499.987300397], [569409.9082857139, 5446499.317601919], [569411.3492513129, 5446501.154046803], [569408.795705432, 5446504.301509141], [569409.3570990415, 5446506.752276279], [569427.8119795292, 5446514.788182641], [569456.876699276, 5446521.337186542], [569460.7975165305, 5446524.845846356], [569467.4607366646, 5446526.419802097], [569479.3497078767, 5446527.17403834], [569484.742201748, 5446525.9839556], [569489.3528886095, 5446527.511603515], [569494.2402025161, 5446525.18047246], [569498.2211117172, 5446529.49038952], [569508.4532124565, 5446529.92406222], [569512.6475665346, 5446532.190100647], [569518.4918622102, 5446529.24442895], [569525.1288981359, 5446532.523575216], [569565.624834112, 5446538.943072929], [569590.0280882977, 5446537.980762865], [569607.5546218895, 5446542.091821511], [569621.7099154514, 5446550.297370386], [569624.8382781399, 5446550.466216719], [569631.6535944529, 5446547.293599303], [569633.8172215743, 5446551.066486522], [569638.0997346286, 5446553.557113196], [569639.8796314875, 5446556.403748767], [569648.2249605983, 5446559.568010897], [569654.3344786245, 5446570.882660291], [569651.7414212256, 5446573.730006283], [569642.7883281321, 5446576.5193370385], [569647.5350760549, 5446582.496525405], [569648.6566726734, 5446587.4195773825], [569648.1222228948, 5446591.829191854], [569644.5561738254, 5446601.181501812], [569644.5015457553, 5446617.229407322], [569643.3864767241, 5446622.098402553], [569645.6507576205, 5446628.05116149], [569643.2992388285, 5446637.715771021], [569644.4780008615, 5446643.205682063], [569649.2911370026, 5446651.162258683], [569650.3230589256, 5446655.108953905], [569647.3439198292, 5446665.63065147], [569646.9584330162, 5446672.704434498], [569643.265406449, 5446677.750605955], [569639.3425023938, 5446696.583553128], [569632.2598835061, 5446711.732893777], [569630.1383867726, 5446726.903923922], [569632.244162952, 5446747.154050996], [569644.9539659184, 5446773.064899229], [569646.6437359464, 5446780.249749548], [569656.4382421384, 5446798.618562693], [569669.6044306435, 5446832.869876023], [569672.38751965, 5446843.709890983], [569671.6032077176, 5446859.488152038], [569673.6914862746, 5446866.5083329175], [569674.4282825473, 5446875.986242151], [569668.2033643842, 5446892.550006058], [569665.5011232204, 5446907.602698632], [569659.0676397919, 5446920.133664976], [569656.373388608, 5446929.6975915525], [569642.122557791, 5446955.460126271], [569640.8568580193, 5446958.449515955], [569641.0248471478, 5446965.07006029], [569629.9950340679, 5446981.115436643], [569620.181714128, 5446988.148894783], [569614.1954096433, 5446998.171952287], [569604.9875706503, 5447005.117621343], [569585.3628264646, 5447024.121202069], [569569.100459143, 5447034.9106955575], [569559.9037022148, 5447036.398715804], [569540.7682888692, 5447029.645864282], [569510.9648406954, 5447023.01743549], [569495.9011165821, 5447026.352656759], [569492.3943401994, 5447028.582363872], [569466.5243371686, 5447033.74117062], [569437.8791992323, 5447046.0646589445], [569395.0612061331, 5447056.351661775], [569365.2731197616, 5447053.382845549], [569358.9000251237, 5447051.160503554], [569355.2513135995, 5447046.858013909], [569342.4195034544, 5447044.745709235], [569336.8802434739, 5447041.818028394], [569333.6076550884, 5447038.233914515], [569323.7602317291, 5447035.882543797], [569277.1915721016, 5447014.662235798], [569221.5755564385, 5446967.931263517], [569178.3069556626, 5446932.467109505], [569146.266132296, 5446914.604856575], [569102.8972152683, 5446887.076711367], [569039.7754737305, 5446857.714477794], [568992.1438710892, 5446838.070718474], [568974.4329729949, 5446839.436661226], [568981.4794631101, 5446858.572861879], [568997.0097960767, 5446865.116436565], [568997.7046363158, 5446865.840767894], [569012.9911533741, 5446881.776952066], [569020.0608923066, 5446889.147088067], [569021.6988153444, 5446888.300173867], [569032.6149385304, 5446886.260903149], [569039.9270608352, 5446889.652991482], [569043.2933981649, 5446894.183405953], [569058.6234534049, 5446898.02535158], [569082.4589234224, 5446908.941500026], [569084.356063948, 5446911.702833397], [569084.0501403176, 5446914.291049857], [569085.9472068882, 5446916.408425489], [569099.4692632273, 5446922.291134325], [569102.9054819087, 5446925.905489257], [569109.6540903995, 5446926.226122783], [569118.6600768066, 5446929.307733384], [569131.564311122, 5446940.983686393], [569143.0017851979, 5446946.324594647], [569146.3996594164, 5446950.931611346], [569162.4626106762, 5446953.259911844], [569167.9788266373, 5446960.26901732], [569179.045406399, 5446961.143092904], [569191.6659204395, 5446967.585618041], [569196.1680913102, 5446974.351965293], [569207.5477525181, 5446976.812855883], [569209.8692266917, 5446979.248182626], [569212.0371609086, 5446984.453512898], [569225.5409741242, 5446994.582146553], [569232.4704675704, 5447002.250615392], [569244.876727148, 5447008.384065881], [569246.4693009553, 5447012.676133456], [569251.2550512727, 5447017.85993343], [569270.34474285, 5447030.606718108], [569281.0738051767, 5447032.982809929], [569287.1149964591, 5447036.423801416], [569291.5802118363, 5447042.382013301], [569303.1642184173, 5447046.982945942], [569323.4856610068, 5447051.058305801], [569335.1298729592, 5447058.041098026], [569348.2567911036, 5447058.515511901], [569357.5680493576, 5447063.052082247], [569365.2567416904, 5447061.720785044], [569375.9939241236, 5447066.332832436], [569396.492977071, 5447063.35620199], [569408.188664354, 5447066.857370039], [569413.6614867765, 5447065.793196515], [569416.3626466888, 5447060.822742327], [569422.689941826, 5447058.206906681], [569470.5883375995, 5447052.486067731], [569512.091192954, 5447041.580025644], [569534.6892164864, 5447040.169032858], [569544.1289282475, 5447044.185798378], [569562.443350727, 5447046.980182953], [569571.6657631819, 5447046.848341983], [569589.7272308411, 5447041.500131197], [569601.6327145466, 5447027.682622424], [569616.2345364891, 5447015.601116767], [569620.6838038533, 5447010.29145551], [569626.7529736605, 5447006.952812922], [569630.4293390736, 5446999.113232945], [569641.2851785932, 5446990.343435617], [569646.5841934525, 5446983.525193204], [569652.697104395, 5446979.368717236], [569657.5233219624, 5446970.514368156], [569663.111771394, 5446965.425508237], [569667.0883841905, 5446957.758518243], [569670.2692230407, 5446955.125513019], [569678.3845486257, 5446942.602251103], [569684.3581502318, 5446927.7574689565], [569687.2959282988, 5446916.656327385], [569691.1635388962, 5446910.555301339], [569698.3317008398, 5446888.517417918], [569705.6196789014, 5446875.0622857725], [569725.4396982008, 5446854.808255878], [569723.8922499168, 5446853.199201906], [569706.4968956569, 5446855.296133459], [569699.6669648484, 5446861.074102452], [569696.8709011795, 5446861.401008759], [569693.410573839, 5446859.41895436], [569691.3060604539, 5446853.8656695075], [569689.558219841, 5446841.993796449], [569684.8894485416, 5446833.391270753], [569674.2148535004, 5446805.836450647], [569672.473388511, 5446800.616579033], [569671.9406472186, 5446794.185396856], [569664.4782680407, 5446783.995748821], [569652.1000320446, 5446753.877403848], [569650.874111257, 5446743.325639663], [569651.1917250915, 5446727.029662518], [569657.7009467791, 5446680.867548925], [569657.6200145703, 5446669.33974917], [569654.9990394564, 5446655.612354796], [569651.2712674985, 5446618.24791098], [569653.1169725304, 5446610.534508479], [569656.3527355122, 5446603.310543743], [569664.6030070768, 5446595.508120605], [569685.3394118489, 5446593.962811995], [569696.3600417974, 5446593.14156799], [569714.5576702706, 5446596.413613652], [569718.4197800764, 5446601.267613459], [569730.479127659, 5446610.982584133], [569745.0243686218, 5446615.504925595], [569753.323359044, 5446623.159249781], [569771.9791332588, 5446631.533020352], [569806.4532847914, 5446653.237926133], [569853.8486025116, 5446687.592573527], [569868.102204342, 5446694.1773409825], [569878.5544357346, 5446708.418264673], [569892.3049326516, 5446714.565398567], [569897.5364902297, 5446720.424880649], [569913.528455134, 5446733.543431892], [569920.4827354283, 5446736.505983843], [569926.8799677303, 5446745.564062018], [569933.2215623544, 5446748.662833187], [569940.4842060171, 5446756.3511017915], [569949.3489873426, 5446758.417571536], [569951.3596492886, 5446764.3719747355], [569951.4774750036, 5446764.563858589], [569958.4210258087, 5446775.871468775], [569960.0, 5446776.419588873], [569960.0, 5446083.408681312], [569937.3630581232, 5446072.944967838], [569930.3931499819, 5446068.444554989], [569940.3757467242, 5446063.528556289], [569947.9345698991, 5446054.169738662], [569954.5310975799, 5446055.514012091], [569960.0, 5446057.315915767], [569960.0, 5445303.947203193], [569958.6588961226, 5445304.198655898], [569955.0460148749, 5445302.384920418], [569948.1744646685, 5445302.037722744], [569936.8992442345, 5445296.689243218], [569929.7919433139, 5445295.946747191], [569925.7731556392, 5445292.591193441], [569925.021208394, 5445288.534981161], [569926.3198085373, 5445282.32303158], [569923.6632704904, 5445278.746995641], [569918.9368544819, 5445276.90790728], [569908.8309905113, 5445277.047964028], [569898.7546870259, 5445279.092626023], [569890.9313123332, 5445276.234601838], [569881.4857105103, 5445269.167009074], [569876.5490427699, 5445259.906069393], [569872.7689178343, 5445259.1173544945], [569863.586533361, 5445262.090679927], [569854.6438563744, 5445260.680102883], [569838.0075982736, 5445249.558549965], [569834.6361214088, 5445246.419837765], [569833.2996833922, 5445237.392919485], [569823.0703612191, 5445231.096006549], [569817.2477184578, 5445225.296860601], [569810.5725565203, 5445223.164032443], [569809.8378847665, 5445218.148432204], [569806.9101538805, 5445213.757386283], [569806.0966811525, 5445206.784311861], [569801.7007282902, 5445197.960908105], [569790.168605132, 5445189.700129479], [569779.0478386679, 5445176.320739521], [569771.4171059817, 5445170.4063557135], [569760.2435157719, 5445166.839307919], [569756.2772371586, 5445162.951680498], [569749.7429903243, 5445161.301162974], [569738.3645347747, 5445153.375144622], [569734.3864641014, 5445149.550468175], [569725.3448681983, 5445132.680245113], [569713.5815878763, 5445122.7285962], [569713.2071375366, 5445118.49126119], [569716.196912514, 5445113.045574923], [569716.4659101306, 5445109.568876189], [569714.8183983914, 5445104.224280586], [569710.4414737114, 5445101.103062325], [569708.9125788726, 5445096.01941347], [569707.6642249083, 5445087.818990602], [569709.1580967412, 5445079.70832305], [569702.8042892714, 5445073.958717529], [569701.8577942927, 5445070.216768621], [569694.9627943791, 5445062.157404743], [569687.3219498864, 5445049.306944049], [569681.1754813557, 5445043.273918399], [569678.1584203024, 5445040.312469816], [569675.6303535596, 5445029.623477929], [569675.519121494, 5445029.153057234], [569668.8621577679, 5445019.982637066], [569666.9797571037, 5445017.389530741], [569658.1865084202, 5444998.2053138595], [569655.2960431926, 5444992.418721311], [569649.183369972, 5444987.538287264], [569645.5176523674, 5444983.210863691], [569640.4396132972, 5444977.2545325365], [569640.8124627478, 5444973.8292218335], [569638.7340338617, 5444970.8208714], [569633.4408481324, 5444967.7743548015], [569627.3633060434, 5444960.387104487], [569624.6276912794, 5444951.185587633], [569620.2356199373, 5444944.430370769], [569620.3017862779, 5444925.64544104], [569614.4949981757, 5444905.045278503], [569613.8649918907, 5444902.81013907], [569606.9370645708, 5444881.207632955], [569605.505620155, 5444876.744026373], [569591.8941281419, 5444853.790602957], [569582.3786620528, 5444836.716726826], [569562.5325413357, 5444812.095382607], [569561.5580719762, 5444811.411279955], [569553.5470201543, 5444805.787094151], [569552.5426101458, 5444805.082018043], [569539.4589173718, 5444795.3806361165], [569521.7509769388, 5444780.975907961], [569513.6587413625, 5444774.393182051], [569511.2855508237, 5444770.986874018], [569506.4651890821, 5444764.068061368], [569505.4661562094, 5444762.634271214], [569489.8121647218, 5444739.7722594505], [569471.5027929533, 5444711.867639775], [569465.8990409991, 5444703.327398292], [569465.0348505379, 5444702.188543861], [569451.1668854579, 5444683.915579481], [569447.7080161514, 5444679.358070095], [569446.4127791965, 5444677.651328238], [569437.3643284985, 5444665.9670027755], [569406.7716275029, 5444626.462511786], [569397.5090611976, 5444614.518916923], [569391.0599895606, 5444602.252305232], [569383.1876759422, 5444592.616770855], [569370.1829504769, 5444576.559106982], [569370.0871105338, 5444576.419154039], [569362.2507889469, 5444571.691207986], [569361.5511911217, 5444571.0460916115], [569359.1367366113, 5444570.592415761], [569339.9436180263, 5444549.458782077], [569336.9920037434, 5444548.006854863], [569336.4887553807, 5444547.526210868], [569322.3443847427, 5444532.047403473], [569321.6604228046, 5444531.2990548145], [569313.4767397644, 5444522.343402525], [569312.4906457331, 5444521.264216502], [569300.1207298519, 5444509.983040118], [569288.005157831, 5444506.1224585045], [569279.8116425102, 5444491.721686388], [569279.504043709, 5444491.180993489], [569266.2243193543, 5444469.2922054045], [569256.6607666857, 5444455.927023673], [569255.6507322923, 5444455.308319301], [569247.8898516458, 5444450.5540291695], [569242.3769220666, 5444447.396840334], [569240.8747868274, 5444442.721135001], [569231.727789182, 5444433.54677768], [569222.193695383, 5444429.254889583], [569219.1209958096, 5444424.805909355], [569214.7812359127, 5444423.082520556], [569211.3529897839, 5444418.329052057], [569198.0597004266, 5444409.238098291], [569195.8802088932, 5444406.073092966], [569181.7726679184, 5444398.823018584], [569165.390646035, 5444386.94762076], [569156.5170022724, 5444379.796352163], [569149.3069576541, 5444370.719169392], [569145.471164451, 5444368.844040559], [569117.5361009166, 5444328.839592101], [569112.3944387906, 5444319.73449194], [569111.1927305177, 5444314.787484566], [569108.337653898, 5444311.45200047], [569107.2660292367, 5444306.517295358], [569097.3182286292, 5444291.577462953], [569093.6142178554, 5444283.093455439], [569087.3686091114, 5444275.943217526], [569072.4334428732, 5444253.781729078], [569064.0437596166, 5444244.351115151], [569056.9331356953, 5444240.159930713], [569052.6184352075, 5444236.512236388], [569050.6020078796, 5444232.937626611], [569046.5202656878, 5444230.288023742], [569039.7943239957, 5444218.971334285], [569029.3132968504, 5444217.287534216], [569025.2950911523, 5444212.7493353905], [569020.2830197563, 5444210.1148114605], [569015.9116668825, 5444202.818173333], [569005.6381295507, 5444194.389763166], [568998.5800951694, 5444192.268521387], [568990.4691063005, 5444186.14238428], [568974.5003881973, 5444181.044762713], [568963.3256756444, 5444172.772069261], [568954.9453588221, 5444169.990955056], [568943.7505828331, 5444156.540291651], [568941.6802597977, 5444142.249905542], [568938.6000500519, 5444136.415795134], [568936.6130507108, 5444136.232194425], [568935.2765540059, 5444138.766324708], [568934.7462469769, 5444152.709434214], [568929.2828739532, 5444157.930126369], [568925.9523773836, 5444157.738265493], [568911.5275151519, 5444145.938476831], [568908.9968191184, 5444144.525283306], [568892.5326688865, 5444133.375518653], [568863.6179302646, 5444122.595868477], [568857.2915296879, 5444120.237389023], [568851.7776185093, 5444116.668931628], [568833.5326309314, 5444104.861500362], [568810.8532862695, 5444095.350703006], [568800.4753103864, 5444094.900058431], [568793.749173154, 5444091.074327674], [568784.8313888531, 5444090.36850716], [568771.1785125341, 5444092.589187866], [568764.4289760982, 5444090.733779833], [568756.6340968721, 5444095.060550228], [568752.4818481497, 5444095.312381152], [568736.2677244608, 5444093.06281325], [568720.6863285381, 5444096.862238838], [568711.7744011813, 5444104.21681481], [568707.5326721098, 5444109.597426884], [568705.4881905441, 5444115.384880273], [568705.5388583924, 5444119.011144066], [568710.469883517, 5444127.624551348], [568716.0078722141, 5444134.148750714], [568726.850517074, 5444135.213428959], [568731.819775644, 5444141.494573231], [568735.1504463978, 5444148.3482681615], [568734.361410783, 5444155.655563432], [568732.1213155392, 5444158.3033130495], [568718.8563554867, 5444156.1046624305], [568710.9201192644, 5444149.586444848], [568698.529815784, 5444142.945620241], [568666.8830559901, 5444145.007948527], [568666.9002272487, 5444137.353667228], [568674.3204681133, 5444130.732070119], [568680.4874928979, 5444121.498328326], [568690.3107954907, 5444094.571978963], [568697.4686819783, 5444079.522515054], [568704.610366453, 5444048.663791576], [568704.1892382979, 5444028.470481449], [568705.6039521305, 5444019.48698795], [568704.3835989082, 5443989.568658553], [568708.3963432338, 5443976.844904014], [568708.2584088858, 5443963.270309069], [568705.1972683497, 5443947.704380055], [568699.8845777959, 5443935.780288789], [568691.3914943642, 5443921.435229806], [568686.7418862861, 5443915.990678263], [568678.0291396021, 5443911.820237171], [568663.6406515306, 5443910.953145682], [568656.3914141763, 5443906.777579855], [568640.6061148784, 5443903.7844198495], [568636.9729051162, 5443905.003573682], [568631.8164400428, 5443909.93989111], [568630.2884431671, 5443910.265129645], [568629.6601343149, 5443912.004065055], [568626.0289842961, 5443922.054340476], [568625.4354209872, 5443923.697115536], [568621.4757862937, 5443949.045276429], [568624.9327145072, 5443964.167898841], [568625.6880042396, 5443987.193679812], [568625.3921803834, 5444011.000002772], [568626.1366975943, 5444015.055442841], [568627.3658159984, 5444021.750737757], [568627.3723957953, 5444031.590665617], [568629.546899801, 5444036.455250369], [568633.0577279715, 5444060.480502215], [568635.7506098377, 5444071.749193026], [568636.3348019011, 5444084.533286655], [568639.4850514171, 5444096.098927594], [568635.1740575852, 5444110.271247706], [568636.4314312334, 5444119.527195137], [568635.5729403556, 5444137.820565765], [568636.876933461, 5444142.60785737], [568641.0168497473, 5444144.878347029], [568642.5405175573, 5444154.188285651], [568637.5485662429, 5444161.829601988], [568617.6770827007, 5444174.3565143645], [568608.246176566, 5444187.990739506], [568605.3631220738, 5444195.788819705], [568600.8455653525, 5444201.128672994], [568598.608157156, 5444200.847701377], [568598.1576773525, 5444197.525821513], [568599.4080951419, 5444192.002637121], [568605.1990841351, 5444180.160945189], [568604.880120516, 5444176.749222947], [568602.1972259008, 5444174.048688373], [568597.9258158071, 5444173.479257793], [568591.4610466638, 5444176.486276121], [568585.7191427106, 5444176.378013498], [568579.2953768705, 5444180.4864290375], [568575.6887109324, 5444180.065843974], [568572.251894678, 5444177.244175316], [568566.6024027759, 5444177.148468653], [568561.4168359375, 5444174.915249256], [568551.3343814509, 5444174.264922879], [568544.4570971082, 5444171.915624881], [568533.930288054, 5444172.945797267], [568527.19423235, 5444170.054194776], [568514.9396803385, 5444168.37473677], [568475.5581285811, 5444154.403469649], [568470.6472908773, 5444151.406487344], [568463.2864719203, 5444153.083744762], [568451.4663452276, 5444151.07553005], [568445.1342344322, 5444144.6057826765], [568432.0024041756, 5444141.530569489], [568413.8954754656, 5444134.250978094], [568407.6418942496, 5444133.961777516], [568382.842328626, 5444125.712523105], [568364.2730449036, 5444122.7444949085], [568349.734703802, 5444113.13998955], [568341.0910567133, 5444096.365966327], [568337.4309028878, 5444080.445972716], [568336.6132627479, 5444076.889802785], [568336.1502087069, 5444074.875829119], [568336.3839423453, 5444072.537677216], [568334.2447077644, 5444062.207858633], [568335.0799455892, 5444050.09816224], [568334.2709395229, 5444035.914415345], [568338.4602384494, 5444023.384818303], [568338.6917754587, 5444015.572459076], [568340.6262927653, 5444011.711522611], [568333.50685237, 5444007.553543844], [568338.2648019034, 5444002.754808651], [568339.7328335518, 5443998.746168884], [568345.1779421822, 5443998.450384228], [568352.0534691992, 5444002.851001427], [568368.9797586317, 5444000.014824182], [568378.9379894886, 5444000.631049096], [568380.3836603605, 5444002.093401145], [568389.4457606138, 5444004.682554578], [568394.7191768677, 5444004.010403378], [568401.5752272649, 5444006.336552714], [568402.7887862584, 5444006.527551117], [568429.4137269671, 5444010.718408853], [568447.127676036, 5444014.092197152], [568448.0385772057, 5444015.144828153], [568458.6153216094, 5444019.414905348], [568480.3018787052, 5444024.735687806], [568485.4146749631, 5444027.652715543], [568492.7290197674, 5444028.127060977], [568495.9958863659, 5444032.471427761], [568498.743959411, 5444036.125874943], [568505.7711349495, 5444040.903248377], [568522.1120386964, 5444043.0046887025], [568540.1633929352, 5444041.284955591], [568543.5740960533, 5444037.460174551], [568548.3985353932, 5444015.684835144], [568555.4792867436, 5444000.106754523], [568555.2744045181, 5443988.980141908], [568553.2666457219, 5443984.750228478], [568552.6880630122, 5443953.746840069], [568551.9883246546, 5443941.647312107], [568551.4019714522, 5443931.508266244], [568549.2012607872, 5443917.743928633], [568548.986117275, 5443916.398560359], [568544.9296638344, 5443907.6178655075], [568544.852732351, 5443907.357327555], [568534.9933950036, 5443899.9693731945], [568526.8584161083, 5443898.176535389], [568503.9221579336, 5443899.233923852], [568492.213947091, 5443895.644586765], [568473.05533548, 5443892.687844517], [568466.8176600821, 5443895.162647399], [568455.1498512122, 5443890.156496457], [568432.8605853904, 5443886.236611404], [568425.1578264469, 5443887.233677398], [568420.7870864464, 5443890.268828775], [568413.2393399971, 5443888.169956877], [568408.1491292664, 5443881.965772], [568373.5278247638, 5443877.313032313], [568366.2328543096, 5443874.016046442], [568359.8030347768, 5443866.670062282], [568350.3497684307, 5443863.418570311], [568344.0821774644, 5443847.653428708], [568326.8805845436, 5443830.799537027], [568285.9528326538, 5443812.670519194], [568265.2838888336, 5443798.866010483], [568251.1231627543, 5443779.666381659], [568247.1333239151, 5443770.168268781], [568242.3696361483, 5443764.564198168], [568238.3698624329, 5443756.9179172255], [568231.6760390822, 5443751.650469265], [568232.865545779, 5443744.9978825115], [568232.444969274, 5443741.409402691], [568230.6290981456, 5443733.151037486], [568228.3534241478, 5443728.177225914], [568229.7705968001, 5443713.799007108], [568230.294715318, 5443708.480904974], [568241.8757331976, 5443698.306352856], [568247.0623722808, 5443699.957687977], [568250.3625430721, 5443685.712471428], [568246.3838573456, 5443670.583694128], [568245.2300499693, 5443657.92111268], [568245.670195943, 5443657.885861536], [568246.3891450776, 5443653.771762851], [568249.2332919204, 5443649.981230854], [568249.3933997245, 5443649.7678343095], [568255.3274692247, 5443631.921493731], [568259.7367040361, 5443629.061249067], [568268.7090757258, 5443626.946843365], [568299.279068285, 5443634.227832119], [568309.5673590943, 5443634.296589858], [568314.0237539364, 5443637.200114909], [568324.2706760052, 5443646.149077617], [568330.3808313388, 5443657.335973071], [568331.6730453817, 5443660.392875316], [568334.4279944397, 5443666.910013248], [568345.8971840609, 5443667.051957767], [568348.4847889866, 5443667.083980476], [568357.9640835854, 5443658.470880779], [568367.885379075, 5443656.212706962], [568375.3710594542, 5443657.700216807], [568389.1818690114, 5443660.44463643], [568423.012611501, 5443661.657142679], [568448.4543508398, 5443667.528011828], [568505.3981623767, 5443694.424762292], [568542.7647594386, 5443704.4123668885], [568552.9506177889, 5443722.793018483], [568561.0146241692, 5443744.322116624], [568573.107031698, 5443734.94822352], [568577.8812609377, 5443727.864449949], [568597.462542855, 5443618.581556006], [568599.8111212177, 5443597.181724475], [568603.4655373796, 5443567.210656883], [568604.4492437633, 5443559.143278027], [568604.8646790276, 5443557.2374557955], [568606.3015512883, 5443550.646295774], [568607.2100440413, 5443546.478937172], [568601.773513194, 5443537.425115622], [568599.0473974512, 5443532.8852531575], [568585.039500232, 5443528.742946521], [568582.9300183012, 5443528.179157481], [568549.1670366096, 5443519.154778], [568541.6954772389, 5443517.157858905], [568541.4437946205, 5443517.090615567], [568540.3748622894, 5443516.807542264], [568527.3300788881, 5443513.35340956], [568510.5096642176, 5443508.899487766], [568494.2688643266, 5443504.599061995], [568484.680841445, 5443502.060350622], [568452.3214557308, 5443493.4921514075], [568434.5266685302, 5443488.780594133], [568357.1645427727, 5443467.386438642], [568342.8420104, 5443463.425580261], [568321.4534337296, 5443457.511019779], [568316.4544575599, 5443456.650708005], [568300.0427006898, 5443450.558885907], [568293.1926330182, 5443450.869440111], [568273.7887992976, 5443445.766719991], [568265.6412320926, 5443447.520666505], [568264.1626867465, 5443451.051620954], [568258.2498087652, 5443456.642515491], [568243.4196855808, 5443476.574774444], [568236.3793843607, 5443489.836783982], [568229.6161940736, 5443495.597368393], [568227.2783442338, 5443501.980541289], [568218.0839527398, 5443510.905502929], [568195.9691440854, 5443546.320097677], [568187.1302394625, 5443558.028888331], [568179.9495867353, 5443572.720571823], [568174.682909723, 5443576.9287241455], [568171.7070909323, 5443592.388487267], [568162.6163778787, 5443605.177672192], [568150.3691389561, 5443641.6161275115], [568149.7307981863, 5443657.197281624], [568147.4502976573, 5443671.2001318], [568146.5944326568, 5443701.208823504], [568144.1014850646, 5443710.029830709], [568145.5755932897, 5443715.6565786395], [568146.0652312561, 5443733.820019601], [568150.4378303107, 5443750.834815574], [568154.2834779334, 5443776.148935037], [568154.8217269294, 5443777.919454858], [568157.2151431034, 5443785.792217541], [568158.4185311568, 5443789.750513676], [568170.1128037994, 5443814.100511192], [568175.1298248728, 5443816.863429469], [568178.9556161904, 5443816.136493318], [568182.2971661104, 5443817.540846639], [568189.1460695809, 5443824.203872133], [568192.1602135275, 5443831.334632361], [568197.4669405253, 5443838.0245622285], [568201.7933428973, 5443849.93655255], [568206.5744140535, 5443856.86798267], [568207.2894039737, 5443861.3609765405], [568209.3898965936, 5443874.560290067], [568214.409186203, 5443906.1015284], [568214.4141203298, 5443906.32571177], [568215.1095151901, 5443938.115783837], [568213.3377648954, 5443944.127811172], [568212.2743043934, 5443947.736359376], [568209.6810106006, 5443951.801313044], [568201.311056725, 5443961.2957727425], [568197.9343875466, 5443967.151981259], [568194.4958411376, 5443969.950957573], [568179.0681583652, 5443978.198773998], [568171.8720873418, 5443984.095891297], [568166.0394575892, 5443986.262086893], [568149.7442243412, 5443971.515425938], [568137.2174428955, 5443972.167935425], [568135.3868458592, 5443970.258425002], [568134.7231033258, 5443967.182265721], [568129.5150516765, 5443964.211620648], [568121.1737582254, 5443965.020233224], [568113.2873028192, 5443969.096445594], [568112.2064769216, 5443967.717965699], [568113.29618631, 5443962.7977864975], [568109.1867440215, 5443962.19144759], [568099.770797885, 5443967.895144727], [568093.8505659945, 5443976.554064985], [568092.0679192966, 5443977.127606634], [568084.4153628312, 5443975.9437153535], [568078.2974516231, 5443970.07113567], [568064.7810311595, 5443963.495836771], [568059.374442543, 5443963.428580827], [568052.3662041796, 5443966.371976051], [568041.9788351324, 5443967.91339392], [568030.8752663373, 5443963.25181661], [568004.473665452, 5443947.891898808], [567991.6289694506, 5443943.12308585], [567985.1403563325, 5443939.080316689], [567984.4355884178, 5443934.985459272], [567982.2754308414, 5443931.175586524], [567972.7102449324, 5443930.243700657], [567968.1687530847, 5443932.003906334], [567960.5871444597, 5443932.199458458], [567952.9882669677, 5443928.221117525], [567939.0956679655, 5443928.224158339], [567924.9150552568, 5443926.046998616], [567921.0087372012, 5443924.955362528], [567919.141975804, 5443923.627709991], [567910.3271805202, 5443921.970540789], [567902.4492965774, 5443920.489487501], [567882.5827660332, 5443916.754719438], [567865.1618213265, 5443913.479722455], [567861.9519278702, 5443907.656509886], [567853.3979004545, 5443908.490129244], [567847.2504438146, 5443906.084734051], [567841.1695767643, 5443907.146311836], [567833.7543186988, 5443902.513948264], [567825.1589335436, 5443899.123731884], [567819.2089442794, 5443899.065970773], [567805.5765973469, 5443892.851617614], [567789.1027837754, 5443895.322564737], [567759.3476717105, 5443891.067581719], [567755.617536668, 5443888.02574862], [567737.443081064, 5443884.06590179], [567725.8357799357, 5443877.062248345], [567711.2543043379, 5443872.490692738], [567702.5086755924, 5443872.157764883], [567689.4292671429, 5443881.918893264], [567684.5250080593, 5443883.944349801], [567675.7223739814, 5443883.969059171], [567662.0453489244, 5443873.467278947], [567654.3737617724, 5443870.085416035], [567646.6049951026, 5443856.790415865], [567631.8246006573, 5443833.648112981], [567624.1293780493, 5443833.017952176], [567620.5804958415, 5443830.25422852], [567613.2885785971, 5443831.236904204], [567609.1382412758, 5443830.014958555], [567606.8450481757, 5443826.04115631], [567602.5777344254, 5443822.729026073], [567597.4080285429, 5443814.4751879815], [567589.2503573813, 5443810.114732795], [567581.6194871946, 5443807.391359761], [567572.2293827455, 5443810.0201634625], [567565.3156047296, 5443804.269607184], [567554.4097425622, 5443801.665108745], [567544.4904379607, 5443796.349545697], [567531.5451588894, 5443794.876428333], [567523.7552695298, 5443791.225986327], [567445.2441015353, 5443788.189682504], [567440.5800570279, 5443788.132661657], [567429.8496582513, 5443786.975857376], [567394.8180057144, 5443787.20444965], [567386.6910648835, 5443784.729175842], [567377.5305340406, 5443786.178769039], [567370.3951653296, 5443781.342666265], [567361.1693351205, 5443788.800576856], [567316.6888390318, 5443796.272135213], [567293.5057993616, 5443795.095946104], [567246.9868849796, 5443798.007019912], [567232.2867537993, 5443796.639843032], [567218.9815491294, 5443800.299225021], [567211.2509164942, 5443798.616872075], [567198.4257612515, 5443798.696313583], [567177.707238345, 5443798.974208347], [567174.4390147664, 5443800.623615681], [567154.7134141311, 5443795.900655125], [567138.4107825987, 5443796.194060077], [567128.9038443912, 5443798.248957091], [567108.603774697, 5443797.418413574], [567093.1227274165, 5443804.227052599], [567084.299379974, 5443801.970095244], [567074.9524674389, 5443805.199896659], [567062.2154635461, 5443803.22989872], [567028.2644070938, 5443809.502623863], [567023.222301587, 5443808.93985093], [566994.682981299, 5443812.511445169], [566974.4561370896, 5443820.030227889], [566967.1103895402, 5443819.184033186], [566922.4994505012, 5443825.591163516], [566894.2653629185, 5443825.743843994], [566880.1329600625, 5443829.966691987], [566869.8963136331, 5443830.445119682], [566861.6973349827, 5443828.2462898735], [566837.2099410625, 5443837.9083935665], [566826.2517604233, 5443838.0997760305], [566822.2475409876, 5443840.221818966], [566802.9606026845, 5443842.001375398], [566795.308568435, 5443844.186929361], [566751.4643202208, 5443834.791846669], [566739.6816860784, 5443834.191847896], [566736.3154707482, 5443832.15848637], [566722.3758754886, 5443832.296840615], [566709.9671384094, 5443836.1895645745], [566691.7431462576, 5443816.411156317], [566655.8378612947, 5443791.836057274], [566651.933973192, 5443773.207199587], [566643.1292123178, 5443694.326976731], [566641.3034077787, 5443756.569376229], [566641.1630682411, 5443756.349709993], [566610.6916575438, 5443692.489284933], [566600.0868102543, 5443662.6737079155], [566591.806155507, 5443664.008217759], [566581.6610165231, 5443654.603987349], [566569.5292858897, 5443638.094797032], [566566.3016554512, 5443631.536359407], [566564.0122543885, 5443622.559005118], [566556.8918292746, 5443615.445719985], [566549.4557393382, 5443604.239666419], [566540.029082756, 5443594.551159786], [566532.2356433796, 5443583.8724589525], [566513.6223740826, 5443574.757379568], [566495.2391138156, 5443567.884812472], [566473.1661503813, 5443556.230895538], [566467.226542099, 5443555.164935204], [566459.4066997276, 5443550.533760714], [566443.636473826, 5443548.489463358], [566436.6312265708, 5443549.288965789], [566431.0905421446, 5443547.156388249], [566422.0518364839, 5443550.225436999], [566389.1662000751, 5443553.153885839], [566375.3304152775, 5443561.892097473], [566370.0014010812, 5443562.88791587], [566352.434060913, 5443571.564212162], [566349.5845943631, 5443574.359395296], [566339.4329798403, 5443576.816761107], [566333.117954381, 5443581.939734674], [566322.3418926576, 5443586.004302746], [566311.853971741, 5443595.284103243], [566304.6866334975, 5443605.713410444], [566302.4748288909, 5443611.309783437], [566295.4544199189, 5443617.0688384455], [566292.0640664407, 5443621.797507685], [566281.2638330505, 5443626.175455684], [566271.251748227, 5443633.099253826], [566262.8232970592, 5443634.289364746], [566234.0820382781, 5443656.125461288], [566219.258482094, 5443661.015000217], [566216.8355238244, 5443663.675258004], [566211.9987391995, 5443665.438292294], [566208.479632489, 5443663.790495845], [566204.7329148339, 5443658.913923697], [566181.8059615734, 5443663.976166338], [566174.717005107, 5443667.907331451], [566168.8522288832, 5443668.306575748], [566164.5447656726, 5443670.76474666], [566159.1581004128, 5443677.902849005], [566153.8412568027, 5443680.676940425], [566150.4462287509, 5443684.373001316], [566136.6663806606, 5443706.541776708], [566135.2354948057, 5443711.274612025], [566129.5937585541, 5443721.212283211], [566126.9192149574, 5443732.0942527], [566121.226197709, 5443742.9433687255], [566118.4475249425, 5443759.099923505], [566115.1804338316, 5443766.638562984], [566113.3732778723, 5443774.538322575], [566113.4731275819, 5443779.8277917], [566109.4069487987, 5443795.073363591], [566110.4650044343, 5443823.987943632], [566105.8419369672, 5443832.283141352], [566105.3937490751, 5443838.863310184], [566103.1908289704, 5443842.704652017], [566100.414567877, 5443858.103655785], [566095.5518892142, 5443866.566199392], [566084.163387258, 5443881.0238547325], [566077.430604625, 5443886.835910363], [566072.6816216278, 5443892.798360095], [566067.0215839037, 5443899.904612279], [566062.6687977315, 5443903.339998514], [566057.5300660501, 5443907.395708578], [566054.4405212484, 5443911.592683068], [566054.1893936605, 5443912.267192786], [566051.6413532024, 5443919.11081313], [566041.494769452, 5443928.18718485], [566034.994614243, 5443932.475690308], [566032.3293721789, 5443934.234091418], [566027.0993529912, 5443940.787923091], [566025.3108657739, 5443943.02908006], [566024.7393880995, 5443943.272589855], [566006.7688216891, 5443950.929835535], [566000.6997722244, 5443959.532153848], [565993.2287336054, 5443957.363564127], [565968.4139967522, 5443963.689975983], [565960.1091494379, 5443967.045201605], [565956.6700797405, 5443970.040345961], [565951.3914671651, 5443970.685335628], [565937.2924790315, 5443976.892686084], [565918.4917932576, 5443989.456729866], [565909.5731181876, 5443990.554202625], [565904.7275430574, 5443995.109559602], [565893.4746827872, 5443999.972459427], [565880.5056070002, 5444008.828308679], [565868.6676982063, 5444010.777639968], [565868.239523577, 5444017.581503682], [565864.2803413847, 5444023.458669024], [565861.3941190816, 5444030.499817978], [565861.4172839028, 5444034.323195535], [565861.9381003818, 5444035.665554446], [565863.5306737454, 5444039.770331938], [565862.3506535261, 5444046.691533145], [565845.8096827313, 5444056.059411741], [565817.6701056149, 5444063.129432946], [565804.094515829, 5444072.79689106], [565799.114978564, 5444079.730348111], [565792.7395039776, 5444083.606873428], [565791.301605246, 5444085.359127769], [565789.7788350211, 5444087.214804229], [565785.6764912476, 5444088.465799933], [565781.8122158602, 5444094.154383254], [565767.5190873155, 5444107.483942502], [565758.2134072498, 5444106.9666003715], [565725.9277758116, 5444115.939709275], [565718.7295848557, 5444114.428943266], [565712.1281376482, 5444115.05197504], [565690.5633675165, 5444120.692319131], [565677.1787648223, 5444126.269968561], [565675.1868715791, 5444125.233414597], [565675.490041215, 5444122.597692771], [565680.0763111832, 5444120.204792528], [565689.715094595, 5444110.760410485], [565693.6582814495, 5444097.4903072305], [565697.3009045018, 5444068.929789334], [565697.0000505507, 5444063.859771611], [565693.7800652339, 5444059.976303841], [565693.2559834315, 5444057.222700388], [565698.9401626284, 5444049.135948306], [565697.0402119997, 5444039.631492791], [565695.1780157126, 5444036.2447828865], [565699.5236022983, 5444028.148606473], [565698.6759079082, 5444024.0860130675], [565695.6232020285, 5444019.451443288], [565695.5609167052, 5444012.209159158], [565690.9803809063, 5443997.334447057], [565688.4535802365, 5443992.131063765], [565684.5571857847, 5443988.616610023], [565682.6328108694, 5443984.221147026], [565679.4607612811, 5443980.79196731], [565678.5727989875, 5443975.093619274], [565652.9887410383, 5443949.188670705], [565648.1928177655, 5443945.635240568], [565642.9144947282, 5443944.725255812], [565639.8971372127, 5443939.045870067], [565633.4808468081, 5443936.514031281], [565617.0639388773, 5443920.722133559], [565610.9888641177, 5443917.416816741], [565606.6147881653, 5443917.776365893], [565601.3432507388, 5443912.707905768], [565591.9373606232, 5443907.9422665555], [565583.8423648288, 5443908.113256614], [565574.540840427, 5443905.179049281], [565559.0363970062, 5443893.061448877], [565548.4441164831, 5443887.852893894], [565544.298952521, 5443883.504152916], [565537.6602879398, 5443872.095587474], [565531.244871233, 5443866.533546733], [565520.485596278, 5443852.25454216], [565511.0059963211, 5443842.129742247], [565505.8356690689, 5443839.849987638], [565503.7711212788, 5443835.0463936925], [565497.7656101737, 5443829.920375], [565495.5835700161, 5443823.992665756], [565489.6391979287, 5443816.632280259], [565485.6515361596, 5443808.697177812], [565478.3717559137, 5443799.570570217], [565475.605026421, 5443793.891467555], [565466.1078702253, 5443784.198113964], [565462.557606627, 5443775.0011416925], [565456.0908188595, 5443771.442779023], [565447.701479924, 5443757.829450242], [565416.6061505862, 5443728.845420622], [565405.7427408774, 5443716.114535562], [565382.7735792605, 5443702.202120517], [565366.5299977063, 5443699.201106271], [565359.0273873754, 5443699.977425396], [565348.4680390125, 5443695.854405423], [565340.3220420822, 5443696.524694692], [565331.2283772565, 5443697.27295287], [565316.8716739939, 5443692.9996337695], [565308.5618388886, 5443693.148328849], [565303.5770298732, 5443690.616343455], [565281.5661624895, 5443688.273157065], [565265.881065856, 5443690.723359365], [565257.645945243, 5443694.266726819], [565247.9586585129, 5443695.974825629], [565237.452590847, 5443704.806368365], [565227.7393539659, 5443700.75149829], [565221.4212837234, 5443701.132667161], [565212.7479546444, 5443708.13534927], [565204.7599431879, 5443707.278373479], [565200.5341489248, 5443708.96513017], [565197.3164416733, 5443712.270367457], [565190.0427732854, 5443712.501132174], [565181.8357306226, 5443710.137837824], [565178.1302244611, 5443712.116831239], [565166.6231461023, 5443712.170900701], [565147.9980458805, 5443708.918191435], [565140.8955320606, 5443709.488636447], [565129.8468835814, 5443706.224152079], [565124.1206912622, 5443708.10077855], [565121.5023453523, 5443710.892592086], [565107.8954434377, 5443708.006244237], [565101.4429220406, 5443711.3395500835], [565096.0476713469, 5443708.12273391], [565090.1908575882, 5443711.74052389], [565084.098616271, 5443712.238462128], [565076.0785237306, 5443710.202344287], [565066.20519778, 5443715.293424947], [565059.5381027877, 5443715.952891986], [565056.1339021688, 5443718.130403671], [565043.7961540387, 5443718.646954014], [565036.075585473, 5443726.893185488], [565030.6930695385, 5443725.094899247], [565027.2954850723, 5443722.131012856], [565020.241344867, 5443724.166486012], [565010.6355449724, 5443720.129811889], [564999.4136809866, 5443721.75867776], [564997.4491181604, 5443727.444360646], [564994.8836925124, 5443728.257602473], [564984.8811891299, 5443720.150705953], [564980.0373482254, 5443718.874261869], [564968.2645553364, 5443720.427241537], [564958.8769632122, 5443719.188679703], [564952.777849536, 5443720.847457287], [564947.9335432119, 5443716.833866611], [564938.4071823425, 5443717.700545003], [564929.5222048282, 5443714.428817049], [564916.9543088384, 5443716.158450579], [564913.3803529612, 5443714.462687197], [564910.2977513248, 5443707.769688545], [564904.7206290731, 5443708.898687232], [564893.6296487426, 5443704.387348452], [564870.8320718539, 5443704.355905809], [564862.2884667246, 5443701.178384472], [564856.714339725, 5443699.1052531535], [564842.3903151326, 5443700.125110151], [564834.4605559343, 5443692.79012362], [564824.4647057657, 5443687.798707518], [564818.2125648396, 5443688.220602607], [564804.2757037814, 5443684.994027041], [564793.4743105707, 5443686.913594095], [564786.1786953269, 5443684.233702731], [564782.2313618087, 5443680.57828234], [564773.0278024301, 5443682.880540287], [564766.4350508425, 5443676.869664276], [564749.6792741113, 5443674.129711764], [564742.3204876335, 5443670.9951227475], [564727.7766008723, 5443672.32170368], [564723.0205323913, 5443674.704368345], [564716.0523127608, 5443667.662802216], [564708.0041038763, 5443667.108820024], [564703.7181852885, 5443669.0511966795], [564698.3817038098, 5443667.2843358815], [564693.3430203567, 5443671.15486816], [564692.1408535963, 5443670.184344616], [564691.7843884794, 5443666.339603508], [564683.8674040071, 5443664.901661431], [564677.1307341788, 5443670.117429302], [564675.6555933047, 5443669.668483613], [564674.0740828484, 5443666.140227307], [564670.4753891794, 5443664.612867436], [564653.9798759304, 5443666.956021422], [564648.9356068204, 5443669.093264022], [564648.7946321015, 5443672.90827141], [564647.1957317721, 5443674.888581581], [564644.7313110718, 5443674.806890098], [564643.5070705562, 5443672.192548916], [564641.2430947289, 5443671.291349274], [564635.0955588035, 5443676.727786672], [564631.8250068534, 5443677.280249391], [564627.5212712047, 5443675.043879824], [564626.3298322762, 5443672.661370208], [564626.6931540926, 5443670.5176998265], [564625.0343162622, 5443668.909201247], [564619.0381158692, 5443668.180796626], [564611.9940102857, 5443670.293764409], [564589.1592957916, 5443667.002033292], [564576.8759269654, 5443661.985154022], [564572.4342396603, 5443657.965649213], [564562.4194012549, 5443656.83300651], [564556.4956626177, 5443651.6246431945], [564555.008221762, 5443647.489910025], [564551.6606138533, 5443646.086745703], [564534.6026473405, 5443645.274979574], [564521.3074143279, 5443641.522603572], [564515.4099969062, 5443643.177448005], [564510.0927512357, 5443642.525107574], [564504.5506535718, 5443638.308332574], [564496.156662171, 5443637.164929239], [564491.091061603, 5443638.942044444], [564483.6192685176, 5443636.055857669], [564478.8264512565, 5443635.89208735], [564475.0722598203, 5443633.100176288], [564469.2414614331, 5443634.909908082], [564462.2647277957, 5443630.461934473], [564457.7352520259, 5443631.405551127], [564456.1076210047, 5443636.746488655], [564449.16018706, 5443641.004246522], [564447.2490598718, 5443639.328387497], [564446.8835320882, 5443635.373361892], [564444.5130979245, 5443633.758513735], [564436.0981872973, 5443638.336281512], [564431.5545328729, 5443635.29392394], [564422.023560677, 5443636.276438693], [564417.3134065979, 5443629.780906136], [564405.2389497285, 5443626.60791136], [564401.096082658, 5443627.273124575], [564394.4201367454, 5443625.199191657], [564390.9633257913, 5443626.422948744], [564390.3264792913, 5443626.648414906], [564383.3644372094, 5443625.05567311], [564378.925845354, 5443627.953643231], [564374.1597024997, 5443628.305975841], [564358.1605297277, 5443625.476223727], [564354.4913998237, 5443623.818638293], [564352.7458223298, 5443620.808703815], [564361.4666645589, 5443611.928934701], [564367.4275543649, 5443594.182205054], [564375.2945767826, 5443591.845036574], [564381.0528097724, 5443584.907628669], [564385.4635946508, 5443584.151421137], [564389.4052833413, 5443581.14002862], [564393.261850389, 5443581.279521769], [564395.3720044373, 5443575.160626495], [564405.9701586316, 5443573.11622391], [564408.8571227278, 5443569.805266884], [564419.834852169, 5443566.249923675], [564425.4325023869, 5443566.060587083], [564432.9711546188, 5443562.662878149], [564443.9217922266, 5443554.078447494], [564458.1206687363, 5443550.295425233], [564464.9875809677, 5443543.146092675], [564477.5906012832, 5443538.63889385], [564497.7250222513, 5443527.28029716], [564500.022674853, 5443524.178210333], [564505.7513181531, 5443523.183219635], [564516.9316093572, 5443514.987971761], [564531.8706440686, 5443510.093692218], [564538.0716251839, 5443504.9794399785], [564543.6122383743, 5443505.583975549], [564549.7362971391, 5443502.214059916], [564558.4848038501, 5443502.161704909], [564565.4979168025, 5443499.121995762], [564593.8364663414, 5443495.021498443], [564615.4522688424, 5443489.010727666], [564676.7804266448, 5443488.78495441], [564679.2362429325, 5443486.1799364565], [564686.4615194816, 5443487.517057371], [564701.5821212161, 5443485.652175445], [564713.9053081961, 5443487.308056843], [564745.6480642529, 5443481.989732727], [564756.4733996999, 5443482.747554901], [564762.055390708, 5443480.259118839], [564775.634259876, 5443481.188732227], [564781.0080116277, 5443478.937418907], [564786.8795236398, 5443480.160731071], [564792.164494921, 5443474.905739599], [564805.023167931, 5443472.323918495], [564811.8674047602, 5443468.12825562], [564827.8610694499, 5443464.31641005], [564836.639429463, 5443459.747559226], [564866.121745727, 5443454.241963661], [564924.6259989743, 5443437.206888553], [564930.9777080303, 5443437.0226923935], [564958.7414266565, 5443429.8308731355], [564970.6805206067, 5443429.250322017], [564985.6194184112, 5443425.5044167945], [565011.3367597753, 5443421.963045766], [565044.21163629, 5443421.301877398], [565058.8215791915, 5443418.685242147], [565066.6490404712, 5443420.524042418], [565079.6348420755, 5443417.911093166], [565108.0080106051, 5443416.207523751], [565157.9621178712, 5443405.052782633], [565178.0154826149, 5443406.049845675], [565199.5314720443, 5443398.9472023435], [565221.9893304621, 5443398.269396296], [565226.9098193814, 5443395.863201564], [565234.0472549141, 5443397.194385197], [565246.3091235894, 5443393.9220836535], [565258.1070865985, 5443393.770115396], [565269.0114123634, 5443395.599585879], [565277.6181858227, 5443402.7599260975], [565283.1121967138, 5443404.197320268], [565288.1284708394, 5443403.2374873515], [565293.4953294595, 5443394.748395395], [565297.2836862365, 5443394.549906599], [565305.1265400961, 5443399.145863822], [565313.4036313698, 5443407.00552719], [565317.3586329374, 5443414.02187166], [565324.8367578635, 5443416.212773753], [565329.7499240101, 5443422.34807694], [565343.7765859336, 5443423.6041826485], [565346.9105982776, 5443427.803020138], [565355.6760395215, 5443433.893447546], [565363.7488725322, 5443433.109187204], [565367.4719373994, 5443431.066644702], [565371.1499531943, 5443435.4009456085], [565376.5371682746, 5443438.375368719], [565388.2888706808, 5443439.225478644], [565393.2906432421, 5443443.480559466], [565396.3288221903, 5443444.211897745], [565411.9333586701, 5443443.037145151], [565428.9598960826, 5443449.243179361], [565435.3040229253, 5443450.365168894], [565441.9616438696, 5443449.095988709], [565459.0702002454, 5443453.322624354], [565467.6710684067, 5443449.250333644], [565475.0833972603, 5443448.933154616], [565479.0322118643, 5443452.748155672], [565487.8407810432, 5443451.8644056115], [565512.2867939135, 5443457.943191716], [565520.3691967166, 5443464.805984066], [565534.1087563966, 5443470.191726743], [565544.0332038548, 5443471.080699076], [565547.8838058665, 5443475.060643324], [565554.007264973, 5443476.144431831], [565567.5282587482, 5443475.761005956], [565573.9548062199, 5443473.353161365], [565583.5390409112, 5443477.02057574], [565588.3475300665, 5443476.053949829], [565592.368798886, 5443477.534973695], [565604.6695025015, 5443471.056884164], [565614.9804237797, 5443472.637047635], [565624.8275694503, 5443477.132180662], [565632.4486896753, 5443475.189827885], [565640.2723948385, 5443471.050659765], [565644.3563604152, 5443473.978008587], [565654.0518265835, 5443473.14836356], [565657.8455144359, 5443472.025708579], [565662.2469563942, 5443466.383405937], [565673.6843416009, 5443466.876366168], [565682.7510469581, 5443464.146456683], [565687.3051039117, 5443461.046209899], [565692.2627910766, 5443462.140706045], [565698.2996913336, 5443457.213426651], [565717.9746512212, 5443451.044118029], [565721.9383869285, 5443451.105505634], [565730.9473963018, 5443443.748658391], [565739.188606363, 5443431.260082638], [565743.1982216988, 5443432.0442585945], [565745.1572828839, 5443435.094247251], [565749.2254920215, 5443437.600039358], [565753.7449399929, 5443436.373245701], [565769.4537784564, 5443424.883276552], [565776.2025645154, 5443417.984980567], [565779.7953925978, 5443414.312581962], [565792.3320642618, 5443409.25258095], [565804.841529389, 5443407.205941881], [565811.9858609397, 5443402.732065715], [565816.6040242814, 5443398.645769697], [565820.959692887, 5443391.886459994], [565827.7756099999, 5443386.352076067], [565833.2995536504, 5443384.046144334], [565837.8419456115, 5443378.19706284], [565843.1368049438, 5443375.717595353], [565850.718267903, 5443366.215690068], [565861.7851049167, 5443356.982991409], [565863.6572639662, 5443352.548512622], [565867.536828792, 5443351.582020845], [565873.8577176253, 5443347.034010237], [565876.7020585322, 5443340.403065706], [565885.096927742, 5443330.8999274075], [565890.8253942716, 5443326.853770711], [565893.9898929296, 5443324.618569962], [565896.4452408382, 5443320.848361589], [565898.770256073, 5443319.296411735], [565900.4742843729, 5443318.432416532], [565903.84364072, 5443316.724061545], [565904.8529772913, 5443315.236245964], [565917.8327467478, 5443306.572392327], [565930.6339952839, 5443292.0298787765], [565934.664939108, 5443290.15609136], [565937.3364463078, 5443285.382473313], [565949.3632267499, 5443279.359210573], [565959.7886403252, 5443269.493754109], [565965.1638122554, 5443266.380412105], [565969.3257335174, 5443258.30120461], [565976.2628490656, 5443249.896905093], [565977.4372902861, 5443243.683441068], [565977.3956196369, 5443240.0], [565862.2082804447, 5443240.0], [565851.0846758395, 5443246.248109273], [565830.1712719759, 5443264.157191615], [565812.5519296948, 5443274.760753661], [565807.896725991, 5443275.654160807], [565799.8058160435, 5443280.627595556], [565793.8701814464, 5443281.657739258], [565783.8532810961, 5443283.595250378], [565774.9276160704, 5443287.613775518], [565737.8815675532, 5443294.610918233], [565714.8222373646, 5443294.659109205], [565692.9564321935, 5443301.681494292], [565667.9126181633, 5443303.596326131], [565638.8213919658, 5443303.573019473], [565615.8754210394, 5443302.666766796], [565588.8411475917, 5443302.657145241], [565575.9253350062, 5443303.615607988], [565555.8955579099, 5443301.632228833], [565546.9573810177, 5443300.581306862], [565532.8062950847, 5443298.6677633235], [565515.8699897827, 5443293.563847985], [565498.8996386587, 5443292.562132946], [565477.8573140776, 5443291.67900516], [565464.9016809517, 5443291.6922727395], [565451.8182424641, 5443292.637896586], [565438.9421602201, 5443294.553437149], [565421.9547523662, 5443295.60862153], [565377.836394785, 5443295.564471161], [565371.8610152152, 5443295.649425152], [565357.8293503874, 5443296.59517279], [565340.8587248472, 5443295.605050625], [565340.7335974424, 5443295.61117517], [565338.9904522265, 5443294.981544108], [565336.2325534615, 5443295.830225095], [565324.4127097493, 5443296.40544681], [565322.6676926238, 5443295.140668829], [565296.0724277576, 5443293.017390662], [565286.9855843835, 5443296.620156037], [565278.9579746306, 5443296.618992959], [565255.9387426663, 5443297.603365594], [565233.9301425708, 5443302.569071819], [565212.9577509239, 5443305.656870161], [565190.1128810745, 5443305.695730745], [565184.2174805375, 5443299.833557556], [565165.3550789076, 5443295.972676821], [565155.6469668284, 5443297.126431473], [565151.8982609011, 5443295.506806132], [565142.7385635863, 5443296.062547543], [565134.9158525383, 5443293.989641375], [565110.3299494248, 5443292.174307395], [565103.9901938038, 5443294.024076616], [565085.105232083, 5443291.008502021], [565077.9863894957, 5443292.21069464], [565065.7909857361, 5443291.4685157], [565061.1058588153, 5443289.381644054], [565053.1427952042, 5443291.249842773], [565038.9202032516, 5443291.350820747], [565023.4390685074, 5443290.16774177], [565018.874803831, 5443288.343988397], [565008.5952037019, 5443290.312408225], [564991.4973013181, 5443288.2352411905], [564969.4144104894, 5443289.084005649], [564938.7846034907, 5443286.944134014], [564929.2827466489, 5443288.254041293], [564922.5296054683, 5443286.187161799], [564910.1680076482, 5443285.924821432], [564897.9067728941, 5443291.938450071], [564890.804439696, 5443288.070169283], [564881.4637767621, 5443288.217484281], [564871.7940816365, 5443290.414045965], [564864.7082644189, 5443289.1047217725], [564856.3262287739, 5443295.199904784], [564844.9993174368, 5443290.433373947], [564823.2696400882, 5443294.947374773], [564812.5272975165, 5443299.35186903], [564810.324487981, 5443298.409749419], [564809.0007367168, 5443294.168409367], [564806.6934822825, 5443292.80076718], [564804.4987727443, 5443294.874220503], [564803.9183123378, 5443298.545205075], [564801.6058646913, 5443300.37245551], [564766.0328095562, 5443307.453243999], [564762.0348258882, 5443311.945812032], [564760.1935427741, 5443315.867487869], [564751.9282644481, 5443317.645553979], [564743.0774962611, 5443318.768291478], [564741.9420891136, 5443317.966321097], [564735.0621837477, 5443317.879913729], [564729.8515542329, 5443320.122543848], [564717.3459079267, 5443319.0427568415], [564707.8615938837, 5443322.25602226], [564701.0968719302, 5443321.079355861], [564679.6905080543, 5443323.1481590625], [564673.7819266823, 5443325.654797754], [564658.5434550772, 5443325.818813532], [564649.394189548, 5443328.802418024], [564644.6954433152, 5443333.031970871], [564639.9420161522, 5443333.5813438], [564630.2053059227, 5443338.762668181], [564614.0247198361, 5443344.286285871], [564607.9314124191, 5443345.557022434], [564600.8476199993, 5443343.943092175], [564584.640181989, 5443346.258659264], [564575.9803023769, 5443344.968648701], [564558.2243713337, 5443350.425655744], [564549.989984027, 5443349.099655365], [564523.2391147082, 5443352.642534144], [564500.909285049, 5443358.98475678], [564494.8778360246, 5443359.216120027], [564482.9062767848, 5443365.188585603], [564459.3637628434, 5443367.797546985], [564452.1605394837, 5443371.535639963], [564438.9492222932, 5443374.184069719], [564431.3040797289, 5443380.089746396], [564423.2732418351, 5443380.0695005795], [564417.7099127778, 5443382.291599964], [564399.8382670435, 5443384.950917628], [564384.3392203416, 5443391.2626777], [564371.8355345463, 5443392.246757602], [564351.3417437983, 5443401.927120037], [564339.2586643, 5443403.3997398345], [564329.7910336214, 5443401.844020469], [564319.4347733306, 5443403.251725523], [564296.8881250032, 5443403.014738617], [564286.9302490156, 5443404.724971869], [564279.4422052519, 5443400.696846871], [564265.6485648792, 5443402.3623388335], [564248.1158601935, 5443408.361106213], [564242.5934568689, 5443407.715332617], [564238.2283203189, 5443404.251818022], [564216.5656361284, 5443405.994852198], [564208.1024691854, 5443409.161616719], [564193.4443820986, 5443409.154331752], [564188.1067170366, 5443406.675540557], [564177.7313655426, 5443411.001035712], [564172.2707722723, 5443411.670542314], [564171.8054259381, 5443411.585030386], [564165.6689338053, 5443411.8540553795], [564142.984983964, 5443405.302259448], [564126.7714785313, 5443408.342589783], [564119.3975807645, 5443408.221281618], [564111.4433467783, 5443405.641379568], [564106.8461883165, 5443408.113806719], [564099.3718401555, 5443406.065682246], [564092.3918059263, 5443409.732633125], [564082.1488336794, 5443405.389449644], [564063.4052529226, 5443411.525665893], [564039.0310118627, 5443404.234398033], [564035.5246747503, 5443404.943628507], [564033.2923354118, 5443410.052126724], [564030.8670013939, 5443411.231181091], [564020.7382820233, 5443404.870641535], [564009.4561483251, 5443408.210348676], [564005.0595330305, 5443407.634531584], [564003.699724586, 5443399.803314755], [563998.3889865539, 5443397.972149058], [563994.1485012731, 5443399.87162402], [563989.2719972646, 5443405.077040856], [563984.4171085866, 5443403.678043585], [563976.2475652295, 5443407.163393747], [563969.885531655, 5443404.834339619], [563960.0, 5443407.455894522], [563960.0, 5444480.864395374], [563978.3022446724, 5444485.288782112]], [[569134.4646502108, 5446391.0588102825], [569134.8205215825, 5446392.830209486], [569133.4109003653, 5446395.619839396], [569128.142018308, 5446406.046816501], [569116.2932479797, 5446417.050744234], [569095.1196069075, 5446430.691873955], [569081.0488457138, 5446441.846266261], [569075.498396443, 5446443.937583547], [569070.8633143259, 5446448.376997261], [569037.962289613, 5446462.980602316], [568941.7624934516, 5446487.839453182], [568926.9816001713, 5446487.180262707], [568914.2997562699, 5446491.297608392], [568874.6716717016, 5446490.0381905995], [568852.6012032955, 5446483.1620526295], [568834.6783343257, 5446474.164352081], [568818.476570515, 5446463.1723678], [568802.2939588489, 5446449.091255026], [568791.7298249977, 5446437.1124142185], [568789.6559853118, 5446432.098047593], [568783.5515631104, 5446429.528603324], [568772.1018015629, 5446412.592522403], [568762.437259373, 5446404.948993772], [568759.2894515753, 5446399.1899782885], [568754.1260813797, 5446393.654838686], [568736.6474909959, 5446379.2232337585], [568733.72077373, 5446374.539665004], [568722.1005505577, 5446365.210873985], [568716.4850037368, 5446359.667271078], [568715.3852811524, 5446356.696183176], [568706.6792622874, 5446348.998820397], [568693.347101192, 5446329.812927169], [568688.4820552338, 5446317.97829976], [568689.3889581403, 5446314.314063609], [568700.1399973489, 5446306.9106040215], [568716.2987962555, 5446291.577089576], [568723.6013389716, 5446290.445246247], [568726.0656539937, 5446285.572843041], [568742.8744114484, 5446285.03328878], [568749.1002276347, 5446283.084813448], [568752.3378116537, 5446280.153816452], [568760.2311537928, 5446281.990161404], [568769.8803110764, 5446274.9113719165], [568778.1067270015, 5446277.862325137], [568782.8209017657, 5446274.544603501], [568793.072247432, 5446276.265465028], [568809.4207931433, 5446274.349624174], [568815.8978065533, 5446275.0590348765], [568819.8301995943, 5446272.937061989], [568833.8107345613, 5446271.165134937], [568839.3552140193, 5446263.436039968], [568842.1933161808, 5446261.93894748], [568851.7939623215, 5446256.874548739], [568862.248049717, 5446254.333130941], [568872.6652158741, 5446255.751649736], [568877.753650721, 5446256.558329171], [568894.4480458419, 5446259.204996963], [568902.1388372266, 5446258.222642436], [568914.0329520102, 5446256.703437837], [568929.8107523074, 5446260.135512371], [568943.7241075425, 5446260.198654114], [568959.8376115243, 5446262.819237726], [568977.5122923836, 5446270.251685413], [568984.4322015888, 5446269.050003639], [568995.3459216793, 5446271.033372473], [569002.1035845196, 5446270.428360207], [569010.232653336, 5446266.143527371], [569013.0495963821, 5446266.401922803], [569016.5543349005, 5446272.6206434285], [569030.5847487345, 5446281.201032231], [569039.0964113503, 5446295.403087577], [569046.9653455699, 5446300.330392574], [569048.9029383395, 5446304.347638513], [569054.8556260078, 5446309.029535066], [569057.2538085302, 5446316.585766271], [569061.811765155, 5446325.217215467], [569063.0024858463, 5446327.472096202], [569070.1564549238, 5446334.832954441], [569072.3792541903, 5446337.120026795], [569078.8266933685, 5446339.230361523], [569081.2161558652, 5446341.510841362], [569082.6265611483, 5446346.184760114], [569089.2952264417, 5446352.4940569075], [569096.8468678521, 5446364.990906893], [569103.4339086727, 5446367.152227523], [569108.7776818502, 5446372.271394387], [569123.0308545287, 5446378.177146682], [569127.689253934, 5446384.793440913], [569134.4646502108, 5446391.0588102825]], [[567116.6140333851, 5444862.094973198], [567111.8188539203, 5444859.122004751], [567105.4157329842, 5444857.94857579], [567094.616393571, 5444859.283715546], [567061.3642941569, 5444849.919631406], [567058.3070638587, 5444850.957766127], [567053.6736434669, 5444856.730479834], [567067.3317317849, 5444861.886120076], [567066.1820885339, 5444863.619707798], [567060.8799501699, 5444864.06952454], [567037.8719679371, 5444857.160352921], [567036.3254377318, 5444854.743125102], [567036.4463524681, 5444851.30745676], [567034.2497290022, 5444848.285437792], [567026.2637733922, 5444843.927839433], [567021.1196163899, 5444844.203003215], [567016.4478223757, 5444847.984197131], [567016.3162369435, 5444852.447534121], [567019.4394523442, 5444858.470146508], [567018.8373411929, 5444861.725797921], [567014.2855905031, 5444867.942084931], [567010.6546455198, 5444870.089956568], [567002.6777590816, 5444871.018097497], [566986.6243044003, 5444862.229352642], [566980.2278878675, 5444862.062981913], [566972.8687143162, 5444857.874028216], [566959.1724496594, 5444853.580711057], [566954.8974053198, 5444849.06754923], [566946.2870818804, 5444846.458632114], [566924.7283732953, 5444839.926395057], [566918.0429306959, 5444834.392879715], [566898.0559866676, 5444828.251966208], [566889.2967086998, 5444823.090457729], [566890.7725651988, 5444817.5865913695], [566895.807395863, 5444813.169255428], [566914.904437806, 5444805.885248846], [566960.3361855291, 5444800.223828911], [566990.5530459573, 5444793.972499916], [567044.1645985605, 5444798.300252005], [567058.8366977612, 5444798.492455007], [567085.2983021995, 5444798.839070251], [567088.0867435574, 5444797.964370511], [567088.9878633973, 5444797.681726044], [567106.6558317418, 5444799.420066422], [567110.3824794799, 5444797.4616864035], [567115.6219967221, 5444790.465188993], [567134.4890988177, 5444773.667924979], [567146.0207403135, 5444758.674565794], [567151.5828838693, 5444760.084880465], [567180.0539715637, 5444760.081165947], [567216.1064820032, 5444754.830142932], [567231.9300433113, 5444755.878572242], [567237.2587089946, 5444756.231620592], [567249.7530983147, 5444754.465243813], [567250.6624361029, 5444751.0298530115], [567243.444534688, 5444744.578962106], [567245.3261399511, 5444743.015792802], [567250.9401718446, 5444744.442649541], [567259.8268007424, 5444750.046883337], [567262.1378001804, 5444753.044002694], [567262.9682744581, 5444758.495611054], [567269.0274535387, 5444759.363291292], [567275.008792978, 5444764.225753487], [567296.1476096347, 5444770.24632421], [567300.9407238734, 5444772.895785349], [567310.3427237269, 5444779.484589092], [567323.3486360238, 5444792.288962544], [567333.1671441199, 5444806.11471793], [567342.0676428622, 5444823.125519107], [567349.4586622319, 5444832.646072828], [567350.6988943168, 5444836.85927323], [567348.8343514911, 5444840.473671773], [567346.8002452971, 5444840.963718938], [567334.8840510495, 5444839.313114496], [567325.4695458988, 5444846.409200215], [567324.9211252882, 5444849.090263938], [567329.4487517664, 5444853.557040735], [567336.868851736, 5444854.985672604], [567342.1144376834, 5444860.589318941], [567347.1868593646, 5444862.425239656], [567348.2503991794, 5444863.7062396], [567348.529310627, 5444870.170839103], [567349.571089649, 5444872.083335744], [567353.6510640958, 5444875.744117409], [567359.8879356006, 5444877.567479805], [567361.8535894844, 5444881.210258477], [567363.89945294, 5444889.649663409], [567366.2354804615, 5444892.399945949], [567377.4072321443, 5444892.286191847], [567383.0567505711, 5444894.307256303], [567393.0029091039, 5444903.968258826], [567392.9798863597, 5444905.99187582], [567376.9874709761, 5444898.622480175], [567374.1896215182, 5444899.4982452905], [567369.4699580309, 5444905.516670247], [567367.8362198672, 5444905.828599531], [567367.3904889944, 5444900.548276095], [567365.5091117587, 5444899.133973623], [567362.7849636162, 5444901.758350743], [567362.4496222356, 5444906.404598449], [567357.6044994842, 5444908.579333458], [567355.3970893057, 5444912.8670740295], [567349.4019724247, 5444913.1670003235], [567336.5728356566, 5444910.489251807], [567329.6495881514, 5444905.907002384], [567291.9334006405, 5444890.692497029], [567264.0316609552, 5444883.674675592], [567239.0932880144, 5444879.835675924], [567234.5947349773, 5444879.143163425], [567225.2220986566, 5444875.952104548], [567218.9595948313, 5444876.207434133], [567214.0115762985, 5444874.197798279], [567198.8862001621, 5444875.051540912], [567192.6483338174, 5444872.87645738], [567177.0831157875, 5444871.282215605], [567159.8501956392, 5444866.638572358], [567153.7037285736, 5444864.982313427], [567147.1822943592, 5444865.000426431], [567134.6907072702, 5444862.066447113], [567129.0658776858, 5444863.434299908], [567116.6140333851, 5444862.094973198]], [[568326.12998455, 5445383.177995638], [568325.2861715009, 5445379.662880422], [568326.4357857622, 5445375.883774586], [568325.140587477, 5445374.038223748], [568319.7348051923, 5445372.451778902], [568315.7343696851, 5445378.10689729], [568311.5915342943, 5445378.746297962], [568310.1912416538, 5445374.73541385], [568312.1092173825, 5445366.101902358], [568311.6151861025, 5445364.644676194], [568305.524881938, 5445358.9528066935], [568303.4728894421, 5445348.605414539], [568298.767642359, 5445340.264076611], [568292.3253275931, 5445335.826629587], [568283.2969911728, 5445320.479223871], [568279.3635649331, 5445317.243499551], [568278.2368812853, 5445316.31666411], [568269.6250309848, 5445303.582986801], [568265.2085344687, 5445282.255963153], [568259.2414628982, 5445271.783187436], [568256.9461800745, 5445265.30787254], [568255.5246143836, 5445260.125156389], [568256.6080285357, 5445253.069099843], [568263.6912569766, 5445243.065525911], [568266.5485717019, 5445234.6431941455], [568272.5369665402, 5445232.052698742], [568276.7030875635, 5445233.043226995], [568296.3370652634, 5445231.827815865], [568318.2130806689, 5445236.064342392], [568331.6660403768, 5445240.606356671], [568334.2744226949, 5445243.4167853715], [568334.7212232994, 5445250.639198137], [568349.3015131971, 5445255.151222366], [568355.1457061936, 5445260.427439598], [568369.8408531387, 5445264.118499876], [568385.2359903419, 5445272.028222535], [568401.0065758942, 5445273.34896248], [568402.1289896592, 5445276.648795408], [568405.5477011246, 5445279.872812586], [568399.386557488, 5445282.169418611], [568399.3729310848, 5445284.57183973], [568406.8830676903, 5445294.961815336], [568415.8698341767, 5445300.442421633], [568423.8454488143, 5445307.419987402], [568428.4224052842, 5445314.152785609], [568431.0019954003, 5445312.587155637], [568429.2215935915, 5445309.470762843], [568430.4429882696, 5445305.387312226], [568431.983766562, 5445305.252683057], [568440.502762588, 5445315.20046603], [568440.4508263757, 5445317.852230198], [568438.402338716, 5445321.9471837925], [568440.0478302162, 5445326.234087295], [568452.124520214, 5445327.122107882], [568459.1177197023, 5445332.305570942], [568460.6114336265, 5445335.6875597015], [568465.5299851745, 5445340.102992211], [568466.424611323, 5445344.927458249], [568461.1188614039, 5445349.124381619], [568463.0434951022, 5445353.494475007], [568481.1609816039, 5445360.0268249195], [568482.6768057619, 5445365.999158902], [568485.4323823074, 5445368.391421591], [568487.4807399774, 5445372.544427501], [568486.6317809757, 5445379.59760625], [568487.3562007647, 5445383.912763157], [568491.4877468781, 5445388.973642486], [568495.7585129194, 5445400.746280309], [568496.3188697069, 5445411.569369767], [568495.2831434697, 5445417.3677180465], [568498.4879863637, 5445436.369203004], [568494.5973067546, 5445441.334642643], [568494.2703904407, 5445443.717419426], [568500.1070699769, 5445449.410892969], [568501.7372149032, 5445452.96389074], [568502.015980892, 5445463.834093464], [568504.4107265024, 5445474.456912114], [568508.0470890471, 5445475.170674822], [568510.8935908467, 5445478.085942596], [568509.5304723727, 5445489.490762697], [568514.6329291124, 5445497.493410248], [568514.4865685955, 5445502.01721219], [568512.1248258803, 5445507.047914158], [568512.1389393521, 5445510.299408822], [568517.1567822059, 5445512.438547792], [568521.2714397246, 5445520.538830341], [568523.8927464039, 5445536.660672557], [568530.0757764784, 5445545.179133788], [568531.740184424, 5445555.052412328], [568548.2776099325, 5445577.095972442], [568549.4176270567, 5445583.486602262], [568555.696518552, 5445597.174622875], [568564.0395277871, 5445601.669051412], [568563.979947999, 5445610.074796534], [568567.1033509562, 5445613.88729278], [568572.176548331, 5445616.854281119], [568570.7036166434, 5445621.317029468], [568571.2602235208, 5445624.105707311], [568575.1465740054, 5445629.633858098], [568579.716027738, 5445641.620381028], [568583.9297424741, 5445646.984806916], [568587.1934570097, 5445655.834158944], [568591.9505439396, 5445660.457844466], [568592.3934647772, 5445667.198072316], [568595.3104801178, 5445676.415262577], [568607.3109123226, 5445687.587535051], [568606.82567504, 5445698.988130088], [568608.4718639082, 5445702.936317699], [568630.2274794618, 5445732.499959056], [568629.8726722741, 5445737.407753787], [568631.076214678, 5445740.017752154], [568636.3938683362, 5445741.445791601], [568636.7708959411, 5445747.019798731], [568639.9650933921, 5445753.019137468], [568647.1308514667, 5445761.7270679055], [568652.8680009596, 5445765.156178608], [568655.2323373244, 5445769.205313671], [568667.8519894321, 5445772.293420187], [568672.1161398041, 5445776.108699094], [568673.3913295262, 5445779.639121327], [568672.4374843007, 5445786.894112565], [568672.4165727134, 5445787.053196596], [568675.9591582527, 5445794.846921563], [568680.2431046807, 5445798.33681546], [568683.7647885658, 5445805.528763803], [568691.1347719302, 5445813.08093726], [568696.7505464513, 5445821.39348342], [568697.5913733151, 5445824.426777445], [568701.0544801325, 5445827.148046494], [568703.1399379128, 5445836.947897666], [568706.1257886789, 5445842.920498226], [568713.1854391092, 5445848.745686172], [568713.2164143069, 5445857.208236582], [568715.1370500932, 5445867.088873128], [568719.6388888551, 5445872.552836083], [568715.8526671547, 5445874.770785394], [568711.4878159182, 5445880.350441935], [568710.5739053496, 5445884.2278106185], [568711.3619906418, 5445889.100757612], [568708.722154102, 5445893.430346996], [568702.4979544687, 5445894.710202007], [568701.4337761457, 5445898.469734478], [568702.3049994161, 5445903.252382365], [568694.1577451329, 5445901.144716405], [568690.8635498335, 5445904.132978983], [568681.8984173691, 5445906.105688152], [568674.568353359, 5445912.477427623], [568670.2425178975, 5445913.224533788], [568665.9794470622, 5445916.333658164], [568662.2310851543, 5445922.757474661], [568658.8053915541, 5445925.16077075], [568649.27319077, 5445927.908304599], [568644.786769688, 5445927.427166206], [568641.7132015799, 5445932.168901433], [568637.1331383314, 5445935.705056398], [568621.8361780937, 5445939.258216522], [568614.741868783, 5445944.017462248], [568587.2139253664, 5445949.125508327], [568576.2590313023, 5445943.271487763], [568565.2124296294, 5445941.350402086], [568542.8739752574, 5445931.650376588], [568523.4551940595, 5445920.797875114], [568507.9422435332, 5445910.123792461], [568499.4741816572, 5445908.762708965], [568496.4732520889, 5445910.407266823], [568493.4728136879, 5445907.5281437365], [568489.7693798637, 5445898.164700852], [568454.8036604536, 5445872.214192559], [568448.5407334791, 5445864.31207973], [568442.3072060929, 5445860.947635869], [568407.8678288703, 5445834.0263496805], [568400.5159451906, 5445834.577193546], [568397.0223804659, 5445825.246832953], [568383.1032146742, 5445806.516199534], [568378.4241462081, 5445798.187038323], [568373.4180754728, 5445793.191594743], [568369.5105651089, 5445785.559400701], [568366.5508047489, 5445774.284372276], [568362.2626202654, 5445721.62159572], [568359.654585682, 5445712.011113476], [568360.0092732444, 5445701.599703539], [568363.9020193352, 5445696.920131063], [568368.5670061026, 5445700.386351345], [568379.3268210831, 5445704.028671403], [568395.1058923433, 5445715.570705055], [568410.5863315044, 5445729.74181672], [568430.0004742136, 5445752.385703004], [568431.8003735873, 5445756.828887551], [568441.2241945454, 5445766.269302032], [568454.5570474428, 5445788.809705755], [568469.5813478902, 5445805.78134001], [568473.0149235032, 5445808.070227235], [568475.3645550449, 5445812.018628918], [568493.1108494082, 5445822.156773891], [568498.6300691072, 5445830.647175341], [568510.3348276259, 5445842.776749945], [568514.0405339366, 5445843.368449316], [568518.6700491168, 5445846.620339213], [568523.1047017275, 5445844.489499862], [568523.2781129789, 5445840.978954375], [568521.1102704994, 5445836.809723402], [568511.8232007009, 5445826.584018017], [568506.5446801272, 5445817.968734035], [568505.2383450349, 5445812.537282097], [568513.61067547, 5445800.324949506], [568520.6244315786, 5445799.191672982], [568525.402810241, 5445796.404450428], [568528.2084541008, 5445793.886517754], [568531.9372487571, 5445787.363015829], [568531.7513045543, 5445781.30302012], [568528.3325423952, 5445772.843806885], [568527.4021945827, 5445764.728925252], [568517.5616196125, 5445746.649822686], [568517.5123443675, 5445741.255748128], [568513.6763139851, 5445719.247136073], [568507.2441191478, 5445702.670902917], [568507.2582244166, 5445697.981333592], [568502.2938205772, 5445686.39965307], [568498.5619545322, 5445673.107647485], [568486.2972803998, 5445655.993199369], [568484.2846124461, 5445645.059025268], [568485.7238339297, 5445636.912467762], [568480.5802084495, 5445630.6632782305], [568478.2852818675, 5445625.123577284], [568474.5218937206, 5445613.019587959], [568472.4346167451, 5445601.463920004], [568472.7476181622, 5445596.963993962], [568469.3112407628, 5445589.155926612], [568467.8928775754, 5445582.59079858], [568460.9400722174, 5445570.340027411], [568460.5000298428, 5445566.917840308], [568442.6191079366, 5445542.2472829865], [568437.1769190342, 5445531.431549049], [568430.3325192796, 5445524.507520053], [568429.4311296536, 5445520.374558957], [568426.9959873691, 5445516.354119729], [568414.2083360289, 5445507.045344657], [568405.15405945, 5445504.7426699875], [568401.4133428764, 5445494.746677533], [568395.9091458194, 5445486.349497862], [568388.5709515281, 5445480.940322928], [568386.5145539315, 5445470.805111008], [568380.3268295545, 5445471.6744953785], [568376.7863813471, 5445460.889802714], [568369.5933604722, 5445459.096206546], [568366.2850834423, 5445456.47610004], [568361.4759009003, 5445445.235500997], [568350.2110997485, 5445434.193261171], [568345.5737412339, 5445424.027112882], [568340.3905348373, 5445418.1646094415], [568341.0181155948, 5445411.808499005], [568336.6857616812, 5445404.496576921], [568336.2931568703, 5445401.334066015], [568337.3822291556, 5445398.191494817], [568344.640390648, 5445393.839497594], [568348.8371049351, 5445389.461340095], [568363.4234529196, 5445386.349940246], [568371.4252557975, 5445382.08211613], [568379.2253929356, 5445380.698595228], [568381.7114037286, 5445380.257654543], [568388.6122787364, 5445375.083448924], [568391.4021168703, 5445371.676827874], [568391.3199806936, 5445369.360997194], [568376.1120803972, 5445366.333352139], [568359.4121433754, 5445371.422916247], [568357.7402611742, 5445371.93243488], [568346.2331602882, 5445376.973561644], [568344.6312327237, 5445379.524818239], [568343.5946677013, 5445384.996960922], [568332.6240773262, 5445388.13005285], [568325.2590284231, 5445386.987052926], [568326.12998455, 5445383.177995638]], [[568043.3684464438, 5445035.339600887], [568040.4352512711, 5445033.119265144], [568036.1313595455, 5445033.220435887], [567985.6059077962, 5445020.168648702], [567958.9746462473, 5445010.651749778], [567953.7362342345, 5445007.240618067], [567946.5732353074, 5444998.329542774], [567944.8558267856, 5444993.731735563], [567944.3971690456, 5444987.676706123], [567939.7264905495, 5444982.005506342], [567936.534160575, 5444975.167649455], [567937.2051611552, 5444968.063248226], [567935.6538446984, 5444961.334317882], [567929.1744384911, 5444958.957983425], [567927.2394568755, 5444956.837191391], [567926.292000643, 5444950.151308585], [567916.8576707037, 5444938.707950902], [567918.8222987609, 5444935.594089373], [567919.0626313961, 5444935.213145067], [567922.838682456, 5444933.835538045], [567940.3460536548, 5444930.104031759], [567951.6989096382, 5444926.0529110795], [567957.334206529, 5444924.042040538], [567966.4512180067, 5444923.268587336], [567972.9247285911, 5444920.038220139], [567982.7227350811, 5444919.279863133], [567994.4967798276, 5444915.086294322], [568017.2682736022, 5444913.248257332], [568029.1950259064, 5444910.464751555], [568057.9240060772, 5444910.025299515], [568098.7855148786, 5444915.230506833], [568129.2225283174, 5444912.8317367975], [568151.4939132252, 5444914.295872683], [568158.7231232479, 5444909.328564904], [568162.5621251719, 5444909.871201183], [568169.9282464623, 5444907.869344876], [568179.5732175414, 5444909.905402867], [568184.3905006959, 5444913.763097394], [568194.9561574835, 5444914.887073321], [568199.7466738702, 5444917.08452429], [568206.1527203344, 5444914.101954994], [568215.8655793408, 5444918.125628155], [568216.1420167566, 5444919.717319145], [568213.105901489, 5444921.399397555], [568212.7690720637, 5444923.623977425], [568223.2788630024, 5444928.722056866], [568225.8320209921, 5444931.890971616], [568226.0473106297, 5444936.142235713], [568227.8302171332, 5444938.559579156], [568239.7814360728, 5444944.112687117], [568246.4548696376, 5444949.325406526], [568247.2496719628, 5444949.665485503], [568252.2424074431, 5444951.8018573085], [568256.9947986398, 5444951.289934931], [568262.9288832347, 5444954.104472948], [568270.5533188402, 5444959.078758524], [568275.7339559065, 5444965.0880135], [568287.9203932662, 5444974.052490986], [568307.0735933123, 5444991.719842877], [568326.2466355585, 5444999.993286336], [568328.286356428, 5445002.289091238], [568328.1352758463, 5445004.029640286], [568321.3610146209, 5445005.991659163], [568320.5685785494, 5445008.455768504], [568324.1369414489, 5445012.228175142], [568333.8055524256, 5445018.070969629], [568335.8060612031, 5445022.193934101], [568348.0038129762, 5445032.042594697], [568350.8310868064, 5445035.810319497], [568359.3070962531, 5445037.871035852], [568362.3961716979, 5445029.934993639], [568368.8419141339, 5445033.796385237], [568369.2276189306, 5445035.92849733], [568367.988235704, 5445038.811794709], [568372.7468040976, 5445043.498017678], [568376.6326851163, 5445055.096904177], [568374.661847524, 5445056.04638421], [568369.6004870587, 5445052.735906652], [568367.5730161471, 5445053.136362807], [568366.7406332061, 5445054.888187171], [568371.244852892, 5445063.222580802], [568371.0957024918, 5445067.344104009], [568373.1230857279, 5445073.304074908], [568385.4349489108, 5445091.545883139], [568388.5037135454, 5445092.134325089], [568392.0294263463, 5445088.269323597], [568386.3897081412, 5445079.9047586145], [568392.1922957298, 5445080.032451076], [568395.8345440801, 5445077.874249895], [568399.9945215993, 5445082.911977592], [568408.1612007291, 5445088.556450608], [568408.831170183, 5445097.073879637], [568412.1708509517, 5445108.056027176], [568415.4280531148, 5445112.790398168], [568415.1818009713, 5445116.2181609655], [568417.2476568848, 5445122.402675111], [568416.0591562421, 5445132.3727064], [568417.67839893, 5445137.758368633], [568418.8459616255, 5445150.714475329], [568419.4618356618, 5445164.400789479], [568418.1650089532, 5445169.445111365], [568419.3468851979, 5445173.783335356], [568414.0628289165, 5445174.779753447], [568404.9381345308, 5445172.9886954315], [568400.9518507535, 5445170.43211835], [568397.8380967601, 5445174.915206374], [568395.8738720844, 5445173.691926781], [568394.402642176, 5445170.070868755], [568387.920470666, 5445169.047410744], [568376.5854556013, 5445164.020307007], [568371.3771241899, 5445164.118912814], [568357.3799915885, 5445158.082974178], [568340.3844013854, 5445155.292991182], [568334.9114264082, 5445156.06068599], [568307.3940707716, 5445149.931941545], [568293.953372019, 5445150.342092887], [568274.2522565745, 5445150.943260174], [568272.5615170263, 5445151.29041287], [568266.6923543204, 5445152.495519418], [568256.1806996205, 5445150.623769534], [568251.7993362354, 5445154.01861319], [568236.716493465, 5445152.450949262], [568233.569996713, 5445154.210708024], [568169.3201166231, 5445157.201723728], [568158.600521707, 5445159.37646987], [568128.7541695914, 5445161.301015738], [568096.3642634695, 5445159.97471152], [568052.1732858166, 5445152.98665328], [568046.7198786169, 5445148.215812718], [568047.2828235917, 5445139.091556909], [568045.4013618312, 5445135.856144998], [568036.4034186059, 5445128.252831886], [568039.2561294822, 5445119.14693389], [568040.7765869162, 5445117.253372384], [568040.5718619477, 5445114.503540399], [568037.4286393248, 5445114.272278322], [568035.0100861236, 5445117.015493953], [568032.5683931655, 5445117.352330303], [568031.1180992468, 5445115.807462075], [568031.3194314624, 5445113.464204492], [568039.6333543933, 5445107.298319597], [568048.7780545483, 5445103.2244344605], [568058.5778173623, 5445094.170243655], [568064.0314400992, 5445093.3118164465], [568069.3253298578, 5445090.4590801615], [568071.173275214, 5445084.365115436], [568094.4094390471, 5445084.652514313], [568095.925254419, 5445084.671244144], [568145.6618445057, 5445088.29924319], [568172.5469345627, 5445086.0376984775], [568175.0824035404, 5445083.143789933], [568155.2676860295, 5445077.748295406], [568104.5351335704, 5445071.27947701], [568095.0215270732, 5445066.914996281], [568088.4468216164, 5445056.751935811], [568083.9909190226, 5445054.030778965], [568074.438103058, 5445042.057091396], [568063.476387534, 5445038.936264005], [568056.3432491459, 5445039.027277095], [568043.3684464438, 5445035.339600887]], [[566705.8174815025, 5444196.308062616], [566721.0705820761, 5444195.99719014], [566732.7403740522, 5444198.343426916], [566738.6419663669, 5444197.301907471], [566743.8634562897, 5444192.195712954], [566749.6687301709, 5444191.010799346], [566753.1669491454, 5444192.121703048], [566754.2141604031, 5444196.026934502], [566756.2883503155, 5444201.489509551], [566762.3607382088, 5444210.625343015], [566763.5828172606, 5444211.402748943], [566769.9123448287, 5444215.4291574815], [566773.9017834231, 5444219.827348708], [566773.6158462862, 5444223.811346801], [566772.3550325108, 5444224.779143314], [566763.7763356636, 5444231.364435266], [566759.9911351084, 5444233.980043028], [566700.3975950908, 5444246.225461803], [566695.3962745451, 5444245.2333479775], [566678.2593267628, 5444248.324465485], [566670.7218403018, 5444245.092325767], [566655.424222616, 5444244.283425243], [566650.7914405135, 5444242.01594594], [566601.5994920444, 5444240.0942927925], [566599.3717910835, 5444237.58232157], [566600.6104200676, 5444235.724789518], [566627.1098554563, 5444223.988450466], [566640.3739441102, 5444216.445503061], [566643.9349780397, 5444212.314584997], [566651.4248053904, 5444210.185579236], [566656.1971757275, 5444202.28582942], [566662.2656923775, 5444197.82142556], [566670.1495384392, 5444194.850888208], [566677.2088705874, 5444194.058787756], [566681.7254987281, 5444196.003497901], [566686.2149372015, 5444194.163835106], [566705.8174815025, 5444196.308062616]], [[568170.1793709996, 5444758.241126811], [568173.2629319917, 5444760.133131375], [568172.1279744068, 5444762.069086768], [568155.3882219914, 5444763.1846884815], [568151.3149806507, 5444765.069825043], [568151.0047779836, 5444765.213398567], [568143.7087426179, 5444764.102614724], [568138.2699972928, 5444765.10162076], [568137.4707065249, 5444767.6298692655], [568138.9604790445, 5444769.543305651], [568147.2320339633, 5444773.791012272], [568148.576501407, 5444774.481422412], [568146.2087568002, 5444775.976738555], [568139.1792247561, 5444780.416137486], [568137.7739705124, 5444784.224574219], [568140.9034709258, 5444787.308884479], [568149.2347019918, 5444795.519764734], [568150.4405637671, 5444798.586949344], [568147.7169606138, 5444800.240815921], [568135.2987999876, 5444800.278377512], [568130.5127459617, 5444801.895507268], [568122.2053688604, 5444809.85465807], [568118.0714165262, 5444810.852666571], [568116.6548642896, 5444817.015994712], [568066.2095360226, 5444813.025045117], [568058.9144073584, 5444817.257922922], [568003.6440223618, 5444831.032459972], [567990.469563795, 5444834.190447415], [567978.2949915949, 5444834.408253896], [567983.4551975457, 5444822.5746622635], [567988.8254478285, 5444815.293603955], [567994.3554342751, 5444818.473448361], [567997.7126566194, 5444816.107881679], [567999.2310354292, 5444808.097008854], [567996.4883565821, 5444803.945855793], [567998.4208532157, 5444799.551509214], [568006.5304258959, 5444790.167829484], [568020.0494544716, 5444781.09567119], [568043.1777695715, 5444770.976906418], [568056.7406928296, 5444766.705699664], [568062.6169013357, 5444764.855147693], [568087.4398991645, 5444764.301271332], [568105.4332725881, 5444761.5129406545], [568116.9254802624, 5444758.192466783], [568120.6973427666, 5444756.115998727], [568123.4313832978, 5444750.6865554], [568128.0705303932, 5444749.168530323], [568140.1200148386, 5444751.041338138], [568154.9588953754, 5444756.238931435], [568155.4910547818, 5444756.14968632], [568161.8875433832, 5444755.077087881], [568164.9389590116, 5444758.099339356], [568170.1793709996, 5444758.241126811]], [[566629.4495457923, 5444477.659604696], [566644.8031846231, 5444469.916477231], [566649.6570102859, 5444469.610283578], [566677.4160787992, 5444459.031193524], [566682.7956354842, 5444459.036317499], [566694.8004679043, 5444454.1970788], [566704.2977339273, 5444453.234356377], [566725.1867437947, 5444446.908971429], [566741.9450808015, 5444444.176136238], [566752.7260150866, 5444440.151006423], [566769.7537774988, 5444436.951223756], [566773.4057448115, 5444434.161653847], [566779.3521228847, 5444435.187596746], [566794.5323114521, 5444431.970942281], [566806.7523457822, 5444432.118481775], [566823.6701669658, 5444426.178987785], [566828.1705037014, 5444428.236426683], [566829.3836030187, 5444434.057575237], [566829.8614722493, 5444436.35060928], [566839.540347785, 5444444.664034966], [566843.6690156484, 5444450.133568888], [566877.7753384681, 5444469.2658344805], [566893.9775792616, 5444482.885538597], [566914.2328070612, 5444517.48545089], [566914.226337615, 5444523.054334501], [566919.4298957279, 5444547.601665904], [566924.1767859352, 5444550.144515713], [566925.5946670714, 5444546.594935695], [566926.5251204901, 5444532.37473738], [566926.1023746355, 5444522.179276745], [566927.3898653244, 5444513.671553581], [566926.5092960126, 5444508.513471563], [566924.4814187369, 5444502.208552907], [566911.9911620169, 5444478.818595368], [566891.5641398786, 5444468.681154667], [566887.391913055, 5444462.007273717], [566877.0574080169, 5444454.490227698], [566875.8572016908, 5444448.61370423], [566869.1237479107, 5444442.897586842], [566852.9563140586, 5444435.857858075], [566849.9325324278, 5444433.528377777], [566847.7478503009, 5444431.845339471], [566834.714918887, 5444428.124267788], [566830.7637306071, 5444425.879966219], [566830.2604323216, 5444423.086429439], [566841.305103108, 5444421.153980188], [566865.1133736705, 5444410.834422563], [566896.4173783455, 5444403.1663239], [566925.9251187171, 5444398.133933923], [566948.5380241806, 5444401.029189429], [566984.3245677546, 5444398.810652298], [566990.7417079782, 5444396.0854119705], [566997.6345699665, 5444396.769318269], [567006.6144993488, 5444393.266949277], [567037.6846855157, 5444391.358218023], [567045.4622087406, 5444389.001534685], [567058.038995414, 5444388.042594279], [567081.8843002398, 5444382.047546277], [567092.789667124, 5444377.001555077], [567124.9961478458, 5444371.07118125], [567142.7665160524, 5444366.11275709], [567160.00631695, 5444364.667608431], [567165.3451489849, 5444366.288141286], [567190.500986497, 5444366.820853136], [567196.0619678727, 5444369.1439924855], [567204.1469715274, 5444375.091886755], [567208.5537718947, 5444380.568959075], [567212.7795442344, 5444382.059313958], [567217.3497957381, 5444386.916016334], [567220.407691737, 5444388.476065954], [567224.060031307, 5444390.339387772], [567272.6129706212, 5444411.121454982], [567294.3631456342, 5444415.090218416], [567330.8871904617, 5444415.426512665], [567352.8035215024, 5444407.95822134], [567369.912615039, 5444404.027515464], [567379.5178759977, 5444404.860148994], [567415.7226241765, 5444398.103297164], [567422.8775852884, 5444398.710901237], [567428.0729043703, 5444398.128752099], [567455.425244504, 5444395.063721555], [567469.2648846518, 5444395.065492959], [567471.4396144456, 5444395.065750021], [567504.8482943118, 5444399.2864690665], [567517.1450701898, 5444402.447285712], [567527.2197270758, 5444401.958846323], [567539.8231593609, 5444405.210101903], [567546.9568266777, 5444409.95593421], [567556.8278671261, 5444412.228313109], [567574.2845876275, 5444424.402551628], [567580.2638057123, 5444426.511782956], [567592.4011055926, 5444436.033288443], [567598.204482695, 5444438.470925831], [567606.29082056, 5444439.311320975], [567607.3581438512, 5444441.190456476], [567606.1635063898, 5444443.3811709415], [567606.4792103795, 5444445.87257551], [567609.7981337262, 5444448.044925769], [567623.2882795588, 5444449.171098135], [567638.3186528779, 5444456.4433238255], [567648.0382093682, 5444456.935087944], [567686.8722501323, 5444470.239357083], [567705.1476141956, 5444474.246405061], [567716.1271118845, 5444478.4469273], [567722.837963352, 5444479.763202012], [567749.4866427089, 5444484.990107657], [567756.5080679265, 5444488.539141144], [567766.8971632065, 5444489.712097878], [567772.4190168317, 5444487.200378638], [567777.8011166573, 5444493.20352338], [567795.0598028646, 5444498.943373337], [567822.931237705, 5444511.856285728], [567826.8316863826, 5444512.111886927], [567840.070546506, 5444522.179912783], [567844.5657865729, 5444524.035977187], [567863.867113509, 5444538.066594101], [567872.9464248281, 5444548.571668197], [567878.5743588511, 5444551.752107804], [567887.2663685564, 5444561.310485061], [567893.4283661906, 5444570.884890141], [567907.1026537077, 5444584.127652328], [567909.3364166674, 5444582.583553987], [567907.1703316376, 5444575.47411168], [567907.6231741572, 5444572.43799668], [567915.5043093346, 5444572.971271836], [567933.2151804399, 5444581.649555087], [567937.5807584655, 5444585.660380919], [567955.5213470228, 5444596.426434984], [567962.7995085876, 5444596.898285397], [567968.9090363766, 5444599.26711401], [567996.5652590441, 5444615.782218965], [568001.3040894225, 5444615.787517458], [568008.9292707408, 5444619.165217618], [568023.1086572299, 5444629.729798229], [568025.1909085243, 5444636.589037059], [568031.968807038, 5444633.677932676], [568032.3365851926, 5444631.403805399], [568031.1823311497, 5444629.3304745285], [568031.952463114, 5444627.961490555], [568039.2989673951, 5444630.943650767], [568041.4986377305, 5444629.637488002], [568042.7182159808, 5444626.1785066165], [568048.2542743012, 5444626.906031618], [568052.4879741482, 5444639.351461798], [568051.2377839284, 5444643.39482416], [568052.2859556782, 5444648.589304977], [568054.5101654105, 5444649.50249204], [568058.0572786982, 5444647.092207605], [568060.33115541, 5444650.954278077], [568059.947527038, 5444653.9322380675], [568055.6401354228, 5444654.467996909], [568054.6945065599, 5444661.054976097], [568055.8740800312, 5444665.879145466], [568061.9920928283, 5444673.155589452], [568064.2897337961, 5444678.23372045], [568066.2666519276, 5444687.566166912], [568062.8545322829, 5444691.445596796], [568052.6635142734, 5444693.687636191], [568047.6347394811, 5444700.605026068], [568045.7572652237, 5444712.197290481], [568040.6131349456, 5444713.272354202], [568033.3330642695, 5444712.068507483], [568032.7688603844, 5444713.641695928], [568032.3170019505, 5444714.901697086], [568034.1113548698, 5444716.613470727], [568039.3782218986, 5444721.637895659], [568050.7515241205, 5444721.340944232], [568052.7584918283, 5444727.761834545], [568059.6345384243, 5444728.290574411], [568072.8101457261, 5444725.873097629], [568084.930723063, 5444727.119870808], [568087.4724115217, 5444729.810723486], [568043.1095206201, 5444734.885218376], [568042.5580023361, 5444735.311002526], [568037.929395679, 5444738.884536322], [568024.8221778736, 5444743.120991993], [568023.2300133287, 5444745.946223184], [568024.4066800461, 5444749.547545091], [568023.0105074858, 5444752.546262322], [568006.4378292412, 5444758.17871396], [568002.4601100795, 5444762.145671665], [568005.5435418814, 5444766.878243147], [568004.2185545714, 5444770.902071185], [567976.0528306693, 5444799.992408865], [567966.5190999852, 5444815.350316588], [567957.0790339761, 5444826.879927617], [567951.1952441165, 5444831.877353312], [567943.8731416614, 5444836.210238067], [567941.8770466765, 5444839.249490689], [567929.2713476504, 5444848.203655574], [567924.0205616367, 5444853.8541718945], [567917.0232970136, 5444858.047565451], [567911.9863139989, 5444857.917040733], [567907.4895553754, 5444861.105357231], [567898.3104606929, 5444863.72174151], [567877.1633199847, 5444875.3456330355], [567851.3724949945, 5444885.814861405], [567846.6346057461, 5444889.161977312], [567833.5538742086, 5444890.819788529], [567810.1842596787, 5444898.233401212], [567767.5361243505, 5444904.083932653], [567720.866762702, 5444900.276460535], [567703.495161084, 5444901.290406309], [567661.1233509404, 5444896.597908342], [567655.4948402725, 5444894.090847243], [567654.4425404271, 5444891.875243634], [567657.128959946, 5444889.97537422], [567667.5265849289, 5444890.295378196], [567686.2066279904, 5444886.920772494], [567693.6769022269, 5444887.2396329595], [567701.895149533, 5444885.17297158], [567708.4137874638, 5444881.626932321], [567729.1137661473, 5444877.110713337], [567736.811812127, 5444869.238523703], [567743.5623895559, 5444866.253892608], [567744.499119581, 5444864.316795587], [567741.5734550463, 5444861.953059889], [567735.2104247394, 5444860.392118642], [567719.9325502991, 5444864.060639519], [567713.2492062928, 5444863.075346968], [567689.0186970838, 5444869.796437509], [567660.5213099864, 5444871.215336084], [567643.3991543889, 5444870.39668016], [567630.7602899622, 5444867.185247782], [567617.1686395736, 5444858.813960764], [567581.0848784085, 5444844.300123046], [567556.6938795403, 5444840.698926992], [567549.47670045, 5444838.289632502], [567540.1249207151, 5444834.103411537], [567531.6999006263, 5444825.96091939], [567512.1803109741, 5444823.131746997], [567489.7658246509, 5444813.99265826], [567475.7202318951, 5444809.985577096], [567445.9231695023, 5444797.60866924], [567435.8657927633, 5444789.04868147], [567427.5011488994, 5444792.171038242], [567423.3874006949, 5444788.797081995], [567418.4036279916, 5444788.508039005], [567413.5344439505, 5444784.105575217], [567406.7921545834, 5444783.939712191], [567402.1388897521, 5444781.4562539775], [567394.8773729381, 5444773.852936365], [567388.8756738913, 5444770.510630515], [567357.841354607, 5444757.922116491], [567351.8308572349, 5444753.074742146], [567320.1858995581, 5444736.846193975], [567266.2011365873, 5444719.00228943], [567245.0917145838, 5444715.874738178], [567232.1010490821, 5444712.240054783], [567209.7351279005, 5444700.079484009], [567198.0902380635, 5444684.399057608], [567190.914383311, 5444679.9436931675], [567187.9211468593, 5444676.014178029], [567171.36665718, 5444668.01039068], [567167.8167475986, 5444663.958292394], [567158.8980687738, 5444661.137682692], [567142.378097706, 5444651.173082685], [567127.0707581232, 5444646.296721277], [567124.3592449375, 5444644.183380163], [567118.8956562278, 5444643.749141482], [567111.5063477536, 5444638.041878458], [567101.9893215431, 5444635.234879692], [567089.3381511859, 5444627.07501493], [567086.3161687509, 5444626.874988965], [567050.9813715407, 5444610.875442425], [567037.3145215058, 5444606.816815508], [567003.2611905899, 5444604.066391687], [566972.4211410582, 5444596.382614049], [566948.7029003331, 5444598.232572304], [566938.8562554365, 5444601.250644826], [566910.5525930886, 5444605.786782142], [566893.3344828277, 5444611.379161021], [566874.8403709388, 5444614.96492501], [566868.6606422478, 5444626.198458378], [566866.076820668, 5444628.416875295], [566850.8527881772, 5444632.106790996], [566839.9266574418, 5444630.096693181], [566834.260824739, 5444634.127969516], [566825.553602493, 5444631.940801102], [566815.0357843358, 5444632.059075073], [566784.2661829147, 5444623.408536419], [566776.6178961524, 5444624.149161988], [566771.2582223538, 5444620.990236958], [566751.3928579798, 5444615.984057572], [566735.1534871975, 5444614.928709136], [566704.6696221767, 5444605.052282484], [566685.7122281515, 5444600.725206789], [566640.9889661532, 5444594.006651047], [566634.0462754638, 5444594.8489931], [566627.3513012653, 5444592.034519407], [566557.7986813042, 5444587.040637663], [566544.8096680096, 5444584.296445553], [566527.330848657, 5444584.614396068], [566523.552984383, 5444582.827812052], [566515.574391041, 5444575.256226613], [566509.9540602113, 5444563.403650252], [566505.4214884313, 5444553.844988643], [566500.4696574695, 5444546.137769906], [566498.1077404947, 5444539.576964972], [566500.8915995571, 5444534.577360165], [566518.1754102311, 5444515.8905990645], [566526.8176595235, 5444509.003125032], [566537.6427056046, 5444505.959568514], [566544.0224419045, 5444500.12773556], [566552.3635496211, 5444500.28037721], [566559.7490538728, 5444496.963806289], [566591.0924398721, 5444489.341995437], [566615.6110604594, 5444479.807987293], [566629.4495457923, 5444477.659604696]], [[566178.5350308176, 5443819.835001707], [566177.9772177591, 5443822.519317268], [566150.4773605156, 5443826.181455371], [566144.355037408, 5443825.07626698], [566136.052686151, 5443818.300644318], [566133.1988037381, 5443812.0220089685], [566132.0557847382, 5443802.205183262], [566133.0320599871, 5443785.664079987], [566135.0836642985, 5443772.79620919], [566141.3549426148, 5443748.336321072], [566147.7743915386, 5443734.53947755], [566153.4181788357, 5443715.273689873], [566160.495486112, 5443700.1945347525], [566170.3198028184, 5443687.171443845], [566179.5355895852, 5443681.278508125], [566198.0034819128, 5443679.007667796], [566212.8126578424, 5443684.217959152], [566227.8271056561, 5443687.041618569], [566231.3793866414, 5443689.439386212], [566226.1692845905, 5443700.604065747], [566221.1458012674, 5443704.501783795], [566216.9656691032, 5443717.037806493], [566218.2675440179, 5443720.941893531], [566223.0240748414, 5443726.249339323], [566224.5179809252, 5443732.068955711], [566220.5362524594, 5443746.542281202], [566220.7392573885, 5443750.484045806], [566218.5216246983, 5443755.472499043], [566211.0532421254, 5443765.803983877], [566201.7901919835, 5443774.677757943], [566183.788952157, 5443786.896030483], [566178.5836591298, 5443788.111019668], [566174.6904488396, 5443792.670526015], [566170.2481633903, 5443801.471262227], [566169.3827935498, 5443807.6970376335], [566171.4956110393, 5443813.433181853], [566178.5350308176, 5443819.835001707]], [[566355.0059187271, 5443722.602623877], [566361.762931403, 5443718.969899776], [566368.4587366256, 5443717.913843432], [566372.8240533166, 5443724.62291485], [566375.8027018035, 5443724.986096432], [566379.589576783, 5443721.512145258], [566385.848654652, 5443727.009541717], [566394.3447588277, 5443724.118223064], [566399.3487620109, 5443720.177122089], [566402.9915998885, 5443713.401985611], [566406.3121959409, 5443711.647962659], [566424.3904639637, 5443713.709402791], [566436.1165924774, 5443719.189920223], [566446.4780646185, 5443727.683990978], [566450.797578937, 5443729.049399934], [566457.6299202787, 5443736.287387628], [566465.1124754159, 5443740.624798853], [566466.7571374788, 5443744.980933617], [566476.1475754583, 5443749.906853682], [566487.0565046611, 5443760.562259949], [566505.7658015261, 5443773.942320961], [566513.4971382186, 5443783.180554529], [566525.3637213906, 5443792.222396035], [566529.3973723584, 5443798.021825123], [566528.0949152092, 5443801.08417584], [566523.2471896284, 5443805.012338098], [566515.3440843831, 5443806.866002152], [566508.0546494317, 5443802.3661169745], [566496.3345377464, 5443787.628872985], [566487.3030504275, 5443780.5517477775], [566463.1859884264, 5443766.934566219], [566451.536224407, 5443764.2982494], [566421.8084403177, 5443769.954573399], [566420.0851409778, 5443772.104202624], [566421.427831097, 5443775.680597598], [566425.3371205, 5443780.38697438], [566440.8143918943, 5443787.3335502045], [566454.7980513163, 5443798.260194364], [566454.3281966525, 5443801.544524693], [566450.0571509718, 5443803.314074352], [566426.5355812027, 5443802.940496762], [566391.6988926177, 5443811.367832603], [566353.3731988658, 5443813.790143815], [566322.6498560648, 5443824.266025888], [566282.8562673597, 5443834.15601121], [566238.3008524119, 5443838.777990397], [566201.274988944, 5443846.000060397], [566183.359744924, 5443854.067342013], [566144.0025073927, 5443867.232920525], [566133.9082341214, 5443865.871514455], [566128.4090076771, 5443860.010841979], [566129.5478733621, 5443847.771382605], [566129.1608110436, 5443839.073777495], [566130.514112894, 5443832.96171457], [566131.9580812114, 5443831.380395051], [566154.8817083698, 5443833.1916103875], [566167.2337244148, 5443831.07098847], [566175.4833748956, 5443832.963543835], [566188.0379604108, 5443833.2029471705], [566214.0074307881, 5443828.006902122], [566232.65443405, 5443815.09587265], [566239.5703199647, 5443813.114661545], [566246.7309387744, 5443805.933545607], [566256.2663754744, 5443801.5066993665], [566259.4892360696, 5443795.954078791], [566265.4881684287, 5443794.020621969], [566277.1207614066, 5443778.517750473], [566278.426547241, 5443772.6957904985], [566276.4704956844, 5443763.697714526], [566270.571360766, 5443755.877241578], [566253.654389819, 5443747.684338031], [566248.388175659, 5443740.219859201], [566240.864556729, 5443737.43253466], [566236.0738720767, 5443726.990098721], [566233.9095389753, 5443717.722211158], [566236.5304957683, 5443709.55854841], [566243.4570913736, 5443705.054236929], [566249.7755109146, 5443695.855417606], [566258.8697769381, 5443690.004957103], [566265.9583117598, 5443687.194568486], [566271.5257163179, 5443684.987273522], [566281.5091502948, 5443686.18188755], [566283.8408346516, 5443689.207515601], [566287.2519689109, 5443690.762776038], [566288.4986482279, 5443695.303660431], [566290.9724954101, 5443698.811116772], [566312.112759066, 5443708.508808687], [566313.0818484381, 5443709.259660589], [566316.6664591059, 5443712.0370145505], [566334.6569212333, 5443717.989138797], [566339.688360926, 5443718.0345991235], [566349.508401508, 5443722.19867039], [566355.0059187271, 5443722.602623877]], [[566541.3571188364, 5443663.483208626], [566561.2669075469, 5443665.913986202], [566580.1658733278, 5443675.504066945], [566587.4576000706, 5443686.976066246], [566595.5206820914, 5443695.4043207215], [566600.4006392264, 5443711.968241933], [566598.1665228556, 5443719.737622357], [566593.9272105527, 5443721.609286828], [566591.9374294635, 5443725.052213556], [566585.2462840459, 5443721.388014283], [566582.6948617485, 5443722.3248939635], [566582.9481671193, 5443728.548716697], [566586.5066806702, 5443735.167116978], [566586.3929149081, 5443741.714953011], [566588.6472502223, 5443744.915273144], [566589.2604516277, 5443749.719459979], [566585.8969761663, 5443753.961560148], [566581.0828451666, 5443754.223317838], [566568.8032123253, 5443758.562518242], [566567.1388183467, 5443767.848876478], [566568.3050775779, 5443772.705499675], [566573.2895940836, 5443777.879955335], [566572.370674246, 5443781.779015931], [566565.2521083521, 5443787.566202955], [566556.3082193439, 5443789.210863666], [566545.1837340227, 5443787.686406576], [566540.0842027625, 5443784.23178827], [566537.0195468268, 5443779.450434055], [566516.5896238099, 5443768.011442225], [566512.0930792136, 5443762.672283066], [566499.9219030268, 5443754.625370822], [566482.3947433503, 5443738.583857361], [566474.9996019208, 5443734.496117022], [566462.9826684115, 5443720.463669911], [566455.593396308, 5443715.717125197], [566454.7059883889, 5443713.1402641535], [566452.8869083958, 5443711.586101181], [566449.5140896342, 5443711.850112067], [566442.6272915767, 5443705.851186274], [566434.8645725823, 5443701.597948659], [566415.2850617741, 5443684.741197799], [566414.0777959047, 5443682.526231326], [566412.4174944125, 5443679.4800283555], [566411.8080590363, 5443668.249887251], [566415.3027249901, 5443664.340928292], [566421.2034889653, 5443662.31511261], [566446.3381012703, 5443662.309785605], [566484.96923805, 5443656.012604214], [566493.1313066201, 5443657.347401273], [566496.7892350086, 5443657.945592217], [566505.6052378792, 5443664.90965456], [566507.9273178244, 5443664.9366833465], [566516.3086763399, 5443659.4315845845], [566522.0335185218, 5443658.880605991], [566541.3571188364, 5443663.483208626]], [[568774.7791210127, 5444168.557592568], [568771.5802434668, 5444165.248871121], [568766.2257717714, 5444163.216038236], [568766.0820317431, 5444162.869876901], [568762.509866925, 5444154.266979353], [568750.929021706, 5444146.465588542], [568738.5496673603, 5444131.895919132], [568732.0673368119, 5444121.170277155], [568721.0239443227, 5444113.214057579], [568720.2524395285, 5444110.403334727], [568722.750326052, 5444107.28983878], [568728.1830271756, 5444105.074244905], [568748.7695789081, 5444104.197717336], [568765.1289007335, 5444100.94467557], [568807.1162913216, 5444103.156514006], [568898.0088385572, 5444150.965371063], [568923.0283851307, 5444166.338837555], [568943.0832647051, 5444173.44431956], [568954.8498433786, 5444182.92509829], [568955.21364595, 5444186.771938363], [568956.4733021636, 5444187.8133165585], [568969.0846766155, 5444190.311092417], [568993.4914003907, 5444205.429635684], [569014.5467197418, 5444221.330537079], [569040.7887029981, 5444246.589515958], [569059.144886713, 5444266.402057512], [569075.0647794404, 5444290.359754701], [569086.3439396012, 5444303.677597016], [569092.4058598846, 5444315.530523331], [569104.1857151967, 5444333.468539022], [569110.1090907464, 5444342.488434939], [569112.7095384867, 5444346.448316028], [569118.5201410718, 5444353.832373917], [569119.1909377199, 5444356.3683300875], [569126.1625441163, 5444368.722203212], [569126.6291084939, 5444381.56943099], [569120.4000591973, 5444386.9961252455], [569111.743032267, 5444385.025380957], [569107.4438537416, 5444387.280248038], [569105.2705852534, 5444386.50365295], [569103.0369370576, 5444384.221103769], [569096.4452965754, 5444383.804748543], [569089.5105529132, 5444375.1987805], [569070.8812304635, 5444371.042456605], [569067.5912197677, 5444369.110263083], [569055.9936724456, 5444356.286106638], [569049.1385539117, 5444345.183908475], [569021.954009304, 5444317.200859923], [569006.450830584, 5444303.901252959], [569001.9984793455, 5444301.800314863], [568997.9442120214, 5444296.352976139], [568981.6051281398, 5444285.216522074], [568974.9465415467, 5444277.960720845], [568971.3035270817, 5444275.111389557], [568956.1671073968, 5444263.272941222], [568942.6708973483, 5444252.717294597], [568942.0737304847, 5444252.250216805], [568927.1317183604, 5444243.246527754], [568922.5446109757, 5444240.482489346], [568918.2692437728, 5444237.906317631], [568912.6395398715, 5444235.051552476], [568902.6811474214, 5444226.921918848], [568885.6835494089, 5444218.508706972], [568879.1020384281, 5444212.31439853], [568850.6519537922, 5444198.97502608], [568841.3462509481, 5444196.469694872], [568827.3764306903, 5444188.168445242], [568809.3128104501, 5444182.294338511], [568804.5655527844, 5444179.256939064], [568789.966260966, 5444175.949953455], [568782.2590164309, 5444167.175547569], [568774.7791210127, 5444168.557592568]]]]}}, {"type": "Feature", "properties": {"class": 2, "timestamp_utc": "2025-12-19 01:50:14+00:00", "source_product": "Flood_CAN_BC_LowerFraser_20251219_015014"}, "geometry": {"type": "MultiPolygon", "coordinates": [[[[565899.9926591364, 5443322.558937283], [565900.4742843729, 5443318.432416532], [565898.770256073, 5443319.296411735], [565896.4452408382, 5443320.848361589], [565893.9898929296, 5443324.618569962], [565890.8253942716, 5443326.853770711], [565899.9926591364, 5443322.558937283]]], [[[565776.2025645154, 5443417.984980567], [565769.4537784564, 5443424.883276552], [565753.7449399929, 5443436.373245701], [565749.2254920215, 5443437.600039358], [565745.1572828839, 5443435.094247251], [565743.1982216988, 5443432.0442585945], [565739.188606363, 5443431.260082638], [565730.9473963018, 5443443.748658391], [565721.9383869285, 5443451.105505634], [565717.9746512212, 5443451.044118029], [565698.2996913336, 5443457.213426651], [565692.2627910766, 5443462.140706045], [565687.3051039117, 5443461.046209899], [565682.7510469581, 5443464.146456683], [565673.6843416009, 5443466.876366168], [565662.2469563942, 5443466.383405937], [565657.8455144359, 5443472.025708579], [565654.0518265835, 5443473.14836356], [565644.3563604152, 5443473.978008587], [565640.2723948385, 5443471.050659765], [565632.4486896753, 5443475.189827885], [565624.8275694503, 5443477.132180662], [565614.9804237797, 5443472.637047635], [565604.6695025015, 5443471.056884164], [565592.368798886, 5443477.534973695], [565588.3475300665, 5443476.053949829], [565583.5390409112, 5443477.02057574], [565573.9548062199, 5443473.353161365], [565567.5282587482, 5443475.761005956], [565554.007264973, 5443476.144431831], [565547.8838058665, 5443475.060643324], [565544.0332038548, 5443471.080699076], [565534.1087563966, 5443470.191726743], [565520.3691967166, 5443464.805984066], [565512.2867939135, 5443457.943191716], [565487.8407810432, 5443451.8644056115], [565479.0322118643, 5443452.748155672], [565475.0833972603, 5443448.933154616], [565467.6710684067, 5443449.250333644], [565459.0702002454, 5443453.322624354], [565441.9616438696, 5443449.095988709], [565435.3040229253, 5443450.365168894], [565428.9598960826, 5443449.243179361], [565411.9333586701, 5443443.037145151], [565396.3288221903, 5443444.211897745], [565393.2906432421, 5443443.480559466], [565388.2888706808, 5443439.225478644], [565376.5371682746, 5443438.375368719], [565371.1499531943, 5443435.4009456085], [565367.4719373994, 5443431.066644702], [565363.7488725322, 5443433.109187204], [565355.6760395215, 5443433.893447546], [565346.9105982776, 5443427.803020138], [565343.7765859336, 5443423.6041826485], [565329.7499240101, 5443422.34807694], [565324.8367578635, 5443416.212773753], [565317.3586329374, 5443414.02187166], [565313.4036313698, 5443407.00552719], [565305.1265400961, 5443399.145863822], [565297.2836862365, 5443394.549906599], [565293.4953294595, 5443394.748395395], [565288.1284708394, 5443403.2374873515], [565283.1121967138, 5443404.197320268], [565277.6181858227, 5443402.7599260975], [565269.0114123634, 5443395.599585879], [565258.1070865985, 5443393.770115396], [565246.3091235894, 5443393.9220836535], [565234.0472549141, 5443397.194385197], [565226.9098193814, 5443395.863201564], [565221.9893304621, 5443398.269396296], [565199.5314720443, 5443398.9472023435], [565178.0154826149, 5443406.049845675], [565157.9621178712, 5443405.052782633], [565108.0080106051, 5443416.207523751], [565079.6348420755, 5443417.911093166], [565066.6490404712, 5443420.524042418], [565058.8215791915, 5443418.685242147], [565044.21163629, 5443421.301877398], [565011.3367597753, 5443421.963045766], [564985.6194184112, 5443425.5044167945], [564970.6805206067, 5443429.250322017], [564958.7414266565, 5443429.8308731355], [564930.9777080303, 5443437.0226923935], [564924.6259989743, 5443437.206888553], [564866.121745727, 5443454.241963661], [564836.639429463, 5443459.747559226], [564827.8610694499, 5443464.31641005], [564811.8674047602, 5443468.12825562], [564805.023167931, 5443472.323918495], [564792.164494921, 5443474.905739599], [564786.8795236398, 5443480.160731071], [564781.0080116277, 5443478.937418907], [564775.634259876, 5443481.188732227], [564762.055390708, 5443480.259118839], [564756.4733996999, 5443482.747554901], [564745.6480642529, 5443481.989732727], [564713.9053081961, 5443487.308056843], [564701.5821212161, 5443485.652175445], [564686.4615194816, 5443487.517057371], [564679.2362429325, 5443486.1799364565], [564676.7804266448, 5443488.78495441], [564615.4522688424, 5443489.010727666], [564593.8364663414, 5443495.021498443], [564565.4979168025, 5443499.121995762], [564558.4848038501, 5443502.161704909], [564549.7362971391, 5443502.214059916], [564543.6122383743, 5443505.583975549], [564538.0716251839, 5443504.9794399785], [564531.8706440686, 5443510.093692218], [564516.9316093572, 5443514.987971761], [564505.7513181531, 5443523.183219635], [564500.022674853, 5443524.178210333], [564497.7250222513, 5443527.28029716], [564477.5906012832, 5443538.63889385], [564464.9875809677, 5443543.146092675], [564458.1206687363, 5443550.295425233], [564443.9217922266, 5443554.078447494], [564432.9711546188, 5443562.662878149], [564425.4325023869, 5443566.060587083], [564419.834852169, 5443566.249923675], [564408.8571227278, 5443569.805266884], [564405.9701586316, 5443573.11622391], [564395.3720044373, 5443575.160626495], [564393.261850389, 5443581.279521769], [564389.4052833413, 5443581.14002862], [564385.4635946508, 5443584.151421137], [564381.0528097724, 5443584.907628669], [564375.2945767826, 5443591.845036574], [564367.4275543649, 5443594.182205054], [564361.4666645589, 5443611.928934701], [564352.7458223298, 5443620.808703815], [564354.4913998237, 5443623.818638293], [564358.1605297277, 5443625.476223727], [564374.1597024997, 5443628.305975841], [564378.925845354, 5443627.953643231], [564383.3644372094, 5443625.05567311], [564390.3264792913, 5443626.648414906], [564390.9633257913, 5443626.422948744], [564402.6168094188, 5443601.539278821], [564463.8136347398, 5443588.782040276], [564518.2729421156, 5443531.452752368], [564640.6661591313, 5443505.937708501], [564747.1522241631, 5443514.389320953], [565141.5594644623, 5443409.1746589895], [565315.2618831525, 5443421.489970306], [565519.0669869396, 5443516.927000053], [565664.1045308353, 5443502.011646188], [565763.1328987028, 5443437.940846856], [565776.2025645154, 5443417.984980567]]], [[[564913.3803529612, 5443714.462687197], [564916.9543088384, 5443716.158450579], [564929.5222048282, 5443714.428817049], [564938.4071823425, 5443717.700545003], [564947.9335432119, 5443716.833866611], [564952.777849536, 5443720.847457287], [564958.8769632122, 5443719.188679703], [564968.2645553364, 5443720.427241537], [564980.0373482254, 5443718.874261869], [564984.8811891299, 5443720.150705953], [564994.8836925124, 5443728.257602473], [564997.4491181604, 5443727.444360646], [564999.4136809866, 5443721.75867776], [565010.6355449724, 5443720.129811889], [565020.241344867, 5443724.166486012], [565027.2954850723, 5443722.131012856], [565030.6930695385, 5443725.094899247], [565036.075585473, 5443726.893185488], [565043.7961540387, 5443718.646954014], [565056.1339021688, 5443718.130403671], [565059.5381027877, 5443715.952891986], [565066.20519778, 5443715.293424947], [565076.0785237306, 5443710.202344287], [565084.098616271, 5443712.238462128], [565090.1908575882, 5443711.74052389], [565096.0476713469, 5443708.12273391], [565101.4429220406, 5443711.3395500835], [565107.8954434377, 5443708.006244237], [565121.5023453523, 5443710.892592086], [565124.1206912622, 5443708.10077855], [565129.8468835814, 5443706.224152079], [565140.8955320606, 5443709.488636447], [565147.9980458805, 5443708.918191435], [565166.6231461023, 5443712.170900701], [565178.1302244611, 5443712.116831239], [565181.8357306226, 5443710.137837824], [565190.0427732854, 5443712.501132174], [565197.3164416733, 5443712.270367457], [565200.5341489248, 5443708.96513017], [565204.7599431879, 5443707.278373479], [565212.7479546444, 5443708.13534927], [565221.4212837234, 5443701.132667161], [565227.7393539659, 5443700.75149829], [565237.452590847, 5443704.806368365], [565247.9586585129, 5443695.974825629], [565257.645945243, 5443694.266726819], [565265.881065856, 5443690.723359365], [565281.5661624895, 5443688.273157065], [565303.5770298732, 5443690.616343455], [565308.5618388886, 5443693.148328849], [565316.8716739939, 5443692.9996337695], [565331.2283772565, 5443697.27295287], [565340.3220420822, 5443696.524694692], [565339.0695504857, 5443694.941097592], [565231.1461536566, 5443630.597081798], [565197.896756621, 5443642.637806113], [565152.606673236, 5443621.429076519], [564981.0570612538, 5443692.954386792], [564862.2884667246, 5443701.178384472], [564870.8320718539, 5443704.355905809], [564893.6296487426, 5443704.387348452], [564904.7206290731, 5443708.898687232], [564910.2977513248, 5443707.769688545], [564913.3803529612, 5443714.462687197]]], [[[565801.5905942692, 5444063.38636009], [565791.301605246, 5444085.359127769], [565792.7395039776, 5444083.606873428], [565799.114978564, 5444079.730348111], [565804.094515829, 5444072.79689106], [565817.6701056149, 5444063.129432946], [565845.8096827313, 5444056.059411741], [565862.3506535261, 5444046.691533145], [565863.5306737454, 5444039.770331938], [565861.9381003818, 5444035.665554446], [565801.5905942692, 5444063.38636009]]], [[[565687.9089523458, 5447635.566079138], [565684.1191927004, 5447647.670429445], [565729.7540652119, 5447577.992455332], [565724.8192944782, 5447560.888449682], [565711.8344162301, 5447579.637125547], [565700.8304859212, 5447599.618957742], [565695.8333874319, 5447611.589380356], [565687.9089523458, 5447635.566079138]]], [[[565473.8112091125, 5447884.638222869], [565470.8646032917, 5447887.562667093], [565474.7730524116, 5447886.619495495], [565521.8625430254, 5447849.374051265], [565512.8950154289, 5447855.64995704], [565491.9274677228, 5447872.656510144], [565485.9181720987, 5447876.621166177], [565473.8112091125, 5447884.638222869]]], [[[565281.9865729355, 5448003.453265878], [565321.5215459197, 5447969.731395174], [565315.8007761197, 5447972.5450770175], [565303.9152205623, 5447976.673772689], [565282.9204231356, 5447985.609047143], [565262.6467026145, 5447994.396612699], [565281.9865729355, 5448003.453265878]]], [[[565067.8057141053, 5448061.6068557715], [565059.2584613529, 5448064.842370286], [565071.1352010944, 5448070.404226204], [565248.732112056, 5448015.495693378], [565257.6463540337, 5447996.45996839], [565241.845771478, 5448002.545392766], [565230.9247185311, 5448004.628778653], [565207.8279417121, 5448012.594268711], [565194.9071417369, 5448018.612273051], [565182.9408846542, 5448024.652559024], [565169.8671557986, 5448030.66875488], [565146.9066086705, 5448040.693047332], [565122.8325812735, 5448045.634412274], [565109.8565691975, 5448047.704849797], [565090.862191801, 5448052.695240084], [565067.8057141053, 5448061.6068557715]]], [[[564866.8319799614, 5448125.59370212], [564844.9415538376, 5448129.605745139], [564830.8508471826, 5448131.663737823], [564822.7048636946, 5448133.563411346], [564843.655519292, 5448143.374772704], [564949.2650290508, 5448100.2834296115], [564931.9442494708, 5448106.569267008], [564910.9108055192, 5448114.549255787], [564866.8319799614, 5448125.59370212]]], [[[564817.9149689483, 5448134.680416642], [564793.8417991601, 5448139.623195204], [564771.8937818276, 5448148.549180908], [564759.8885309967, 5448153.633737674], [564739.8771472864, 5448154.666375887], [564719.9131348522, 5448156.644647328], [564706.817027721, 5448159.659708361], [564704.7927240144, 5448159.808251013], [564760.5184996951, 5448173.479636589], [564818.299501672, 5448134.590745013], [564817.9149689483, 5448134.680416642]]], [[[568290.8774602594, 5443641.294257835], [568331.6730453817, 5443660.392875316], [568330.3808313388, 5443657.335973071], [568324.2706760052, 5443646.149077617], [568314.0237539364, 5443637.200114909], [568309.5673590943, 5443634.296589858], [568299.279068285, 5443634.227832119], [568268.7090757258, 5443626.946843365], [568259.7367040361, 5443629.061249067], [568255.3274692247, 5443631.921493731], [568249.3933997245, 5443649.7678343095], [568249.2332919204, 5443649.981230854], [568290.8774602594, 5443641.294257835]]], [[[568347.4932060153, 5443667.799141798], [568375.3710594542, 5443657.700216807], [568367.885379075, 5443656.212706962], [568357.9640835854, 5443658.470880779], [568348.4847889866, 5443667.083980476], [568345.8971840609, 5443667.051957767], [568347.4932060153, 5443667.799141798]]], [[[566446.3381012703, 5443662.309785605], [566421.2034889653, 5443662.31511261], [566415.3027249901, 5443664.340928292], [566411.8080590363, 5443668.249887251], [566412.4174944125, 5443679.4800283555], [566414.0777959047, 5443682.526231326], [566446.3572441398, 5443688.832500235], [566493.1313066201, 5443657.347401273], [566484.96923805, 5443656.012604214], [566446.3381012703, 5443662.309785605]]], [[[566290.9724954101, 5443698.811116772], [566288.4986482279, 5443695.303660431], [566287.2519689109, 5443690.762776038], [566283.8408346516, 5443689.207515601], [566281.5091502948, 5443686.18188755], [566271.5257163179, 5443684.987273522], [566265.9583117598, 5443687.194568486], [566313.0818484381, 5443709.259660589], [566312.112759066, 5443708.508808687], [566290.9724954101, 5443698.811116772]]], [[[568154.746316209, 5443784.63641994], [568157.2151431034, 5443785.792217541], [568154.8217269294, 5443777.919454858], [568154.746316209, 5443784.63641994]]], [[[568925.2282395671, 5443731.188706144], [568916.0702548071, 5443809.730117764], [568866.1979114776, 5443827.797725967], [568850.2954905494, 5443861.767712274], [568878.9647053763, 5443888.993485778], [568863.7839817868, 5443950.911103928], [568931.0024986212, 5443954.768414099], [568993.6421052229, 5443997.896571574], [569026.8904910686, 5443985.851295945], [569135.7929636431, 5443871.173386309], [569129.0483016372, 5443826.601828153], [569084.4767682422, 5443833.346447084], [569038.4614363608, 5443784.19612849], [568993.8899526463, 5443790.94059961], [568953.8974027225, 5443758.414280368], [568953.1755947438, 5443730.466911886], [568925.2282395671, 5443731.188706144]]], [[[566067.0215839037, 5443899.904612279], [566072.6816216278, 5443892.798360095], [566062.6687977315, 5443903.339998514], [566067.0215839037, 5443899.904612279]]], [[[568214.4141203298, 5443906.32571177], [568214.409186203, 5443906.1015284], [568209.3898965936, 5443874.560290067], [568207.2894039737, 5443861.3609765405], [568196.180110825, 5443873.058758103], [568213.3377648954, 5443944.127811172], [568215.1095151901, 5443938.115783837], [568214.4141203298, 5443906.32571177]]], [[[566051.6413532024, 5443919.11081313], [566054.1893936605, 5443912.267192786], [566034.994614243, 5443932.475690308], [566041.494769452, 5443928.18718485], [566051.6413532024, 5443919.11081313]]], [[[566025.3108657739, 5443943.02908006], [566027.0993529912, 5443940.787923091], [566024.7393880995, 5443943.272589855], [566025.3108657739, 5443943.02908006]]], [[[568495.9958863659, 5444032.471427761], [568492.7290197674, 5444028.127060977], [568485.4146749631, 5444027.652715543], [568480.3018787052, 5444024.735687806], [568458.6153216094, 5444019.414905348], [568448.0385772057, 5444015.144828153], [568447.127676036, 5444014.092197152], [568429.4137269671, 5444010.718408853], [568402.7887862584, 5444006.527551117], [568406.7421220778, 5444013.049339213], [568491.3063458335, 5444038.8330226345], [568495.9958863659, 5444032.471427761]]], [[[568879.1020384281, 5444212.31439853], [568885.6835494089, 5444218.508706972], [568902.6811474214, 5444226.921918848], [568912.6395398715, 5444235.051552476], [568918.2692437728, 5444237.906317631], [568922.5446109757, 5444240.482489346], [568904.2498953772, 5444218.342907053], [568818.963067298, 5444164.612451097], [568766.0820317431, 5444162.869876901], [568766.2257717714, 5444163.216038236], [568771.5802434668, 5444165.248871121], [568774.7791210127, 5444168.557592568], [568782.2590164309, 5444167.175547569], [568789.966260966, 5444175.949953455], [568804.5655527844, 5444179.256939064], [568809.3128104501, 5444182.294338511], [568827.3764306903, 5444188.168445242], [568841.3462509481, 5444196.469694872], [568850.6519537922, 5444198.97502608], [568879.1020384281, 5444212.31439853]]], [[[566773.9017834231, 5444219.827348708], [566769.9123448287, 5444215.4291574815], [566763.5828172606, 5444211.402748943], [566762.3607382088, 5444210.625343015], [566756.2883503155, 5444201.489509551], [566754.2141604031, 5444196.026934502], [566753.1669491454, 5444192.121703048], [566749.6687301709, 5444191.010799346], [566743.8634562897, 5444192.195712954], [566738.6419663669, 5444197.301907471], [566732.7403740522, 5444198.343426916], [566721.0705820761, 5444195.99719014], [566705.8174815025, 5444196.308062616], [566686.2149372015, 5444194.163835106], [566681.7254987281, 5444196.003497901], [566677.2088705874, 5444194.058787756], [566670.1495384392, 5444194.850888208], [566662.2656923775, 5444197.82142556], [566656.1971757275, 5444202.28582942], [566651.4248053904, 5444210.185579236], [566643.9349780397, 5444212.314584997], [566640.3739441102, 5444216.445503061], [566627.1098554563, 5444223.988450466], [566600.6104200676, 5444235.724789518], [566599.3717910835, 5444237.58232157], [566601.5994920444, 5444240.0942927925], [566650.7914405135, 5444242.01594594], [566655.424222616, 5444244.283425243], [566670.7218403018, 5444245.092325767], [566678.2593267628, 5444248.324465485], [566695.3962745451, 5444245.2333479775], [566700.3975950908, 5444246.225461803], [566759.9911351084, 5444233.980043028], [566763.7763356636, 5444231.364435266], [566772.3550325108, 5444224.779143314], [566773.6158462862, 5444223.811346801], [566773.9017834231, 5444219.827348708]]], [[[567437.9394113632, 5444401.599036607], [567469.2648846518, 5444395.065492959], [567455.425244504, 5444395.063721555], [567428.0729043703, 5444398.128752099], [567437.9394113632, 5444401.599036607]]], [[[567165.3451489849, 5444366.288141286], [567160.00631695, 5444364.667608431], [567142.7665160524, 5444366.11275709], [567124.9961478458, 5444371.07118125], [567092.789667124, 5444377.001555077], [567081.8843002398, 5444382.047546277], [567058.038995414, 5444388.042594279], [567045.4622087406, 5444389.001534685], [567037.6846855157, 5444391.358218023], [567006.6144993488, 5444393.266949277], [566997.6345699665, 5444396.769318269], [566990.7417079782, 5444396.0854119705], [566984.3245677546, 5444398.810652298], [566948.5380241806, 5444401.029189429], [566925.9251187171, 5444398.133933923], [566896.4173783455, 5444403.1663239], [566865.1133736705, 5444410.834422563], [566841.305103108, 5444421.153980188], [566830.2604323216, 5444423.086429439], [566830.7637306071, 5444425.879966219], [566834.714918887, 5444428.124267788], [566847.7478503009, 5444431.845339471], [566849.9325324278, 5444433.528377777], [566968.8450721723, 5444430.465676254], [567129.7914721322, 5444381.573121695], [567191.7090558645, 5444396.757755273], [567220.407691737, 5444388.476065954], [567217.3497957381, 5444386.916016334], [567212.7795442344, 5444382.059313958], [567208.5537718947, 5444380.568959075], [567204.1469715274, 5444375.091886755], [567196.0619678727, 5444369.1439924855], [567190.500986497, 5444366.820853136], [567165.3451489849, 5444366.288141286]]], [[[566704.2977339273, 5444453.234356377], [566694.8004679043, 5444454.1970788], [566682.7956354842, 5444459.036317499], [566677.4160787992, 5444459.031193524], [566649.6570102859, 5444469.610283578], [566644.8031846231, 5444469.916477231], [566629.4495457923, 5444477.659604696], [566615.6110604594, 5444479.807987293], [566591.0924398721, 5444489.341995437], [566559.7490538728, 5444496.963806289], [566552.3635496211, 5444500.28037721], [566544.0224419045, 5444500.12773556], [566537.6427056046, 5444505.959568514], [566526.8176595235, 5444509.003125032], [566518.1754102311, 5444515.8905990645], [566500.8915995571, 5444534.577360165], [566498.1077404947, 5444539.576964972], [566500.4696574695, 5444546.137769906], [566505.4214884313, 5444553.844988643], [566509.9540602113, 5444563.403650252], [566529.8564718333, 5444542.449493132], [566801.1569922965, 5444434.784485937], [566829.3836030187, 5444434.057575237], [566828.1705037014, 5444428.236426683], [566823.6701669658, 5444426.178987785], [566806.7523457822, 5444432.118481775], [566794.5323114521, 5444431.970942281], [566779.3521228847, 5444435.187596746], [566773.4057448115, 5444434.161653847], [566769.7537774988, 5444436.951223756], [566752.7260150866, 5444440.151006423], [566741.9450808015, 5444444.176136238], [566725.1867437947, 5444446.908971429], [566704.2977339273, 5444453.234356377]]], [[[568052.6635142734, 5444693.687636191], [568062.8545322829, 5444691.445596796], [568066.2666519276, 5444687.566166912], [568064.2897337961, 5444678.23372045], [568061.9920928283, 5444673.155589452], [568055.8740800312, 5444665.879145466], [568054.6945065599, 5444661.054976097], [568055.6401354228, 5444654.467996909], [568059.947527038, 5444653.9322380675], [568060.33115541, 5444650.954278077], [568058.0572786982, 5444647.092207605], [568054.5101654105, 5444649.50249204], [568052.2859556782, 5444648.589304977], [568051.2377839284, 5444643.39482416], [568052.4879741482, 5444639.351461798], [568048.2542743012, 5444626.906031618], [568042.7182159808, 5444626.1785066165], [568041.4986377305, 5444629.637488002], [568039.2989673951, 5444630.943650767], [568031.952463114, 5444627.961490555], [568031.1823311497, 5444629.3304745285], [568032.3365851926, 5444631.403805399], [568031.968807038, 5444633.677932676], [568025.1909085243, 5444636.589037059], [568023.1086572299, 5444629.729798229], [568008.9292707408, 5444619.165217618], [568001.3040894225, 5444615.787517458], [567996.5652590441, 5444615.782218965], [567968.9090363766, 5444599.26711401], [567962.7995085876, 5444596.898285397], [567955.5213470228, 5444596.426434984], [567937.5807584655, 5444585.660380919], [567933.2151804399, 5444581.649555087], [567915.5043093346, 5444572.971271836], [567907.6231741572, 5444572.43799668], [567907.1703316376, 5444575.47411168], [567909.3364166674, 5444582.583553987], [567907.1026537077, 5444584.127652328], [567893.4283661906, 5444570.884890141], [567887.2663685564, 5444561.310485061], [567878.5743588511, 5444551.752107804], [567872.9464248281, 5444548.571668197], [567863.867113509, 5444538.066594101], [567844.5657865729, 5444524.035977187], [567840.070546506, 5444522.179912783], [567826.8316863826, 5444512.111886927], [567822.931237705, 5444511.856285728], [567795.0598028646, 5444498.943373337], [567777.8011166573, 5444493.20352338], [567772.4190168317, 5444487.200378638], [567766.8971632065, 5444489.712097878], [567756.5080679265, 5444488.539141144], [567749.4866427089, 5444484.990107657], [567722.837963352, 5444479.763202012], [567866.7849786277, 5444547.15592698], [567878.8291444773, 5444580.405404458], [567935.4462899503, 5444606.912007428], [567948.2113847506, 5444668.109766345], [568021.4535541062, 5444688.594133868], [568032.7688603844, 5444713.641695928], [568033.3330642695, 5444712.068507483], [568040.6131349456, 5444713.272354202], [568045.7572652237, 5444712.197290481], [568047.6347394811, 5444700.605026068], [568052.6635142734, 5444693.687636191]]], [[[568042.5580023361, 5444735.311002526], [568043.1095206201, 5444734.885218376], [568087.4724115217, 5444729.810723486], [568084.930723063, 5444727.119870808], [568072.8101457261, 5444725.873097629], [568059.6345384243, 5444728.290574411], [568052.7584918283, 5444727.761834545], [568050.7515241205, 5444721.340944232], [568039.3782218986, 5444721.637895659], [568034.1113548698, 5444716.613470727], [568042.5580023361, 5444735.311002526]]], [[[568155.4910547818, 5444756.14968632], [568154.9588953754, 5444756.238931435], [568140.1200148386, 5444751.041338138], [568128.0705303932, 5444749.168530323], [568123.4313832978, 5444750.6865554], [568120.6973427666, 5444756.115998727], [568116.9254802624, 5444758.192466783], [568105.4332725881, 5444761.5129406545], [568087.4398991645, 5444764.301271332], [568062.6169013357, 5444764.855147693], [568056.7406928296, 5444766.705699664], [568068.9103657872, 5444793.644288207], [568136.1306627599, 5444797.50362406], [568140.9034709258, 5444787.308884479], [568137.7739705124, 5444784.224574219], [568139.1792247561, 5444780.416137486], [568146.2087568002, 5444775.976738555], [568147.2320339633, 5444773.791012272], [568138.9604790445, 5444769.543305651], [568137.4707065249, 5444767.6298692655], [568138.2699972928, 5444765.10162076], [568143.7087426179, 5444764.102614724], [568151.0047779836, 5444765.213398567], [568151.3149806507, 5444765.069825043], [568155.4910547818, 5444756.14968632]]], [[[567088.9878633973, 5444797.681726044], [567088.0867435574, 5444797.964370511], [567102.040386251, 5444824.162398451], [567169.9806172835, 5444855.972392958], [567159.8501956392, 5444866.638572358], [567177.0831157875, 5444871.282215605], [567192.6483338174, 5444872.87645738], [567198.8862001621, 5444875.051540912], [567214.0115762985, 5444874.197798279], [567218.9595948313, 5444876.207434133], [567225.2220986566, 5444875.952104548], [567234.5947349773, 5444879.143163425], [567239.0932880144, 5444879.835675924], [567208.5323235051, 5444832.605533301], [567231.9300433113, 5444755.878572242], [567216.1064820032, 5444754.830142932], [567180.0539715637, 5444760.081165947], [567151.5828838693, 5444760.084880465], [567146.0207403135, 5444758.674565794], [567134.4890988177, 5444773.667924979], [567115.6219967221, 5444790.465188993], [567110.3824794799, 5444797.4616864035], [567106.6558317418, 5444799.420066422], [567088.9878633973, 5444797.681726044]]], [[[566898.0559866676, 5444828.251966208], [566918.0429306959, 5444834.392879715], [566924.7283732953, 5444839.926395057], [566946.2870818804, 5444846.458632114], [566950.9750814392, 5444822.460367312], [567051.4452932511, 5444814.279012838], [567058.8366977612, 5444798.492455007], [567044.1645985605, 5444798.300252005], [566990.5530459573, 5444793.972499916], [566960.3361855291, 5444800.223828911], [566914.904437806, 5444805.885248846], [566895.807395863, 5444813.169255428], [566890.7725651988, 5444817.5865913695], [566889.2967086998, 5444823.090457729], [566898.0559866676, 5444828.251966208]]], [[[567949.3974748113, 5444930.968686212], [567951.6989096382, 5444926.0529110795], [567940.3460536548, 5444930.104031759], [567922.838682456, 5444933.835538045], [567919.0626313961, 5444935.213145067], [567918.8222987609, 5444935.594089373], [567949.3974748113, 5444930.968686212]]], [[[568387.920470666, 5445169.047410744], [568394.402642176, 5445170.070868755], [568395.8738720844, 5445173.691926781], [568397.8380967601, 5445174.915206374], [568400.9518507535, 5445170.43211835], [568404.9381345308, 5445172.9886954315], [568414.0628289165, 5445174.779753447], [568419.3468851979, 5445173.783335356], [568418.1650089532, 5445169.445111365], [568419.4618356618, 5445164.400789479], [568418.8459616255, 5445150.714475329], [568417.67839893, 5445137.758368633], [568416.0591562421, 5445132.3727064], [568417.2476568848, 5445122.402675111], [568415.1818009713, 5445116.2181609655], [568415.4280531148, 5445112.790398168], [568412.1708509517, 5445108.056027176], [568408.831170183, 5445097.073879637], [568408.1612007291, 5445088.556450608], [568399.9945215993, 5445082.911977592], [568395.8345440801, 5445077.874249895], [568392.1922957298, 5445080.032451076], [568386.3897081412, 5445079.9047586145], [568392.0294263463, 5445088.269323597], [568388.5037135454, 5445092.134325089], [568385.4349489108, 5445091.545883139], [568373.1230857279, 5445073.304074908], [568371.0957024918, 5445067.344104009], [568371.244852892, 5445063.222580802], [568366.7406332061, 5445054.888187171], [568367.5730161471, 5445053.136362807], [568369.6004870587, 5445052.735906652], [568374.661847524, 5445056.04638421], [568376.6326851163, 5445055.096904177], [568372.7468040976, 5445043.498017678], [568367.988235704, 5445038.811794709], [568369.2276189306, 5445035.92849733], [568368.8419141339, 5445033.796385237], [568362.3961716979, 5445029.934993639], [568359.3070962531, 5445037.871035852], [568350.8310868064, 5445035.810319497], [568348.0038129762, 5445032.042594697], [568335.8060612031, 5445022.193934101], [568333.8055524256, 5445018.070969629], [568324.1369414489, 5445012.228175142], [568320.5685785494, 5445008.455768504], [568321.3610146209, 5445005.991659163], [568328.1352758463, 5445004.029640286], [568328.286356428, 5445002.289091238], [568326.2466355585, 5444999.993286336], [568307.0735933123, 5444991.719842877], [568287.9203932662, 5444974.052490986], [568275.7339559065, 5444965.0880135], [568270.5533188402, 5444959.078758524], [568262.9288832347, 5444954.104472948], [568256.9947986398, 5444951.289934931], [568252.2424074431, 5444951.8018573085], [568247.2496719628, 5444949.665485503], [568231.0457939245, 5445007.604705975], [568287.6641081272, 5445034.1110530635], [568329.0999662551, 5445122.537097544], [568293.953372019, 5445150.342092887], [568307.3940707716, 5445149.931941545], [568334.9114264082, 5445156.06068599], [568340.3844013854, 5445155.292991182], [568357.3799915885, 5445158.082974178], [568371.3771241899, 5445164.118912814], [568376.5854556013, 5445164.020307007], [568387.920470666, 5445169.047410744]]], [[[568031.1180992468, 5445115.807462075], [568032.5683931655, 5445117.352330303], [568035.0100861236, 5445117.015493953], [568037.4286393248, 5445114.272278322], [568040.5718619477, 5445114.503540399], [568040.7765869162, 5445117.253372384], [568039.2561294822, 5445119.14693389], [568036.4034186059, 5445128.252831886], [568045.4013618312, 5445135.856144998], [568047.2828235917, 5445139.091556909], [568046.7198786169, 5445148.215812718], [568052.1732858166, 5445152.98665328], [568096.3642634695, 5445159.97471152], [568128.7541695914, 5445161.301015738], [568158.600521707, 5445159.37646987], [568169.3201166231, 5445157.201723728], [568233.569996713, 5445154.210708024], [568236.716493465, 5445152.450949262], [568251.7993362354, 5445154.01861319], [568256.1806996205, 5445150.623769534], [568266.6923543204, 5445152.495519418], [568272.5615170263, 5445151.29041287], [568205.9814941325, 5445120.12033507], [568161.4077944945, 5445126.863753575], [568094.4094390471, 5445084.652514313], [568071.173275214, 5445084.365115436], [568069.3253298578, 5445090.4590801615], [568064.0314400992, 5445093.3118164465], [568058.5778173623, 5445094.170243655], [568048.7780545483, 5445103.2244344605], [568039.6333543933, 5445107.298319597], [568031.3194314624, 5445113.464204492], [568031.1180992468, 5445115.807462075]]], [[[567582.548648895, 5445289.984918444], [567578.1100427763, 5445288.281230801], [567560.8888844444, 5445286.269835858], [567555.5296776191, 5445284.987771749], [567595.7814969583, 5445303.833175752], [567596.1252622997, 5445300.6299385], [567594.1866502169, 5445297.014166026], [567587.87695134, 5445294.921526395], [567582.548648895, 5445289.984918444]]], [[[568507.612456021, 5445537.442881132], [568526.4017650927, 5445615.267636993], [568566.3963024005, 5445647.796709369], [568596.5098317841, 5445730.923013524], [568672.4374843007, 5445786.894112565], [568673.3913295262, 5445779.639121327], [568672.1161398041, 5445776.108699094], [568667.8519894321, 5445772.293420187], [568655.2323373244, 5445769.205313671], [568652.8680009596, 5445765.156178608], [568647.1308514667, 5445761.7270679055], [568639.9650933921, 5445753.019137468], [568636.7708959411, 5445747.019798731], [568636.3938683362, 5445741.445791601], [568631.076214678, 5445740.017752154], [568629.8726722741, 5445737.407753787], [568630.2274794618, 5445732.499959056], [568608.4718639082, 5445702.936317699], [568606.82567504, 5445698.988130088], [568607.3109123226, 5445687.587535051], [568595.3104801178, 5445676.415262577], [568592.3934647772, 5445667.198072316], [568591.9505439396, 5445660.457844466], [568587.1934570097, 5445655.834158944], [568583.9297424741, 5445646.984806916], [568579.716027738, 5445641.620381028], [568575.1465740054, 5445629.633858098], [568571.2602235208, 5445624.105707311], [568570.7036166434, 5445621.317029468], [568572.176548331, 5445616.854281119], [568567.1033509562, 5445613.88729278], [568563.979947999, 5445610.074796534], [568564.0395277871, 5445601.669051412], [568555.696518552, 5445597.174622875], [568549.4176270567, 5445583.486602262], [568548.2776099325, 5445577.095972442], [568531.740184424, 5445555.052412328], [568530.0757764784, 5445545.179133788], [568523.8927464039, 5445536.660672557], [568521.2714397246, 5445520.538830341], [568517.1567822059, 5445512.438547792], [568512.1389393521, 5445510.299408822], [568512.1248258803, 5445507.047914158], [568514.4865685955, 5445502.01721219], [568514.6329291124, 5445497.493410248], [568509.5304723727, 5445489.490762697], [568510.8935908467, 5445478.085942596], [568508.0470890471, 5445475.170674822], [568504.4107265024, 5445474.456912114], [568502.015980892, 5445463.834093464], [568501.7372149032, 5445452.96389074], [568500.1070699769, 5445449.410892969], [568494.2703904407, 5445443.717419426], [568494.5973067546, 5445441.334642643], [568498.4879863637, 5445436.369203004], [568495.2831434697, 5445417.3677180465], [568496.3188697069, 5445411.569369767], [568495.7585129194, 5445400.746280309], [568491.4877468781, 5445388.973642486], [568487.3562007647, 5445383.912763157], [568486.6317809757, 5445379.59760625], [568487.4807399774, 5445372.544427501], [568485.4323823074, 5445368.391421591], [568482.6768057619, 5445365.999158902], [568481.1609816039, 5445360.0268249195], [568463.0434951022, 5445353.494475007], [568461.1188614039, 5445349.124381619], [568466.424611323, 5445344.927458249], [568465.5299851745, 5445340.102992211], [568460.6114336265, 5445335.6875597015], [568459.1177197023, 5445332.305570942], [568452.124520214, 5445327.122107882], [568440.0478302162, 5445326.234087295], [568438.402338716, 5445321.9471837925], [568440.4508263757, 5445317.852230198], [568440.502762588, 5445315.20046603], [568431.983766562, 5445305.252683057], [568430.4429882696, 5445305.387312226], [568429.2215935915, 5445309.470762843], [568431.0019954003, 5445312.587155637], [568428.4224052842, 5445314.152785609], [568423.8454488143, 5445307.419987402], [568415.8698341767, 5445300.442421633], [568406.8830676903, 5445294.961815336], [568399.3729310848, 5445284.57183973], [568399.386557488, 5445282.169418611], [568405.5477011246, 5445279.872812586], [568402.1289896592, 5445276.648795408], [568401.0065758942, 5445273.34896248], [568385.2359903419, 5445272.028222535], [568369.8408531387, 5445264.118499876], [568355.1457061936, 5445260.427439598], [568349.3015131971, 5445255.151222366], [568334.7212232994, 5445250.639198137], [568334.2744226949, 5445243.4167853715], [568331.6660403768, 5445240.606356671], [568318.2130806689, 5445236.064342392], [568296.3370652634, 5445231.827815865], [568276.7030875635, 5445233.043226995], [568272.5369665402, 5445232.052698742], [568266.5485717019, 5445234.6431941455], [568263.6912569766, 5445243.065525911], [568256.6080285357, 5445253.069099843], [568255.5246143836, 5445260.125156389], [568256.9461800745, 5445265.30787254], [568259.2414628982, 5445271.783187436], [568265.2085344687, 5445282.255963153], [568269.6250309848, 5445303.582986801], [568278.2368812853, 5445316.31666411], [568279.3635649331, 5445317.243499551], [568283.5518609121, 5445308.297170385], [568317.5232144949, 5445324.201105942], [568318.2443918517, 5445352.150008216], [568359.4121433754, 5445371.422916247], [568376.1120803972, 5445366.333352139], [568391.3199806936, 5445369.360997194], [568391.4021168703, 5445371.676827874], [568388.6122787364, 5445375.083448924], [568381.7114037286, 5445380.257654543], [568379.2253929356, 5445380.698595228], [568408.83494311, 5445394.560399404], [568507.612456021, 5445537.442881132]]], [[[568161.9643548463, 5445666.082260498], [568150.9775310336, 5445664.965511584], [568139.5857637917, 5445666.047618138], [568230.8008635007, 5445746.682044336], [568224.359686905, 5445736.319947553], [568204.8888674501, 5445710.4662505565], [568197.7520999894, 5445704.10768219], [568195.0695052019, 5445699.705165481], [568190.054176308, 5445698.008812801], [568180.8482218906, 5445689.966934187], [568172.6657932481, 5445679.484019505], [568171.7997952476, 5445673.425930772], [568167.6442874162, 5445668.996529368], [568161.9643548463, 5445666.082260498]]], [[[568270.3847927812, 5445775.8036370315], [568270.4763350036, 5445770.038092075], [568269.338352483, 5445765.978766832], [568261.9032495501, 5445765.020559653], [568249.0067755836, 5445757.288693823], [568241.6210753826, 5445756.247141833], [568276.389007894, 5445786.98190798], [568274.37753855, 5445781.710816031], [568270.3847927812, 5445775.8036370315]]], [[[568307.1078027216, 5445850.44704432], [568302.0185396724, 5445844.200347512], [568318.0567512896, 5445882.655246658], [568317.7084442351, 5445879.863922177], [568313.5905030845, 5445865.827751772], [568309.1358184073, 5445858.684881846], [568307.1078027216, 5445850.44704432]]], [[[568350.2085855635, 5445945.41434219], [568344.3445451267, 5445924.234283104], [568335.7130601332, 5445918.794029388], [568332.917347091, 5445910.5988069335], [568327.154831259, 5445904.469686963], [568350.7358639584, 5445961.010072226], [568410.603815521, 5446013.111677001], [568404.2859884531, 5446000.058068596], [568399.489356554, 5445994.544363606], [568390.8008881721, 5445988.978046904], [568389.5511751283, 5445982.965597633], [568384.5047500622, 5445985.008841304], [568375.9458127564, 5445978.878027179], [568365.8790956492, 5445965.334963911], [568355.5555706489, 5445954.949753252], [568350.2085855635, 5445945.41434219]]], [[[569954.5310975799, 5446055.514012091], [569947.9345698991, 5446054.169738662], [569940.3757467242, 5446063.528556289], [569930.3931499819, 5446068.444554989], [569937.3630581232, 5446072.944967838], [569960.0, 5446083.408681312], [569960.0, 5446057.315915767], [569954.5310975799, 5446055.514012091]]], [[[568872.6652158741, 5446255.751649736], [568862.248049717, 5446254.333130941], [568851.7939623215, 5446256.874548739], [568842.1933161808, 5446261.93894748], [568877.753650721, 5446256.558329171], [568872.6652158741, 5446255.751649736]]], [[[568995.3459216793, 5446271.033372473], [568984.4322015888, 5446269.050003639], [568977.5122923836, 5446270.251685413], [568959.8376115243, 5446262.819237726], [568943.7241075425, 5446260.198654114], [568929.8107523074, 5446260.135512371], [568914.0329520102, 5446256.703437837], [568902.1388372266, 5446258.222642436], [569036.209165888, 5446295.714829401], [569061.811765155, 5446325.217215467], [569057.2538085302, 5446316.585766271], [569054.8556260078, 5446309.029535066], [569048.9029383395, 5446304.347638513], [569046.9653455699, 5446300.330392574], [569039.0964113503, 5446295.403087577], [569030.5847487345, 5446281.201032231], [569016.5543349005, 5446272.6206434285], [569013.0495963821, 5446266.401922803], [569010.232653336, 5446266.143527371], [569002.1035845196, 5446270.428360207], [568995.3459216793, 5446271.033372473]]], [[[569078.8266933685, 5446339.230361523], [569072.3792541903, 5446337.120026795], [569070.1564549238, 5446334.832954441], [569116.9232886904, 5446388.723101269], [569133.4109003653, 5446395.619839396], [569134.8205215825, 5446392.830209486], [569134.4646502108, 5446391.0588102825], [569127.689253934, 5446384.793440913], [569123.0308545287, 5446378.177146682], [569108.7776818502, 5446372.271394387], [569103.4339086727, 5446367.152227523], [569096.8468678521, 5446364.990906893], [569089.2952264417, 5446352.4940569075], [569082.6265611483, 5446346.184760114], [569081.2161558652, 5446341.510841362], [569078.8266933685, 5446339.230361523]]], [[[569303.3481832396, 5446451.449831885], [569292.0354231487, 5446450.012078471], [569280.8850929774, 5446443.862443222], [569275.3216912828, 5446439.233607256], [569273.9237459316, 5446430.816933049], [569269.4073678795, 5446426.339152462], [569258.8821494128, 5446426.4231196325], [569250.6433230672, 5446428.936999075], [569246.4927957729, 5446428.21008854], [569241.2791696986, 5446426.0688033635], [569238.0256158218, 5446421.538257806], [569231.4106092297, 5446418.433912029], [569231.4353892902, 5446413.313003291], [569229.6903209157, 5446410.94651995], [569224.7651908812, 5446410.4799238965], [569221.459857512, 5446414.3037069], [569213.2195792848, 5446413.071609267], [569173.4982865395, 5446396.975553708], [569158.904415425, 5446405.9632787565], [569157.8871321016, 5446405.858190512], [569394.0102319963, 5446504.626724229], [569397.2320973579, 5446497.744062284], [569395.7915569152, 5446496.930698158], [569387.5099873354, 5446495.227600027], [569360.4282461045, 5446485.199904861], [569349.1275982527, 5446475.6930073965], [569342.6154755175, 5446475.13407895], [569335.9583671849, 5446470.41849999], [569328.4416986267, 5446468.546607321], [569325.3808541488, 5446462.936640825], [569319.3887932848, 5446462.536110299], [569313.6395200545, 5446459.564244601], [569303.3481832396, 5446451.449831885]]], [[[566175.8013928554, 5447303.608148284], [566223.8782829823, 5447257.38921322], [566216.8656090917, 5447261.699711624], [566200.953933708, 5447270.692471518], [566187.9342483337, 5447275.595018145], [566172.34472369, 5447280.7487415625], [566175.8013928554, 5447303.608148284]]], [[[567849.1229789004, 5448548.281377592], [567850.7831442187, 5448542.345647471], [567848.8245486282, 5448545.613161241], [567849.1229789004, 5448548.281377592]]], [[[567924.9580874136, 5448685.5851920415], [567934.88418866, 5448692.667547375], [567950.0232351437, 5448700.16996984], [567951.4830317907, 5448700.8919819435], [567938.7646804552, 5448639.916966166], [567917.7154140212, 5448630.062169179], [567916.8134421022, 5448651.596171921], [567919.9364322398, 5448675.5502119465], [567924.9580874136, 5448685.5851920415]]], [[[567942.8274311817, 5448866.63442737], [567956.8240775036, 5448878.681261092], [567978.9308438051, 5448892.573678117], [567999.8405306588, 5448906.607050151], [568017.8368435552, 5448914.589641857], [568032.905687449, 5448920.634887942], [568036.8767656517, 5448920.683833506], [568040.9020645604, 5448914.562824566], [568040.8204875806, 5448907.590542566], [568032.2288625869, 5448890.299216001], [567977.064542407, 5448823.536361519], [567965.7040411216, 5448769.07106297], [567963.9380995523, 5448768.563646519], [567949.8478363762, 5448770.602594951], [567938.8314797729, 5448771.578774778], [567935.9571000781, 5448773.600287706], [567931.871210898, 5448784.634936072], [567933.8006993935, 5448806.673091365], [567933.9070759026, 5448830.578885614], [567935.9573701572, 5448851.673423355], [567942.8274311817, 5448866.63442737]]], [[[568398.9798391509, 5449131.522850502], [568304.8697566218, 5449092.570834265], [568299.831317926, 5449090.676304267], [568275.9486356127, 5449082.619986909], [568263.8044008125, 5449080.568393064], [568249.8327613252, 5449076.604166919], [568236.80839802, 5449072.640471555], [568212.9119384377, 5449061.571149819], [568188.8157153686, 5449049.554428134], [568175.912265435, 5449044.6473158505], [568154.9109212472, 5449034.570256511], [568136.8866753248, 5449023.584876074], [568117.8686415541, 5449011.631187001], [568097.9213610884, 5448997.60918026], [568079.8757538885, 5448983.610802339], [568062.8239461174, 5448970.569669345], [568029.8589565576, 5448952.584828563], [568026.877503438, 5448949.701761098], [568003.9345861003, 5448938.645103923], [567990.9097586817, 5448934.682051058], [567977.9103095855, 5448928.662406489], [567955.8570079678, 5448927.601257256], [567954.8907609729, 5448948.647535662], [567957.9528873872, 5448968.642697638], [567958.9106537479, 5448982.585865434], [567962.9591890562, 5448994.6769618755], [567968.8138853358, 5449005.667360667], [567976.9555423904, 5449015.585207965], [567993.9076597039, 5449032.5829246845], [568005.8809842368, 5449045.561083477], [568014.9154169062, 5449061.660703322], [568016.232664712, 5449064.287575932], [568038.0151493334, 5449017.761176766], [568380.3040228303, 5449240.0], [568513.8852301013, 5449240.0], [568529.5813875172, 5449206.472246611], [568574.1613305275, 5449199.727537423], [568582.4413951866, 5449182.040808865], [568568.8369260983, 5449180.626640845], [568537.8381677455, 5449180.56371618], [568518.9562724865, 5449170.667211726], [568497.8984007414, 5449161.6999544455], [568479.8352896931, 5449158.629295803], [568460.88323998, 5449145.563401169], [568448.8319309634, 5449139.554443874], [568440.9117931047, 5449133.596734124], [568436.9015959671, 5449132.601903576], [568418.9174803973, 5449122.561174832], [568412.43334931, 5449120.879671106], [568398.9798391509, 5449131.522850502]]], [[[568511.809724233, 5449137.645787578], [568532.948515855, 5449153.585344115], [568537.9522803528, 5449155.548775523], [568547.8349681188, 5449156.616709792], [568560.9126730179, 5449155.66734041], [568566.8316865597, 5449156.697165549], [568575.6198725187, 5449155.804015642], [568527.4173622963, 5449122.614454253], [568492.1251306187, 5449119.8178125955], [568511.809724233, 5449137.645787578]]], [[[568035.9507963909, 5449164.687323716], [568054.9078138202, 5449181.554315241], [568057.0643324453, 5449183.630566256], [568027.6449303374, 5449113.088823069], [568026.8288802183, 5449122.614057778], [568027.8681325255, 5449134.656963747], [568030.808895114, 5449155.595838225], [568035.9507963909, 5449164.687323716]]]]}}, {"type": "Feature", "properties": {"role": "valid_footprint"}, "geometry": {"type": "Polygon", "coordinates": [[[563960.0, 5443240.0, 0.0], [563960.0, 5449240.0, 0.0], [569960.0, 5449240.0, 0.0], [569960.0, 5443240.0, 0.0], [563960.0, 5443240.0, 0.0]]]}}]}